step,time,energy,px,py,pz,lx,ly,lz
0,0,-0.50002499437578141,0,0,0,0,0,0.70705375281792138
1,0.0086781565433861306,-0.50002499437567427,0,0,0,0,0,0.70705375281792149
2,0.017356313086772261,-0.5000249943753543,0,0,0,0,0,0.70705375281792149
3,0.026034469630158392,-0.50002499437482073,0,0,0,0,0,0.70705375281792138
4,0.034712626173544522,-0.50002499437407377,0,0,0,0,0,0.70705375281792138
5,0.043390782716930656,-0.50002499437311376,0,0,0,0,0,0.70705375281792149
6,0.052068939260316784,-0.50002499437194048,0,0,0,0,0,0.7070537528179216
7,0.060747095803702911,-0.50002499437055414,0,0,0,0,0,0.70705375281792149
8,0.069425252347089045,-0.50002499436895564,0,0,0,0,0,0.7070537528179216
9,0.078103408890475179,-0.50002499436714454,0,0,0,0,0,0.7070537528179216
10,0.086781565433861313,-0.50002499436512104,0,0,0,0,0,0.70705375281792171
11,0.095459721977247433,-0.50002499436288583,0,0,0,0,0,0.7070537528179216
12,0.10413787852063357,-0.50002499436043912,0,0,0,0,0,0.70705375281792171
13,0.1128160350640197,-0.50002499435778125,0,0,0,0,0,0.70705375281792171
14,0.12149419160740582,-0.50002499435491266,0,0,0,0,0,0.70705375281792171
15,0.13017234815079196,-0.50002499435183378,0,0,0,0,0,0.70705375281792171
16,0.13885050469417809,-0.50002499434854519,0,0,0,0,0,0.7070537528179216
17,0.14752866123756422,-0.50002499434504677,0,0,0,0,0,0.7070537528179216
18,0.15620681778095036,-0.50002499434134018,0,0,0,0,0,0.7070537528179216
19,0.16488497432433649,-0.50002499433742487,0,0,0,0,0,0.7070537528179216
20,0.17356313086772263,-0.50002499433330194,0,0,0,0,0,0.70705375281792149
21,0.18224128741110873,-0.50002499432897207,0,0,0,0,0,0.70705375281792149
22,0.19091944395449487,-0.5000249943244357,0,0,0,0,0,0.70705375281792149
23,0.199597600497881,-0.50002499431969372,0,0,0,0,0,0.70705375281792149
24,0.20827575704126713,-0.50002499431474656,0,0,0,0,0,0.70705375281792149
25,0.21695391358465327,-0.50002499430959524,0,0,0,0,0,0.70705375281792149
26,0.2256320701280394,-0.5000249943042403,0,0,0,0,0,0.70705375281792149
27,0.23431022667142554,-0.50002499429868297,0,0,0,0,0,0.70705375281792149
28,0.24298838321481164,-0.50002499429292357,0,0,0,0,0,0.70705375281792149
29,0.2516665397581978,-0.50002499428696312,0,0,0,0,0,0.7070537528179216
30,0.26034469630158391,-0.50002499428080283,0,0,0,0,0,0.7070537528179216
31,0.26902285284497007,-0.50002499427444347,0,0,0,0,0,0.70705375281792149
32,0.27770100938835618,-0.50002499426788583,0,0,0,0,0,0.70705375281792149
33,0.28637916593174229,-0.5000249942611309,0,0,0,0,0,0.70705375281792149
34,0.29505732247512845,-0.50002499425417979,0,0,0,0,0,0.70705375281792149
35,0.30373547901851455,-0.50002499424703373,0,0,0,0,0,0.70705375281792149
36,0.31241363556190072,-0.50002499423969349,0,0,0,0,0,0.70705375281792138
37,0.32109179210528682,-0.50002499423216029,0,0,0,0,0,0.70705375281792138
38,0.32976994864867298,-0.50002499422443547,0,0,0,0,0,0.70705375281792138
39,0.33844810519205909,-0.5000249942165198,0,0,0,0,0,0.70705375281792138
40,0.34712626173544525,-0.50002499420841451,0,0,0,0,0,0.70705375281792149
41,0.35580441827883136,-0.50002499420012136,0,0,0,0,0,0.70705375281792149
42,0.36448257482221746,-0.50002499419164126,0,0,0,0,0,0.70705375281792149
43,0.37316073136560363,-0.50002499418297508,0,0,0,0,0,0.70705375281792149
44,0.38183888790898973,-0.50002499417412483,0,0,0,0,0,0.7070537528179216
45,0.39051704445237589,-0.50002499416509094,0,0,0,0,0,0.70705375281792149
46,0.399195200995762,-0.50002499415587609,0,0,0,0,0,0.7070537528179216
47,0.40787335753914816,-0.50002499414648061,0,0,0,0,0,0.7070537528179216
48,0.41655151408253427,-0.50002499413690626,0,0,0,0,0,0.7070537528179216
49,0.42522967062592038,-0.50002499412715462,0,0,0,0,0,0.7070537528179216
50,0.43390782716930654,-0.50002499411722701,0,0,0,0,0,0.7070537528179216
51,0.44258598371269264,-0.50002499410712486,0,0,0,0,0,0.70705375281792149
52,0.45126414025607881,-0.50002499409684975,0,0,0,0,0,0.7070537528179216
53,0.45994229679946491,-0.500024994086403,0,0,0,0,0,0.7070537528179216
54,0.46862045334285107,-0.50002499407578671,0,0,0,0,0,0.7070537528179216
55,0.47729860988623718,-0.50002499406500212,0,0,0,0,0,0.7070537528179216
56,0.48597676642962329,-0.50002499405405099,0,0,0,0,0,0.70705375281792171
57,0.49465492297300945,-0.50002499404293466,0,0,0,0,0,0.70705375281792171
58,0.50333307951639561,-0.50002499403165523,0,0,0,0,0,0.70705375281792171
59,0.51201123605978172,-0.50002499402021439,0,0,0,0,0,0.70705375281792171
60,0.52068939260316782,-0.50002499400861344,0,0,0,0,0,0.70705375281792171
61,0.52936754914655393,-0.50002499399685463,0,0,0,0,0,0.70705375281792171
62,0.53804570568994015,-0.50002499398493949,0,0,0,0,0,0.70705375281792149
63,0.54672386223332625,-0.50002499397286959,0,0,0,0,0,0.7070537528179216
64,0.55540201877671236,-0.50002499396064704,0,0,0,0,0,0.7070537528179216
65,0.56408017532009846,-0.50002499394827382,0,0,0,0,0,0.7070537528179216
66,0.57275833186348457,-0.50002499393575139,0,0,0,0,0,0.7070537528179216
67,0.58143648840687079,-0.50002499392308186,0,0,0,0,0,0.70705375281792171
68,0.59011464495025689,-0.50002499391026722,0,0,0,0,0,0.7070537528179216
69,0.598792801493643,-0.50002499389730892,0,0,0,0,0,0.70705375281792171
70,0.60747095803702911,-0.50002499388421007,0,0,0,0,0,0.70705375281792171
71,0.61614911458041532,-0.50002499387097121,0,0,0,0,0,0.70705375281792171
72,0.62482727112380143,-0.50002499385759547,0,0,0,0,0,0.7070537528179216
73,0.63350542766718754,-0.50002499384408416,0,0,0,0,0,0.70705375281792149
74,0.64218358421057364,-0.5000249938304393,0,0,0,0,0,0.7070537528179216
75,0.65086174075395975,-0.50002499381666332,0,0,0,0,0,0.7070537528179216
76,0.65953989729734597,-0.50002499380275867,0,0,0,0,0,0.70705375281792149
77,0.66821805384073207,-0.50002499378872645,0,0,0,0,0,0.70705375281792149
78,0.67689621038411818,-0.50002499377456922,0,0,0,0,0,0.70705375281792149
79,0.68557436692750429,-0.50002499376028953,0,0,0,0,0,0.7070537528179216
80,0.6942525234708905,-0.50002499374588916,0,0,0,0,0,0.70705375281792149
81,0.70293068001427661,-0.5000249937313701,0,0,0,0,0,0.70705375281792149
82,0.71160883655766272,-0.5000249937167347,0,0,0,0,0,0.7070537528179216
83,0.72028699310104882,-0.50002499370198517,0,0,0,0,0,0.7070537528179216
84,0.72896514964443493,-0.50002499368712416,0,0,0,0,0,0.70705375281792149
85,0.73764330618782115,-0.50002499367215325,0,0,0,0,0,0.70705375281792149
86,0.74632146273120725,-0.50002499365707487,0,0,0,0,0,0.70705375281792149
87,0.75499961927459336,-0.50002499364189168,0,0,0,0,0,0.70705375281792138
88,0.76367777581797947,-0.50002499362660524,0,0,0,0,0,0.70705375281792138
89,0.77235593236136557,-0.50002499361121866,0,0,0,0,0,0.70705375281792138
90,0.78103408890475179,-0.50002499359573394,0,0,0,0,0,0.70705375281792127
91,0.7897122454481379,-0.50002499358015284,0,0,0,0,0,0.70705375281792138
92,0.798390401991524,-0.5000249935644786,0,0,0,0,0,0.70705375281792138
93,0.80706855853491011,-0.50002499354871299,0,0,0,0,0,0.70705375281792127
94,0.81574671507829632,-0.50002499353285867,0,0,0,0,0,0.70705375281792127
95,0.82442487162168243,-0.50002499351691831,0,0,0,0,0,0.70705375281792127
96,0.83310302816506854,-0.50002499350089358,0,0,0,0,0,0.70705375281792138
97,0.84178118470845464,-0.50002499348478735,0,0,0,0,0,0.70705375281792138
98,0.85045934125184075,-0.50002499346860196,0,0,0,0,0,0.70705375281792138
99,0.85913749779522697,-0.50002499345233997,0,0,0,0,0,0.70705375281792138
100,0.86781565433861307,-0.5000249934360036,0,0,0,0,0,0.70705375281792138
101,0.87649381088199918,-0.5000249934195955,0,0,0,0,0,0.70705375281792138
102,0.88517196742538529,-0.50002499340311823,0,0,0,0,0,0.70705375281792138
103,0.8938501239687715,-0.50002499338657413,0,0,0,0,0,0.70705375281792138
104,0.90252828051215761,-0.50002499336996542,0,0,0,0,0,0.70705375281792138
105,0.91120643705554372,-0.50002499335329509,0,0,0,0,0,0.70705375281792127
106,0.91988459359892982,-0.50002499333656514,0,0,0,0,0,0.70705375281792138
107,0.92856275014231593,-0.50002499331977868,0,0,0,0,0,0.70705375281792138
108,0.93724090668570215,-0.50002499330293781,0,0,0,0,0,0.70705375281792138
109,0.94591906322908825,-0.50002499328604511,0,0,0,0,0,0.70705375281792138
110,0.95459721977247436,-0.50002499326910321,0,0,0,0,0,0.70705375281792149
111,0.96327537631586047,-0.50002499325211491,0,0,0,0,0,0.70705375281792149
112,0.97195353285924657,-0.50002499323508265,0,0,0,0,0,0.70705375281792149
113,0.98063168940263279,-0.50002499321800853,0,0,0,0,0,0.70705375281792138
114,0.9893098459460189,-0.50002499320089555,0,0,0,0,0,0.70705375281792149
115,0.997988002489405,-0.50002499318374627,0,0,0,0,0,0.70705375281792149
116,1.0066661590327912,-0.50002499316656324,0,0,0,0,0,0.70705375281792149
117,1.0153443155761772,-0.50002499314934901,0,0,0,0,0,0.70705375281792138
118,1.0240224721195634,-0.50002499313210613,0,0,0,0,0,0.70705375281792138
119,1.0327006286629496,-0.50002499311483728,0,0,0,0,0,0.70705375281792149
120,1.0413787852063356,-0.500024993097545,0,0,0,0,0,0.70705375281792138
121,1.0500569417497219,-0.50002499308023185,0,0,0,0,0,0.70705375281792149
122,1.0587350982931079,-0.5000249930629006,0,0,0,0,0,0.70705375281792138
123,1.0674132548364941,-0.5000249930455537,0,0,0,0,0,0.70705375281792149
124,1.0760914113798803,-0.50002499302819392,0,0,0,0,0,0.70705375281792138
125,1.0847695679232663,-0.50002499301082381,0,0,0,0,0,0.70705375281792149
126,1.0934477244666525,-0.50002499299344605,0,0,0,0,0,0.70705375281792138
127,1.1021258810100385,-0.50002499297606329,0,0,0,0,0,0.70705375281792127
128,1.1108040375534247,-0.50002499295867764,0,0,0,0,0,0.70705375281792127
129,1.1194821940968109,-0.50002499294129221,0,0,0,0,0,0.70705375281792127
130,1.1281603506401969,-0.50002499292390956,0,0,0,0,0,0.70705375281792127
131,1.1368385071835831,-0.50002499290653246,0,0,0,0,0,0.70705375281792138
132,1.1455166637269691,-0.50002499288916324,0,0,0,0,0,0.70705375281792138
133,1.1541948202703554,-0.50002499287180435,0,0,0,0,0,0.70705375281792138
134,1.1628729768137416,-0.50002499285445878,0,0,0,0,0,0.70705375281792149
135,1.1715511333571276,-0.50002499283712931,0,0,0,0,0,0.70705375281792149
136,1.1802292899005138,-0.50002499281981805,0,0,0,0,0,0.70705375281792149
137,1.1889074464438998,-0.50002499280252799,0,0,0,0,0,0.70705375281792138
138,1.197585602987286,-0.50002499278526136,0,0,0,0,0,0.70705375281792149
139,1.2062637595306722,-0.50002499276802126,0,0,0,0,0,0.70705375281792149
140,1.2149419160740582,-0.5000249927508098,0,0,0,0,0,0.70705375281792138
141,1.2236200726174444,-0.50002499273362999,0,0,0,0,0,0.70705375281792149
142,1.2322982291608306,-0.50002499271648393,0,0,0,0,0,0.70705375281792149
143,1.2409763857042166,-0.5000249926993745,0,0,0,0,0,0.70705375281792149
144,1.2496545422476029,-0.50002499268230438,0,0,0,0,0,0.70705375281792149
145,1.2583326987909889,-0.50002499266527578,0,0,0,0,0,0.70705375281792149
146,1.2670108553343751,-0.50002499264829203,0,0,0,0,0,0.70705375281792149
147,1.2756890118777613,-0.50002499263135458,0,0,0,0,0,0.7070537528179216
148,1.2843671684211473,-0.50002499261446687,0,0,0,0,0,0.70705375281792149
149,1.2930453249645335,-0.50002499259763078,0,0,0,0,0,0.7070537528179216
150,1.3017234815079195,-0.50002499258084976,0,0,0,0,0,0.7070537528179216
151,1.3104016380513057,-0.50002499256412536,0,0,0,0,0,0.70705375281792149
152,1.3190797945946919,-0.50002499254746069,0,0,0,0,0,0.70705375281792149
153,1.3277579511380779,-0.50002499253085819,0,0,0,0,0,0.70705375281792149
154,1.3364361076814641,-0.50002499251431998,0,0,0,0,0,0.70705375281792149
155,1.3451142642248501,-0.50002499249784904,0,0,0,0,0,0.7070537528179216
156,1.3537924207682364,-0.50002499248144738,0,0,0,0,0,0.70705375281792171
157,1.3624705773116226,-0.50002499246511789,0,0,0,0,0,0.70705375281792171
158,1.3711487338550086,-0.50002499244886278,0,0,0,0,0,0.7070537528179216
159,1.3798268903983948,-0.50002499243268472,0,0,0,0,0,0.7070537528179216
160,1.388505046941781,-0.50002499241658571,0,0,0,0,0,0.7070537528179216
161,1.397183203485167,-0.50002499240056908,0,0,0,0,0,0.70705375281792149
162,1.4058613600285532,-0.50002499238463605,0,0,0,0,0,0.7070537528179216
163,1.4145395165719392,-0.50002499236878994,0,0,0,0,0,0.7070537528179216
164,1.4232176731153254,-0.50002499235303244,0,0,0,0,0,0.7070537528179216
165,1.4318958296587116,-0.50002499233736641,0,0,0,0,0,0.7070537528179216
166,1.4405739862020976,-0.50002499232179431,0,0,0,0,0,0.70705375281792149
167,1.4492521427454839,-0.50002499230631803,0,0,0,0,0,0.70705375281792149
168,1.4579302992888699,-0.50002499229094011,0,0,0,0,0,0.7070537528179216
169,1.4666084558322561,-0.50002499227566299,0,0,0,0,0,0.7070537528179216
170,1.4752866123756423,-0.50002499226048891,0,0,0,0,0,0.70705375281792149
171,1.4839647689190283,-0.50002499224541996,0,0,0,0,0,0.70705375281792149
172,1.4926429254624145,-0.5000249922304586,0,0,0,0,0,0.70705375281792149
173,1.5013210820058005,-0.50002499221560703,0,0,0,0,0,0.70705375281792149
174,1.5099992385491867,-0.50002499220086749,0,0,0,0,0,0.70705375281792138
175,1.5186773950925729,-0.5000249921862423,0,0,0,0,0,0.70705375281792138
176,1.5273555516359589,-0.50002499217173368,0,0,0,0,0,0.70705375281792127
177,1.5360337081793451,-0.5000249921573432,0,0,0,0,0,0.70705375281792138
178,1.5447118647227311,-0.50002499214307383,0,0,0,0,0,0.70705375281792138
179,1.5533900212661174,-0.50002499212892737,0,0,0,0,0,0.70705375281792127
180,1.5620681778095036,-0.50002499211490614,0,0,0,0,0,0.70705375281792127
181,1.5707463343528896,-0.50002499210101181,0,0,0,0,0,0.70705375281792127
182,1.5794244908962758,-0.50002499208724693,0,0,0,0,0,0.70705375281792127
183,1.588102647439662,-0.50002499207361317,0,0,0,0,0,0.70705375281792127
184,1.596780803983048,-0.50002499206011297,0,0,0,0,0,0.70705375281792138
185,1.6054589605264342,-0.50002499204674833,0,0,0,0,0,0.70705375281792127
186,1.6141371170698202,-0.50002499203352069,0,0,0,0,0,0.70705375281792127
187,1.6228152736132064,-0.50002499202043305,0,0,0,0,0,0.70705375281792138
188,1.6314934301565926,-0.50002499200748629,0,0,0,0,0,0.70705375281792149
189,1.6401715866999786,-0.50002499199468331,0,0,0,0,0,0.70705375281792149
190,1.6488497432433649,-0.50002499198202566,0,0,0,0,0,0.70705375281792149
191,1.6575278997867509,-0.50002499196951489,0,0,0,0,0,0.70705375281792149
192,1.6662060563301371,-0.50002499195715333,0,0,0,0,0,0.70705375281792149
193,1.6748842128735233,-0.50002499194494265,0,0,0,0,0,0.70705375281792149
194,1.6835623694169093,-0.50002499193288497,0,0,0,0,0,0.70705375281792149
195,1.6922405259602955,-0.5000249919209816,0,0,0,0,0,0.70705375281792149
196,1.7009186825036815,-0.50002499190923477,0,0,0,0,0,0.70705375281792149
197,1.7095968390470677,-0.50002499189764604,0,0,0,0,0,0.70705375281792149
198,1.7182749955904539,-0.50002499188621741,0,0,0,0,0,0.70705375281792138
199,1.7269531521338399,-0.50002499187494998,0,0,0,0,0,0.70705375281792138
200,1.7356313086772261,-0.5000249918638463,0,0,0,0,0,0.70705375281792138
201,1.7443094652206121,-0.50002499185290727,0,0,0,0,0,0.70705375281792127
202,1.7529876217639984,-0.50002499184213478,0,0,0,0,0,0.70705375281792127
203,1.7616657783073846,-0.50002499183153093,0,0,0,0,0,0.70705375281792127
204,1.7703439348507706,-0.50002499182109639,0,0,0,0,0,0.70705375281792138
205,1.7790220913941568,-0.50002499181083382,0,0,0,0,0,0.70705375281792138
206,1.787700247937543,-0.50002499180074389,0,0,0,0,0,0.70705375281792127
207,1.796378404480929,-0.50002499179082827,0,0,0,0,0,0.70705375281792127
208,1.8050565610243152,-0.50002499178108906,0,0,0,0,0,0.70705375281792127
209,1.8137347175677012,-0.50002499177152693,0,0,0,0,0,0.70705375281792127
210,1.8224128741110874,-0.50002499176214399,0,0,0,0,0,0.70705375281792138
211,1.8310910306544737,-0.50002499175294102,0,0,0,0,0,0.70705375281792138
212,1.8397691871978596,-0.50002499174391968,0,0,0,0,0,0.70705375281792149
213,1.8484473437412459,-0.50002499173508141,0,0,0,0,0,0.70705375281792149
214,1.8571255002846319,-0.50002499172642789,0,0,0,0,0,0.70705375281792138
215,1.8658036568280181,-0.50002499171795933,0,0,0,0,0,0.70705375281792149
216,1.8744818133714043,-0.50002499170967818,0,0,0,0,0,0.70705375281792149
217,1.8831599699147903,-0.5000249917015851,0,0,0,0,0,0.70705375281792138
218,1.8918381264581765,-0.50002499169368164,0,0,0,0,0,0.70705375281792138
219,1.9005162830015625,-0.5000249916859687,0,0,0,0,0,0.70705375281792149
220,1.9091944395449487,-0.50002499167844738,0,0,0,0,0,0.70705375281792138
221,1.9178725960883349,-0.50002499167111902,0,0,0,0,0,0.70705375281792138
222,1.9265507526317209,-0.50002499166398451,0,0,0,0,0,0.70705375281792149
223,1.9352289091751071,-0.50002499165704517,0,0,0,0,0,0.70705375281792138
224,1.9439070657184931,-0.50002499165030168,0,0,0,0,0,0.70705375281792149
225,1.9525852222618794,-0.50002499164375547,0,0,0,0,0,0.70705375281792149
226,1.9612633788052656,-0.50002499163740732,0,0,0,0,0,0.70705375281792149
227,1.9699415353486516,-0.50002499163125835,0,0,0,0,0,0.7070537528179216
228,1.9786196918920378,-0.50002499162530945,0,0,0,0,0,0.70705375281792149
229,1.987297848435424,-0.50002499161956115,0,0,0,0,0,0.70705375281792149
230,1.99597600497881,-0.5000249916140147,0,0,0,0,0,0.7070537528179216
231,2.004654161522196,-0.50002499160867098,0,0,0,0,0,0.70705375281792149
232,2.0133323180655824,-0.50002499160353042,0,0,0,0,0,0.70705375281792149
233,2.0220104746089684,-0.50002499159859437,0,0,0,0,0,0.70705375281792138
234,2.0306886311523544,-0.50002499159386293,0,0,0,0,0,0.70705375281792149
235,2.0393667876957409,-0.50002499158933711,0,0,0,0,0,0.70705375281792138
236,2.0480449442391269,-0.50002499158501756,0,0,0,0,0,0.70705375281792138
237,2.0567231007825129,-0.50002499158090485,0,0,0,0,0,0.70705375281792149
238,2.0654012573258993,-0.50002499157699998,0,0,0,0,0,0.70705375281792149
239,2.0740794138692853,-0.50002499157330305,0,0,0,0,0,0.70705375281792127
240,2.0827575704126713,-0.50002499156981495,0,0,0,0,0,0.70705375281792138
241,2.0914357269560573,-0.50002499156653613,0,0,0,0,0,0.70705375281792127
242,2.1001138834994437,-0.50002499156346669,0,0,0,0,0,0.70705375281792138
243,2.1087920400428297,-0.50002499156060765,0,0,0,0,0,0.70705375281792138
244,2.1174701965862157,-0.50002499155795932,0,0,0,0,0,0.70705375281792138
245,2.1261483531296022,-0.50002499155552171,0,0,0,0,0,0.70705375281792127
246,2.1348265096729881,-0.50002499155329572,0,0,0,0,0,0.70705375281792127
247,2.1435046662163741,-0.50002499155128133,0,0,0,0,0,0.70705375281792138
248,2.1521828227597606,-0.5000249915494791,0,0,0,0,0,0.70705375281792127
249,2.1608609793031466,-0.50002499154788915,0,0,0,0,0,0.70705375281792127
250,2.1695391358465326,-0.50002499154651148,0,0,0,0,0,0.70705375281792127
251,2.1782172923899186,-0.50002499154534685,0,0,0,0,0,0.70705375281792127
252,2.186895448933305,-0.50002499154439484,0,0,0,0,0,0.70705375281792127
253,2.195573605476691,-0.50002499154365587,0,0,0,0,0,0.70705375281792138
254,2.204251762020077,-0.50002499154313007,0,0,0,0,0,0.70705375281792138
255,2.2129299185634634,-0.50002499154281788,0,0,0,0,0,0.70705375281792127
256,2.2216080751068494,-0.50002499154271873,0,0,0,0,0,0.70705375281792138
257,2.2302862316502354,-0.50002499154283298,0,0,0,0,0,0.70705375281792138
258,2.2389643881936219,-0.50002499154316005,0,0,0,0,0,0.70705375281792138
259,2.2476425447370079,-0.50002499154370095,0,0,0,0,0,0.70705375281792138
260,2.2563207012803939,-0.50002499154445457,0,0,0,0,0,0.70705375281792149
261,2.2649988578237803,-0.50002499154542146,0,0,0,0,0,0.70705375281792149
262,2.2736770143671663,-0.50002499154660107,0,0,0,0,0,0.70705375281792149
263,2.2823551709105523,-0.50002499154799374,0,0,0,0,0,0.70705375281792149
264,2.2910333274539383,-0.50002499154959845,0,0,0,0,0,0.7070537528179216
265,2.2997114839973247,-0.50002499155141589,0,0,0,0,0,0.70705375281792149
266,2.3083896405407107,-0.50002499155344526,0,0,0,0,0,0.70705375281792149
267,2.3170677970840967,-0.50002499155568625,0,0,0,0,0,0.70705375281792149
268,2.3257459536274832,-0.50002499155813851,0,0,0,0,0,0.70705375281792138
269,2.3344241101708691,-0.50002499156080149,0,0,0,0,0,0.70705375281792149
270,2.3431022667142551,-0.50002499156367586,0,0,0,0,0,0.70705375281792138
271,2.3517804232576416,-0.5000249915667595,0,0,0,0,0,0.70705375281792149
272,2.3604585798010276,-0.5000249915700532,0,0,0,0,0,0.70705375281792149
273,2.3691367363444136,-0.50002499157355618,0,0,0,0,0,0.70705375281792149
274,2.3778148928877996,-0.50002499157726765,0,0,0,0,0,0.70705375281792149
275,2.386493049431186,-0.50002499158118718,0,0,0,0,0,0.7070537528179216
276,2.395171205974572,-0.50002499158531444,0,0,0,0,0,0.7070537528179216
277,2.403849362517958,-0.50002499158964853,0,0,0,0,0,0.70705375281792149
278,2.4125275190613444,-0.50002499159418878,0,0,0,0,0,0.7070537528179216
279,2.4212056756047304,-0.50002499159893454,0,0,0,0,0,0.7070537528179216
280,2.4298838321481164,-0.50002499160388547,0,0,0,0,0,0.7070537528179216
281,2.4385619886915029,-0.50002499160904013,0,0,0,0,0,0.70705375281792149
282,2.4472401452348889,-0.50002499161439828,0,0,0,0,0,0.70705375281792149
283,2.4559183017782749,-0.50002499161995895,0,0,0,0,0,0.70705375281792149
284,2.4645964583216613,-0.50002499162572134,0,0,0,0,0,0.70705375281792149
285,2.4732746148650473,-0.50002499163168435,0,0,0,0,0,0.70705375281792149
286,2.4819527714084333,-0.50002499163784764,0,0,0,0,0,0.70705375281792138
287,2.4906309279518193,-0.50002499164420966,0,0,0,0,0,0.70705375281792149
288,2.4993090844952057,-0.50002499165076941,0,0,0,0,0,0.70705375281792149
289,2.5079872410385917,-0.50002499165752656,0,0,0,0,0,0.70705375281792149
290,2.5166653975819777,-0.50002499166447967,0,0,0,0,0,0.7070537528179216
291,2.5253435541253642,-0.50002499167162795,0,0,0,0,0,0.70705375281792149
292,2.5340217106687501,-0.50002499167896985,0,0,0,0,0,0.7070537528179216
293,2.5426998672121361,-0.50002499168650472,0,0,0,0,0,0.7070537528179216
294,2.5513780237555226,-0.50002499169423098,0,0,0,0,0,0.70705375281792171
295,2.5600561802989086,-0.50002499170214798,0,0,0,0,0,0.70705375281792171
296,2.5687343368422946,-0.50002499171025416,0,0,0,0,0,0.70705375281792171
297,2.5774124933856806,-0.50002499171854864,0,0,0,0,0,0.70705375281792171
298,2.586090649929067,-0.50002499172702974,0,0,0,0,0,0.70705375281792171
299,2.594768806472453,-0.5000249917356967,0,0,0,0,0,0.70705375281792182
300,2.603446963015839,-0.50002499174454762,0,0,0,0,0,0.70705375281792171
301,2.6121251195592254,-0.50002499175358173,0,0,0,0,0,0.70705375281792182
302,2.6208032761026114,-0.50002499176279758,0,0,0,0,0,0.70705375281792171
303,2.6294814326459974,-0.50002499177219328,0,0,0,0,0,0.70705375281792171
304,2.6381595891893839,-0.50002499178176774,0,0,0,0,0,0.70705375281792171
305,2.6468377457327699,-0.5000249917915196,0,0,0,0,0,0.70705375281792171
306,2.6555159022761559,-0.50002499180144733,0,0,0,0,0,0.70705375281792171
307,2.6641940588195423,-0.50002499181154936,0,0,0,0,0,0.70705375281792171
308,2.6728722153629283,-0.50002499182182425,0,0,0,0,0,0.70705375281792171
309,2.6815503719063143,-0.50002499183227078,0,0,0,0,0,0.70705375281792182
310,2.6902285284497003,-0.5000249918428864,0,0,0,0,0,0.70705375281792171
311,2.6989066849930867,-0.50002499185367055,0,0,0,0,0,0.70705375281792171
312,2.7075848415364727,-0.50002499186462113,0,0,0,0,0,0.70705375281792182
313,2.7162629980798587,-0.50002499187573668,0,0,0,0,0,0.70705375281792182
314,2.7249411546232452,-0.50002499188701532,0,0,0,0,0,0.70705375281792171
315,2.7336193111666311,-0.50002499189845528,0,0,0,0,0,0.70705375281792182
316,2.7422974677100171,-0.50002499191005523,0,0,0,0,0,0.70705375281792193
317,2.7509756242534036,-0.50002499192181316,0,0,0,0,0,0.70705375281792193
318,2.7596537807967896,-0.5000249919337274,0,0,0,0,0,0.70705375281792193
319,2.7683319373401756,-0.50002499194579619,0,0,0,0,0,0.70705375281792193
320,2.777010093883562,-0.50002499195801753,0,0,0,0,0,0.70705375281792193
321,2.785688250426948,-0.50002499197038963,0,0,0,0,0,0.70705375281792182
322,2.794366406970334,-0.5000249919829105,0,0,0,0,0,0.70705375281792193
323,2.80304456351372,-0.50002499199557859,0,0,0,0,0,0.70705375281792182
324,2.8117227200571064,-0.50002499200839201,0,0,0,0,0,0.70705375281792193
325,2.8204008766004924,-0.50002499202134865,0,0,0,0,0,0.70705375281792193
326,2.8290790331438784,-0.50002499203444617,0,0,0,0,0,0.70705375281792193
327,2.8377571896872649,-0.50002499204768291,0,0,0,0,0,0.70705375281792193
328,2.8464353462306509,-0.50002499206105755,0,0,0,0,0,0.70705375281792193
329,2.8551135027740369,-0.50002499207456708,0,0,0,0,0,0.70705375281792204
330,2.8637916593174233,-0.50002499208820972,0,0,0,0,0,0.70705375281792215
331,2.8724698158608093,-0.50002499210198381,0,0,0,0,0,0.70705375281792215
332,2.8811479724041953,-0.50002499211588725,0,0,0,0,0,0.70705375281792204
333,2.8898261289475813,-0.50002499212991758,0,0,0,0,0,0.70705375281792204
334,2.8985042854909677,-0.50002499214407259,0,0,0,0,0,0.70705375281792204
335,2.9071824420343537,-0.50002499215835061,0,0,0,0,0,0.70705375281792215
336,2.9158605985777397,-0.50002499217274943,0,0,0,0,0,0.70705375281792204
337,2.9245387551211262,-0.50002499218726648,0,0,0,0,0,0.70705375281792204
338,2.9332169116645121,-0.50002499220189989,0,0,0,0,0,0.70705375281792193
339,2.9418950682078981,-0.50002499221664742,0,0,0,0,0,0.70705375281792193
340,2.9505732247512846,-0.50002499223150665,0,0,0,0,0,0.70705375281792204
341,2.9592513812946706,-0.50002499224647567,0,0,0,0,0,0.70705375281792215
342,2.9679295378380566,-0.5000249922615525,0,0,0,0,0,0.70705375281792204
343,2.976607694381443,-0.5000249922767338,0,0,0,0,0,0.70705375281792204
344,2.985285850924829,-0.50002499229201813,0,0,0,0,0,0.70705375281792204
345,2.993964007468215,-0.50002499230740272,0,0,0,0,0,0.70705375281792204
346,3.002642164011601,-0.50002499232288611,0,0,0,0,0,0.70705375281792193
347,3.0113203205549874,-0.50002499233846476,0,0,0,0,0,0.70705375281792204
348,3.0199984770983734,-0.50002499235413733,0,0,0,0,0,0.70705375281792204
349,3.0286766336417594,-0.50002499236990094,0,0,0,0,0,0.70705375281792204
350,3.0373547901851459,-0.50002499238575338,0,0,0,0,0,0.70705375281792204
351,3.0460329467285319,-0.50002499240169218,0,0,0,0,0,0.70705375281792215
352,3.0547111032719179,-0.50002499241771492,0,0,0,0,0,0.70705375281792215
353,3.0633892598153043,-0.50002499243381959,0,0,0,0,0,0.70705375281792215
354,3.0720674163586903,-0.50002499245000309,0,0,0,0,0,0.70705375281792215
355,3.0807455729020763,-0.50002499246626353,0,0,0,0,0,0.70705375281792204
356,3.0894237294454623,-0.50002499248259813,0,0,0,0,0,0.70705375281792215
357,3.0981018859888487,-0.50002499249900445,0,0,0,0,0,0.70705375281792215
358,3.1067800425322347,-0.50002499251548027,0,0,0,0,0,0.70705375281792215
359,3.1154581990756207,-0.50002499253202304,0,0,0,0,0,0.70705375281792215
360,3.1241363556190072,-0.50002499254863031,0,0,0,0,0,0.70705375281792215
361,3.1328145121623932,-0.50002499256529909,0,0,0,0,0,0.70705375281792215
362,3.1414926687057791,-0.50002499258202715,0,0,0,0,0,0.70705375281792215
363,3.1501708252491656,-0.50002499259881261,0,0,0,0,0,0.70705375281792227
364,3.1588489817925516,-0.50002499261565203,0,0,0,0,0,0.70705375281792227
365,3.1675271383359376,-0.50002499263254341,0,0,0,0,0,0.70705375281792238
366,3.176205294879324,-0.50002499264948408,0,0,0,0,0,0.70705375281792227
367,3.18488345142271,-0.50002499266647138,0,0,0,0,0,0.70705375281792227
368,3.193561607966096,-0.50002499268350276,0,0,0,0,0,0.70705375281792227
369,3.202239764509482,-0.50002499270057577,0,0,0,0,0,0.70705375281792215
370,3.2109179210528684,-0.50002499271768774,0,0,0,0,0,0.70705375281792227
371,3.2195960775962544,-0.50002499273483614,0,0,0,0,0,0.70705375281792227
372,3.2282742341396404,-0.50002499275201828,0,0,0,0,0,0.70705375281792227
373,3.2369523906830269,-0.50002499276923174,0,0,0,0,0,0.70705375281792227
374,3.2456305472264129,-0.50002499278647417,0,0,0,0,0,0.70705375281792215
375,3.2543087037697989,-0.50002499280374246,0,0,0,0,0,0.70705375281792215
376,3.2629868603131853,-0.5000249928210343,0,0,0,0,0,0.70705375281792204
377,3.2716650168565713,-0.50002499283834678,0,0,0,0,0,0.70705375281792215
378,3.2803431733999573,-0.50002499285567747,0,0,0,0,0,0.70705375281792215
379,3.2890213299433433,-0.50002499287302382,0,0,0,0,0,0.70705375281792227
380,3.2976994864867297,-0.50002499289038349,0,0,0,0,0,0.70705375281792215
381,3.3063776430301157,-0.50002499290775337,0,0,0,0,0,0.70705375281792227
382,3.3150557995735017,-0.50002499292513125,0,0,0,0,0,0.70705375281792204
383,3.3237339561168882,-0.50002499294251401,0,0,0,0,0,0.70705375281792204
384,3.3324121126602742,-0.50002499295989966,0,0,0,0,0,0.70705375281792215
385,3.3410902692036601,-0.50002499297728487,0,0,0,0,0,0.70705375281792215
386,3.3497684257470466,-0.50002499299466763,0,0,0,0,0,0.70705375281792215
387,3.3584465822904326,-0.50002499301204462,0,0,0,0,0,0.70705375281792227
388,3.3671247388338186,-0.50002499302941439,0,0,0,0,0,0.70705375281792215
389,3.375802895377205,-0.50002499304677339,0,0,0,0,0,0.70705375281792215
390,3.384481051920591,-0.50002499306411918,0,0,0,0,0,0.70705375281792215
391,3.393159208463977,-0.50002499308144932,0,0,0,0,0,0.70705375281792215
392,3.401837365007363,-0.50002499309876103,0,0,0,0,0,0.70705375281792227
393,3.4105155215507494,-0.50002499311605153,0,0,0,0,0,0.70705375281792227
394,3.4191936780941354,-0.50002499313331872,0,0,0,0,0,0.70705375281792215
395,3.4278718346375214,-0.50002499315055959,0,0,0,0,0,0.70705375281792227
396,3.4365499911809079,-0.50002499316777171,0,0,0,0,0,0.70705375281792227
397,3.4452281477242939,-0.50002499318495264,0,0,0,0,0,0.70705375281792227
398,3.4539063042676799,-0.50002499320209948,0,0,0,0,0,0.70705375281792215
399,3.4625844608110663,-0.5000249932192099,0,0,0,0,0,0.70705375281792227
400,3.4712626173544523,-0.50002499323628102,0,0,0,0,0,0.70705375281792215
401,3.4799407738978383,-0.5000249932533104,0,0,0,0,0,0.70705375281792215
402,3.4886189304412243,-0.50002499327029548,0,0,0,0,0,0.70705375281792215
403,3.4972970869846107,-0.50002499328723393,0,0,0,0,0,0.70705375281792215
404,3.5059752435279967,-0.50002499330412298,0,0,0,0,0,0.70705375281792227
405,3.5146534000713827,-0.50002499332096007,0,0,0,0,0,0.70705375281792227
406,3.5233315566147692,-0.50002499333774275,0,0,0,0,0,0.70705375281792238
407,3.5320097131581552,-0.50002499335446826,0,0,0,0,0,0.70705375281792227
408,3.5406878697015411,-0.50002499337113471,0,0,0,0,0,0.70705375281792215
409,3.5493660262449276,-0.50002499338773876,0,0,0,0,0,0.70705375281792227
410,3.5580441827883136,-0.50002499340427831,0,0,0,0,0,0.70705375281792215
411,3.5667223393316996,-0.50002499342075102,0,0,0,0,0,0.70705375281792227
412,3.575400495875086,-0.50002499343715412,0,0,0,0,0,0.70705375281792227
413,3.584078652418472,-0.50002499345348517,0,0,0,0,0,0.70705375281792215
414,3.592756808961858,-0.50002499346974205,0,0,0,0,0,0.70705375281792215
415,3.601434965505244,-0.500024993485922,0,0,0,0,0,0.70705375281792215
416,3.6101131220486304,-0.50002499350202234,0,0,0,0,0,0.70705375281792215
417,3.6187912785920164,-0.50002499351804119,0,0,0,0,0,0.70705375281792215
418,3.6274694351354024,-0.50002499353397578,0,0,0,0,0,0.70705375281792215
419,3.6361475916787889,-0.50002499354982377,0,0,0,0,0,0.70705375281792215
420,3.6448257482221749,-0.50002499356558305,0,0,0,0,0,0.70705375281792215
421,3.6535039047655609,-0.50002499358125096,0,0,0,0,0,0.70705375281792215
422,3.6621820613089473,-0.50002499359682506,0,0,0,0,0,0.70705375281792215
423,3.6708602178523333,-0.50002499361230324,0,0,0,0,0,0.70705375281792204
424,3.6795383743957193,-0.50002499362768316,0,0,0,0,0,0.70705375281792204
425,3.6882165309391053,-0.50002499364296227,0,0,0,0,0,0.70705375281792193
426,3.6968946874824917,-0.50002499365813824,0,0,0,0,0,0.70705375281792193
427,3.7055728440258777,-0.50002499367320907,0,0,0,0,0,0.70705375281792193
428,3.7142510005692637,-0.50002499368817266,0,0,0,0,0,0.70705375281792193
429,3.7229291571126502,-0.50002499370302589,0,0,0,0,0,0.70705375281792182
430,3.7316073136560362,-0.50002499371776765,0,0,0,0,0,0.70705375281792193
431,3.7402854701994221,-0.50002499373239462,0,0,0,0,0,0.70705375281792193
432,3.7489636267428086,-0.50002499374690546,0,0,0,0,0,0.70705375281792193
433,3.7576417832861946,-0.5000249937612975,0,0,0,0,0,0.70705375281792204
434,3.7663199398295806,-0.50002499377556875,0,0,0,0,0,0.70705375281792193
435,3.774998096372967,-0.50002499378971699,0,0,0,0,0,0.70705375281792204
436,3.783676252916353,-0.50002499380374033,0,0,0,0,0,0.70705375281792204
437,3.792354409459739,-0.50002499381763599,0,0,0,0,0,0.70705375281792215
438,3.801032566003125,-0.50002499383140264,0,0,0,0,0,0.70705375281792215
439,3.8097107225465114,-0.50002499384503807,0,0,0,0,0,0.70705375281792215
440,3.8183888790898974,-0.50002499385854005,0,0,0,0,0,0.70705375281792204
441,3.8270670356332834,-0.50002499387190635,0,0,0,0,0,0.70705375281792193
442,3.8357451921766699,-0.50002499388513511,0,0,0,0,0,0.70705375281792193
443,3.8444233487200559,-0.50002499389822475,0,0,0,0,0,0.70705375281792193
444,3.8531015052634419,-0.50002499391117261,0,0,0,0,0,0.70705375281792193
445,3.8617796618068283,-0.50002499392397726,0,0,0,0,0,0.70705375281792193
446,3.8704578183502143,-0.50002499393663657,0,0,0,0,0,0.70705375281792193
447,3.8791359748936003,-0.50002499394914846,0,0,0,0,0,0.70705375281792193
448,3.8878141314369863,-0.50002499396151112,0,0,0,0,0,0.70705375281792193
449,3.8964922879803727,-0.50002499397372313,0,0,0,0,0,0.70705375281792193
450,3.9051704445237587,-0.50002499398578193,0,0,0,0,0,0.70705375281792193
451,3.9138486010671447,-0.50002499399768641,0,0,0,0,0,0.70705375281792193
452,3.9225267576105312,-0.50002499400943434,0,0,0,0,0,0.70705375281792193
453,3.9312049141539172,-0.50002499402102396,0,0,0,0,0,0.70705375281792193
454,3.9398830706973031,-0.50002499403245393,0,0,0,0,0,0.70705375281792193
455,3.9485612272406896,-0.5000249940437218,0,0,0,0,0,0.70705375281792193
456,3.9572393837840756,-0.50002499405482637,0,0,0,0,0,0.70705375281792193
457,3.9659175403274616,-0.50002499406576562,0,0,0,0,0,0.70705375281792193
458,3.974595696870848,-0.50002499407653844,0,0,0,0,0,0.70705375281792193
459,3.983273853414234,-0.50002499408714285,0,0,0,0,0,0.70705375281792215
460,3.99195200995762,-0.50002499409757739,0,0,0,0,0,0.70705375281792215
461,4.000630166501006,-0.50002499410784051,0,0,0,0,0,0.70705375281792215
462,4.009308323044392,-0.50002499411793044,0,0,0,0,0,0.70705375281792204
463,4.0179864795877789,-0.50002499412784585,0,0,0,0,0,0.70705375281792204
464,4.0266646361311649,-0.50002499413758505,0,0,0,0,0,0.70705375281792204
465,4.0353427926745509,-0.50002499414714663,0,0,0,0,0,0.70705375281792204
466,4.0440209492179369,-0.50002499415652968,0,0,0,0,0,0.70705375281792193
467,4.0526991057613229,-0.50002499416573221,0,0,0,0,0,0.70705375281792204
468,4.0613772623047089,-0.50002499417475255,0,0,0,0,0,0.70705375281792204
469,4.0700554188480949,-0.50002499418358992,0,0,0,0,0,0.70705375281792204
470,4.0787335753914817,-0.50002499419224278,0,0,0,0,0,0.70705375281792215
471,4.0874117319348677,-0.50002499420071012,0,0,0,0,0,0.70705375281792204
472,4.0960898884782537,-0.50002499420899005,0,0,0,0,0,0.70705375281792204
473,4.1047680450216397,-0.50002499421708202,0,0,0,0,0,0.70705375281792215
474,4.1134462015650257,-0.50002499422498414,0,0,0,0,0,0.70705375281792204
475,4.1221243581084117,-0.50002499423269575,0,0,0,0,0,0.70705375281792215
476,4.1308025146517986,-0.50002499424021507,0,0,0,0,0,0.70705375281792215
477,4.1394806711951846,-0.50002499424754165,0,0,0,0,0,0.70705375281792215
478,4.1481588277385706,-0.50002499425467417,0,0,0,0,0,0.70705375281792227
479,4.1568369842819566,-0.50002499426161151,0,0,0,0,0,0.70705375281792215
480,4.1655151408253426,-0.50002499426835256,0,0,0,0,0,0.70705375281792215
481,4.1741932973687286,-0.50002499427489644,0,0,0,0,0,0.70705375281792215
482,4.1828714539121146,-0.50002499428124181,0,0,0,0,0,0.70705375281792215
483,4.1915496104555015,-0.50002499428738811,0,0,0,0,0,0.70705375281792215
484,4.2002277669988874,-0.50002499429333436,0,0,0,0,0,0.70705375281792227
485,4.2089059235422734,-0.50002499429907932,0,0,0,0,0,0.70705375281792238
486,4.2175840800856594,-0.50002499430462255,0,0,0,0,0,0.70705375281792238
487,4.2262622366290454,-0.50002499430996306,0,0,0,0,0,0.70705375281792238
488,4.2349403931724314,-0.50002499431509984,0,0,0,0,0,0.7070537528179226
489,4.2436185497158174,-0.50002499432003256,0,0,0,0,0,0.70705375281792249
490,4.2522967062592043,-0.50002499432476033,0,0,0,0,0,0.70705375281792249
491,4.2609748628025903,-0.50002499432928227,0,0,0,0,0,0.70705375281792238
492,4.2696530193459763,-0.50002499433359748,0,0,0,0,0,0.70705375281792249
493,4.2783311758893623,-0.50002499433770597,0,0,0,0,0,0.70705375281792238
494,4.2870093324327483,-0.50002499434160663,0,0,0,0,0,0.70705375281792238
495,4.2956874889761343,-0.50002499434529879,0,0,0,0,0,0.70705375281792238
496,4.3043656455195212,-0.50002499434878211,0,0,0,0,0,0.70705375281792238
497,4.3130438020629072,-0.50002499435205616,0,0,0,0,0,0.70705375281792238
498,4.3217219586062932,-0.50002499435512027,0,0,0,0,0,0.70705375281792238
499,4.3304001151496792,-0.50002499435797398,0,0,0,0,0,0.70705375281792238
500,4.3390782716930651,-0.50002499436061709,0,0,0,0,0,0.70705375281792249
501,4.3477564282364511,-0.50002499436304859,0,0,0,0,0,0.7070537528179226
502,4.3564345847798371,-0.50002499436526915,0,0,0,0,0,0.70705375281792249
503,4.365112741323224,-0.50002499436727743,0,0,0,0,0,0.70705375281792249
504,4.37379089786661,-0.50002499436907366,0,0,0,0,0,0.70705375281792249
505,4.382469054409996,-0.50002499437065762,0,0,0,0,0,0.70705375281792238
506,4.391147210953382,-0.50002499437202896,0,0,0,0,0,0.70705375281792249
507,4.399825367496768,-0.5000249943731867,0,0,0,0,0,0.70705375281792238
508,4.408503524040154,-0.50002499437413195,0,0,0,0,0,0.70705375281792238
509,4.4171816805835409,-0.5000249943748637,0,0,0,0,0,0.70705375281792249
510,4.4258598371269269,-0.50002499437538228,0,0,0,0,0,0.70705375281792249
511,4.4345379936703129,-0.50002499437568737,0,0,0,0,0,0.70705375281792249
512,4.4432161502136989,-0.50002499437577919,0,0,0,0,0,0.70705375281792249
513,4.4518943067570849,-0.50002499437565739,0,0,0,0,0,0.7070537528179226
514,4.4605724633004709,-0.50002499437532222,0,0,0,0,0,0.7070537528179226
515,4.4692506198438569,-0.50002499437477377,0,0,0,0,0,0.70705375281792249
516,4.4779287763872437,-0.5000249943740116,0,0,0,0,0,0.7070537528179226
517,4.4866069329306297,-0.50002499437303627,0,0,0,0,0,0.70705375281792271
518,4.4952850894740157,-0.50002499437184833,0,0,0,0,0,0.7070537528179226
519,4.5039632460174017,-0.50002499437044723,0,0,0,0,0,0.70705375281792271
520,4.5126414025607877,-0.50002499436883352,0,0,0,0,0,0.70705375281792271
521,4.5213195591041737,-0.50002499436700742,0,0,0,0,0,0.70705375281792271
522,4.5299977156475606,-0.50002499436496928,0,0,0,0,0,0.70705375281792271
523,4.5386758721909466,-0.50002499436271886,0,0,0,0,0,0.70705375281792271
524,4.5473540287343326,-0.50002499436025738,0,0,0,0,0,0.70705375281792282
525,4.5560321852777186,-0.50002499435758463,0,0,0,0,0,0.70705375281792282
526,4.5647103418211046,-0.5000249943547016,0,0,0,0,0,0.70705375281792271
527,4.5733884983644906,-0.50002499435160785,0,0,0,0,0,0.7070537528179226
528,4.5820666549078766,-0.50002499434830439,0,0,0,0,0,0.70705375281792271
529,4.5907448114512635,-0.50002499434479164,0,0,0,0,0,0.70705375281792271
530,4.5994229679946494,-0.50002499434106984,0,0,0,0,0,0.7070537528179226
531,4.6081011245380354,-0.50002499433714021,0,0,0,0,0,0.7070537528179226
532,4.6167792810814214,-0.50002499433300251,0,0,0,0,0,0.7070537528179226
533,4.6254574376248074,-0.50002499432865799,0,0,0,0,0,0.70705375281792271
534,4.6341355941681934,-0.5000249943241073,0,0,0,0,0,0.7070537528179226
535,4.6428137507115803,-0.50002499431935077,0,0,0,0,0,0.70705375281792271
536,4.6514919072549663,-0.50002499431438929,0,0,0,0,0,0.7070537528179226
537,4.6601700637983523,-0.50002499430922354,0,0,0,0,0,0.7070537528179226
538,4.6688482203417383,-0.50002499430385439,0,0,0,0,0,0.70705375281792271
539,4.6775263768851243,-0.50002499429828262,0,0,0,0,0,0.7070537528179226
540,4.6862045334285103,-0.50002499429250924,0,0,0,0,0,0.70705375281792282
541,4.6948826899718963,-0.50002499428653491,0,0,0,0,0,0.70705375281792271
542,4.7035608465152832,-0.5000249942803604,0,0,0,0,0,0.70705375281792271
543,4.7122390030586692,-0.50002499427398706,0,0,0,0,0,0.7070537528179226
544,4.7209171596020552,-0.50002499426741565,0,0,0,0,0,0.7070537528179226
545,4.7295953161454412,-0.50002499426064684,0,0,0,0,0,0.7070537528179226
546,4.7382734726888271,-0.50002499425368219,0,0,0,0,0,0.7070537528179226
547,4.7469516292322131,-0.50002499424652191,0,0,0,0,0,0.70705375281792271
548,4.7556297857755991,-0.50002499423916813,0,0,0,0,0,0.7070537528179226
549,4.764307942318986,-0.50002499423162139,0,0,0,0,0,0.70705375281792271
550,4.772986098862372,-0.50002499422388302,0,0,0,0,0,0.70705375281792271
551,4.781664255405758,-0.50002499421595381,0,0,0,0,0,0.70705375281792271
552,4.790342411949144,-0.50002499420783553,0,0,0,0,0,0.7070537528179226
553,4.79902056849253,-0.50002499419952906,0,0,0,0,0,0.7070537528179226
554,4.807698725035916,-0.50002499419103574,0,0,0,0,0,0.70705375281792271
555,4.8163768815793029,-0.50002499418235669,0,0,0,0,0,0.70705375281792282
556,4.8250550381226889,-0.50002499417349355,0,0,0,0,0,0.70705375281792282
557,4.8337331946660749,-0.50002499416444701,0,0,0,0,0,0.70705375281792282
558,4.8424113512094609,-0.50002499415521928,0,0,0,0,0,0.70705375281792282
559,4.8510895077528469,-0.50002499414581136,0,0,0,0,0,0.70705375281792271
560,4.8597676642962329,-0.5000249941362247,0,0,0,0,0,0.70705375281792271
561,4.8684458208396189,-0.50002499412646051,0,0,0,0,0,0.70705375281792271
562,4.8771239773830057,-0.50002499411652024,0,0,0,0,0,0.70705375281792271
563,4.8858021339263917,-0.50002499410640611,0,0,0,0,0,0.70705375281792271
564,4.8944802904697777,-0.50002499409611856,0,0,0,0,0,0.7070537528179226
565,4.9031584470131637,-0.50002499408566026,0,0,0,0,0,0.70705375281792271
566,4.9118366035565497,-0.50002499407503198,0,0,0,0,0,0.70705375281792271
567,4.9205147600999357,-0.50002499406423562,0,0,0,0,0,0.70705375281792271
568,4.9291929166433226,-0.50002499405327283,0,0,0,0,0,0.70705375281792271
569,4.9378710731867086,-0.50002499404214529,0,0,0,0,0,0.70705375281792271
570,4.9465492297300946,-0.5000249940308541,0,0,0,0,0,0.70705375281792271
571,4.9552273862734806,-0.50002499401940192,0,0,0,0,0,0.70705375281792271
572,4.9639055428168666,-0.5000249940077901,0,0,0,0,0,0.70705375281792271
573,4.9725836993602526,-0.50002499399601996,0,0,0,0,0,0.7070537528179226
574,4.9812618559036386,-0.50002499398409372,0,0,0,0,0,0.70705375281792271
575,4.9899400124470255,-0.50002499397201317,0,0,0,0,0,0.70705375281792282
576,4.9986181689904114,-0.50002499395977995,0,0,0,0,0,0.70705375281792282
577,5.0072963255337974,-0.50002499394739619,0,0,0,0,0,0.70705375281792282
578,5.0159744820771834,-0.50002499393486322,0,0,0,0,0,0.70705375281792282
579,5.0246526386205694,-0.50002499392218325,0,0,0,0,0,0.70705375281792282
580,5.0333307951639554,-0.50002499390935862,0,0,0,0,0,0.70705375281792282
581,5.0420089517073423,-0.50002499389639066,0,0,0,0,0,0.70705375281792293
582,5.0506871082507283,-0.50002499388328125,0,0,0,0,0,0.70705375281792282
583,5.0593652647941143,-0.50002499387003296,0,0,0,0,0,0.70705375281792293
584,5.0680434213375003,-0.50002499385664723,0,0,0,0,0,0.70705375281792293
585,5.0767215778808863,-0.50002499384312649,0,0,0,0,0,0.70705375281792293
586,5.0853997344242723,-0.50002499382947263,0,0,0,0,0,0.70705375281792304
587,5.0940778909676583,-0.50002499381568777,0,0,0,0,0,0.70705375281792304
588,5.1027560475110452,-0.50002499380177357,0,0,0,0,0,0.70705375281792304
589,5.1114342040544312,-0.50002499378773257,0,0,0,0,0,0.70705375281792304
590,5.1201123605978172,-0.50002499377356679,0,0,0,0,0,0.70705375281792304
591,5.1287905171412032,-0.50002499375927845,0,0,0,0,0,0.70705375281792304
592,5.1374686736845891,-0.50002499374486953,0,0,0,0,0,0.70705375281792304
593,5.1461468302279751,-0.50002499373034226,0,0,0,0,0,0.70705375281792304
594,5.1548249867713611,-0.50002499371569886,0,0,0,0,0,0.70705375281792304
595,5.163503143314748,-0.50002499370094156,0,0,0,0,0,0.70705375281792282
596,5.172181299858134,-0.50002499368607256,0,0,0,0,0,0.70705375281792293
597,5.18085945640152,-0.5000249936710941,0,0,0,0,0,0.70705375281792293
598,5.189537612944906,-0.50002499365600817,0,0,0,0,0,0.70705375281792293
599,5.198215769488292,-0.50002499364081743,0,0,0,0,0,0.70705375281792282
600,5.206893926031678,-0.50002499362552411,0,0,0,0,0,0.70705375281792282
601,5.2155720825750649,-0.50002499361013031,0,0,0,0,0,0.70705375281792293
602,5.2242502391184509,-0.50002499359463837,0,0,0,0,0,0.70705375281792304
603,5.2329283956618369,-0.50002499357905106,0,0,0,0,0,0.70705375281792293
604,5.2416065522052229,-0.50002499356337027,0,0,0,0,0,0.70705375281792293
605,5.2502847087486089,-0.50002499354759822,0,0,0,0,0,0.70705375281792304
606,5.2589628652919949,-0.50002499353173802,0,0,0,0,0,0.70705375281792304
607,5.2676410218353809,-0.50002499351579144,0,0,0,0,0,0.70705375281792293
608,5.2763191783787677,-0.50002499349976093,0,0,0,0,0,0.70705375281792304
609,5.2849973349221537,-0.50002499348364904,0,0,0,0,0,0.70705375281792304
610,5.2936754914655397,-0.50002499346745821,0,0,0,0,0,0.70705375281792293
611,5.3023536480089257,-0.50002499345119078,0,0,0,0,0,0.70705375281792304
612,5.3110318045523117,-0.50002499343484963,0,0,0,0,0,0.70705375281792293
613,5.3197099610956977,-0.50002499341843654,0,0,0,0,0,0.70705375281792293
614,5.3283881176390846,-0.50002499340195439,0,0,0,0,0,0.70705375281792293
615,5.3370662741824706,-0.50002499338540563,0,0,0,0,0,0.70705375281792293
616,5.3457444307258566,-0.50002499336879247,0,0,0,0,0,0.70705375281792293
617,5.3544225872692426,-0.5000249933521177,0,0,0,0,0,0.70705375281792304
618,5.3631007438126286,-0.50002499333538375,0,0,0,0,0,0.70705375281792293
619,5.3717789003560146,-0.50002499331859351,0,0,0,0,0,0.70705375281792293
620,5.3804570568994006,-0.50002499330174888,0,0,0,0,0,0.70705375281792304
621,5.3891352134427875,-0.50002499328485284,0,0,0,0,0,0.70705375281792293
622,5.3978133699861734,-0.50002499326790772,0,0,0,0,0,0.70705375281792293
623,5.4064915265295594,-0.50002499325091598,0,0,0,0,0,0.70705375281792282
624,5.4151696830729454,-0.50002499323388061,0,0,0,0,0,0.70705375281792304
625,5.4238478396163314,-0.50002499321680394,0,0,0,0,0,0.70705375281792293
626,5.4325259961597174,-0.50002499319968807,0,0,0,0,0,0.70705375281792304
627,5.4412041527031043,-0.50002499318253635,0,0,0,0,0,0.70705375281792304
628,5.4498823092464903,-0.50002499316535109,0,0,0,0,0,0.70705375281792293
629,5.4585604657898763,-0.50002499314813464,0,0,0,0,0,0.70705375281792304
630,5.4672386223332623,-0.50002499313088988,0,0,0,0,0,0.70705375281792304
631,5.4759167788766483,-0.50002499311361914,0,0,0,0,0,0.70705375281792304
632,5.4845949354200343,-0.50002499309632531,0,0,0,0,0,0.70705375281792304
633,5.4932730919634203,-0.50002499307901083,0,0,0,0,0,0.70705375281792304
634,5.5019512485068072,-0.50002499306167847,0,0,0,0,0,0.70705375281792315
635,5.5106294050501932,-0.50002499304433035,0,0,0,0,0,0.70705375281792315
636,5.5193075615935792,-0.50002499302696979,0,0,0,0,0,0.70705375281792315
637,5.5279857181369652,-0.50002499300959902,0,0,0,0,0,0.70705375281792326
638,5.5366638746803511,-0.50002499299222047,0,0,0,0,0,0.70705375281792326
639,5.5453420312237371,-0.50002499297483738,0,0,0,0,0,0.70705375281792315
640,5.554020187767124,-0.50002499295745206,0,0,0,0,0,0.70705375281792315
641,5.56269834431051,-0.50002499294006686,0,0,0,0,0,0.70705375281792315
642,5.571376500853896,-0.50002499292268454,0,0,0,0,0,0.70705375281792304
643,5.580054657397282,-0.50002499290530789,0,0,0,0,0,0.70705375281792304
644,5.588732813940668,-0.50002499288793911,0,0,0,0,0,0.70705375281792315
645,5.597410970484054,-0.50002499287058133,0,0,0,0,0,0.70705375281792315
646,5.60608912702744,-0.50002499285323709,0,0,0,0,0,0.70705375281792304
647,5.6147672835708269,-0.50002499283590895,0,0,0,0,0,0.70705375281792293
648,5.6234454401142129,-0.50002499281859902,0,0,0,0,0,0.70705375281792304
649,5.6321235966575989,-0.5000249928013103,0,0,0,0,0,0.70705375281792304
650,5.6408017532009849,-0.50002499278404555,0,0,0,0,0,0.70705375281792304
651,5.6494799097443709,-0.50002499276680745,0,0,0,0,0,0.70705375281792293
652,5.6581580662877569,-0.500024992749598,0,0,0,0,0,0.70705375281792304
653,5.6668362228311429,-0.50002499273242029,0,0,0,0,0,0.70705375281792293
654,5.6755143793745297,-0.50002499271527712,0,0,0,0,0,0.70705375281792293
655,5.6841925359179157,-0.50002499269817036,0,0,0,0,0,0.70705375281792304
656,5.6928706924613017,-0.50002499268110301,0,0,0,0,0,0.70705375281792293
657,5.7015488490046877,-0.50002499266407763,0,0,0,0,0,0.70705375281792293
658,5.7102270055480737,-0.50002499264709688,0,0,0,0,0,0.70705375281792293
659,5.7189051620914597,-0.50002499263016342,0,0,0,0,0,0.70705375281792282
660,5.7275833186348466,-0.50002499261327915,0,0,0,0,0,0.70705375281792282
661,5.7362614751782326,-0.50002499259644717,0,0,0,0,0,0.70705375281792282
662,5.7449396317216186,-0.50002499257966959,0,0,0,0,0,0.70705375281792293
663,5.7536177882650046,-0.50002499256294963,0,0,0,0,0,0.70705375281792282
664,5.7622959448083906,-0.50002499254628918,0,0,0,0,0,0.70705375281792282
665,5.7709741013517766,-0.5000249925296909,0,0,0,0,0,0.70705375281792271
666,5.7796522578951626,-0.50002499251315735,0,0,0,0,0,0.70705375281792271
667,5.7883304144385495,-0.5000249924966913,0,0,0,0,0,0.70705375281792282
668,5.7970085709819354,-0.50002499248029475,0,0,0,0,0,0.70705375281792271
669,5.8056867275253214,-0.50002499246397059,0,0,0,0,0,0.70705375281792282
670,5.8143648840687074,-0.5000249924477207,0,0,0,0,0,0.70705375281792271
671,5.8230430406120934,-0.50002499243154808,0,0,0,0,0,0.70705375281792271
672,5.8317211971554794,-0.50002499241545473,0,0,0,0,0,0.70705375281792282
673,5.8403993536988663,-0.50002499239944365,0,0,0,0,0,0.70705375281792282
674,5.8490775102422523,-0.50002499238351672,0,0,0,0,0,0.70705375281792282
675,5.8577556667856383,-0.50002499236767661,0,0,0,0,0,0.70705375281792282
676,5.8664338233290243,-0.50002499235192577,0,0,0,0,0,0.70705375281792271
677,5.8751119798724103,-0.50002499233626629,0,0,0,0,0,0.70705375281792271
678,5.8837901364157963,-0.50002499232070075,0,0,0,0,0,0.7070537528179226
679,5.8924682929591823,-0.50002499230523145,0,0,0,0,0,0.70705375281792271
680,5.9011464495025692,-0.50002499228986041,0,0,0,0,0,0.70705375281792271
681,5.9098246060459552,-0.50002499227459041,0,0,0,0,0,0.70705375281792282
682,5.9185027625893412,-0.50002499225942376,0,0,0,0,0,0.70705375281792271
683,5.9271809191327272,-0.50002499224436225,0,0,0,0,0,0.7070537528179226
684,5.9358590756761132,-0.50002499222940866,0,0,0,0,0,0.7070537528179226
685,5.9445372322194991,-0.50002499221456487,0,0,0,0,0,0.7070537528179226
686,5.953215388762886,-0.50002499219983298,0,0,0,0,0,0.70705375281792271
687,5.961893545306272,-0.50002499218521579,0,0,0,0,0,0.70705375281792282
688,5.970571701849658,-0.50002499217071517,0,0,0,0,0,0.70705375281792282
689,5.979249858393044,-0.50002499215633334,0,0,0,0,0,0.70705375281792282
690,5.98792801493643,-0.50002499214207252,0,0,0,0,0,0.70705375281792282
691,5.996606171479816,-0.50002499212793483,0,0,0,0,0,0.70705375281792282
692,6.005284328023202,-0.50002499211392215,0,0,0,0,0,0.70705375281792304
693,6.0139624845665889,-0.50002499210003681,0,0,0,0,0,0.70705375281792293
694,6.0226406411099749,-0.50002499208628104,0,0,0,0,0,0.70705375281792304
695,6.0313187976533609,-0.50002499207265649,0,0,0,0,0,0.70705375281792304
696,6.0399969541967469,-0.50002499205916617,0,0,0,0,0,0.70705375281792293
697,6.0486751107401329,-0.50002499204581086,0,0,0,0,0,0.70705375281792304
698,6.0573532672835189,-0.50002499203259343,0,0,0,0,0,0.70705375281792304
699,6.0660314238269049,-0.50002499201951545,0,0,0,0,0,0.70705375281792304
700,6.0747095803702917,-0.50002499200657891,0,0,0,0,0,0.70705375281792304
701,6.0833877369136777,-0.50002499199378581,0,0,0,0,0,0.70705375281792304
702,6.0920658934570637,-0.50002499198113859,0,0,0,0,0,0.70705375281792304
703,6.1007440500004497,-0.50002499196863814,0,0,0,0,0,0.70705375281792304
704,6.1094222065438357,-0.50002499195628736,0,0,0,0,0,0.70705375281792304
705,6.1181003630872217,-0.50002499194408712,0,0,0,0,0,0.70705375281792304
706,6.1267785196306086,-0.50002499193204009,0,0,0,0,0,0.70705375281792304
707,6.1354566761739946,-0.50002499192014804,0,0,0,0,0,0.70705375281792304
708,6.1441348327173806,-0.50002499190841221,0,0,0,0,0,0.70705375281792304
709,6.1528129892607666,-0.50002499189683436,0,0,0,0,0,0.70705375281792304
710,6.1614911458041526,-0.50002499188541716,0,0,0,0,0,0.70705375281792304
711,6.1701693023475386,-0.50002499187416105,0,0,0,0,0,0.70705375281792304
712,6.1788474588909246,-0.50002499186306881,0,0,0,0,0,0.70705375281792304
713,6.1875256154343115,-0.50002499185214166,0,0,0,0,0,0.70705375281792304
714,6.1962037719776974,-0.50002499184138105,0,0,0,0,0,0.70705375281792304
715,6.2048819285210834,-0.50002499183078886,0,0,0,0,0,0.70705375281792304
716,6.2135600850644694,-0.50002499182036664,0,0,0,0,0,0.70705375281792304
717,6.2222382416078554,-0.50002499181011595,0,0,0,0,0,0.70705375281792293
718,6.2309163981512414,-0.50002499180003845,0,0,0,0,0,0.70705375281792304
719,6.2395945546946283,-0.50002499179013526,0,0,0,0,0,0.70705375281792293
720,6.2482727112380143,-0.50002499178040827,0,0,0,0,0,0.70705375281792293
721,6.2569508677814003,-0.50002499177085902,0,0,0,0,0,0.70705375281792282
722,6.2656290243247863,-0.50002499176148851,0,0,0,0,0,0.70705375281792282
723,6.2743071808681723,-0.50002499175229831,0,0,0,0,0,0.70705375281792282
724,6.2829853374115583,-0.50002499174328996,0,0,0,0,0,0.70705375281792282
725,6.2916634939549443,-0.50002499173446469,0,0,0,0,0,0.70705375281792282
726,6.3003416504983312,-0.50002499172582393,0,0,0,0,0,0.70705375281792282
727,6.3090198070417172,-0.50002499171736903,0,0,0,0,0,0.70705375281792282
728,6.3176979635851032,-0.50002499170910109,0,0,0,0,0,0.70705375281792282
729,6.3263761201284892,-0.5000249917010211,0,0,0,0,0,0.70705375281792282
730,6.3350542766718752,-0.50002499169313119,0,0,0,0,0,0.70705375281792271
731,6.3437324332152611,-0.50002499168543146,0,0,0,0,0,0.70705375281792271
732,6.352410589758648,-0.50002499167792358,0,0,0,0,0,0.70705375281792271
733,6.361088746302034,-0.5000249916706091,0,0,0,0,0,0.7070537528179226
734,6.36976690284542,-0.50002499166348835,0,0,0,0,0,0.7070537528179226
735,6.378445059388806,-0.50002499165656245,0,0,0,0,0,0.7070537528179226
736,6.387123215932192,-0.50002499164983305,0,0,0,0,0,0.7070537528179226
737,6.395801372475578,-0.50002499164330094,0,0,0,0,0,0.70705375281792271
738,6.404479529018964,-0.50002499163696668,0,0,0,0,0,0.7070537528179226
739,6.4131576855623509,-0.50002499163083203,0,0,0,0,0,0.70705375281792249
740,6.4218358421057369,-0.500024991624897,0,0,0,0,0,0.70705375281792249
741,6.4305139986491229,-0.50002499161916292,0,0,0,0,0,0.70705375281792249
742,6.4391921551925089,-0.50002499161363079,0,0,0,0,0,0.70705375281792249
743,6.4478703117358949,-0.50002499160830138,0,0,0,0,0,0.70705375281792249
744,6.4565484682792809,-0.50002499160317537,0,0,0,0,0,0.70705375281792238
745,6.4652266248226669,-0.50002499159825342,0,0,0,0,0,0.70705375281792238
746,6.4739047813660537,-0.50002499159353642,0,0,0,0,0,0.70705375281792238
747,6.4825829379094397,-0.50002499158902491,0,0,0,0,0,0.70705375281792238
748,6.4912610944528257,-0.50002499158472014,0,0,0,0,0,0.70705375281792238
749,6.4999392509962117,-0.50002499158062197,0,0,0,0,0,0.70705375281792249
750,6.5086174075395977,-0.50002499157673175,0,0,0,0,0,0.70705375281792238
751,6.5172955640829837,-0.50002499157304936,0,0,0,0,0,0.7070537528179226
752,6.5259737206263706,-0.50002499156957581,0,0,0,0,0,0.7070537528179226
753,6.5346518771697566,-0.50002499156631142,0,0,0,0,0,0.7070537528179226
754,6.5433300337131426,-0.50002499156325708,0,0,0,0,0,0.7070537528179226
755,6.5520081902565286,-0.5000249915604128,0,0,0,0,0,0.7070537528179226
756,6.5606863467999146,-0.50002499155777913,0,0,0,0,0,0.70705375281792249
757,6.5693645033433006,-0.50002499155535662,0,0,0,0,0,0.70705375281792249
758,6.5780426598866866,-0.50002499155314539,0,0,0,0,0,0.70705375281792249
759,6.5867208164300735,-0.50002499155114599,0,0,0,0,0,0.70705375281792249
760,6.5953989729734595,-0.50002499154935853,0,0,0,0,0,0.70705375281792249
761,6.6040771295168454,-0.50002499154778346,0,0,0,0,0,0.70705375281792249
762,6.6127552860602314,-0.50002499154642099,0,0,0,0,0,0.70705375281792249
763,6.6214334426036174,-0.50002499154527136,0,0,0,0,0,0.70705375281792238
764,6.6301115991470034,-0.50002499154433455,0,0,0,0,0,0.70705375281792238
765,6.6387897556903903,-0.50002499154361069,0,0,0,0,0,0.70705375281792227
766,6.6474679122337763,-0.50002499154309987,0,0,0,0,0,0.70705375281792227
767,6.6561460687771623,-0.50002499154280255,0,0,0,0,0,0.70705375281792227
768,6.6648242253205483,-0.5000249915427184,0,0,0,0,0,0.70705375281792227
769,6.6735023818639343,-0.50002499154284741,0,0,0,0,0,0.70705375281792238
770,6.6821805384073203,-0.5000249915431898,0,0,0,0,0,0.70705375281792238
771,6.6908586949507063,-0.50002499154374547,0,0,0,0,0,0.70705375281792238
772,6.6995368514940932,-0.5000249915445143,0,0,0,0,0,0.70705375281792238
773,6.7082150080374792,-0.50002499154549607,0,0,0,0,0,0.70705375281792249
774,6.7168931645808652,-0.50002499154669078,0,0,0,0,0,0.70705375281792249
775,6.7255713211242512,-0.5000249915480981,0,0,0,0,0,0.70705375281792249
776,6.7342494776676372,-0.50002499154971802,0,0,0,0,0,0.70705375281792238
777,6.7429276342110231,-0.50002499155155022,0,0,0,0,0,0.70705375281792249
778,6.75160579075441,-0.50002499155359459,0,0,0,0,0,0.70705375281792249
779,6.760283947297796,-0.50002499155585023,0,0,0,0,0,0.70705375281792238
780,6.768962103841182,-0.50002499155831748,0,0,0,0,0,0.70705375281792238
781,6.777640260384568,-0.50002499156099578,0,0,0,0,0,0.70705375281792238
782,6.786318416927954,-0.50002499156388425,0,0,0,0,0,0.70705375281792249
783,6.79499657347134,-0.50002499156698321,0,0,0,0,0,0.70705375281792238
784,6.803674730014726,-0.5000249915702919,0,0,0,0,0,0.70705375281792227
785,6.8123528865581129,-0.50002499157380931,0,0,0,0,0,0.70705375281792227
786,6.8210310431014989,-0.50002499157753544,0,0,0,0,0,0.70705375281792238
787,6.8297091996448849,-0.50002499158146985,0,0,0,0,0,0.70705375281792238
788,6.8383873561882709,-0.50002499158561142,0,0,0,0,0,0.70705375281792227
789,6.8470655127316569,-0.50002499158996017,0,0,0,0,0,0.70705375281792227
790,6.8557436692750429,-0.50002499159451497,0,0,0,0,0,0.70705375281792227
791,6.8644218258184297,-0.50002499159927527,0,0,0,0,0,0.70705375281792227
792,6.8730999823618157,-0.50002499160424019,0,0,0,0,0,0.70705375281792227
793,6.8817781389052017,-0.5000249916094095,0,0,0,0,0,0.70705375281792227
794,6.8904562954485877,-0.50002499161478187,0,0,0,0,0,0.70705375281792227
795,6.8991344519919737,-0.50002499162035696,0,0,0,0,0,0.70705375281792215
796,6.9078126085353597,-0.50002499162613301,0,0,0,0,0,0.70705375281792227
797,6.9164907650787457,-0.50002499163211045,0,0,0,0,0,0.70705375281792227
798,6.9251689216221326,-0.5000249916382874,0,0,0,0,0,0.70705375281792227
799,6.9338470781655186,-0.50002499164466352,0,0,0,0,0,0.70705375281792227
800,6.9425252347089046,-0.50002499165123737,0,0,0,0,0,0.70705375281792215
801,6.9512033912522906,-0.50002499165800829,0,0,0,0,0,0.70705375281792227
802,6.9598815477956766,-0.50002499166497505,0,0,0,0,0,0.70705375281792227
803,6.9685597043390626,-0.5000249916721371,0,0,0,0,0,0.70705375281792227
804,6.9772378608824486,-0.50002499167949266,0,0,0,0,0,0.70705375281792238
805,6.9859160174258355,-0.50002499168704095,0,0,0,0,0,0.70705375281792227
806,6.9945941739692215,-0.50002499169478087,0,0,0,0,0,0.70705375281792227
807,7.0032723305126074,-0.50002499170271131,0,0,0,0,0,0.70705375281792238
808,7.0119504870559934,-0.50002499171083081,0,0,0,0,0,0.70705375281792215
809,7.0206286435993794,-0.5000249917191385,0,0,0,0,0,0.70705375281792227
810,7.0293068001427654,-0.50002499172763271,0,0,0,0,0,0.70705375281792227
811,7.0379849566861523,-0.50002499173631254,0,0,0,0,0,0.70705375281792238
812,7.0466631132295383,-0.50002499174517656,0,0,0,0,0,0.70705375281792215
813,7.0553412697729243,-0.50002499175422332,0,0,0,0,0,0.70705375281792227
814,7.0640194263163103,-0.50002499176345183,0,0,0,0,0,0.70705375281792215
815,7.0726975828596963,-0.50002499177286019,0,0,0,0,0,0.70705375281792227
816,7.0813757394030823,-0.5000249917824473,0,0,0,0,0,0.70705375281792215
817,7.0900538959464683,-0.50002499179221149,0,0,0,0,0,0.70705375281792215
818,7.0987320524898552,-0.50002499180215165,0,0,0,0,0,0.70705375281792215
819,7.1074102090332412,-0.5000249918122659,0,0,0,0,0,0.70705375281792215
820,7.1160883655766272,-0.50002499182255289,0,0,0,0,0,0.70705375281792215
821,7.1247665221200132,-0.50002499183301108,0,0,0,0,0,0.70705375281792227
822,7.1334446786633992,-0.50002499184363902,0,0,0,0,0,0.70705375281792215
823,7.1421228352067851,-0.50002499185443494,0,0,0,0,0,0.70705375281792215
824,7.150800991750172,-0.50002499186539706,0,0,0,0,0,0.70705375281792215
825,7.159479148293558,-0.50002499187652405,0,0,0,0,0,0.70705375281792227
826,7.168157304836944,-0.50002499188781391,0,0,0,0,0,0.70705375281792227
827,7.17683546138033,-0.50002499189926575,0,0,0,0,0,0.70705375281792227
828,7.185513617923716,-0.50002499191087679,0,0,0,0,0,0.70705375281792215
829,7.194191774467102,-0.50002499192264571,0,0,0,0,0,0.70705375281792215
830,7.202869931010488,-0.50002499193457095,0,0,0,0,0,0.70705375281792227
831,7.2115480875538749,-0.50002499194665018,0,0,0,0,0,0.70705375281792215
832,7.2202262440972609,-0.50002499195888217,0,0,0,0,0,0.70705375281792227
833,7.2289044006406469,-0.50002499197126471,0,0,0,0,0,0.70705375281792227
834,7.2375825571840329,-0.50002499198379635,0,0,0,0,0,0.70705375281792238
835,7.2462607137274189,-0.50002499199647477,0,0,0,0,0,0.70705375281792238
836,7.2549388702708049,-0.50002499200929795,0,0,0,0,0,0.70705375281792238
837,7.2636170268141917,-0.50002499202226425,0,0,0,0,0,0.70705375281792238
838,7.2722951833575777,-0.5000249920353721,0,0,0,0,0,0.70705375281792238
839,7.2809733399009637,-0.50002499204861872,0,0,0,0,0,0.70705375281792238
840,7.2896514964443497,-0.50002499206200257,0,0,0,0,0,0.70705375281792249
841,7.2983296529877357,-0.50002499207552165,0,0,0,0,0,0.70705375281792249
842,7.3070078095311217,-0.50002499208917384,0,0,0,0,0,0.70705375281792249
843,7.3156859660745077,-0.50002499210295714,0,0,0,0,0,0.70705375281792249
844,7.3243641226178946,-0.50002499211686935,0,0,0,0,0,0.7070537528179226
845,7.3330422791612806,-0.50002499213090845,0,0,0,0,0,0.70705375281792249
846,7.3417204357046666,-0.50002499214507212,0,0,0,0,0,0.70705375281792249
847,7.3503985922480526,-0.50002499215935892,0,0,0,0,0,0.70705375281792249
848,7.3590767487914386,-0.50002499217376584,0,0,0,0,0,0.7070537528179226
849,7.3677549053348246,-0.50002499218829122,0,0,0,0,0,0.70705375281792249
850,7.3764330618782106,-0.50002499220293295,0,0,0,0,0,0.70705375281792238
851,7.3851112184215975,-0.50002499221768837,0,0,0,0,0,0.70705375281792249
852,7.3937893749649835,-0.50002499223255559,0,0,0,0,0,0.70705375281792249
853,7.4024675315083694,-0.50002499224753194,0,0,0,0,0,0.7070537528179226
854,7.4111456880517554,-0.50002499226261587,0,0,0,0,0,0.7070537528179226
855,7.4198238445951414,-0.50002499227780484,0,0,0,0,0,0.70705375281792249
856,7.4285020011385274,-0.50002499229309638,0,0,0,0,0,0.70705375281792249
857,7.4371801576819143,-0.50002499230848818,0,0,0,0,0,0.70705375281792249
858,7.4458583142253003,-0.50002499232397812,0,0,0,0,0,0.70705375281792238
859,7.4545364707686863,-0.50002499233956355,0,0,0,0,0,0.70705375281792249
860,7.4632146273120723,-0.50002499235524267,0,0,0,0,0,0.70705375281792238
861,7.4718927838554583,-0.5000249923710125,0,0,0,0,0,0.70705375281792249
862,7.4805709403988443,-0.50002499238687115,0,0,0,0,0,0.70705375281792249
863,7.4892490969422303,-0.50002499240281595,0,0,0,0,0,0.70705375281792249
864,7.4979272534856172,-0.50002499241884468,0,0,0,0,0,0.7070537528179226
865,7.5066054100290032,-0.50002499243495468,0,0,0,0,0,0.70705375281792249
866,7.5152835665723892,-0.50002499245114373,0,0,0,0,0,0.7070537528179226
867,7.5239617231157752,-0.5000249924674095,0,0,0,0,0,0.7070537528179226
868,7.5326398796591612,-0.50002499248374921,0,0,0,0,0,0.7070537528179226
869,7.5413180362025471,-0.50002499250016075,0,0,0,0,0,0.7070537528179226
870,7.549996192745934,-0.50002499251664156,0,0,0,0,0,0.7070537528179226
871,7.55867434928932,-0.50002499253318877,0,0,0,0,0,0.7070537528179226
872,7.567352505832706,-0.50002499254980004,0,0,0,0,0,0.7070537528179226
873,7.576030662376092,-0.50002499256647348,0,0,0,0,0,0.70705375281792249
874,7.584708818919478,-0.50002499258320598,0,0,0,0,0,0.7070537528179226
875,7.593386975462864,-0.500024992599995,0,0,0,0,0,0.7070537528179226
876,7.60206513200625,-0.5000249926168383,0,0,0,0,0,0.7070537528179226
877,7.6107432885496369,-0.50002499263373312,0,0,0,0,0,0.7070537528179226
878,7.6194214450930229,-0.50002499265067724,0,0,0,0,0,0.70705375281792249
879,7.6280996016364089,-0.50002499266766787,0,0,0,0,0,0.70705375281792249
880,7.6367777581797949,-0.50002499268470202,0,0,0,0,0,0.70705375281792249
881,7.6454559147231809,-0.50002499270177803,0,0,0,0,0,0.70705375281792249
882,7.6541340712665669,-0.50002499271889267,0,0,0,0,0,0.70705375281792249
883,7.6628122278099537,-0.50002499273604339,0,0,0,0,0,0.70705375281792249
884,7.6714903843533397,-0.50002499275322776,0,0,0,0,0,0.7070537528179226
885,7.6801685408967257,-0.50002499277044365,0,0,0,0,0,0.70705375281792249
886,7.6888466974401117,-0.50002499278768764,0,0,0,0,0,0.70705375281792249
887,7.6975248539834977,-0.50002499280495749,0,0,0,0,0,0.70705375281792249
888,7.7062030105268837,-0.50002499282225077,0,0,0,0,0,0.70705375281792249
889,7.7148811670702697,-0.50002499283956492,0,0,0,0,0,0.7070537528179226
890,7.7235593236136566,-0.50002499285689672,0,0,0,0,0,0.70705375281792249
891,7.7322374801570426,-0.50002499287424429,0,0,0,0,0,0.70705375281792249
892,7.7409156367004286,-0.5000249928916044,0,0,0,0,0,0.7070537528179226
893,7.7495937932438146,-0.50002499290897506,0,0,0,0,0,0.7070537528179226
894,7.7582719497872006,-0.50002499292635316,0,0,0,0,0,0.7070537528179226
895,7.7669501063305866,-0.50002499294373626,0,0,0,0,0,0.70705375281792271
896,7.7756282628739726,-0.50002499296112157,0,0,0,0,0,0.7070537528179226
897,7.7843064194173595,-0.50002499297850711,0,0,0,0,0,0.7070537528179226
898,7.7929845759607455,-0.50002499299588932,0,0,0,0,0,0.7070537528179226
899,7.8016627325041314,-0.50002499301326664,0,0,0,0,0,0.70705375281792271
900,7.8103408890475174,-0.50002499303063508,0,0,0,0,0,0.70705375281792271
901,7.8190190455909034,-0.5000249930479933,0,0,0,0,0,0.70705375281792271
902,7.8276972021342894,-0.5000249930653381,0,0,0,0,0,0.70705375281792271
903,7.8363753586776763,-0.5000249930826669,0,0,0,0,0,0.70705375281792271
904,7.8450535152210623,-0.50002499309997694,0,0,0,0,0,0.70705375281792271
905,7.8537316717644483,-0.50002499311726623,0,0,0,0,0,0.70705375281792271
906,7.8624098283078343,-0.50002499313453175,0,0,0,0,0,0.70705375281792271
907,7.8710879848512203,-0.50002499315177062,0,0,0,0,0,0.70705375281792282
908,7.8797661413946063,-0.50002499316898064,0,0,0,0,0,0.70705375281792271
909,7.8884442979379923,-0.50002499318615934,0,0,0,0,0,0.70705375281792271
910,7.8971224544813792,-0.50002499320330362,0,0,0,0,0,0.70705375281792271
911,7.9058006110247652,-0.50002499322041127,0,0,0,0,0,0.70705375281792271
912,7.9144787675681512,-0.50002499323747951,0,0,0,0,0,0.70705375281792271
913,7.9231569241115372,-0.50002499325450589,0,0,0,0,0,0.70705375281792271
914,7.9318350806549232,-0.50002499327148797,0,0,0,0,0,0.70705375281792271
915,7.9405132371983091,-0.5000249932884232,0,0,0,0,0,0.70705375281792271
916,7.949191393741696,-0.50002499330530836,0,0,0,0,0,0.7070537528179226
917,7.957869550285082,-0.5000249933221419,0,0,0,0,0,0.70705375281792271
918,7.966547706828468,-0.50002499333892048,0,0,0,0,0,0.7070537528179226
919,7.975225863371854,-0.50002499335564199,0,0,0,0,0,0.70705375281792271
920,7.98390401991524,-0.50002499337230399,0,0,0,0,0,0.7070537528179226
921,7.992582176458626,-0.5000249933889036,0,0,0,0,0,0.70705375281792271
922,8.001260333002012,-0.50002499340543838,0,0,0,0,0,0.70705375281792282
923,8.009938489545398,-0.50002499342190609,0,0,0,0,0,0.70705375281792271
924,8.018616646088784,-0.50002499343830453,0,0,0,0,0,0.70705375281792282
925,8.02729480263217,-0.50002499345463036,0,0,0,0,0,0.70705375281792282
926,8.0359729591755578,-0.50002499347088181,0,0,0,0,0,0.70705375281792282
927,8.0446511157189438,-0.50002499348705598,0,0,0,0,0,0.70705375281792282
928,8.0533292722623298,-0.50002499350315099,0,0,0,0,0,0.70705375281792282
929,8.0620074288057157,-0.50002499351916385,0,0,0,0,0,0.70705375281792282
930,8.0706855853491017,-0.50002499353509255,0,0,0,0,0,0.70705375281792282
931,8.0793637418924877,-0.50002499355093444,0,0,0,0,0,0.70705375281792293
932,8.0880418984358737,-0.50002499356668728,0,0,0,0,0,0.70705375281792282
933,8.0967200549792597,-0.50002499358234864,0,0,0,0,0,0.70705375281792282
934,8.1053982115226457,-0.50002499359791597,0,0,0,0,0,0.70705375281792271
935,8.1140763680660317,-0.50002499361338737,0,0,0,0,0,0.70705375281792282
936,8.1227545246094177,-0.50002499362876018,0,0,0,0,0,0.70705375281792271
937,8.1314326811528037,-0.50002499364403219,0,0,0,0,0,0.70705375281792271
938,8.1401108376961897,-0.50002499365920094,0,0,0,0,0,0.7070537528179226
939,8.1487889942395775,-0.50002499367426423,0,0,0,0,0,0.70705375281792271
940,8.1574671507829635,-0.50002499368922004,0,0,0,0,0,0.7070537528179226
941,8.1661453073263495,-0.50002499370406572,0,0,0,0,0,0.7070537528179226
942,8.1748234638697355,-0.50002499371879916,0,0,0,0,0,0.7070537528179226
943,8.1835016204131215,-0.50002499373341824,0,0,0,0,0,0.7070537528179226
944,8.1921797769565075,-0.50002499374792075,0,0,0,0,0,0.7070537528179226
945,8.2008579334998934,-0.50002499376230458,0,0,0,0,0,0.7070537528179226
946,8.2095360900432794,-0.50002499377656728,0,0,0,0,0,0.7070537528179226
947,8.2182142465866654,-0.50002499379070686,0,0,0,0,0,0.7070537528179226
948,8.2268924031300514,-0.50002499380472099,0,0,0,0,0,0.7070537528179226
949,8.2355705596734374,-0.50002499381860799,0,0,0,0,0,0.7070537528179226
950,8.2442487162168234,-0.50002499383236565,0,0,0,0,0,0.7070537528179226
951,8.2529268727602094,-0.50002499384599153,0,0,0,0,0,0.7070537528179226
952,8.2616050293035972,-0.50002499385948385,0,0,0,0,0,0.7070537528179226
953,8.2702831858469832,-0.50002499387284061,0,0,0,0,0,0.7070537528179226
954,8.2789613423903692,-0.50002499388605992,0,0,0,0,0,0.7070537528179226
955,8.2876394989337552,-0.50002499389913924,0,0,0,0,0,0.7070537528179226
956,8.2963176554771412,-0.500024993912077,0,0,0,0,0,0.70705375281792271
957,8.3049958120205272,-0.50002499392487154,0,0,0,0,0,0.7070537528179226
958,8.3136739685639132,-0.50002499393752053,0,0,0,0,0,0.7070537528179226
959,8.3223521251072992,-0.50002499395002187,0,0,0,0,0,0.70705375281792271
960,8.3310302816506852,-0.50002499396237421,0,0,0,0,0,0.7070537528179226
961,8.3397084381940711,-0.50002499397457534,0,0,0,0,0,0.70705375281792271
962,8.3483865947374571,-0.5000249939866237,0,0,0,0,0,0.70705375281792271
963,8.3570647512808431,-0.50002499399851685,0,0,0,0,0,0.70705375281792271
964,8.3657429078242291,-0.50002499401025347,0,0,0,0,0,0.70705375281792271
965,8.3744210643676169,-0.50002499402183243,0,0,0,0,0,0.7070537528179226
966,8.3830992209110029,-0.50002499403325051,0,0,0,0,0,0.7070537528179226
967,8.3917773774543889,-0.50002499404450695,0,0,0,0,0,0.7070537528179226
968,8.4004555339977749,-0.50002499405560019,0,0,0,0,0,0.7070537528179226
969,8.4091336905411609,-0.50002499406652801,0,0,0,0,0,0.7070537528179226
970,8.4178118470845469,-0.50002499407728906,0,0,0,0,0,0.7070537528179226
971,8.4264900036279329,-0.50002499408788159,0,0,0,0,0,0.7070537528179226
972,8.4351681601713189,-0.50002499409830414,0,0,0,0,0,0.7070537528179226
973,8.4438463167147049,-0.50002499410855505,0,0,0,0,0,0.7070537528179226
974,8.4525244732580909,-0.50002499411863299,0,0,0,0,0,0.70705375281792249
975,8.4612026298014769,-0.50002499412853596,0,0,0,0,0,0.70705375281792249
976,8.4698807863448629,-0.50002499413826285,0,0,0,0,0,0.7070537528179226
977,8.4785589428882489,-0.5000249941478121,0,0,0,0,0,0.7070537528179226
978,8.4872370994316348,-0.50002499415718216,0,0,0,0,0,0.7070537528179226
979,8.4959152559750226,-0.50002499416637181,0,0,0,0,0,0.70705375281792249
980,8.5045934125184086,-0.5000249941753796,0,0,0,0,0,0.70705375281792249
981,8.5132715690617946,-0.5000249941842041,0,0,0,0,0,0.70705375281792249
982,8.5219497256051806,-0.50002499419284396,0,0,0,0,0,0.70705375281792238
983,8.5306278821485666,-0.5000249942012982,0,0,0,0,0,0.70705375281792238
984,8.5393060386919526,-0.50002499420956492,0,0,0,0,0,0.70705375281792238
985,8.5479841952353386,-0.50002499421764357,0,0,0,0,0,0.70705375281792238
986,8.5566623517787246,-0.50002499422553237,0,0,0,0,0,0.70705375281792249
987,8.5653405083221106,-0.50002499423323044,0,0,0,0,0,0.70705375281792249
988,8.5740186648654966,-0.50002499424073654,0,0,0,0,0,0.70705375281792238
989,8.5826968214088826,-0.50002499424804969,0,0,0,0,0,0.70705375281792249
990,8.5913749779522686,-0.50002499425516822,0,0,0,0,0,0.70705375281792238
991,8.6000531344956546,-0.50002499426209168,0,0,0,0,0,0.70705375281792238
992,8.6087312910390423,-0.50002499426881886,0,0,0,0,0,0.70705375281792238
993,8.6174094475824283,-0.50002499427534908,0,0,0,0,0,0.70705375281792227
994,8.6260876041258143,-0.50002499428168046,0,0,0,0,0,0.70705375281792227
995,8.6347657606692003,-0.50002499428781277,0,0,0,0,0,0.70705375281792238
996,8.6434439172125863,-0.50002499429374503,0,0,0,0,0,0.70705375281792227
997,8.6521220737559723,-0.50002499429947589,0,0,0,0,0,0.70705375281792238
998,8.6608002302993583,-0.50002499430500491,0,0,0,0,0,0.70705375281792227
999,8.6694783868427443,-0.50002499431033143,0,0,0,0,0,0.70705375281792227
1000,8.6781565433861303,-0.50002499431545377,0,0,0,0,0,0.70705375281792227
1001,8.6868346999295163,-0.50002499432037217,0,0,0,0,0,0.70705375281792227
1002,8.6955128564729023,-0.5000249943250854,0,0,0,0,0,0.70705375281792215
1003,8.7041910130162883,-0.50002499432959269,0,0,0,0,0,0.70705375281792227
1004,8.7128691695596743,-0.50002499433389369,0,0,0,0,0,0.70705375281792215
1005,8.721547326103062,-0.50002499433798753,0,0,0,0,0,0.70705375281792215
1006,8.730225482646448,-0.5000249943418732,0,0,0,0,0,0.70705375281792227
1007,8.738903639189834,-0.50002499434555081,0,0,0,0,0,0.70705375281792227
1008,8.74758179573322,-0.50002499434901959,0,0,0,0,0,0.70705375281792215
1009,8.756259952276606,-0.50002499435227876,0,0,0,0,0,0.70705375281792215
1010,8.764938108819992,-0.50002499435532821,0,0,0,0,0,0.70705375281792227
1011,8.773616265363378,-0.50002499435816716,0,0,0,0,0,0.70705375281792215
1012,8.782294421906764,-0.5000249943607955,0,0,0,0,0,0.70705375281792227
1013,8.79097257845015,-0.50002499436321224,0,0,0,0,0,0.70705375281792227
1014,8.799650734993536,-0.50002499436541747,0,0,0,0,0,0.70705375281792227
1015,8.808328891536922,-0.50002499436741088,0,0,0,0,0,0.70705375281792238
1016,8.817007048080308,-0.50002499436919234,0,0,0,0,0,0.70705375281792227
1017,8.825685204623694,-0.5000249943707612,0,0,0,0,0,0.70705375281792227
1018,8.8343633611670818,-0.50002499437211712,0,0,0,0,0,0.70705375281792238
1019,8.8430415177104678,-0.50002499437326053,0,0,0,0,0,0.70705375281792227
1020,8.8517196742538538,-0.50002499437419068,0,0,0,0,0,0.70705375281792227
1021,8.8603978307972397,-0.50002499437490766,0,0,0,0,0,0.70705375281792227
1022,8.8690759873406257,-0.50002499437541081,0,0,0,0,0,0.70705375281792227
1023,8.8777541438840117,-0.50002499437570114,0,0,0,0,0,0.70705375281792238
1024,8.8864323004273977,-0.50002499437577785,0,0,0,0,0,0.70705375281792238
1025,8.8951104569707837,-0.50002499437564119,0,0,0,0,0,0.70705375281792227
1026,8.9037886135141697,-0.5000249943752908,0,0,0,0,0,0.70705375281792227
1027,8.9124667700575557,-0.50002499437472736,0,0,0,0,0,0.70705375281792227
1028,8.9211449266009417,-0.50002499437395043,0,0,0,0,0,0.70705375281792227
1029,8.9298230831443277,-0.50002499437296022,0,0,0,0,0,0.70705375281792215
1030,8.9385012396877137,-0.50002499437175718,0,0,0,0,0,0.70705375281792227
1031,8.9471793962311015,-0.5000249943703412,0,0,0,0,0,0.70705375281792227
1032,8.9558575527744875,-0.50002499436871273,0,0,0,0,0,0.70705375281792227
1033,8.9645357093178735,-0.50002499436687153,0,0,0,0,0,0.70705375281792227
1034,8.9732138658612595,-0.50002499436481884,0,0,0,0,0,0.70705375281792215
1035,8.9818920224046455,-0.50002499436255377,0,0,0,0,0,0.70705375281792215
1036,8.9905701789480315,-0.50002499436007708,0,0,0,0,0,0.70705375281792215
1037,8.9992483354914174,-0.50002499435738978,0,0,0,0,0,0.70705375281792215
1038,9.0079264920348034,-0.50002499435449144,0,0,0,0,0,0.70705375281792215
1039,9.0166046485781894,-0.50002499435138292,0,0,0,0,0,0.70705375281792227
1040,9.0252828051215754,-0.50002499434806458,0,0,0,0,0,0.70705375281792227
1041,9.0339609616649614,-0.50002499434453695,0,0,0,0,0,0.70705375281792227
1042,9.0426391182083474,-0.50002499434080083,0,0,0,0,0,0.70705375281792238
1043,9.0513172747517334,-0.50002499433685621,0,0,0,0,0,0.70705375281792238
1044,9.0599954312951212,-0.50002499433270431,0,0,0,0,0,0.70705375281792238
1045,9.0686735878385072,-0.50002499432834524,0,0,0,0,0,0.70705375281792238
1046,9.0773517443818932,-0.50002499432377989,0,0,0,0,0,0.70705375281792238
1047,9.0860299009252792,-0.50002499431900893,0,0,0,0,0,0.70705375281792249
1048,9.0947080574686652,-0.50002499431403313,0,0,0,0,0,0.70705375281792238
1049,9.1033862140120512,-0.50002499430885283,0,0,0,0,0,0.70705375281792238
1050,9.1120643705554372,-0.50002499430346936,0,0,0,0,0,0.70705375281792238
1051,9.1207425270988232,-0.50002499429788372,0,0,0,0,0,0.70705375281792238
1052,9.1294206836422092,-0.50002499429209601,0,0,0,0,0,0.70705375281792238
1053,9.1380988401855952,-0.50002499428610769,0,0,0,0,0,0.70705375281792227
1054,9.1467769967289811,-0.50002499427991887,0,0,0,0,0,0.70705375281792238
1055,9.1554551532723671,-0.50002499427353142,0,0,0,0,0,0.70705375281792249
1056,9.1641333098157531,-0.50002499426694613,0,0,0,0,0,0.70705375281792238
1057,9.1728114663591409,-0.50002499426016334,0,0,0,0,0,0.70705375281792238
1058,9.1814896229025269,-0.5000249942531847,0,0,0,0,0,0.70705375281792238
1059,9.1901677794459129,-0.50002499424601132,0,0,0,0,0,0.70705375281792249
1060,9.1988459359892989,-0.50002499423864399,0,0,0,0,0,0.70705375281792238
1061,9.2075240925326849,-0.5000249942310836,0,0,0,0,0,0.70705375281792249
1062,9.2162022490760709,-0.5000249942233318,0,0,0,0,0,0.70705375281792238
1063,9.2248804056194569,-0.50002499421538926,0,0,0,0,0,0.7070537528179226
1064,9.2335585621628429,-0.50002499420725766,0,0,0,0,0,0.7070537528179226
1065,9.2422367187062289,-0.50002499419893809,0,0,0,0,0,0.7070537528179226
1066,9.2509148752496149,-0.50002499419043145,0,0,0,0,0,0.7070537528179226
1067,9.2595930317930009,-0.50002499418173962,0,0,0,0,0,0.7070537528179226
1068,9.2682711883363869,-0.50002499417286328,0,0,0,0,0,0.70705375281792249
1069,9.2769493448797729,-0.5000249941638043,0,0,0,0,0,0.70705375281792249
1070,9.2856275014231606,-0.50002499415456381,0,0,0,0,0,0.70705375281792249
1071,9.2943056579665466,-0.50002499414514345,0,0,0,0,0,0.70705375281792238
1072,9.3029838145099326,-0.50002499413554391,0,0,0,0,0,0.70705375281792238
1073,9.3116619710533186,-0.50002499412576729,0,0,0,0,0,0.70705375281792249
1074,9.3203401275967046,-0.5000249941158148,0,0,0,0,0,0.70705375281792249
1075,9.3290182841400906,-0.50002499410568824,0,0,0,0,0,0.7070537528179226
1076,9.3376964406834766,-0.50002499409538892,0,0,0,0,0,0.7070537528179226
1077,9.3463745972268626,-0.50002499408491818,0,0,0,0,0,0.7070537528179226
1078,9.3550527537702486,-0.50002499407427803,0,0,0,0,0,0.7070537528179226
1079,9.3637309103136346,-0.50002499406347001,0,0,0,0,0,0.7070537528179226
1080,9.3724090668570206,-0.50002499405249534,0,0,0,0,0,0.70705375281792271
1081,9.3810872234004066,-0.50002499404135614,0,0,0,0,0,0.70705375281792271
1082,9.3897653799437926,-0.50002499403005396,0,0,0,0,0,0.7070537528179226
1083,9.3984435364871786,-0.50002499401859024,0,0,0,0,0,0.70705375281792271
1084,9.4071216930305663,-0.50002499400696732,0,0,0,0,0,0.70705375281792271
1085,9.4157998495739523,-0.50002499399518618,0,0,0,0,0,0.7070537528179226
1086,9.4244780061173383,-0.50002499398324907,0,0,0,0,0,0.70705375281792271
1087,9.4331561626607243,-0.50002499397115763,0,0,0,0,0,0.70705375281792282
1088,9.4418343192041103,-0.50002499395891364,0,0,0,0,0,0.70705375281792271
1089,9.4505124757474963,-0.50002499394651934,0,0,0,0,0,0.70705375281792271
1090,9.4591906322908823,-0.50002499393397615,0,0,0,0,0,0.7070537528179226
1091,9.4678687888342683,-0.50002499392128619,0,0,0,0,0,0.7070537528179226
1092,9.4765469453776543,-0.50002499390845134,0,0,0,0,0,0.7070537528179226
1093,9.4852251019210403,-0.50002499389547328,0,0,0,0,0,0.7070537528179226
1094,9.4939032584644263,-0.50002499388235433,0,0,0,0,0,0.7070537528179226
1095,9.5025814150078123,-0.50002499386909616,0,0,0,0,0,0.7070537528179226
1096,9.5112595715511983,-0.50002499385570109,0,0,0,0,0,0.7070537528179226
1097,9.519937728094586,-0.50002499384217103,0,0,0,0,0,0.7070537528179226
1098,9.528615884637972,-0.50002499382850774,0,0,0,0,0,0.7070537528179226
1099,9.537294041181358,-0.50002499381471355,0,0,0,0,0,0.7070537528179226
1100,9.545972197724744,-0.50002499380079046,0,0,0,0,0,0.7070537528179226
1101,9.55465035426813,-0.50002499378674081,0,0,0,0,0,0.7070537528179226
1102,9.563328510811516,-0.50002499377256626,0,0,0,0,0,0.7070537528179226
1103,9.572006667354902,-0.50002499375826948,0,0,0,0,0,0.7070537528179226
1104,9.580684823898288,-0.5000249937438519,0,0,0,0,0,0.7070537528179226
1105,9.589362980441674,-0.50002499372931652,0,0,0,0,0,0.7070537528179226
1106,9.59804113698506,-0.50002499371466513,0,0,0,0,0,0.7070537528179226
1107,9.606719293528446,-0.50002499369989972,0,0,0,0,0,0.7070537528179226
1108,9.615397450071832,-0.50002499368502296,0,0,0,0,0,0.70705375281792249
1109,9.624075606615218,-0.50002499367003661,0,0,0,0,0,0.7070537528179226
1110,9.6327537631586058,-0.50002499365494357,0,0,0,0,0,0.7070537528179226
1111,9.6414319197019918,-0.5000249936397454,0,0,0,0,0,0.7070537528179226
1112,9.6501100762453778,-0.50002499362444475,0,0,0,0,0,0.70705375281792271
1113,9.6587882327887638,-0.50002499360904407,0,0,0,0,0,0.70705375281792271
1114,9.6674663893321497,-0.50002499359354546,0,0,0,0,0,0.70705375281792271
1115,9.6761445458755357,-0.50002499357795127,0,0,0,0,0,0.70705375281792271
1116,9.6848227024189217,-0.50002499356226404,0,0,0,0,0,0.70705375281792282
1117,9.6935008589623077,-0.50002499354648589,0,0,0,0,0,0.70705375281792271
1118,9.7021790155056937,-0.50002499353061924,0,0,0,0,0,0.70705375281792271
1119,9.7108571720490797,-0.50002499351466656,0,0,0,0,0,0.70705375281792282
1120,9.7195353285924657,-0.5000249934986305,0,0,0,0,0,0.70705375281792282
1121,9.7282134851358517,-0.50002499348251306,0,0,0,0,0,0.70705375281792282
1122,9.7368916416792377,-0.50002499346631679,0,0,0,0,0,0.70705375281792282
1123,9.7455697982226255,-0.50002499345004414,0,0,0,0,0,0.70705375281792271
1124,9.7542479547660115,-0.50002499343369766,0,0,0,0,0,0.70705375281792271
1125,9.7629261113093975,-0.50002499341727946,0,0,0,0,0,0.70705375281792282
1126,9.7716042678527835,-0.50002499340079254,0,0,0,0,0,0.70705375281792282
1127,9.7802824243961695,-0.500024993384239,0,0,0,0,0,0.70705375281792271
1128,9.7889605809395555,-0.50002499336762174,0,0,0,0,0,0.70705375281792271
1129,9.7976387374829415,-0.50002499335094297,0,0,0,0,0,0.7070537528179226
1130,9.8063168940263274,-0.50002499333420491,0,0,0,0,0,0.70705375281792271
1131,9.8149950505697134,-0.50002499331741079,0,0,0,0,0,0.70705375281792271
1132,9.8236732071130994,-0.50002499330056227,0,0,0,0,0,0.70705375281792271
1133,9.8323513636564854,-0.5000249932836629,0,0,0,0,0,0.70705375281792271
1134,9.8410295201998714,-0.50002499326671435,0,0,0,0,0,0.7070537528179226
1135,9.8497076767432574,-0.50002499324971938,0,0,0,0,0,0.70705375281792282
1136,9.8583858332866452,-0.5000249932326809,0,0,0,0,0,0.70705375281792271
1137,9.8670639898300312,-0.50002499321560157,0,0,0,0,0,0.7070537528179226
1138,9.8757421463734172,-0.50002499319848326,0,0,0,0,0,0.70705375281792271
1139,9.8844203029168032,-0.5000249931813292,0,0,0,0,0,0.70705375281792271
1140,9.8930984594601892,-0.50002499316414128,0,0,0,0,0,0.70705375281792271
1141,9.9017766160035752,-0.50002499314692295,0,0,0,0,0,0.70705375281792271
1142,9.9104547725469612,-0.5000249931296763,0,0,0,0,0,0.70705375281792271
1143,9.9191329290903472,-0.50002499311240367,0,0,0,0,0,0.70705375281792282
1144,9.9278110856337332,-0.50002499309510862,0,0,0,0,0,0.70705375281792271
1145,9.9364892421771192,-0.50002499307779291,0,0,0,0,0,0.7070537528179226
1146,9.9451673987205051,-0.50002499306045933,0,0,0,0,0,0.70705375281792249
1147,9.9538455552638911,-0.50002499304311054,0,0,0,0,0,0.7070537528179226
1148,9.9625237118072771,-0.50002499302574921,0,0,0,0,0,0.7070537528179226
1149,9.9712018683506649,-0.50002499300837777,0,0,0,0,0,0.7070537528179226
1150,9.9798800248940509,-0.50002499299099878,0,0,0,0,0,0.7070537528179226
1151,9.9885581814374369,-0.50002499297361558,0,0,0,0,0,0.7070537528179226
1152,9.9972363379808229,-0.50002499295622993,0,0,0,0,0,0.70705375281792249
1153,10.005914494524209,-0.50002499293884495,0,0,0,0,0,0.70705375281792249
1154,10.014592651067595,-0.50002499292146285,0,0,0,0,0,0.70705375281792249
1155,10.023270807610981,-0.50002499290408653,0,0,0,0,0,0.7070537528179226
1156,10.031948964154367,-0.50002499288671853,0,0,0,0,0,0.7070537528179226
1157,10.040627120697753,-0.50002499286936186,0,0,0,0,0,0.70705375281792249
1158,10.049305277241139,-0.50002499285201829,0,0,0,0,0,0.70705375281792249
1159,10.057983433784525,-0.50002499283469115,0,0,0,0,0,0.70705375281792249
1160,10.066661590327911,-0.50002499281738289,0,0,0,0,0,0.70705375281792249
1161,10.075339746871297,-0.50002499280009571,0,0,0,0,0,0.70705375281792249
1162,10.084017903414685,-0.50002499278283274,0,0,0,0,0,0.70705375281792249
1163,10.092696059958071,-0.50002499276559653,0,0,0,0,0,0.70705375281792249
1164,10.101374216501457,-0.5000249927483893,0,0,0,0,0,0.7070537528179226
1165,10.110052373044843,-0.50002499273121392,0,0,0,0,0,0.70705375281792249
1166,10.118730529588229,-0.50002499271407297,0,0,0,0,0,0.70705375281792249
1167,10.127408686131615,-0.5000249926969691,0,0,0,0,0,0.70705375281792249
1168,10.136086842675001,-0.50002499267990475,0,0,0,0,0,0.70705375281792249
1169,10.144764999218387,-0.50002499266288236,0,0,0,0,0,0.70705375281792249
1170,10.153443155761773,-0.5000249926459045,0,0,0,0,0,0.7070537528179226
1171,10.162121312305159,-0.50002499262897415,0,0,0,0,0,0.7070537528179226
1172,10.170799468848545,-0.50002499261209365,0,0,0,0,0,0.7070537528179226
1173,10.179477625391931,-0.50002499259526545,0,0,0,0,0,0.70705375281792249
1174,10.188155781935317,-0.50002499257849176,0,0,0,0,0,0.70705375281792249
1175,10.196833938478704,-0.50002499256177579,0,0,0,0,0,0.70705375281792249
1176,10.20551209502209,-0.50002499254511956,0,0,0,0,0,0.70705375281792249
1177,10.214190251565476,-0.50002499252852584,0,0,0,0,0,0.70705375281792249
1178,10.222868408108862,-0.50002499251199717,0,0,0,0,0,0.70705375281792249
1179,10.231546564652248,-0.500024992495536,0,0,0,0,0,0.70705375281792249
1180,10.240224721195634,-0.50002499247914445,0,0,0,0,0,0.70705375281792249
1181,10.24890287773902,-0.50002499246282506,0,0,0,0,0,0.70705375281792238
1182,10.257581034282406,-0.50002499244658105,0,0,0,0,0,0.70705375281792238
1183,10.266259190825792,-0.50002499243041376,0,0,0,0,0,0.70705375281792249
1184,10.274937347369178,-0.50002499241432607,0,0,0,0,0,0.70705375281792249
1185,10.283615503912564,-0.50002499239832099,0,0,0,0,0,0.70705375281792238
1186,10.29229366045595,-0.50002499238239995,0,0,0,0,0,0.70705375281792238
1187,10.300971816999336,-0.50002499236656617,0,0,0,0,0,0.70705375281792249
1188,10.309649973542722,-0.50002499235082154,0,0,0,0,0,0.70705375281792249
1189,10.31832813008611,-0.50002499233516873,0,0,0,0,0,0.70705375281792249
1190,10.327006286629496,-0.50002499231960984,0,0,0,0,0,0.7070537528179226
1191,10.335684443172882,-0.50002499230414743,0,0,0,0,0,0.70705375281792238
1192,10.344362599716268,-0.5000249922887835,0,0,0,0,0,0.70705375281792238
1193,10.353040756259654,-0.50002499227352082,0,0,0,0,0,0.70705375281792249
1194,10.36171891280304,-0.50002499225836095,0,0,0,0,0,0.7070537528179226
1195,10.370397069346426,-0.5000249922433071,0,0,0,0,0,0.7070537528179226
1196,10.379075225889812,-0.50002499222836083,0,0,0,0,0,0.7070537528179226
1197,10.387753382433198,-0.50002499221352514,0,0,0,0,0,0.70705375281792249
1198,10.396431538976584,-0.50002499219880148,0,0,0,0,0,0.70705375281792249
1199,10.40510969551997,-0.50002499218419239,0,0,0,0,0,0.70705375281792249
1200,10.413787852063356,-0.50002499216970009,0,0,0,0,0,0.70705375281792249
1201,10.422466008606742,-0.50002499215532681,0,0,0,0,0,0.70705375281792249
1202,10.43114416515013,-0.50002499214107465,0,0,0,0,0,0.70705375281792238
1203,10.439822321693516,-0.50002499212694573,0,0,0,0,0,0.70705375281792238
1204,10.448500478236902,-0.50002499211294216,0,0,0,0,0,0.70705375281792238
1205,10.457178634780288,-0.50002499209906603,0,0,0,0,0,0.70705375281792238
1206,10.465856791323674,-0.50002499208531948,0,0,0,0,0,0.70705375281792238
1207,10.47453494786706,-0.50002499207170437,0,0,0,0,0,0.70705375281792215
1208,10.483213104410446,-0.50002499205822304,0,0,0,0,0,0.70705375281792227
1209,10.491891260953832,-0.5000249920448776,0,0,0,0,0,0.70705375281792238
1210,10.500569417497218,-0.50002499203166972,0,0,0,0,0,0.70705375281792227
1211,10.509247574040604,-0.50002499201860173,0,0,0,0,0,0.70705375281792227
1212,10.51792573058399,-0.5000249920056753,0,0,0,0,0,0.70705375281792238
1213,10.526603887127376,-0.50002499199289252,0,0,0,0,0,0.70705375281792238
1214,10.535282043670762,-0.5000249919802553,0,0,0,0,0,0.70705375281792238
1215,10.543960200214149,-0.50002499196776551,0,0,0,0,0,0.70705375281792238
1216,10.552638356757535,-0.50002499195542494,0,0,0,0,0,0.70705375281792238
1217,10.561316513300921,-0.50002499194323557,0,0,0,0,0,0.70705375281792238
1218,10.569994669844307,-0.50002499193119943,0,0,0,0,0,0.70705375281792238
1219,10.578672826387693,-0.50002499191931804,0,0,0,0,0,0.70705375281792238
1220,10.587350982931079,-0.50002499190759342,0,0,0,0,0,0.70705375281792238
1221,10.596029139474465,-0.50002499189602689,0,0,0,0,0,0.70705375281792238
1222,10.604707296017851,-0.5000249918846208,0,0,0,0,0,0.70705375281792238
1223,10.613385452561237,-0.50002499187337635,0,0,0,0,0,0.70705375281792238
1224,10.622063609104623,-0.50002499186229576,0,0,0,0,0,0.70705375281792238
1225,10.630741765648009,-0.50002499185138005,0,0,0,0,0,0.70705375281792238
1226,10.639419922191395,-0.50002499184063121,0,0,0,0,0,0.70705375281792238
1227,10.648098078734781,-0.500024991830051,0,0,0,0,0,0.70705375281792238
1228,10.656776235278169,-0.50002499181964088,0,0,0,0,0,0.70705375281792238
1229,10.665454391821555,-0.50002499180940241,0,0,0,0,0,0.70705375281792238
1230,10.674132548364941,-0.50002499179933713,0,0,0,0,0,0.70705375281792227
1231,10.682810704908327,-0.50002499178944604,0,0,0,0,0,0.70705375281792227
1232,10.691488861451713,-0.50002499177973159,0,0,0,0,0,0.70705375281792227
1233,10.700167017995099,-0.50002499177019488,0,0,0,0,0,0.70705375281792227
1234,10.708845174538485,-0.50002499176083703,0,0,0,0,0,0.70705375281792227
1235,10.717523331081871,-0.50002499175165949,0,0,0,0,0,0.70705375281792215
1236,10.726201487625257,-0.50002499174266413,0,0,0,0,0,0.70705375281792215
1237,10.734879644168643,-0.50002499173385173,0,0,0,0,0,0.70705375281792215
1238,10.743557800712029,-0.50002499172522397,0,0,0,0,0,0.70705375281792204
1239,10.752235957255415,-0.50002499171678205,0,0,0,0,0,0.70705375281792204
1240,10.760914113798801,-0.50002499170852743,0,0,0,0,0,0.70705375281792204
1241,10.769592270342189,-0.50002499170046077,0,0,0,0,0,0.70705375281792215
1242,10.778270426885575,-0.50002499169258408,0,0,0,0,0,0.70705375281792215
1243,10.786948583428961,-0.50002499168489778,0,0,0,0,0,0.70705375281792204
1244,10.795626739972347,-0.50002499167740355,0,0,0,0,0,0.70705375281792215
1245,10.804304896515733,-0.50002499167010228,0,0,0,0,0,0.70705375281792215
1246,10.812983053059119,-0.5000249916629953,0,0,0,0,0,0.70705375281792215
1247,10.821661209602505,-0.5000249916560835,0,0,0,0,0,0.70705375281792215
1248,10.830339366145891,-0.50002499164936787,0,0,0,0,0,0.70705375281792227
1249,10.839017522689277,-0.50002499164284964,0,0,0,0,0,0.70705375281792215
1250,10.847695679232663,-0.50002499163652925,0,0,0,0,0,0.70705375281792227
1251,10.856373835776049,-0.50002499163040848,0,0,0,0,0,0.70705375281792215
1252,10.865051992319435,-0.50002499162448755,0,0,0,0,0,0.70705375281792215
1253,10.873730148862821,-0.50002499161876779,0,0,0,0,0,0.70705375281792227
1254,10.882408305406209,-0.50002499161324987,0,0,0,0,0,0.70705375281792227
1255,10.891086461949595,-0.50002499160793434,0,0,0,0,0,0.70705375281792227
1256,10.899764618492981,-0.50002499160282265,0,0,0,0,0,0.70705375281792227
1257,10.908442775036367,-0.50002499159791503,0,0,0,0,0,0.70705375281792227
1258,10.917120931579753,-0.50002499159321234,0,0,0,0,0,0.70705375281792227
1259,10.925799088123139,-0.50002499158871561,0,0,0,0,0,0.70705375281792215
1260,10.934477244666525,-0.50002499158442537,0,0,0,0,0,0.70705375281792215
1261,10.943155401209911,-0.50002499158034186,0,0,0,0,0,0.70705375281792215
1262,10.951833557753297,-0.50002499157646618,0,0,0,0,0,0.70705375281792215
1263,10.960511714296683,-0.50002499157279845,0,0,0,0,0,0.70705375281792227
1264,10.969189870840069,-0.50002499156933977,0,0,0,0,0,0.70705375281792227
1265,10.977868027383455,-0.50002499156609015,0,0,0,0,0,0.70705375281792227
1266,10.986546183926841,-0.50002499156305047,0,0,0,0,0,0.70705375281792215
1267,10.995224340470228,-0.50002499156022107,0,0,0,0,0,0.70705375281792227
1268,11.003902497013614,-0.50002499155760227,0,0,0,0,0,0.70705375281792227
1269,11.012580653557,-0.50002499155519453,0,0,0,0,0,0.70705375281792227
1270,11.021258810100386,-0.50002499155299818,0,0,0,0,0,0.70705375281792227
1271,11.029936966643772,-0.50002499155101376,0,0,0,0,0,0.70705375281792227
1272,11.038615123187158,-0.50002499154924107,0,0,0,0,0,0.70705375281792227
1273,11.047293279730544,-0.5000249915476811,0,0,0,0,0,0.70705375281792227
1274,11.05597143627393,-0.50002499154633329,0,0,0,0,0,0.70705375281792238
1275,11.064649592817316,-0.50002499154519819,0,0,0,0,0,0.70705375281792238
1276,11.073327749360702,-0.5000249915442766,0,0,0,0,0,0.70705375281792249
1277,11.082005905904088,-0.50002499154356728,0,0,0,0,0,0.70705375281792249
1278,11.090684062447474,-0.50002499154307201,0,0,0,0,0,0.70705375281792249
1279,11.09936221899086,-0.50002499154278934,0,0,0,0,0,0.70705375281792249
1280,11.108040375534248,-0.50002499154272029,0,0,0,0,0,0.70705375281792249
1281,11.116718532077634,-0.50002499154286462,0,0,0,0,0,0.70705375281792238
1282,11.12539668862102,-0.50002499154322178,0,0,0,0,0,0.70705375281792238
1283,11.134074845164406,-0.50002499154379265,0,0,0,0,0,0.70705375281792238
1284,11.142753001707792,-0.50002499154457625,0,0,0,0,0,0.70705375281792249
1285,11.151431158251178,-0.50002499154557323,0,0,0,0,0,0.7070537528179226
1286,11.160109314794564,-0.50002499154678282,0,0,0,0,0,0.70705375281792249
1287,11.16878747133795,-0.50002499154820523,0,0,0,0,0,0.7070537528179226
1288,11.177465627881336,-0.50002499154984004,0,0,0,0,0,0.7070537528179226
1289,11.186143784424722,-0.50002499155168711,0,0,0,0,0,0.7070537528179226
1290,11.194821940968108,-0.50002499155374625,0,0,0,0,0,0.7070537528179226
1291,11.203500097511494,-0.50002499155601676,0,0,0,0,0,0.7070537528179226
1292,11.21217825405488,-0.50002499155849889,0,0,0,0,0,0.7070537528179226
1293,11.220856410598266,-0.50002499156119162,0,0,0,0,0,0.70705375281792271
1294,11.229534567141654,-0.50002499156409508,0,0,0,0,0,0.70705375281792271
1295,11.23821272368504,-0.50002499156720859,0,0,0,0,0,0.7070537528179226
1296,11.246890880228426,-0.5000249915705316,0,0,0,0,0,0.70705375281792271
1297,11.255569036771812,-0.50002499157406399,0,0,0,0,0,0.7070537528179226
1298,11.264247193315198,-0.500024991577805,0,0,0,0,0,0.7070537528179226
1299,11.272925349858584,-0.50002499158175373,0,0,0,0,0,0.7070537528179226
1300,11.28160350640197,-0.50002499158591029,0,0,0,0,0,0.7070537528179226
1301,11.290281662945356,-0.50002499159027314,0,0,0,0,0,0.7070537528179226
1302,11.298959819488742,-0.5000249915948427,0,0,0,0,0,0.70705375281792271
1303,11.307637976032128,-0.50002499159961722,0,0,0,0,0,0.7070537528179226
1304,11.316316132575514,-0.50002499160459679,0,0,0,0,0,0.7070537528179226
1305,11.3249942891189,-0.50002499160978009,0,0,0,0,0,0.7070537528179226
1306,11.333672445662286,-0.50002499161516689,0,0,0,0,0,0.7070537528179226
1307,11.342350602205673,-0.50002499162075587,0,0,0,0,0,0.7070537528179226
1308,11.351028758749059,-0.50002499162654668,0,0,0,0,0,0.7070537528179226
1309,11.359706915292445,-0.500024991632538,0,0,0,0,0,0.70705375281792249
1310,11.368385071835831,-0.50002499163872915,0,0,0,0,0,0.7070537528179226
1311,11.377063228379217,-0.50002499164511915,0,0,0,0,0,0.70705375281792249
1312,11.385741384922603,-0.50002499165170677,0,0,0,0,0,0.70705375281792249
1313,11.394419541465989,-0.50002499165849168,0,0,0,0,0,0.70705375281792238
1314,11.403097698009375,-0.50002499166547243,0,0,0,0,0,0.70705375281792249
1315,11.411775854552761,-0.50002499167264791,0,0,0,0,0,0.70705375281792249
1316,11.420454011096147,-0.50002499168001713,0,0,0,0,0,0.70705375281792238
1317,11.429132167639533,-0.50002499168757897,0,0,0,0,0,0.70705375281792249
1318,11.437810324182919,-0.50002499169533232,0,0,0,0,0,0.70705375281792238
1319,11.446488480726305,-0.50002499170327597,0,0,0,0,0,0.70705375281792238
1320,11.455166637269693,-0.50002499171140902,0,0,0,0,0,0.70705375281792238
1321,11.463844793813079,-0.50002499171972981,0,0,0,0,0,0.70705375281792227
1322,11.472522950356465,-0.50002499172823744,0,0,0,0,0,0.70705375281792215
1323,11.481201106899851,-0.50002499173692994,0,0,0,0,0,0.70705375281792227
1324,11.489879263443237,-0.50002499174580706,0,0,0,0,0,0.70705375281792227
1325,11.498557419986623,-0.50002499175486692,0,0,0,0,0,0.70705375281792215
1326,11.507235576530009,-0.50002499176410775,0,0,0,0,0,0.70705375281792227
1327,11.515913733073395,-0.50002499177352866,0,0,0,0,0,0.70705375281792215
1328,11.524591889616781,-0.50002499178312854,0,0,0,0,0,0.70705375281792215
1329,11.533270046160167,-0.50002499179290494,0,0,0,0,0,0.70705375281792227
1330,11.541948202703553,-0.50002499180285742,0,0,0,0,0,0.70705375281792227
1331,11.550626359246939,-0.50002499181298399,0,0,0,0,0,0.70705375281792227
1332,11.559304515790325,-0.50002499182328308,0,0,0,0,0,0.70705375281792215
1333,11.567982672333713,-0.50002499183375315,0,0,0,0,0,0.70705375281792215
1334,11.576660828877099,-0.50002499184439309,0,0,0,0,0,0.70705375281792215
1335,11.585338985420485,-0.50002499185520055,0,0,0,0,0,0.70705375281792215
1336,11.594017141963871,-0.50002499186617455,0,0,0,0,0,0.70705375281792215
1337,11.602695298507257,-0.5000249918773132,0,0,0,0,0,0.70705375281792215
1338,11.611373455050643,-0.5000249918886146,0,0,0,0,0,0.70705375281792215
1339,11.620051611594029,-0.50002499190007732,0,0,0,0,0,0.70705375281792215
1340,11.628729768137415,-0.50002499191169969,0,0,0,0,0,0.70705375281792215
1341,11.637407924680801,-0.5000249919234796,0,0,0,0,0,0.70705375281792215
1342,11.646086081224187,-0.50002499193541561,0,0,0,0,0,0.70705375281792215
1343,11.654764237767573,-0.50002499194750605,0,0,0,0,0,0.70705375281792215
1344,11.663442394310959,-0.50002499195974859,0,0,0,0,0,0.70705375281792215
1345,11.672120550854345,-0.50002499197214167,0,0,0,0,0,0.70705375281792204
1346,11.680798707397733,-0.50002499198468353,0,0,0,0,0,0.70705375281792204
1347,11.689476863941119,-0.50002499199737227,0,0,0,0,0,0.70705375281792204
1348,11.698155020484505,-0.50002499201020578,0,0,0,0,0,0.70705375281792215
1349,11.706833177027891,-0.50002499202318229,0,0,0,0,0,0.70705375281792215
1350,11.715511333571277,-0.50002499203629969,0,0,0,0,0,0.70705375281792204
1351,11.724189490114663,-0.5000249920495563,0,0,0,0,0,0.70705375281792215
1352,11.732867646658049,-0.5000249920629497,0,0,0,0,0,0.70705375281792215
1353,11.741545803201435,-0.5000249920764781,0,0,0,0,0,0.70705375281792215
1354,11.750223959744821,-0.50002499209013973,0,0,0,0,0,0.70705375281792215
1355,11.758902116288207,-0.50002499210393225,0,0,0,0,0,0.70705375281792204
1356,11.767580272831593,-0.50002499211785345,0,0,0,0,0,0.70705375281792204
1357,11.776258429374979,-0.5000249921319011,0,0,0,0,0,0.70705375281792204
1358,11.784936585918365,-0.50002499214607377,0,0,0,0,0,0.70705375281792204
1359,11.793614742461752,-0.50002499216036889,0,0,0,0,0,0.70705375281792215
1360,11.802292899005138,-0.50002499217478436,0,0,0,0,0,0.70705375281792215
1361,11.810971055548524,-0.50002499218931795,0,0,0,0,0,0.70705375281792215
1362,11.81964921209191,-0.5000249922039679,0,0,0,0,0,0.70705375281792215
1363,11.828327368635296,-0.50002499221873098,0,0,0,0,0,0.70705375281792215
1364,11.837005525178682,-0.50002499223360597,0,0,0,0,0,0.70705375281792215
1365,11.845683681722068,-0.50002499224859032,0,0,0,0,0,0.70705375281792215
1366,11.854361838265454,-0.5000249922636818,0,0,0,0,0,0.70705375281792204
1367,11.86303999480884,-0.50002499227887798,0,0,0,0,0,0.70705375281792204
1368,11.871718151352226,-0.50002499229417652,0,0,0,0,0,0.70705375281792204
1369,11.880396307895612,-0.5000249923095752,0,0,0,0,0,0.70705375281792215
1370,11.889074464438998,-0.50002499232507169,0,0,0,0,0,0.70705375281792215
1371,11.897752620982384,-0.500024992340664,0,0,0,0,0,0.70705375281792215
1372,11.906430777525772,-0.50002499235634934,0,0,0,0,0,0.70705375281792215
1373,11.915108934069158,-0.50002499237212583,0,0,0,0,0,0.70705375281792215
1374,11.923787090612544,-0.50002499238799047,0,0,0,0,0,0.70705375281792215
1375,11.93246524715593,-0.50002499240394127,0,0,0,0,0,0.70705375281792204
1376,11.941143403699316,-0.50002499241997578,0,0,0,0,0,0.70705375281792215
1377,11.949821560242702,-0.50002499243609189,0,0,0,0,0,0.70705375281792215
1378,11.958499716786088,-0.50002499245228615,0,0,0,0,0,0.70705375281792204
1379,11.967177873329474,-0.50002499246855736,0,0,0,0,0,0.70705375281792204
1380,11.97585602987286,-0.50002499248490195,0,0,0,0,0,0.70705375281792215
1381,11.984534186416246,-0.50002499250131849,0,0,0,0,0,0.70705375281792204
1382,11.993212342959632,-0.50002499251780375,0,0,0,0,0,0.70705375281792204
1383,12.001890499503018,-0.50002499253435584,0,0,0,0,0,0.70705375281792204
1384,12.010568656046404,-0.50002499255097166,0,0,0,0,0,0.70705375281792204
1385,12.01924681258979,-0.50002499256764898,0,0,0,0,0,0.70705375281792215
1386,12.027924969133178,-0.50002499258438571,0,0,0,0,0,0.70705375281792215
1387,12.036603125676564,-0.50002499260117861,0,0,0,0,0,0.70705375281792215
1388,12.04528128221995,-0.50002499261802569,0,0,0,0,0,0.70705375281792215
1389,12.053959438763336,-0.50002499263492406,0,0,0,0,0,0.70705375281792215
1390,12.062637595306722,-0.50002499265187139,0,0,0,0,0,0.70705375281792215
1391,12.071315751850108,-0.50002499266886502,0,0,0,0,0,0.70705375281792227
1392,12.079993908393494,-0.50002499268590217,0,0,0,0,0,0.70705375281792227
1393,12.08867206493688,-0.50002499270298084,0,0,0,0,0,0.70705375281792227
1394,12.097350221480266,-0.50002499272009815,0,0,0,0,0,0.70705375281792227
1395,12.106028378023652,-0.50002499273725165,0,0,0,0,0,0.70705375281792227
1396,12.114706534567038,-0.50002499275443835,0,0,0,0,0,0.70705375281792227
1397,12.123384691110424,-0.50002499277165602,0,0,0,0,0,0.70705375281792227
1398,12.13206284765381,-0.50002499278890211,0,0,0,0,0,0.70705375281792215
1399,12.140741004197197,-0.50002499280617374,0,0,0,0,0,0.70705375281792215
1400,12.149419160740583,-0.50002499282346857,0,0,0,0,0,0.70705375281792227
1401,12.158097317283969,-0.50002499284078394,0,0,0,0,0,0.70705375281792227
1402,12.166775473827355,-0.50002499285811708,0,0,0,0,0,0.70705375281792227
1403,12.175453630370741,-0.50002499287546565,0,0,0,0,0,0.70705375281792215
1404,12.184131786914127,-0.50002499289282665,0,0,0,0,0,0.70705375281792215
1405,12.192809943457513,-0.50002499291019797,0,0,0,0,0,0.70705375281792215
1406,12.201488100000899,-0.50002499292757641,0,0,0,0,0,0.70705375281792215
1407,12.210166256544285,-0.50002499294495983,0,0,0,0,0,0.70705375281792215
1408,12.218844413087671,-0.50002499296234548,0,0,0,0,0,0.70705375281792227
1409,12.227522569631057,-0.50002499297973069,0,0,0,0,0,0.70705375281792215
1410,12.236200726174443,-0.50002499299711278,0,0,0,0,0,0.70705375281792215
1411,12.244878882717829,-0.50002499301448911,0,0,0,0,0,0.70705375281792227
1412,12.253557039261217,-0.5000249930318571,0,0,0,0,0,0.70705375281792227
1413,12.262235195804603,-0.50002499304921444,0,0,0,0,0,0.70705375281792227
1414,12.270913352347989,-0.50002499306655823,0,0,0,0,0,0.70705375281792227
1415,12.279591508891375,-0.50002499308388582,0,0,0,0,0,0.70705375281792227
1416,12.288269665434761,-0.50002499310119486,0,0,0,0,0,0.70705375281792215
1417,12.296947821978147,-0.50002499311848214,0,0,0,0,0,0.70705375281792215
1418,12.305625978521533,-0.500024993135746,0,0,0,0,0,0.70705375281792215
1419,12.314304135064919,-0.50002499315298288,0,0,0,0,0,0.70705375281792227
1420,12.322982291608305,-0.50002499317019078,0,0,0,0,0,0.70705375281792227
1421,12.331660448151691,-0.50002499318736682,0,0,0,0,0,0.70705375281792238
1422,12.340338604695077,-0.50002499320450888,0,0,0,0,0,0.70705375281792227
1423,12.349016761238463,-0.50002499322161376,0,0,0,0,0,0.70705375281792215
1424,12.357694917781849,-0.50002499323867933,0,0,0,0,0,0.70705375281792227
1425,12.366373074325237,-0.50002499325570282,0,0,0,0,0,0.70705375281792227
1426,12.375051230868623,-0.50002499327268146,0,0,0,0,0,0.70705375281792227
1427,12.383729387412009,-0.50002499328961292,0,0,0,0,0,0.70705375281792215
1428,12.392407543955395,-0.50002499330649508,0,0,0,0,0,0.70705375281792227
1429,12.401085700498781,-0.50002499332332451,0,0,0,0,0,0.70705375281792215
1430,12.409763857042167,-0.50002499334009931,0,0,0,0,0,0.70705375281792215
1431,12.418442013585553,-0.50002499335681705,0,0,0,0,0,0.70705375281792215
1432,12.427120170128939,-0.50002499337347439,0,0,0,0,0,0.70705375281792215
1433,12.435798326672325,-0.50002499339006967,0,0,0,0,0,0.70705375281792204
1434,12.444476483215711,-0.5000249934066,0,0,0,0,0,0.70705375281792204
1435,12.453154639759097,-0.50002499342306339,0,0,0,0,0,0.70705375281792193
1436,12.461832796302483,-0.50002499343945628,0,0,0,0,0,0.70705375281792193
1437,12.470510952845869,-0.50002499345577722,0,0,0,0,0,0.70705375281792193
1438,12.479189109389257,-0.50002499347202323,0,0,0,0,0,0.70705375281792204
1439,12.487867265932643,-0.50002499348819207,0,0,0,0,0,0.70705375281792204
1440,12.496545422476029,-0.50002499350428131,0,0,0,0,0,0.70705375281792204
1441,12.505223579019415,-0.50002499352028851,0,0,0,0,0,0.70705375281792193
1442,12.513901735562801,-0.50002499353621099,0,0,0,0,0,0.70705375281792204
1443,12.522579892106187,-0.50002499355204666,0,0,0,0,0,0.70705375281792204
1444,12.531258048649573,-0.50002499356779329,0,0,0,0,0,0.70705375281792193
1445,12.539936205192959,-0.50002499358344787,0,0,0,0,0,0.70705375281792193
1446,12.548614361736345,-0.50002499359900887,0,0,0,0,0,0.70705375281792193
1447,12.557292518279731,-0.50002499361447317,0,0,0,0,0,0.70705375281792182
1448,12.565970674823117,-0.50002499362983877,0,0,0,0,0,0.70705375281792204
1449,12.574648831366503,-0.50002499364510367,0,0,0,0,0,0.70705375281792193
1450,12.583326987909889,-0.50002499366026476,0,0,0,0,0,0.70705375281792204
1451,12.592005144453276,-0.50002499367532083,0,0,0,0,0,0.70705375281792193
1452,12.600683300996662,-0.50002499369026876,0,0,0,0,0,0.70705375281792193
1453,12.609361457540048,-0.50002499370510667,0,0,0,0,0,0.70705375281792193
1454,12.618039614083434,-0.50002499371983233,0,0,0,0,0,0.70705375281792193
1455,12.62671777062682,-0.50002499373444309,0,0,0,0,0,0.70705375281792193
1456,12.635395927170206,-0.50002499374893739,0,0,0,0,0,0.70705375281792193
1457,12.644074083713592,-0.50002499376331278,0,0,0,0,0,0.70705375281792193
1458,12.652752240256978,-0.50002499377756682,0,0,0,0,0,0.70705375281792193
1459,12.661430396800364,-0.50002499379169763,0,0,0,0,0,0.70705375281792193
1460,12.67010855334375,-0.50002499380570287,0,0,0,0,0,0.70705375281792193
1461,12.678786709887136,-0.5000249938195811,0,0,0,0,0,0.70705375281792204
1462,12.687464866430522,-0.50002499383332921,0,0,0,0,0,0.70705375281792204
1463,12.696143022973908,-0.50002499384694576,0,0,0,0,0,0.70705375281792215
1464,12.704821179517296,-0.50002499386042865,0,0,0,0,0,0.70705375281792215
1465,12.713499336060682,-0.50002499387377575,0,0,0,0,0,0.70705375281792215
1466,12.722177492604068,-0.50002499388698518,0,0,0,0,0,0.70705375281792215
1467,12.730855649147454,-0.50002499390005473,0,0,0,0,0,0.70705375281792215
1468,12.73953380569084,-0.50002499391298283,0,0,0,0,0,0.70705375281792215
1469,12.748211962234226,-0.50002499392576683,0,0,0,0,0,0.70705375281792227
1470,12.756890118777612,-0.50002499393840538,0,0,0,0,0,0.70705375281792215
1471,12.765568275320998,-0.50002499395089639,0,0,0,0,0,0.70705375281792215
1472,12.774246431864384,-0.50002499396323818,0,0,0,0,0,0.70705375281792227
1473,12.78292458840777,-0.50002499397542866,0,0,0,0,0,0.70705375281792215
1474,12.791602744951156,-0.5000249939874658,0,0,0,0,0,0.70705375281792215
1475,12.800280901494542,-0.50002499399934819,0,0,0,0,0,0.70705375281792227
1476,12.808959058037928,-0.50002499401107414,0,0,0,0,0,0.70705375281792227
1477,12.817637214581316,-0.50002499402264133,0,0,0,0,0,0.70705375281792227
1478,12.826315371124702,-0.5000249940340481,0,0,0,0,0,0.70705375281792238
1479,12.834993527668088,-0.50002499404529321,0,0,0,0,0,0.70705375281792238
1480,12.843671684211474,-0.50002499405637479,0,0,0,0,0,0.70705375281792238
1481,12.85234984075486,-0.50002499406729095,0,0,0,0,0,0.70705375281792238
1482,12.861027997298246,-0.50002499407804013,0,0,0,0,0,0.70705375281792238
1483,12.869706153841632,-0.50002499408862067,0,0,0,0,0,0.70705375281792238
1484,12.878384310385018,-0.50002499409903134,0,0,0,0,0,0.70705375281792238
1485,12.887062466928404,-0.50002499410926982,0,0,0,0,0,0.70705375281792238
1486,12.89574062347179,-0.50002499411933554,0,0,0,0,0,0.70705375281792238
1487,12.904418780015176,-0.50002499412922619,0,0,0,0,0,0.70705375281792238
1488,12.913096936558562,-0.50002499413894075,0,0,0,0,0,0.70705375281792238
1489,12.921775093101948,-0.50002499414847734,0,0,0,0,0,0.70705375281792238
1490,12.930453249645334,-0.50002499415783463,0,0,0,0,0,0.70705375281792238
1491,12.939131406188721,-0.50002499416701163,0,0,0,0,0,0.70705375281792238
1492,12.947809562732107,-0.50002499417600643,0,0,0,0,0,0.70705375281792227
1493,12.956487719275493,-0.50002499418481827,0,0,0,0,0,0.70705375281792227
1494,12.965165875818879,-0.50002499419344493,0,0,0,0,0,0.70705375281792227
1495,12.973844032362265,-0.50002499420188584,0,0,0,0,0,0.70705375281792227
1496,12.982522188905651,-0.50002499421013946,0,0,0,0,0,0.70705375281792238
1497,12.991200345449037,-0.50002499421820468,0,0,0,0,0,0.70705375281792238
1498,12.999878501992423,-0.50002499422608027,0,0,0,0,0,0.70705375281792238
1499,13.008556658535809,-0.50002499423376479,0,0,0,0,0,0.70705375281792238
1500,13.017234815079195,-0.50002499424125746,0,0,0,0,0,0.70705375281792238
1501,13.025912971622581,-0.50002499424855673,0,0,0,0,0,0.70705375281792227
1502,13.034591128165967,-0.50002499425566183,0,0,0,0,0,0.70705375281792227
1503,13.043269284709353,-0.50002499426257152,0,0,0,0,0,0.70705375281792227
1504,13.051947441252741,-0.50002499426928493,0,0,0,0,0,0.70705375281792227
1505,13.060625597796127,-0.50002499427580105,0,0,0,0,0,0.70705375281792215
1506,13.069303754339513,-0.50002499428211866,0,0,0,0,0,0.70705375281792215
1507,13.077981910882899,-0.50002499428823666,0,0,0,0,0,0.70705375281792238
1508,13.086660067426285,-0.50002499429415481,0,0,0,0,0,0.70705375281792227
1509,13.095338223969671,-0.50002499429987168,0,0,0,0,0,0.70705375281792215
1510,13.104016380513057,-0.50002499430538638,0,0,0,0,0,0.70705375281792215
1511,13.112694537056443,-0.50002499431069825,0,0,0,0,0,0.70705375281792227
1512,13.121372693599829,-0.50002499431580683,0,0,0,0,0,0.70705375281792227
1513,13.130050850143215,-0.50002499432071024,0,0,0,0,0,0.70705375281792238
1514,13.138729006686601,-0.50002499432540892,0,0,0,0,0,0.70705375281792238
1515,13.147407163229987,-0.50002499432990177,0,0,0,0,0,0.70705375281792238
1516,13.156085319773373,-0.50002499433418834,0,0,0,0,0,0.70705375281792238
1517,13.164763476316761,-0.5000249943382673,0,0,0,0,0,0.70705375281792238
1518,13.173441632860147,-0.50002499434213876,0,0,0,0,0,0.70705375281792238
1519,13.182119789403533,-0.50002499434580161,0,0,0,0,0,0.70705375281792227
1520,13.190797945946919,-0.50002499434925585,0,0,0,0,0,0.70705375281792215
1521,13.199476102490305,-0.50002499435250036,0,0,0,0,0,0.70705375281792215
1522,13.208154259033691,-0.50002499435553471,0,0,0,0,0,0.70705375281792215
1523,13.216832415577077,-0.50002499435835879,0,0,0,0,0,0.70705375281792215
1524,13.225510572120463,-0.50002499436097225,0,0,0,0,0,0.70705375281792215
1525,13.234188728663849,-0.50002499436337433,0,0,0,0,0,0.70705375281792227
1526,13.242866885207235,-0.5000249943655648,0,0,0,0,0,0.70705375281792215
1527,13.251545041750621,-0.50002499436754322,0,0,0,0,0,0.70705375281792227
1528,13.260223198294007,-0.50002499436930936,0,0,0,0,0,0.70705375281792238
1529,13.268901354837393,-0.50002499437086323,0,0,0,0,0,0.70705375281792238
1530,13.277579511380781,-0.5000249943722046,0,0,0,0,0,0.70705375281792249
1531,13.286257667924167,-0.5000249943733327,0,0,0,0,0,0.70705375281792238
1532,13.294935824467553,-0.50002499437424774,0,0,0,0,0,0.70705375281792238
1533,13.303613981010939,-0.50002499437494952,0,0,0,0,0,0.70705375281792238
1534,13.312292137554325,-0.50002499437543824,0,0,0,0,0,0.70705375281792238
1535,13.320970294097711,-0.50002499437571335,0,0,0,0,0,0.70705375281792238
1536,13.329648450641097,-0.50002499437577486,0,0,0,0,0,0.70705375281792238
1537,13.338326607184483,-0.50002499437562331,0,0,0,0,0,0.70705375281792238
1538,13.347004763727869,-0.50002499437525794,0,0,0,0,0,0.70705375281792249
1539,13.355682920271255,-0.50002499437467929,0,0,0,0,0,0.70705375281792238
1540,13.364361076814641,-0.50002499437388748,0,0,0,0,0,0.70705375281792238
1541,13.373039233358027,-0.50002499437288261,0,0,0,0,0,0.70705375281792238
1542,13.381717389901413,-0.50002499437166459,0,0,0,0,0,0.70705375281792238
1543,13.3903955464448,-0.50002499437023373,0,0,0,0,0,0.70705375281792227
1544,13.399073702988186,-0.50002499436858994,0,0,0,0,0,0.70705375281792227
1545,13.407751859531572,-0.50002499436673398,0,0,0,0,0,0.70705375281792238
1546,13.416430016074958,-0.50002499436466619,0,0,0,0,0,0.70705375281792227
1547,13.425108172618344,-0.50002499436238601,0,0,0,0,0,0.70705375281792238
1548,13.43378632916173,-0.50002499435989489,0,0,0,0,0,0.70705375281792227
1549,13.442464485705116,-0.50002499435719239,0,0,0,0,0,0.70705375281792238
1550,13.451142642248502,-0.5000249943542795,0,0,0,0,0,0.70705375281792227
1551,13.459820798791888,-0.50002499435115622,0,0,0,0,0,0.70705375281792227
1552,13.468498955335274,-0.50002499434782322,0,0,0,0,0,0.70705375281792238
1553,13.47717711187866,-0.50002499434428072,0,0,0,0,0,0.70705375281792238
1554,13.485855268422046,-0.50002499434052972,0,0,0,0,0,0.70705375281792238
1555,13.494533424965432,-0.50002499433657088,0,0,0,0,0,0.70705375281792249
1556,13.50321158150882,-0.5000249943324041,0,0,0,0,0,0.70705375281792249
1557,13.511889738052206,-0.50002499432803094,0,0,0,0,0,0.70705375281792238
1558,13.520567894595592,-0.50002499432345071,0,0,0,0,0,0.70705375281792238
1559,13.529246051138978,-0.50002499431866554,0,0,0,0,0,0.70705375281792249
1560,13.537924207682364,-0.50002499431367498,0,0,0,0,0,0.70705375281792238
1561,13.54660236422575,-0.50002499430848069,0,0,0,0,0,0.70705375281792249
1562,13.555280520769136,-0.500024994303083,0,0,0,0,0,0.70705375281792249
1563,13.563958677312522,-0.50002499429748282,0,0,0,0,0,0.70705375281792249
1564,13.572636833855908,-0.50002499429168079,0,0,0,0,0,0.7070537528179226
1565,13.581314990399294,-0.50002499428567837,0,0,0,0,0,0.7070537528179226
1566,13.58999314694268,-0.50002499427947589,0,0,0,0,0,0.7070537528179226
1567,13.598671303486066,-0.50002499427307445,0,0,0,0,0,0.7070537528179226
1568,13.607349460029452,-0.50002499426647529,0,0,0,0,0,0.7070537528179226
1569,13.61602761657284,-0.50002499425967861,0,0,0,0,0,0.7070537528179226
1570,13.624705773116226,-0.50002499425268643,0,0,0,0,0,0.7070537528179226
1571,13.633383929659612,-0.50002499424549907,0,0,0,0,0,0.70705375281792249
1572,13.642062086202998,-0.5000249942381183,0,0,0,0,0,0.7070537528179226
1573,13.650740242746384,-0.50002499423054425,0,0,0,0,0,0.7070537528179226
1574,13.65941839928977,-0.50002499422277913,0,0,0,0,0,0.7070537528179226
1575,13.668096555833156,-0.50002499421482338,0,0,0,0,0,0.7070537528179226
1576,13.676774712376542,-0.50002499420667856,0,0,0,0,0,0.7070537528179226
1577,13.685452868919928,-0.50002499419834567,0,0,0,0,0,0.7070537528179226
1578,13.694131025463314,-0.50002499418982604,0,0,0,0,0,0.70705375281792249
1579,13.7028091820067,-0.50002499418112134,0,0,0,0,0,0.70705375281792249
1580,13.711487338550086,-0.50002499417223223,0,0,0,0,0,0.70705375281792238
1581,13.720165495093472,-0.50002499416316049,0,0,0,0,0,0.70705375281792249
1582,13.728843651636859,-0.50002499415390711,0,0,0,0,0,0.7070537528179226
1583,13.737521808180245,-0.50002499414447388,0,0,0,0,0,0.70705375281792238
1584,13.746199964723631,-0.50002499413486179,0,0,0,0,0,0.70705375281792249
1585,13.754878121267017,-0.50002499412507306,0,0,0,0,0,0.70705375281792249
1586,13.763556277810403,-0.50002499411510815,0,0,0,0,0,0.7070537528179226
1587,13.772234434353789,-0.50002499410496948,0,0,0,0,0,0.70705375281792249
1588,13.780912590897175,-0.50002499409465795,0,0,0,0,0,0.7070537528179226
1589,13.789590747440561,-0.50002499408417567,0,0,0,0,0,0.70705375281792249
1590,13.798268903983947,-0.5000249940735233,0,0,0,0,0,0.7070537528179226
1591,13.806947060527333,-0.50002499406270362,0,0,0,0,0,0.7070537528179226
1592,13.815625217070719,-0.50002499405171741,0,0,0,0,0,0.7070537528179226
1593,13.824303373614105,-0.50002499404056666,0,0,0,0,0,0.7070537528179226
1594,13.832981530157491,-0.50002499402925316,0,0,0,0,0,0.7070537528179226
1595,13.841659686700877,-0.50002499401777822,0,0,0,0,0,0.7070537528179226
1596,13.850337843244265,-0.50002499400614364,0,0,0,0,0,0.7070537528179226
1597,13.859015999787651,-0.50002499399435152,0,0,0,0,0,0.70705375281792271
1598,13.867694156331037,-0.50002499398240341,0,0,0,0,0,0.70705375281792282
1599,13.876372312874423,-0.50002499397030131,0,0,0,0,0,0.70705375281792271
1600,13.885050469417809,-0.50002499395804678,0,0,0,0,0,0.7070537528179226
1601,13.893728625961195,-0.50002499394564182,0,0,0,0,0,0.70705375281792271
1602,13.902406782504581,-0.50002499393308808,0,0,0,0,0,0.70705375281792271
1603,13.911084939047967,-0.50002499392038779,0,0,0,0,0,0.70705375281792282
1604,13.919763095591353,-0.50002499390754285,0,0,0,0,0,0.70705375281792282
1605,13.928441252134739,-0.5000249938945549,0,0,0,0,0,0.70705375281792282
1606,13.937119408678125,-0.50002499388142585,0,0,0,0,0,0.70705375281792282
1607,13.945797565221511,-0.50002499386815824,0,0,0,0,0,0.70705375281792282
1608,13.954475721764897,-0.50002499385475341,0,0,0,0,0,0.70705375281792282
1609,13.963153878308285,-0.50002499384121402,0,0,0,0,0,0.70705375281792282
1610,13.971832034851671,-0.50002499382754129,0,0,0,0,0,0.70705375281792282
1611,13.980510191395057,-0.50002499381373799,0,0,0,0,0,0.70705375281792282
1612,13.989188347938443,-0.50002499379980603,0,0,0,0,0,0.70705375281792282
1613,13.997866504481829,-0.50002499378574727,0,0,0,0,0,0.70705375281792282
1614,14.006544661025215,-0.50002499377156406,0,0,0,0,0,0.70705375281792282
1615,14.015222817568601,-0.50002499375725851,0,0,0,0,0,0.70705375281792293
1616,14.023900974111987,-0.50002499374283293,0,0,0,0,0,0.70705375281792293
1617,14.032579130655373,-0.50002499372828924,0,0,0,0,0,0.70705375281792293
1618,14.041257287198759,-0.50002499371362963,0,0,0,0,0,0.70705375281792293
1619,14.049935443742145,-0.50002499369885645,0,0,0,0,0,0.70705375281792282
1620,14.058613600285531,-0.50002499368397157,0,0,0,0,0,0.70705375281792293
1621,14.067291756828917,-0.50002499366897779,0,0,0,0,0,0.70705375281792304
1622,14.075969913372305,-0.50002499365387743,0,0,0,0,0,0.70705375281792293
1623,14.084648069915691,-0.50002499363867214,0,0,0,0,0,0.70705375281792293
1624,14.093326226459077,-0.50002499362336428,0,0,0,0,0,0.70705375281792293
1625,14.102004383002463,-0.50002499360795671,0,0,0,0,0,0.70705375281792282
1626,14.110682539545849,-0.50002499359245145,0,0,0,0,0,0.70705375281792282
1627,14.119360696089235,-0.5000249935768506,0,0,0,0,0,0.70705375281792282
1628,14.128038852632621,-0.50002499356115693,0,0,0,0,0,0.70705375281792271
1629,14.136717009176007,-0.50002499354537266,0,0,0,0,0,0.70705375281792271
1630,14.145395165719393,-0.50002499352949981,0,0,0,0,0,0.70705375281792271
1631,14.154073322262779,-0.50002499351354157,0,0,0,0,0,0.7070537528179226
1632,14.162751478806165,-0.50002499349749951,0,0,0,0,0,0.70705375281792271
1633,14.171429635349551,-0.5000249934813763,0,0,0,0,0,0.70705375281792271
1634,14.180107791892937,-0.50002499346517482,0,0,0,0,0,0.7070537528179226
1635,14.188785948436324,-0.50002499344889673,0,0,0,0,0,0.7070537528179226
1636,14.19746410497971,-0.50002499343254514,0,0,0,0,0,0.7070537528179226
1637,14.206142261523096,-0.50002499341612217,0,0,0,0,0,0.7070537528179226
1638,14.214820418066482,-0.50002499339963036,0,0,0,0,0,0.7070537528179226
1639,14.223498574609868,-0.50002499338307249,0,0,0,0,0,0.70705375281792271
1640,14.232176731153254,-0.50002499336645057,0,0,0,0,0,0.7070537528179226
1641,14.24085488769664,-0.50002499334976724,0,0,0,0,0,0.70705375281792271
1642,14.249533044240026,-0.50002499333302541,0,0,0,0,0,0.70705375281792271
1643,14.258211200783412,-0.5000249933162273,0,0,0,0,0,0.7070537528179226
1644,14.266889357326798,-0.50002499329937533,0,0,0,0,0,0.70705375281792271
1645,14.275567513870184,-0.50002499328247219,0,0,0,0,0,0.70705375281792271
1646,14.28424567041357,-0.5000249932655203,0,0,0,0,0,0.70705375281792271
1647,14.292923826956956,-0.50002499324852256,0,0,0,0,0,0.70705375281792271
1648,14.301601983500344,-0.50002499323148097,0,0,0,0,0,0.70705375281792271
1649,14.31028014004373,-0.50002499321439831,0,0,0,0,0,0.70705375281792271
1650,14.318958296587116,-0.50002499319727756,0,0,0,0,0,0.70705375281792271
1651,14.327636453130502,-0.50002499318012106,0,0,0,0,0,0.70705375281792282
1652,14.336314609673888,-0.50002499316293114,0,0,0,0,0,0.70705375281792271
1653,14.344992766217274,-0.50002499314571058,0,0,0,0,0,0.70705375281792271
1654,14.35367092276066,-0.50002499312846205,0,0,0,0,0,0.70705375281792271
1655,14.362349079304046,-0.50002499311118787,0,0,0,0,0,0.7070537528179226
1656,14.371027235847432,-0.50002499309389115,0,0,0,0,0,0.70705375281792271
1657,14.379705392390818,-0.50002499307657411,0,0,0,0,0,0.7070537528179226
1658,14.388383548934204,-0.50002499305923931,0,0,0,0,0,0.70705375281792271
1659,14.39706170547759,-0.50002499304188941,0,0,0,0,0,0.7070537528179226
1660,14.405739862020976,-0.50002499302452719,0,0,0,0,0,0.7070537528179226
1661,14.414418018564364,-0.50002499300715531,0,0,0,0,0,0.70705375281792271
1662,14.42309617510775,-0.50002499298977598,0,0,0,0,0,0.70705375281792282
1663,14.431774331651136,-0.50002499297239211,0,0,0,0,0,0.70705375281792271
1664,14.440452488194522,-0.50002499295500646,0,0,0,0,0,0.70705375281792271
1665,14.449130644737908,-0.5000249929376217,0,0,0,0,0,0.70705375281792271
1666,14.457808801281294,-0.50002499292024005,0,0,0,0,0,0.70705375281792271
1667,14.46648695782468,-0.50002499290286428,0,0,0,0,0,0.70705375281792271
1668,14.475165114368066,-0.50002499288549695,0,0,0,0,0,0.70705375281792271
1669,14.483843270911452,-0.50002499286814084,0,0,0,0,0,0.70705375281792271
1670,14.492521427454838,-0.50002499285079871,0,0,0,0,0,0.70705375281792271
1671,14.501199583998224,-0.50002499283347257,0,0,0,0,0,0.70705375281792271
1672,14.50987774054161,-0.50002499281616586,0,0,0,0,0,0.70705375281792271
1673,14.518555897084996,-0.50002499279888035,0,0,0,0,0,0.70705375281792271
1674,14.527234053628383,-0.50002499278161916,0,0,0,0,0,0.70705375281792271
1675,14.535912210171769,-0.50002499276438483,0,0,0,0,0,0.7070537528179226
1676,14.544590366715155,-0.50002499274717993,0,0,0,0,0,0.70705375281792271
1677,14.553268523258541,-0.50002499273000711,0,0,0,0,0,0.7070537528179226
1678,14.561946679801927,-0.5000249927128686,0,0,0,0,0,0.7070537528179226
1679,14.570624836345313,-0.50002499269576717,0,0,0,0,0,0.7070537528179226
1680,14.579302992888699,-0.5000249926787057,0,0,0,0,0,0.7070537528179226
1681,14.587981149432085,-0.50002499266168665,0,0,0,0,0,0.7070537528179226
1682,14.596659305975471,-0.50002499264471223,0,0,0,0,0,0.7070537528179226
1683,14.605337462518857,-0.5000249926277851,0,0,0,0,0,0.70705375281792249
1684,14.614015619062243,-0.50002499261090816,0,0,0,0,0,0.7070537528179226
1685,14.622693775605629,-0.5000249925940834,0,0,0,0,0,0.7070537528179226
1686,14.631371932149015,-0.50002499257731414,0,0,0,0,0,0.70705375281792249
1687,14.640050088692403,-0.50002499256060218,0,0,0,0,0,0.7070537528179226
1688,14.648728245235789,-0.5000249925439505,0,0,0,0,0,0.7070537528179226
1689,14.657406401779175,-0.50002499252736121,0,0,0,0,0,0.7070537528179226
1690,14.666084558322561,-0.5000249925108371,0,0,0,0,0,0.7070537528179226
1691,14.674762714865947,-0.50002499249438037,0,0,0,0,0,0.7070537528179226
1692,14.683440871409333,-0.5000249924779937,0,0,0,0,0,0.70705375281792271
1693,14.692119027952719,-0.50002499246167975,0,0,0,0,0,0.70705375281792271
1694,14.700797184496105,-0.50002499244544052,0,0,0,0,0,0.70705375281792282
1695,14.709475341039491,-0.500024992429279,0,0,0,0,0,0.70705375281792271
1696,14.718153497582877,-0.50002499241319742,0,0,0,0,0,0.7070537528179226
1697,14.726831654126263,-0.50002499239719789,0,0,0,0,0,0.7070537528179226
1698,14.735509810669649,-0.50002499238128328,0,0,0,0,0,0.7070537528179226
1699,14.744187967213035,-0.5000249923654555,0,0,0,0,0,0.7070537528179226
1700,14.752866123756421,-0.50002499234971742,0,0,0,0,0,0.7070537528179226
1701,14.761544280299809,-0.50002499233407094,0,0,0,0,0,0.7070537528179226
1702,14.770222436843195,-0.50002499231851893,0,0,0,0,0,0.70705375281792249
1703,14.778900593386581,-0.5000249923030633,0,0,0,0,0,0.7070537528179226
1704,14.787578749929967,-0.50002499228770647,0,0,0,0,0,0.70705375281792249
1705,14.796256906473353,-0.50002499227245079,0,0,0,0,0,0.7070537528179226
1706,14.804935063016739,-0.50002499225729857,0,0,0,0,0,0.70705375281792249
1707,14.813613219560125,-0.50002499224225216,0,0,0,0,0,0.7070537528179226
1708,14.822291376103511,-0.50002499222731389,0,0,0,0,0,0.7070537528179226
1709,14.830969532646897,-0.50002499221248553,0,0,0,0,0,0.7070537528179226
1710,14.839647689190283,-0.50002499219777008,0,0,0,0,0,0.7070537528179226
1711,14.848325845733669,-0.50002499218316898,0,0,0,0,0,0.7070537528179226
1712,14.857004002277055,-0.50002499216868501,0,0,0,0,0,0.7070537528179226
1713,14.865682158820441,-0.50002499215431995,0,0,0,0,0,0.7070537528179226
1714,14.874360315363829,-0.50002499214007656,0,0,0,0,0,0.70705375281792249
1715,14.883038471907215,-0.50002499212595652,0,0,0,0,0,0.70705375281792238
1716,14.891716628450601,-0.5000249921119615,0,0,0,0,0,0.70705375281792238
1717,14.900394784993987,-0.50002499209809459,0,0,0,0,0,0.70705375281792238
1718,14.909072941537373,-0.50002499208435713,0,0,0,0,0,0.70705375281792249
1719,14.917751098080759,-0.50002499207075157,0,0,0,0,0,0.70705375281792238
1720,14.926429254624145,-0.50002499205727968,0,0,0,0,0,0.70705375281792238
1721,14.935107411167531,-0.50002499204394379,0,0,0,0,0,0.70705375281792249
1722,14.943785567710917,-0.50002499203074569,0,0,0,0,0,0.70705375281792238
1723,14.952463724254303,-0.50002499201768758,0,0,0,0,0,0.70705375281792238
1724,14.961141880797689,-0.50002499200477113,0,0,0,0,0,0.70705375281792238
1725,14.969820037341075,-0.50002499199199879,0,0,0,0,0,0.70705375281792238
1726,14.978498193884461,-0.50002499197937178,0,0,0,0,0,0.70705375281792238
1727,14.987176350427848,-0.50002499196689243,0,0,0,0,0,0.70705375281792238
1728,14.995854506971234,-0.50002499195456263,0,0,0,0,0,0.70705375281792238
1729,15.00453266351462,-0.50002499194238403,0,0,0,0,0,0.70705375281792238
1730,15.013210820058006,-0.50002499193035832,0,0,0,0,0,0.7070537528179226
1731,15.021888976601392,-0.50002499191848804,0,0,0,0,0,0.7070537528179226
1732,15.030567133144778,-0.50002499190677452,0,0,0,0,0,0.7070537528179226
1733,15.039245289688164,-0.5000249918952191,0,0,0,0,0,0.7070537528179226
1734,15.04792344623155,-0.50002499188382432,0,0,0,0,0,0.7070537528179226
1735,15.056601602774936,-0.50002499187259131,0,0,0,0,0,0.7070537528179226
1736,15.065279759318322,-0.50002499186152216,0,0,0,0,0,0.7070537528179226
1737,15.073957915861708,-0.50002499185061811,0,0,0,0,0,0.7070537528179226
1738,15.082636072405094,-0.50002499183988125,0,0,0,0,0,0.7070537528179226
1739,15.09131422894848,-0.50002499182931281,0,0,0,0,0,0.7070537528179226
1740,15.099992385491868,-0.50002499181891469,0,0,0,0,0,0.7070537528179226
1741,15.108670542035254,-0.50002499180868809,0,0,0,0,0,0.7070537528179226
1742,15.11734869857864,-0.50002499179863502,0,0,0,0,0,0.7070537528179226
1743,15.126026855122026,-0.5000249917887567,0,0,0,0,0,0.7070537528179226
1744,15.134705011665412,-0.50002499177905468,0,0,0,0,0,0.70705375281792249
1745,15.143383168208798,-0.50002499176953019,0,0,0,0,0,0.70705375281792249
1746,15.152061324752184,-0.50002499176018489,0,0,0,0,0,0.7070537528179226
1747,15.16073948129557,-0.50002499175102022,0,0,0,0,0,0.70705375281792249
1748,15.169417637838956,-0.50002499174203763,0,0,0,0,0,0.70705375281792249
1749,15.178095794382342,-0.50002499173323822,0,0,0,0,0,0.70705375281792249
1750,15.186773950925728,-0.50002499172462345,0,0,0,0,0,0.70705375281792249
1751,15.195452107469114,-0.50002499171619497,0,0,0,0,0,0.70705375281792249
1752,15.2041302640125,-0.50002499170795311,0,0,0,0,0,0.70705375281792249
1753,15.212808420555888,-0.50002499169989989,0,0,0,0,0,0.7070537528179226
1754,15.221486577099274,-0.5000249916920364,0,0,0,0,0,0.70705375281792271
1755,15.23016473364266,-0.50002499168436354,0,0,0,0,0,0.7070537528179226
1756,15.238842890186046,-0.50002499167688308,0,0,0,0,0,0.7070537528179226
1757,15.247521046729432,-0.50002499166959535,0,0,0,0,0,0.70705375281792271
1758,15.256199203272818,-0.50002499166250192,0,0,0,0,0,0.70705375281792271
1759,15.264877359816204,-0.50002499165560399,0,0,0,0,0,0.70705375281792271
1760,15.27355551635959,-0.5000249916489018,0,0,0,0,0,0.70705375281792282
1761,15.282233672902976,-0.50002499164239744,0,0,0,0,0,0.70705375281792282
1762,15.290911829446362,-0.50002499163609138,0,0,0,0,0,0.70705375281792282
1763,15.299589985989748,-0.50002499162998448,0,0,0,0,0,0.70705375281792282
1764,15.308268142533134,-0.50002499162407776,0,0,0,0,0,0.70705375281792282
1765,15.31694629907652,-0.50002499161837211,0,0,0,0,0,0.70705375281792282
1766,15.325624455619907,-0.50002499161286851,0,0,0,0,0,0.70705375281792271
1767,15.334302612163293,-0.50002499160756753,0,0,0,0,0,0.70705375281792271
1768,15.342980768706679,-0.50002499160246994,0,0,0,0,0,0.70705375281792282
1769,15.351658925250065,-0.50002499159757696,0,0,0,0,0,0.70705375281792271
1770,15.360337081793451,-0.5000249915928886,0,0,0,0,0,0.70705375281792282
1771,15.369015238336837,-0.50002499158840652,0,0,0,0,0,0.7070537528179226
1772,15.377693394880223,-0.50002499158413061,0,0,0,0,0,0.70705375281792271
1773,15.386371551423609,-0.50002499158006186,0,0,0,0,0,0.70705375281792271
1774,15.395049707966995,-0.50002499157620073,0,0,0,0,0,0.70705375281792271
1775,15.403727864510381,-0.50002499157254765,0,0,0,0,0,0.70705375281792271
1776,15.412406021053767,-0.50002499156910374,0,0,0,0,0,0.70705375281792282
1777,15.421084177597153,-0.50002499156586877,0,0,0,0,0,0.70705375281792282
1778,15.429762334140539,-0.50002499156284397,0,0,0,0,0,0.70705375281792282
1779,15.438440490683927,-0.50002499156002933,0,0,0,0,0,0.70705375281792271
1780,15.447118647227313,-0.50002499155742519,0,0,0,0,0,0.70705375281792271
1781,15.455796803770699,-0.50002499155503233,0,0,0,0,0,0.70705375281792282
1782,15.464474960314085,-0.50002499155285096,0,0,0,0,0,0.70705375281792271
1783,15.473153116857471,-0.50002499155088143,0,0,0,0,0,0.70705375281792271
1784,15.481831273400857,-0.50002499154912394,0,0,0,0,0,0.70705375281792271
1785,15.490509429944243,-0.50002499154757851,0,0,0,0,0,0.70705375281792271
1786,15.499187586487629,-0.5000249915462458,0,0,0,0,0,0.70705375281792271
1787,15.507865743031015,-0.50002499154512603,0,0,0,0,0,0.70705375281792282
1788,15.516543899574401,-0.50002499154421909,0,0,0,0,0,0.70705375281792282
1789,15.525222056117787,-0.50002499154352542,0,0,0,0,0,0.70705375281792282
1790,15.533900212661173,-0.50002499154304436,0,0,0,0,0,0.70705375281792282
1791,15.542578369204559,-0.5000249915427768,0,0,0,0,0,0.70705375281792282
1792,15.551256525747945,-0.50002499154272295,0,0,0,0,0,0.70705375281792282
1793,15.559934682291333,-0.50002499154288216,0,0,0,0,0,0.70705375281792271
1794,15.568612838834719,-0.50002499154325464,0,0,0,0,0,0.70705375281792271
1795,15.577290995378105,-0.50002499154384017,0,0,0,0,0,0.70705375281792282
1796,15.585969151921491,-0.50002499154463886,0,0,0,0,0,0.70705375281792282
1797,15.594647308464877,-0.50002499154565072,0,0,0,0,0,0.70705375281792282
1798,15.603325465008263,-0.50002499154687541,0,0,0,0,0,0.70705375281792282
1799,15.612003621551649,-0.5000249915483127,0,0,0,0,0,0.70705375281792282
1800,15.620681778095035,-0.50002499154996261,0,0,0,0,0,0.70705375281792282
1801,15.629359934638421,-0.50002499155182478,0,0,0,0,0,0.70705375281792282
1802,15.638038091181807,-0.50002499155389857,0,0,0,0,0,0.70705375281792271
1803,15.646716247725193,-0.5000249915561843,0,0,0,0,0,0.70705375281792271
1804,15.655394404268579,-0.50002499155868119,0,0,0,0,0,0.70705375281792271
1805,15.664072560811965,-0.50002499156138902,0,0,0,0,0,0.70705375281792271
1806,15.672750717355353,-0.50002499156430713,0,0,0,0,0,0.70705375281792271
1807,15.681428873898739,-0.50002499156743552,0,0,0,0,0,0.70705375281792271
1808,15.690107030442125,-0.50002499157077351,0,0,0,0,0,0.70705375281792271
1809,15.698785186985511,-0.50002499157432068,0,0,0,0,0,0.7070537528179226
1810,15.707463343528897,-0.50002499157807612,0,0,0,0,0,0.7070537528179226
1811,15.716141500072283,-0.5000249915820395,0,0,0,0,0,0.7070537528179226
1812,15.724819656615669,-0.50002499158621028,0,0,0,0,0,0.7070537528179226
1813,15.733497813159055,-0.500024991590588,0,0,0,0,0,0.70705375281792271
1814,15.742175969702441,-0.50002499159517166,0,0,0,0,0,0.70705375281792271
1815,15.750854126245827,-0.50002499159996061,0,0,0,0,0,0.70705375281792271
1816,15.759532282789213,-0.50002499160495462,0,0,0,0,0,0.70705375281792282
1817,15.768210439332599,-0.50002499161015213,0,0,0,0,0,0.70705375281792271
1818,15.776888595875985,-0.50002499161555303,0,0,0,0,0,0.70705375281792271
1819,15.785566752419372,-0.50002499162115632,0,0,0,0,0,0.70705375281792282
1820,15.794244908962758,-0.50002499162696112,0,0,0,0,0,0.70705375281792282
1821,15.802923065506144,-0.50002499163296665,0,0,0,0,0,0.70705375281792282
1822,15.81160122204953,-0.50002499163917169,0,0,0,0,0,0.70705375281792282
1823,15.820279378592916,-0.50002499164557568,0,0,0,0,0,0.70705375281792282
1824,15.828957535136302,-0.50002499165217751,0,0,0,0,0,0.70705375281792271
1825,15.837635691679688,-0.50002499165897607,0,0,0,0,0,0.70705375281792271
1826,15.846313848223074,-0.50002499166597036,0,0,0,0,0,0.70705375281792271
1827,15.85499200476646,-0.5000249916731595,0,0,0,0,0,0.7070537528179226
1828,15.863670161309846,-0.50002499168054237,0,0,0,0,0,0.7070537528179226
1829,15.872348317853232,-0.50002499168811798,0,0,0,0,0,0.7070537528179226
1830,15.881026474396618,-0.50002499169588466,0,0,0,0,0,0.7070537528179226
1831,15.889704630940004,-0.50002499170384196,0,0,0,0,0,0.7070537528179226
1832,15.898382787483392,-0.50002499171198811,0,0,0,0,0,0.7070537528179226
1833,15.907060944026778,-0.500024991720322,0,0,0,0,0,0.70705375281792249
1834,15.915739100570164,-0.50002499172884229,0,0,0,0,0,0.70705375281792249
1835,15.92441725711355,-0.50002499173754811,0,0,0,0,0,0.7070537528179226
1836,15.933095413656936,-0.500024991746438,0,0,0,0,0,0.70705375281792249
1837,15.941773570200322,-0.50002499175551041,0,0,0,0,0,0.7070537528179226
1838,15.950451726743708,-0.50002499176476412,0,0,0,0,0,0.7070537528179226
1839,15.959129883287094,-0.50002499177419746,0,0,0,0,0,0.7070537528179226
1840,15.96780803983048,-0.50002499178380999,0,0,0,0,0,0.70705375281792249
1841,15.976486196373866,-0.50002499179359916,0,0,0,0,0,0.70705375281792238
1842,15.985164352917252,-0.50002499180356375,0,0,0,0,0,0.70705375281792249
1843,15.993842509460638,-0.5000249918137023,0,0,0,0,0,0.70705375281792249
1844,16.002520666004024,-0.50002499182401372,0,0,0,0,0,0.70705375281792238
1845,16.01119882254741,-0.50002499183449589,0,0,0,0,0,0.70705375281792238
1846,16.019876979090796,-0.50002499184514748,0,0,0,0,0,0.70705375281792238
1847,16.028555135634182,-0.50002499185596694,0,0,0,0,0,0.70705375281792238
1848,16.037233292177568,-0.50002499186695237,0,0,0,0,0,0.70705375281792238
1849,16.045911448720954,-0.50002499187810234,0,0,0,0,0,0.70705375281792238
1850,16.05458960526434,-0.50002499188941529,0,0,0,0,0,0.70705375281792238
1851,16.063267761807726,-0.50002499190088923,0,0,0,0,0,0.70705375281792238
1852,16.071945918351116,-0.50002499191252281,0,0,0,0,0,0.70705375281792238
1853,16.080624074894502,-0.50002499192431382,0,0,0,0,0,0.70705375281792238
1854,16.089302231437888,-0.50002499193626071,0,0,0,0,0,0.70705375281792249
1855,16.097980387981274,-0.5000249919483617,0,0,0,0,0,0.70705375281792238
1856,16.10665854452466,-0.5000249919606149,0,0,0,0,0,0.70705375281792249
1857,16.115336701068045,-0.50002499197301853,0,0,0,0,0,0.70705375281792249
1858,16.124014857611431,-0.50002499198557082,0,0,0,0,0,0.70705375281792238
1859,16.132693014154817,-0.50002499199826989,0,0,0,0,0,0.70705375281792238
1860,16.141371170698203,-0.50002499201111361,0,0,0,0,0,0.70705375281792249
1861,16.150049327241589,-0.50002499202409989,0,0,0,0,0,0.70705375281792238
1862,16.158727483784975,-0.50002499203722717,0,0,0,0,0,0.70705375281792238
1863,16.167405640328361,-0.50002499205049344,0,0,0,0,0,0.70705375281792238
1864,16.176083796871747,-0.50002499206389639,0,0,0,0,0,0.70705375281792238
1865,16.184761953415133,-0.50002499207743434,0,0,0,0,0,0.70705375281792238
1866,16.193440109958519,-0.50002499209110529,0,0,0,0,0,0.70705375281792238
1867,16.202118266501905,-0.50002499210490681,0,0,0,0,0,0.70705375281792238
1868,16.210796423045291,-0.50002499211883689,0,0,0,0,0,0.70705375281792238
1869,16.219474579588677,-0.50002499213289375,0,0,0,0,0,0.70705375281792238
1870,16.228152736132063,-0.50002499214707519,0,0,0,0,0,0.70705375281792238
1871,16.236830892675449,-0.50002499216137863,0,0,0,0,0,0.70705375281792238
1872,16.245509049218835,-0.50002499217580254,0,0,0,0,0,0.70705375281792238
1873,16.254187205762221,-0.50002499219034446,0,0,0,0,0,0.70705375281792238
1874,16.262865362305607,-0.50002499220500196,0,0,0,0,0,0.70705375281792227
1875,16.271543518848993,-0.50002499221977359,0,0,0,0,0,0.70705375281792238
1876,16.280221675392379,-0.50002499223465613,0,0,0,0,0,0.70705375281792238
1877,16.288899831935765,-0.50002499224964814,0,0,0,0,0,0.70705375281792238
1878,16.297577988479155,-0.50002499226474684,0,0,0,0,0,0.70705375281792238
1879,16.306256145022541,-0.50002499227995001,0,0,0,0,0,0.70705375281792249
1880,16.314934301565927,-0.50002499229525588,0,0,0,0,0,0.70705375281792249
1881,16.323612458109313,-0.50002499231066166,0,0,0,0,0,0.70705375281792249
1882,16.332290614652699,-0.50002499232616493,0,0,0,0,0,0.7070537528179226
1883,16.340968771196085,-0.5000249923417639,0,0,0,0,0,0.7070537528179226
1884,16.349646927739471,-0.50002499235745568,0,0,0,0,0,0.7070537528179226
1885,16.358325084282857,-0.50002499237323828,0,0,0,0,0,0.70705375281792249
1886,16.367003240826243,-0.50002499238910936,0,0,0,0,0,0.70705375281792249
1887,16.375681397369629,-0.50002499240506604,0,0,0,0,0,0.70705375281792249
1888,16.384359553913015,-0.50002499242110643,0,0,0,0,0,0.70705375281792249
1889,16.393037710456401,-0.50002499243722776,0,0,0,0,0,0.70705375281792238
1890,16.401715866999787,-0.50002499245342769,0,0,0,0,0,0.70705375281792238
1891,16.410394023543173,-0.50002499246970422,0,0,0,0,0,0.70705375281792238
1892,16.419072180086559,-0.50002499248605403,0,0,0,0,0,0.70705375281792227
1893,16.427750336629945,-0.50002499250247578,0,0,0,0,0,0.70705375281792227
1894,16.436428493173331,-0.50002499251896571,0,0,0,0,0,0.70705375281792238
1895,16.445106649716717,-0.50002499253552213,0,0,0,0,0,0.70705375281792238
1896,16.453784806260103,-0.5000249925521425,0,0,0,0,0,0.70705375281792238
1897,16.462462962803489,-0.50002499256882404,0,0,0,0,0,0.70705375281792249
1898,16.471141119346875,-0.50002499258556465,0,0,0,0,0,0.70705375281792249
1899,16.479819275890261,-0.50002499260236144,0,0,0,0,0,0.70705375281792249
1900,16.488497432433647,-0.50002499261921218,0,0,0,0,0,0.7070537528179226
1901,16.497175588977033,-0.50002499263611422,0,0,0,0,0,0.70705375281792238
1902,16.505853745520419,-0.50002499265306499,0,0,0,0,0,0.70705375281792238
1903,16.514531902063805,-0.50002499267006195,0,0,0,0,0,0.70705375281792227
1904,16.523210058607194,-0.5000249926871021,0,0,0,0,0,0.70705375281792238
1905,16.53188821515058,-0.50002499270418355,0,0,0,0,0,0.70705375281792249
1906,16.540566371693966,-0.5000249927213033,0,0,0,0,0,0.70705375281792249
1907,16.549244528237352,-0.50002499273845924,0,0,0,0,0,0.70705375281792249
1908,16.557922684780738,-0.50002499275564816,0,0,0,0,0,0.70705375281792238
1909,16.566600841324124,-0.50002499277286816,0,0,0,0,0,0.70705375281792238
1910,16.57527899786751,-0.50002499279011592,0,0,0,0,0,0.70705375281792238
1911,16.583957154410896,-0.50002499280738932,0,0,0,0,0,0.70705375281792238
1912,16.592635310954282,-0.5000249928246856,0,0,0,0,0,0.70705375281792249
1913,16.601313467497668,-0.50002499284200219,0,0,0,0,0,0.70705375281792249
1914,16.609991624041054,-0.50002499285933655,0,0,0,0,0,0.70705375281792249
1915,16.61866978058444,-0.50002499287668623,0,0,0,0,0,0.70705375281792238
1916,16.627347937127826,-0.50002499289404778,0,0,0,0,0,0.70705375281792249
1917,16.636026093671212,-0.50002499291141977,0,0,0,0,0,0.70705375281792249
1918,16.644704250214598,-0.50002499292879865,0,0,0,0,0,0.70705375281792249
1919,16.653382406757984,-0.50002499294618219,0,0,0,0,0,0.70705375281792249
1920,16.66206056330137,-0.50002499296356795,0,0,0,0,0,0.70705375281792249
1921,16.670738719844756,-0.50002499298095304,0,0,0,0,0,0.70705375281792249
1922,16.679416876388142,-0.50002499299833481,0,0,0,0,0,0.70705375281792238
1923,16.688095032931528,-0.50002499301571079,0,0,0,0,0,0.70705375281792238
1924,16.696773189474914,-0.50002499303307835,0,0,0,0,0,0.70705375281792238
1925,16.7054513460183,-0.50002499305043469,0,0,0,0,0,0.70705375281792238
1926,16.714129502561686,-0.50002499306777737,0,0,0,0,0,0.70705375281792249
1927,16.722807659105072,-0.50002499308510373,0,0,0,0,0,0.70705375281792238
1928,16.731485815648458,-0.50002499310241122,0,0,0,0,0,0.70705375281792249
1929,16.740163972191844,-0.50002499311969717,0,0,0,0,0,0.70705375281792249
1930,16.748842128735234,-0.50002499313695914,0,0,0,0,0,0.70705375281792238
1931,16.75752028527862,-0.50002499315419402,0,0,0,0,0,0.70705375281792249
1932,16.766198441822006,-0.50002499317140003,0,0,0,0,0,0.70705375281792238
1933,16.774876598365392,-0.50002499318857385,0,0,0,0,0,0.70705375281792249
1934,16.783554754908778,-0.50002499320571325,0,0,0,0,0,0.70705375281792238
1935,16.792232911452164,-0.50002499322281524,0,0,0,0,0,0.70705375281792249
1936,16.80091106799555,-0.50002499323987781,0,0,0,0,0,0.70705375281792249
1937,16.809589224538936,-0.5000249932568982,0,0,0,0,0,0.70705375281792249
1938,16.818267381082322,-0.50002499327387362,0,0,0,0,0,0.7070537528179226
1939,16.826945537625708,-0.50002499329080174,0,0,0,0,0,0.7070537528179226
1940,16.835623694169094,-0.50002499330767991,0,0,0,0,0,0.7070537528179226
1941,16.84430185071248,-0.50002499332450578,0,0,0,0,0,0.7070537528179226
1942,16.852980007255866,-0.5000249933412767,0,0,0,0,0,0.7070537528179226
1943,16.861658163799252,-0.50002499335799011,0,0,0,0,0,0.7070537528179226
1944,16.870336320342638,-0.50002499337464301,0,0,0,0,0,0.70705375281792271
1945,16.879014476886024,-0.50002499339123374,0,0,0,0,0,0.70705375281792271
1946,16.88769263342941,-0.50002499340775963,0,0,0,0,0,0.70705375281792271
1947,16.896370789972796,-0.50002499342421791,0,0,0,0,0,0.7070537528179226
1948,16.905048946516182,-0.50002499344060591,0,0,0,0,0,0.7070537528179226
1949,16.913727103059568,-0.50002499345692153,0,0,0,0,0,0.7070537528179226
1950,16.922405259602954,-0.5000249934731622,0,0,0,0,0,0.7070537528179226
1951,16.93108341614634,-0.5000249934893255,0,0,0,0,0,0.7070537528179226
1952,16.939761572689726,-0.50002499350540908,0,0,0,0,0,0.70705375281792271
1953,16.948439729233112,-0.50002499352141039,0,0,0,0,0,0.7070537528179226
1954,16.957117885776498,-0.50002499353732688,0,0,0,0,0,0.7070537528179226
1955,16.965796042319884,-0.50002499355315655,0,0,0,0,0,0.7070537528179226
1956,16.97447419886327,-0.50002499356889651,0,0,0,0,0,0.70705375281792249
1957,16.983152355406659,-0.50002499358454489,0,0,0,0,0,0.70705375281792249
1958,16.991830511950045,-0.50002499360009889,0,0,0,0,0,0.70705375281792249
1959,17.000508668493431,-0.50002499361555652,0,0,0,0,0,0.70705375281792249
1960,17.009186825036817,-0.50002499363091513,0,0,0,0,0,0.7070537528179226
1961,17.017864981580203,-0.50002499364617281,0,0,0,0,0,0.70705375281792249
1962,17.026543138123589,-0.50002499366132691,0,0,0,0,0,0.70705375281792249
1963,17.035221294666975,-0.50002499367637498,0,0,0,0,0,0.7070537528179226
1964,17.043899451210361,-0.50002499369131548,0,0,0,0,0,0.7070537528179226
1965,17.052577607753747,-0.5000249937061455,0,0,0,0,0,0.7070537528179226
1966,17.061255764297133,-0.50002499372086306,0,0,0,0,0,0.7070537528179226
1967,17.069933920840519,-0.50002499373546583,0,0,0,0,0,0.7070537528179226
1968,17.078612077383905,-0.50002499374995146,0,0,0,0,0,0.7070537528179226
1969,17.087290233927291,-0.50002499376431842,0,0,0,0,0,0.7070537528179226
1970,17.095968390470677,-0.50002499377856402,0,0,0,0,0,0.7070537528179226
1971,17.104646547014063,-0.50002499379268595,0,0,0,0,0,0.7070537528179226
1972,17.113324703557449,-0.50002499380668253,0,0,0,0,0,0.7070537528179226
1973,17.122002860100835,-0.50002499382055143,0,0,0,0,0,0.7070537528179226
1974,17.130681016644221,-0.50002499383429055,0,0,0,0,0,0.7070537528179226
1975,17.139359173187607,-0.500024993847898,0,0,0,0,0,0.7070537528179226
1976,17.148037329730993,-0.50002499386137134,0,0,0,0,0,0.7070537528179226
1977,17.156715486274379,-0.50002499387470878,0,0,0,0,0,0.70705375281792249
1978,17.165393642817765,-0.50002499388790866,0,0,0,0,0,0.70705375281792249
1979,17.174071799361151,-0.50002499390096844,0,0,0,0,0,0.70705375281792238
1980,17.182749955904537,-0.50002499391388633,0,0,0,0,0,0.70705375281792238
1981,17.191428112447923,-0.50002499392666033,0,0,0,0,0,0.70705375281792238
1982,17.200106268991309,-0.50002499393928868,0,0,0,0,0,0.70705375281792238
1983,17.208784425534699,-0.50002499395176936,0,0,0,0,0,0.70705375281792238
1984,17.217462582078085,-0.50002499396410038,0,0,0,0,0,0.70705375281792238
1985,17.226140738621471,-0.5000249939762802,0,0,0,0,0,0.70705375281792238
1986,17.234818895164857,-0.50002499398830658,0,0,0,0,0,0.70705375281792249
1987,17.243497051708243,-0.50002499400017797,0,0,0,0,0,0.70705375281792249
1988,17.252175208251629,-0.50002499401189249,0,0,0,0,0,0.70705375281792238
1989,17.260853364795015,-0.5000249940234488,0,0,0,0,0,0.70705375281792238
1990,17.269531521338401,-0.50002499403484424,0,0,0,0,0,0.70705375281792238
1991,17.278209677881787,-0.50002499404607792,0,0,0,0,0,0.70705375281792238
1992,17.286887834425173,-0.50002499405714795,0,0,0,0,0,0.70705375281792238
1993,17.295565990968559,-0.50002499406805256,0,0,0,0,0,0.70705375281792238
1994,17.304244147511945,-0.50002499407878986,0,0,0,0,0,0.70705375281792238
1995,17.312922304055331,-0.50002499408935852,0,0,0,0,0,0.70705375281792238
1996,17.321600460598717,-0.50002499409975698,0,0,0,0,0,0.70705375281792238
1997,17.330278617142103,-0.50002499410998369,0,0,0,0,0,0.70705375281792249
1998,17.338956773685489,-0.50002499412003676,0,0,0,0,0,0.70705375281792238
1999,17.347634930228875,-0.50002499412991508,0,0,0,0,0,0.70705375281792249
2000,17.356313086772261,-0.50002499413961699,0,0,0,0,0,0.70705375281792249
2001,17.364991243315647,-0.50002499414914126,0,0,0,0,0,0.7070537528179226
2002,17.373669399859033,-0.50002499415848578,0,0,0,0,0,0.7070537528179226
2003,17.382347556402419,-0.50002499416765023,0,0,0,0,0,0.7070537528179226
2004,17.391025712945805,-0.50002499417663193,0,0,0,0,0,0.70705375281792249
2005,17.399703869489191,-0.50002499418543056,0,0,0,0,0,0.7070537528179226
2006,17.408382026032577,-0.50002499419404456,0,0,0,0,0,0.7070537528179226
2007,17.417060182575963,-0.50002499420247215,0,0,0,0,0,0.7070537528179226
2008,17.425738339119349,-0.50002499421071289,0,0,0,0,0,0.70705375281792249
2009,17.434416495662738,-0.50002499421876467,0,0,0,0,0,0.70705375281792249
2010,17.443094652206124,-0.50002499422662683,0,0,0,0,0,0.70705375281792238
2011,17.45177280874951,-0.50002499423429791,0,0,0,0,0,0.70705375281792249
2012,17.460450965292896,-0.50002499424177693,0,0,0,0,0,0.70705375281792249
2013,17.469129121836282,-0.50002499424906288,0,0,0,0,0,0.70705375281792249
2014,17.477807278379668,-0.50002499425615399,0,0,0,0,0,0.70705375281792249
2015,17.486485434923054,-0.5000249942630498,0,0,0,0,0,0.70705375281792249
2016,17.49516359146644,-0.50002499426974933,0,0,0,0,0,0.70705375281792249
2017,17.503841748009826,-0.50002499427625158,0,0,0,0,0,0.70705375281792238
2018,17.512519904553212,-0.50002499428255509,0,0,0,0,0,0.70705375281792249
2019,17.521198061096598,-0.50002499428865943,0,0,0,0,0,0.70705375281792249
2020,17.529876217639984,-0.50002499429456315,0,0,0,0,0,0.70705375281792249
2021,17.53855437418337,-0.50002499430026559,0,0,0,0,0,0.7070537528179226
2022,17.547232530726756,-0.50002499430576619,0,0,0,0,0,0.7070537528179226
2023,17.555910687270142,-0.50002499431106406,0,0,0,0,0,0.7070537528179226
2024,17.564588843813528,-0.50002499431615766,0,0,0,0,0,0.7070537528179226
2025,17.573267000356914,-0.50002499432104719,0,0,0,0,0,0.70705375281792249
2026,17.5819451569003,-0.50002499432573166,0,0,0,0,0,0.70705375281792249
2027,17.590623313443686,-0.50002499433020975,0,0,0,0,0,0.7070537528179226
2028,17.599301469987072,-0.50002499433448178,0,0,0,0,0,0.7070537528179226
2029,17.607979626530458,-0.50002499433854619,0,0,0,0,0,0.7070537528179226
2030,17.616657783073844,-0.50002499434240266,0,0,0,0,0,0.7070537528179226
2031,17.62533593961723,-0.50002499434605097,0,0,0,0,0,0.7070537528179226
2032,17.634014096160616,-0.50002499434949055,0,0,0,0,0,0.7070537528179226
2033,17.642692252704002,-0.50002499435272008,0,0,0,0,0,0.70705375281792249
2034,17.651370409247388,-0.50002499435573999,0,0,0,0,0,0.70705375281792249
2035,17.660048565790778,-0.5000249943585493,0,0,0,0,0,0.70705375281792249
2036,17.668726722334164,-0.50002499436114767,0,0,0,0,0,0.70705375281792249
2037,17.67740487887755,-0.50002499436353498,0,0,0,0,0,0.70705375281792249
2038,17.686083035420936,-0.50002499436571046,0,0,0,0,0,0.70705375281792238
2039,17.694761191964322,-0.50002499436767422,0,0,0,0,0,0.70705375281792249
2040,17.703439348507708,-0.50002499436942549,0,0,0,0,0,0.70705375281792249
2041,17.712117505051094,-0.50002499437096448,0,0,0,0,0,0.7070537528179226
2042,17.720795661594479,-0.50002499437229053,0,0,0,0,0,0.7070537528179226
2043,17.729473818137865,-0.50002499437340386,0,0,0,0,0,0.7070537528179226
2044,17.738151974681251,-0.50002499437430381,0,0,0,0,0,0.7070537528179226
2045,17.746830131224637,-0.50002499437499071,0,0,0,0,0,0.7070537528179226
2046,17.755508287768023,-0.50002499437546422,0,0,0,0,0,0.7070537528179226
2047,17.764186444311409,-0.50002499437572445,0,0,0,0,0,0.70705375281792249
2048,17.772864600854795,-0.50002499437577141,0,0,0,0,0,0.7070537528179226
2049,17.781542757398181,-0.50002499437560444,0,0,0,0,0,0.7070537528179226
2050,17.790220913941567,-0.50002499437522396,0,0,0,0,0,0.7070537528179226
2051,17.798899070484953,-0.50002499437463022,0,0,0,0,0,0.70705375281792271
2052,17.807577227028339,-0.50002499437382353,0,0,0,0,0,0.70705375281792271
2053,17.816255383571725,-0.50002499437280357,0,0,0,0,0,0.7070537528179226
2054,17.824933540115111,-0.50002499437157044,0,0,0,0,0,0.7070537528179226
2055,17.833611696658497,-0.5000249943701246,0,0,0,0,0,0.7070537528179226
2056,17.842289853201883,-0.50002499436846581,0,0,0,0,0,0.7070537528179226
2057,17.850968009745269,-0.50002499436659498,0,0,0,0,0,0.70705375281792271
2058,17.859646166288655,-0.50002499436451209,0,0,0,0,0,0.7070537528179226
2059,17.868324322832041,-0.50002499436221737,0,0,0,0,0,0.7070537528179226
2060,17.877002479375427,-0.50002499435971082,0,0,0,0,0,0.70705375281792271
2061,17.885680635918813,-0.5000249943569941,0,0,0,0,0,0.7070537528179226
2062,17.894358792462203,-0.50002499435406622,0,0,0,0,0,0.7070537528179226
2063,17.903036949005589,-0.50002499435092829,0,0,0,0,0,0.7070537528179226
2064,17.911715105548975,-0.50002499434758041,0,0,0,0,0,0.7070537528179226
2065,17.920393262092361,-0.50002499434402359,0,0,0,0,0,0.70705375281792271
2066,17.929071418635747,-0.50002499434025793,0,0,0,0,0,0.70705375281792271
2067,17.937749575179133,-0.500024994336284,0,0,0,0,0,0.70705375281792271
2068,17.946427731722519,-0.50002499433210312,0,0,0,0,0,0.7070537528179226
2069,17.955105888265905,-0.50002499432771486,0,0,0,0,0,0.70705375281792271
2070,17.963784044809291,-0.50002499432312053,0,0,0,0,0,0.70705375281792271
2071,17.972462201352677,-0.50002499431832093,0,0,0,0,0,0.7070537528179226
2072,17.981140357896063,-0.50002499431331637,0,0,0,0,0,0.7070537528179226
2073,17.989818514439449,-0.50002499430810765,0,0,0,0,0,0.70705375281792249
2074,17.998496670982835,-0.50002499430269576,0,0,0,0,0,0.70705375281792249
2075,18.007174827526221,-0.50002499429708114,0,0,0,0,0,0.70705375281792249
2076,18.015852984069607,-0.50002499429126535,0,0,0,0,0,0.7070537528179226
2077,18.024531140612993,-0.50002499428524849,0,0,0,0,0,0.7070537528179226
2078,18.033209297156379,-0.50002499427903213,0,0,0,0,0,0.7070537528179226
2079,18.041887453699765,-0.50002499427261671,0,0,0,0,0,0.7070537528179226
2080,18.050565610243151,-0.50002499426600355,0,0,0,0,0,0.70705375281792249
2081,18.059243766786537,-0.50002499425919322,0,0,0,0,0,0.7070537528179226
2082,18.067921923329923,-0.50002499425218738,0,0,0,0,0,0.70705375281792249
2083,18.076600079873309,-0.50002499424498636,0,0,0,0,0,0.70705375281792249
2084,18.085278236416695,-0.50002499423759172,0,0,0,0,0,0.70705375281792249
2085,18.093956392960081,-0.50002499423000457,0,0,0,0,0,0.70705375281792249
2086,18.102634549503467,-0.50002499422222568,0,0,0,0,0,0.70705375281792249
2087,18.111312706046853,-0.50002499421425672,0,0,0,0,0,0.70705375281792249
2088,18.119990862590242,-0.50002499420609881,0,0,0,0,0,0.70705375281792238
2089,18.128669019133628,-0.5000249941977527,0,0,0,0,0,0.70705375281792249
2090,18.137347175677014,-0.50002499418922008,0,0,0,0,0,0.70705375281792249
2091,18.1460253322204,-0.50002499418050217,0,0,0,0,0,0.70705375281792238
2092,18.154703488763786,-0.50002499417159996,0,0,0,0,0,0.70705375281792249
2093,18.163381645307172,-0.50002499416251545,0,0,0,0,0,0.70705375281792249
2094,18.172059801850558,-0.50002499415324952,0,0,0,0,0,0.70705375281792238
2095,18.180737958393944,-0.50002499414380353,0,0,0,0,0,0.70705375281792238
2096,18.18941611493733,-0.50002499413417922,0,0,0,0,0,0.70705375281792238
2097,18.198094271480716,-0.50002499412437795,0,0,0,0,0,0.70705375281792238
2098,18.206772428024102,-0.50002499411440104,0,0,0,0,0,0.70705375281792238
2099,18.215450584567488,-0.50002499410424994,0,0,0,0,0,0.70705375281792238
2100,18.224128741110874,-0.50002499409392653,0,0,0,0,0,0.70705375281792238
2101,18.23280689765426,-0.50002499408343193,0,0,0,0,0,0.70705375281792227
2102,18.241485054197646,-0.50002499407276824,0,0,0,0,0,0.70705375281792227
2103,18.250163210741032,-0.50002499406193646,0,0,0,0,0,0.70705375281792215
2104,18.258841367284418,-0.5000249940509387,0,0,0,0,0,0.70705375281792215
2105,18.267519523827804,-0.50002499403977652,0,0,0,0,0,0.70705375281792227
2106,18.27619768037119,-0.50002499402845157,0,0,0,0,0,0.70705375281792215
2107,18.284875836914576,-0.50002499401696543,0,0,0,0,0,0.70705375281792215
2108,18.293553993457962,-0.50002499400532008,0,0,0,0,0,0.70705375281792215
2109,18.302232150001348,-0.50002499399351685,0,0,0,0,0,0.70705375281792215
2110,18.310910306544734,-0.50002499398155797,0,0,0,0,0,0.70705375281792215
2111,18.31958846308812,-0.500024993969445,0,0,0,0,0,0.70705375281792215
2112,18.328266619631506,-0.50002499395718003,0,0,0,0,0,0.70705375281792204
2113,18.336944776174892,-0.50002499394476441,0,0,0,0,0,0.70705375281792204
2114,18.345622932718282,-0.50002499393220068,0,0,0,0,0,0.70705375281792204
2115,18.354301089261668,-0.50002499391949007,0,0,0,0,0,0.70705375281792193
2116,18.362979245805054,-0.50002499390663502,0,0,0,0,0,0.70705375281792193
2117,18.37165740234844,-0.50002499389363697,0,0,0,0,0,0.70705375281792193
2118,18.380335558891826,-0.50002499388049837,0,0,0,0,0,0.70705375281792193
2119,18.389013715435212,-0.50002499386722055,0,0,0,0,0,0.70705375281792193
2120,18.397691871978598,-0.50002499385380639,0,0,0,0,0,0.70705375281792193
2121,18.406370028521984,-0.50002499384025778,0,0,0,0,0,0.70705375281792193
2122,18.41504818506537,-0.50002499382657606,0,0,0,0,0,0.70705375281792193
2123,18.423726341608756,-0.50002499381276366,0,0,0,0,0,0.70705375281792182
2124,18.432404498152142,-0.50002499379882248,0,0,0,0,0,0.70705375281792193
2125,18.441082654695528,-0.50002499378475518,0,0,0,0,0,0.70705375281792182
2126,18.449760811238914,-0.50002499377056342,0,0,0,0,0,0.70705375281792182
2127,18.4584389677823,-0.5000249937562492,0,0,0,0,0,0.70705375281792193
2128,18.467117124325686,-0.50002499374181519,0,0,0,0,0,0.70705375281792193
2129,18.475795280869072,-0.50002499372726295,0,0,0,0,0,0.70705375281792193
2130,18.484473437412458,-0.50002499371259534,0,0,0,0,0,0.70705375281792193
2131,18.493151593955844,-0.50002499369781428,0,0,0,0,0,0.70705375281792193
2132,18.50182975049923,-0.50002499368292197,0,0,0,0,0,0.70705375281792193
2133,18.510507907042616,-0.50002499366792053,0,0,0,0,0,0.70705375281792204
2134,18.519186063586002,-0.5000249936528125,0,0,0,0,0,0.70705375281792204
2135,18.527864220129388,-0.50002499363759989,0,0,0,0,0,0.70705375281792193
2136,18.536542376672774,-0.50002499362228492,0,0,0,0,0,0.70705375281792193
2137,18.54522053321616,-0.50002499360687047,0,0,0,0,0,0.70705375281792193
2138,18.553898689759546,-0.50002499359135844,0,0,0,0,0,0.70705375281792193
2139,18.562576846302932,-0.50002499357575114,0,0,0,0,0,0.70705375281792193
2140,18.571255002846321,-0.5000249935600507,0,0,0,0,0,0.70705375281792193
2141,18.579933159389707,-0.50002499354426022,0,0,0,0,0,0.70705375281792193
2142,18.588611315933093,-0.50002499352838126,0,0,0,0,0,0.70705375281792193
2143,18.597289472476479,-0.50002499351241658,0,0,0,0,0,0.70705375281792193
2144,18.605967629019865,-0.50002499349636886,0,0,0,0,0,0.70705375281792204
2145,18.614645785563251,-0.5000249934802401,0,0,0,0,0,0.70705375281792193
2146,18.623323942106637,-0.50002499346403306,0,0,0,0,0,0.70705375281792204
2147,18.632002098650023,-0.50002499344774987,0,0,0,0,0,0.70705375281792204
2148,18.640680255193409,-0.50002499343139317,0,0,0,0,0,0.70705375281792193
2149,18.649358411736795,-0.50002499341496531,0,0,0,0,0,0.70705375281792204
2150,18.658036568280181,-0.50002499339846884,0,0,0,0,0,0.70705375281792204
2151,18.666714724823567,-0.50002499338190631,0,0,0,0,0,0.70705375281792193
2152,18.675392881366953,-0.50002499336528006,0,0,0,0,0,0.70705375281792193
2153,18.684071037910339,-0.50002499334859274,0,0,0,0,0,0.70705375281792193
2154,18.692749194453725,-0.50002499333184691,0,0,0,0,0,0.70705375281792182
2155,18.701427350997111,-0.50002499331504469,0,0,0,0,0,0.70705375281792193
2156,18.710105507540497,-0.50002499329818906,0,0,0,0,0,0.70705375281792182
2157,18.718783664083883,-0.50002499328128258,0,0,0,0,0,0.70705375281792182
2158,18.727461820627269,-0.50002499326432726,0,0,0,0,0,0.70705375281792171
2159,18.736139977170655,-0.50002499324732641,0,0,0,0,0,0.70705375281792171
2160,18.744818133714041,-0.50002499323028171,0,0,0,0,0,0.70705375281792182
2161,18.753496290257427,-0.50002499321319671,0,0,0,0,0,0.70705375281792171
2162,18.762174446800813,-0.50002499319607319,0,0,0,0,0,0.70705375281792182
2163,18.770852603344199,-0.50002499317891402,0,0,0,0,0,0.70705375281792182
2164,18.779530759887585,-0.50002499316172211,0,0,0,0,0,0.70705375281792182
2165,18.788208916430971,-0.50002499314449922,0,0,0,0,0,0.70705375281792182
2166,18.796887072974357,-0.50002499312724891,0,0,0,0,0,0.70705375281792182
2167,18.805565229517747,-0.50002499310997328,0,0,0,0,0,0.70705375281792182
2168,18.814243386061133,-0.5000249930926749,0,0,0,0,0,0.70705375281792182
2169,18.822921542604519,-0.50002499307535642,0,0,0,0,0,0.70705375281792182
2170,18.831599699147905,-0.50002499305802051,0,0,0,0,0,0.70705375281792182
2171,18.840277855691291,-0.50002499304066972,0,0,0,0,0,0.70705375281792182
2172,18.848956012234677,-0.50002499302330672,0,0,0,0,0,0.70705375281792193
2173,18.857634168778063,-0.50002499300593406,0,0,0,0,0,0.70705375281792193
2174,18.866312325321449,-0.50002499298855441,0,0,0,0,0,0.70705375281792182
2175,18.874990481864835,-0.50002499297117076,0,0,0,0,0,0.70705375281792182
2176,18.883668638408221,-0.50002499295378489,0,0,0,0,0,0.70705375281792193
2177,18.892346794951607,-0.50002499293640001,0,0,0,0,0,0.70705375281792182
2178,18.901024951494993,-0.5000249929190187,0,0,0,0,0,0.70705375281792193
2179,18.909703108038379,-0.50002499290164337,0,0,0,0,0,0.70705375281792171
2180,18.918381264581765,-0.50002499288427704,0,0,0,0,0,0.70705375281792182
2181,18.927059421125151,-0.50002499286692181,0,0,0,0,0,0.70705375281792182
2182,18.935737577668537,-0.50002499284958057,0,0,0,0,0,0.70705375281792182
2183,18.944415734211923,-0.50002499283225599,0,0,0,0,0,0.70705375281792171
2184,18.953093890755309,-0.50002499281495028,0,0,0,0,0,0.70705375281792182
2185,18.961772047298695,-0.50002499279766666,0,0,0,0,0,0.70705375281792182
2186,18.970450203842081,-0.50002499278040746,0,0,0,0,0,0.70705375281792171
2187,18.979128360385467,-0.50002499276317491,0,0,0,0,0,0.70705375281792171
2188,18.987806516928853,-0.50002499274597201,0,0,0,0,0,0.70705375281792171
2189,18.996484673472239,-0.50002499272880163,0,0,0,0,0,0.70705375281792171
2190,19.005162830015625,-0.50002499271166556,0,0,0,0,0,0.7070537528179216
2191,19.013840986559011,-0.50002499269456724,0,0,0,0,0,0.7070537528179216
2192,19.022519143102397,-0.50002499267750855,0,0,0,0,0,0.70705375281792149
2193,19.031197299645786,-0.50002499266049216,0,0,0,0,0,0.7070537528179216
2194,19.039875456189172,-0.50002499264352107,0,0,0,0,0,0.7070537528179216
2195,19.048553612732558,-0.5000249926265975,0,0,0,0,0,0.70705375281792149
2196,19.057231769275944,-0.50002499260972433,0,0,0,0,0,0.70705375281792149
2197,19.06590992581933,-0.50002499259290367,0,0,0,0,0,0.70705375281792149
2198,19.074588082362716,-0.50002499257613819,0,0,0,0,0,0.70705375281792149
2199,19.083266238906102,-0.50002499255943023,0,0,0,0,0,0.70705375281792149
2200,19.091944395449488,-0.50002499254278265,0,0,0,0,0,0.7070537528179216
2201,19.100622551992874,-0.50002499252619814,0,0,0,0,0,0.70705375281792149
2202,19.10930070853626,-0.50002499250967869,0,0,0,0,0,0.70705375281792149
2203,19.117978865079646,-0.50002499249322696,0,0,0,0,0,0.7070537528179216
2204,19.126657021623032,-0.5000249924768454,0,0,0,0,0,0.70705375281792149
2205,19.135335178166418,-0.50002499246053655,0,0,0,0,0,0.70705375281792149
2206,19.144013334709804,-0.50002499244430276,0,0,0,0,0,0.7070537528179216
2207,19.15269149125319,-0.50002499242814658,0,0,0,0,0,0.7070537528179216
2208,19.161369647796576,-0.50002499241207077,0,0,0,0,0,0.7070537528179216
2209,19.170047804339962,-0.50002499239607701,0,0,0,0,0,0.70705375281792171
2210,19.178725960883348,-0.50002499238016829,0,0,0,0,0,0.7070537528179216
2211,19.187404117426734,-0.50002499236434694,0,0,0,0,0,0.7070537528179216
2212,19.19608227397012,-0.50002499234861508,0,0,0,0,0,0.7070537528179216
2213,19.204760430513506,-0.50002499233297515,0,0,0,0,0,0.70705375281792171
2214,19.213438587056892,-0.50002499231742958,0,0,0,0,0,0.7070537528179216
2215,19.222116743600278,-0.50002499230198094,0,0,0,0,0,0.7070537528179216
2216,19.230794900143664,-0.50002499228663089,0,0,0,0,0,0.70705375281792171
2217,19.23947305668705,-0.50002499227138264,0,0,0,0,0,0.70705375281792171
2218,19.248151213230436,-0.50002499225623787,0,0,0,0,0,0.7070537528179216
2219,19.256829369773826,-0.50002499224119923,0,0,0,0,0,0.7070537528179216
2220,19.265507526317212,-0.50002499222626806,0,0,0,0,0,0.70705375281792171
2221,19.274185682860598,-0.50002499221144781,0,0,0,0,0,0.70705375281792171
2222,19.282863839403984,-0.50002499219674035,0,0,0,0,0,0.70705375281792171
2223,19.29154199594737,-0.50002499218214735,0,0,0,0,0,0.70705375281792171
2224,19.300220152490756,-0.50002499216767182,0,0,0,0,0,0.70705375281792171
2225,19.308898309034142,-0.5000249921533152,0,0,0,0,0,0.70705375281792182
2226,19.317576465577528,-0.50002499213908014,0,0,0,0,0,0.70705375281792182
2227,19.326254622120913,-0.50002499212496887,0,0,0,0,0,0.70705375281792182
2228,19.334932778664299,-0.50002499211098272,0,0,0,0,0,0.70705375281792193
2229,19.343610935207685,-0.5000249920971247,0,0,0,0,0,0.70705375281792193
2230,19.352289091751071,-0.50002499208339646,0,0,0,0,0,0.70705375281792182
2231,19.360967248294457,-0.50002499206980044,0,0,0,0,0,0.70705375281792182
2232,19.369645404837843,-0.50002499205633799,0,0,0,0,0,0.70705375281792182
2233,19.378323561381229,-0.50002499204301187,0,0,0,0,0,0.70705375281792171
2234,19.387001717924615,-0.50002499202982342,0,0,0,0,0,0.70705375281792171
2235,19.395679874468001,-0.50002499201677542,0,0,0,0,0,0.70705375281792171
2236,19.404358031011387,-0.50002499200386885,0,0,0,0,0,0.70705375281792171
2237,19.413036187554773,-0.50002499199110639,0,0,0,0,0,0.70705375281792171
2238,19.421714344098159,-0.50002499197848993,0,0,0,0,0,0.70705375281792171
2239,19.430392500641545,-0.50002499196602113,0,0,0,0,0,0.70705375281792171
2240,19.439070657184931,-0.50002499195370187,0,0,0,0,0,0.70705375281792171
2241,19.447748813728317,-0.50002499194153405,0,0,0,0,0,0.70705375281792171
2242,19.456426970271703,-0.50002499192951944,0,0,0,0,0,0.70705375281792171
2243,19.465105126815089,-0.50002499191766003,0,0,0,0,0,0.70705375281792171
2244,19.473783283358475,-0.50002499190595751,0,0,0,0,0,0.70705375281792171
2245,19.482461439901865,-0.50002499189441374,0,0,0,0,0,0.70705375281792171
2246,19.491139596445251,-0.50002499188303007,0,0,0,0,0,0.70705375281792149
2247,19.499817752988637,-0.50002499187180871,0,0,0,0,0,0.7070537528179216
2248,19.508495909532023,-0.50002499186075111,0,0,0,0,0,0.7070537528179216
2249,19.517174066075409,-0.50002499184985882,0,0,0,0,0,0.7070537528179216
2250,19.525852222618795,-0.50002499183913374,0,0,0,0,0,0.7070537528179216
2251,19.534530379162181,-0.50002499182857718,0,0,0,0,0,0.7070537528179216
2252,19.543208535705567,-0.50002499181819093,0,0,0,0,0,0.70705375281792171
2253,19.551886692248953,-0.50002499180797677,0,0,0,0,0,0.70705375281792171
2254,19.560564848792339,-0.5000249917979358,0,0,0,0,0,0.70705375281792171
2255,19.569243005335725,-0.50002499178806958,0,0,0,0,0,0.7070537528179216
2256,19.577921161879111,-0.50002499177838,0,0,0,0,0,0.7070537528179216
2257,19.586599318422497,-0.50002499176886817,0,0,0,0,0,0.7070537528179216
2258,19.595277474965883,-0.50002499175953563,0,0,0,0,0,0.70705375281792171
2259,19.603955631509269,-0.50002499175038384,0,0,0,0,0,0.7070537528179216
2260,19.612633788052655,-0.50002499174141402,0,0,0,0,0,0.70705375281792171
2261,19.621311944596041,-0.5000249917326276,0,0,0,0,0,0.7070537528179216
2262,19.629990101139427,-0.50002499172402592,0,0,0,0,0,0.7070537528179216
2263,19.638668257682813,-0.50002499171561021,0,0,0,0,0,0.70705375281792149
2264,19.647346414226199,-0.50002499170738179,0,0,0,0,0,0.7070537528179216
2265,19.656024570769585,-0.500024991699342,0,0,0,0,0,0.7070537528179216
2266,19.664702727312971,-0.50002499169149173,0,0,0,0,0,0.70705375281792171
2267,19.673380883856357,-0.50002499168383241,0,0,0,0,0,0.70705375281792171
2268,19.682059040399743,-0.50002499167636516,0,0,0,0,0,0.70705375281792171
2269,19.690737196943129,-0.50002499166909131,0,0,0,0,0,0.70705375281792171
2270,19.699415353486515,-0.50002499166201164,0,0,0,0,0,0.70705375281792182
2271,19.708093510029901,-0.50002499165512737,0,0,0,0,0,0.70705375281792171
2272,19.71677166657329,-0.50002499164843939,0,0,0,0,0,0.70705375281792171
2273,19.725449823116676,-0.5000249916419488,0,0,0,0,0,0.70705375281792182
2274,19.734127979660062,-0.50002499163565672,0,0,0,0,0,0.70705375281792171
2275,19.742806136203448,-0.50002499162956382,0,0,0,0,0,0.70705375281792182
2276,19.751484292746834,-0.5000249916236712,0,0,0,0,0,0.70705375281792171
2277,19.76016244929022,-0.50002499161798009,0,0,0,0,0,0.7070537528179216
2278,19.768840605833606,-0.50002499161249048,0,0,0,0,0,0.7070537528179216
2279,19.777518762376992,-0.50002499160720382,0,0,0,0,0,0.7070537528179216
2280,19.786196918920378,-0.50002499160212055,0,0,0,0,0,0.70705375281792171
2281,19.794875075463764,-0.50002499159724167,0,0,0,0,0,0.70705375281792182
2282,19.80355323200715,-0.50002499159256808,0,0,0,0,0,0.70705375281792182
2283,19.812231388550536,-0.50002499158810043,0,0,0,0,0,0.70705375281792171
2284,19.820909545093922,-0.50002499158383917,0,0,0,0,0,0.70705375281792171
2285,19.829587701637308,-0.50002499157978475,0,0,0,0,0,0.70705375281792171
2286,19.838265858180694,-0.50002499157593805,0,0,0,0,0,0.70705375281792182
2287,19.84694401472408,-0.50002499157229996,0,0,0,0,0,0.70705375281792182
2288,19.855622171267466,-0.50002499156887048,0,0,0,0,0,0.70705375281792182
2289,19.864300327810852,-0.5000249915656505,0,0,0,0,0,0.70705375281792182
2290,19.872978484354238,-0.50002499156264046,0,0,0,0,0,0.70705375281792182
2291,19.881656640897624,-0.50002499155984048,0,0,0,0,0,0.70705375281792182
2292,19.89033479744101,-0.50002499155725111,0,0,0,0,0,0.70705375281792182
2293,19.899012953984396,-0.50002499155487323,0,0,0,0,0,0.70705375281792182
2294,19.907691110527782,-0.50002499155270674,0,0,0,0,0,0.70705375281792182
2295,19.916369267071168,-0.50002499155075197,0,0,0,0,0,0.70705375281792182
2296,19.925047423614554,-0.50002499154900948,0,0,0,0,0,0.70705375281792193
2297,19.93372558015794,-0.50002499154747904,0,0,0,0,0,0.70705375281792193
2298,19.94240373670133,-0.50002499154616131,0,0,0,0,0,0.70705375281792193
2299,19.951081893244716,-0.50002499154505664,0,0,0,0,0,0.70705375281792193
2300,19.959760049788102,-0.50002499154416447,0,0,0,0,0,0.70705375281792193
2301,19.968438206331488,-0.50002499154348579,0,0,0,0,0,0.70705375281792182
2302,19.977116362874874,-0.50002499154302016,0,0,0,0,0,0.70705375281792182
2303,19.98579451941826,-0.50002499154276758,0,0,0,0,0,0.70705375281792193
2304,19.994472675961646,-0.50002499154272839,0,0,0,0,0,0.70705375281792182
2305,20.003150832505032,-0.50002499154290247,0,0,0,0,0,0.70705375281792193
2306,20.011828989048418,-0.50002499154328994,0,0,0,0,0,0.70705375281792204
2307,20.020507145591804,-0.5000249915438908,0,0,0,0,0,0.70705375281792193
2308,20.02918530213519,-0.50002499154470437,0,0,0,0,0,0.70705375281792193
2309,20.037863458678576,-0.50002499154573132,0,0,0,0,0,0.70705375281792182
2310,20.046541615221962,-0.500024991546971,0,0,0,0,0,0.70705375281792193
2311,20.055219771765348,-0.50002499154842339,0,0,0,0,0,0.70705375281792182
2312,20.063897928308734,-0.50002499155008806,0,0,0,0,0,0.70705375281792193
2313,20.07257608485212,-0.50002499155196511,0,0,0,0,0,0.70705375281792193
2314,20.081254241395506,-0.500024991554054,0,0,0,0,0,0.70705375281792182
2315,20.089932397938892,-0.50002499155635438,0,0,0,0,0,0.70705375281792182
2316,20.098610554482278,-0.50002499155886582,0,0,0,0,0,0.70705375281792182
2317,20.107288711025664,-0.50002499156158864,0,0,0,0,0,0.70705375281792182
2318,20.11596686756905,-0.50002499156452163,0,0,0,0,0,0.70705375281792182
2319,20.124645024112436,-0.50002499156766467,0,0,0,0,0,0.70705375281792182
2320,20.133323180655822,-0.50002499157101721,0,0,0,0,0,0.70705375281792182
2321,20.142001337199208,-0.50002499157457891,0,0,0,0,0,0.70705375281792182
2322,20.150679493742594,-0.50002499157834923,0,0,0,0,0,0.70705375281792182
2323,20.15935765028598,-0.50002499158232716,0,0,0,0,0,0.70705375281792193
2324,20.168035806829369,-0.50002499158651248,0,0,0,0,0,0.70705375281792182
2325,20.176713963372755,-0.50002499159090463,0,0,0,0,0,0.70705375281792193
2326,20.185392119916141,-0.50002499159550284,0,0,0,0,0,0.70705375281792182
2327,20.194070276459527,-0.50002499160030645,0,0,0,0,0,0.70705375281792193
2328,20.202748433002913,-0.50002499160531455,0,0,0,0,0,0.70705375281792182
2329,20.211426589546299,-0.50002499161052694,0,0,0,0,0,0.70705375281792193
2330,20.220104746089685,-0.50002499161594183,0,0,0,0,0,0.70705375281792193
2331,20.228782902633071,-0.50002499162155911,0,0,0,0,0,0.70705375281792193
2332,20.237461059176457,-0.50002499162737823,0,0,0,0,0,0.70705375281792204
2333,20.246139215719843,-0.50002499163339786,0,0,0,0,0,0.70705375281792193
2334,20.254817372263229,-0.50002499163961689,0,0,0,0,0,0.70705375281792204
2335,20.263495528806615,-0.50002499164603487,0,0,0,0,0,0.70705375281792204
2336,20.272173685350001,-0.50002499165265024,0,0,0,0,0,0.70705375281792193
2337,20.280851841893387,-0.50002499165946279,0,0,0,0,0,0.70705375281792193
2338,20.289529998436773,-0.50002499166647063,0,0,0,0,0,0.70705375281792193
2339,20.298208154980159,-0.50002499167367365,0,0,0,0,0,0.70705375281792193
2340,20.306886311523545,-0.50002499168107017,0,0,0,0,0,0.70705375281792193
2341,20.315564468066931,-0.50002499168865888,0,0,0,0,0,0.70705375281792193
2342,20.324242624610317,-0.50002499169643921,0,0,0,0,0,0.70705375281792193
2343,20.332920781153703,-0.5000249917044095,0,0,0,0,0,0.70705375281792182
2344,20.341598937697089,-0.50002499171256887,0,0,0,0,0,0.70705375281792182
2345,20.350277094240475,-0.50002499172091619,0,0,0,0,0,0.70705375281792193
2346,20.358955250783861,-0.5000249917294497,0,0,0,0,0,0.70705375281792182
2347,20.367633407327247,-0.5000249917381685,0,0,0,0,0,0.70705375281792182
2348,20.376311563870633,-0.50002499174707127,0,0,0,0,0,0.70705375281792182
2349,20.384989720414019,-0.50002499175615633,0,0,0,0,0,0.70705375281792193
2350,20.393667876957409,-0.5000249917654227,0,0,0,0,0,0.70705375281792193
2351,20.402346033500795,-0.50002499177486892,0,0,0,0,0,0.70705375281792193
2352,20.411024190044181,-0.50002499178449333,0,0,0,0,0,0.70705375281792204
2353,20.419702346587567,-0.50002499179429494,0,0,0,0,0,0.70705375281792193
2354,20.428380503130953,-0.50002499180427162,0,0,0,0,0,0.70705375281792204
2355,20.437058659674339,-0.50002499181442261,0,0,0,0,0,0.70705375281792204
2356,20.445736816217725,-0.50002499182474591,0,0,0,0,0,0.70705375281792193
2357,20.454414972761111,-0.50002499183524018,0,0,0,0,0,0.70705375281792193
2358,20.463093129304497,-0.50002499184590365,0,0,0,0,0,0.70705375281792193
2359,20.471771285847883,-0.50002499185673466,0,0,0,0,0,0.70705375281792193
2360,20.480449442391269,-0.50002499186773197,0,0,0,0,0,0.70705375281792193
2361,20.489127598934655,-0.50002499187889349,0,0,0,0,0,0.70705375281792193
2362,20.497805755478041,-0.50002499189021798,0,0,0,0,0,0.70705375281792193
2363,20.506483912021427,-0.50002499190170302,0,0,0,0,0,0.70705375281792193
2364,20.515162068564813,-0.50002499191334771,0,0,0,0,0,0.70705375281792193
2365,20.523840225108199,-0.50002499192514971,0,0,0,0,0,0.70705375281792193
2366,20.532518381651585,-0.5000249919371077,0,0,0,0,0,0.70705375281792204
2367,20.541196538194971,-0.50002499194921934,0,0,0,0,0,0.70705375281792204
2368,20.549874694738357,-0.5000249919614832,0,0,0,0,0,0.70705375281792193
2369,20.558552851281743,-0.50002499197389738,0,0,0,0,0,0.70705375281792204
2370,20.567231007825129,-0.50002499198646022,0,0,0,0,0,0.70705375281792193
2371,20.575909164368515,-0.50002499199916928,0,0,0,0,0,0.70705375281792193
2372,20.584587320911901,-0.50002499201202311,0,0,0,0,0,0.70705375281792193
2373,20.593265477455287,-0.50002499202501949,0,0,0,0,0,0.70705375281792193
2374,20.601943633998673,-0.50002499203815665,0,0,0,0,0,0.70705375281792193
2375,20.610621790542059,-0.50002499205143258,0,0,0,0,0,0.70705375281792193
2376,20.619299947085445,-0.50002499206484519,0,0,0,0,0,0.70705375281792193
2377,20.627978103628834,-0.50002499207839246,0,0,0,0,0,0.70705375281792193
2378,20.63665626017222,-0.50002499209207263,0,0,0,0,0,0.70705375281792182
2379,20.645334416715606,-0.50002499210588325,0,0,0,0,0,0.70705375281792182
2380,20.654012573258992,-0.50002499211982243,0,0,0,0,0,0.70705375281792193
2381,20.662690729802378,-0.50002499213388796,0,0,0,0,0,0.70705375281792193
2382,20.671368886345764,-0.50002499214807794,0,0,0,0,0,0.70705375281792193
2383,20.68004704288915,-0.50002499216239027,0,0,0,0,0,0.70705375281792182
2384,20.688725199432536,-0.50002499217682261,0,0,0,0,0,0.70705375281792182
2385,20.697403355975922,-0.50002499219137242,0,0,0,0,0,0.70705375281792182
2386,20.706081512519308,-0.50002499220603847,0,0,0,0,0,0.70705375281792193
2387,20.714759669062694,-0.50002499222081742,0,0,0,0,0,0.70705375281792193
2388,20.72343782560608,-0.50002499223570784,0,0,0,0,0,0.70705375281792193
2389,20.732115982149466,-0.5000249922507074,0,0,0,0,0,0.70705375281792193
2390,20.740794138692852,-0.50002499226581365,0,0,0,0,0,0.70705375281792182
2391,20.749472295236238,-0.50002499228102426,0,0,0,0,0,0.70705375281792193
2392,20.758150451779624,-0.5000249922963369,0,0,0,0,0,0.70705375281792182
2393,20.76682860832301,-0.50002499231174979,0,0,0,0,0,0.70705375281792193
2394,20.775506764866396,-0.50002499232726016,0,0,0,0,0,0.70705375281792182
2395,20.784184921409782,-0.50002499234286568,0,0,0,0,0,0.70705375281792171
2396,20.792863077953168,-0.5000249923585639,0,0,0,0,0,0.70705375281792182
2397,20.801541234496554,-0.50002499237435272,0,0,0,0,0,0.70705375281792182
2398,20.81021939103994,-0.50002499239022979,0,0,0,0,0,0.70705375281792171
2399,20.818897547583326,-0.50002499240619258,0,0,0,0,0,0.70705375281792182
2400,20.827575704126712,-0.50002499242223863,0,0,0,0,0,0.70705375281792193
2401,20.836253860670098,-0.50002499243836562,0,0,0,0,0,0.70705375281792182
2402,20.844932017213484,-0.50002499245457099,0,0,0,0,0,0.70705375281792193
2403,20.853610173756874,-0.50002499247085253,0,0,0,0,0,0.70705375281792193
2404,20.86228833030026,-0.50002499248720744,0,0,0,0,0,0.70705375281792193
2405,20.870966486843646,-0.50002499250363353,0,0,0,0,0,0.70705375281792193
2406,20.879644643387032,-0.50002499252012855,0,0,0,0,0,0.70705375281792193
2407,20.888322799930418,-0.50002499253668986,0,0,0,0,0,0.70705375281792193
2408,20.897000956473804,-0.50002499255331445,0,0,0,0,0,0.70705375281792193
2409,20.90567911301719,-0.50002499257000044,0,0,0,0,0,0.70705375281792204
2410,20.914357269560576,-0.50002499258674504,0,0,0,0,0,0.70705375281792204
2411,20.923035426103961,-0.50002499260354583,0,0,0,0,0,0.70705375281792204
2412,20.931713582647347,-0.50002499262040023,0,0,0,0,0,0.70705375281792193
2413,20.940391739190733,-0.50002499263730571,0,0,0,0,0,0.70705375281792193
2414,20.949069895734119,-0.50002499265425993,0,0,0,0,0,0.70705375281792182
2415,20.957748052277505,-0.50002499267125966,0,0,0,0,0,0.70705375281792193
2416,20.966426208820891,-0.50002499268830325,0,0,0,0,0,0.70705375281792182
2417,20.975104365364277,-0.50002499270538736,0,0,0,0,0,0.70705375281792193
2418,20.983782521907663,-0.50002499272251,0,0,0,0,0,0.70705375281792193
2419,20.992460678451049,-0.50002499273966805,0,0,0,0,0,0.70705375281792193
2420,21.001138834994435,-0.50002499275685919,0,0,0,0,0,0.70705375281792193
2421,21.009816991537821,-0.5000249927740813,0,0,0,0,0,0.70705375281792182
2422,21.018495148081207,-0.50002499279133095,0,0,0,0,0,0.70705375281792182
2423,21.027173304624593,-0.50002499280860624,0,0,0,0,0,0.70705375281792182
2424,21.035851461167979,-0.50002499282590396,0,0,0,0,0,0.70705375281792193
2425,21.044529617711365,-0.50002499284322188,0,0,0,0,0,0.70705375281792193
2426,21.053207774254751,-0.50002499286055735,0,0,0,0,0,0.70705375281792182
2427,21.061885930798137,-0.50002499287790769,0,0,0,0,0,0.70705375281792193
2428,21.070564087341523,-0.50002499289527025,0,0,0,0,0,0.70705375281792204
2429,21.079242243884913,-0.50002499291264257,0,0,0,0,0,0.70705375281792204
2430,21.087920400428299,-0.50002499293002212,0,0,0,0,0,0.70705375281792193
2431,21.096598556971685,-0.50002499294740577,0,0,0,0,0,0.70705375281792204
2432,21.105276713515071,-0.50002499296479164,0,0,0,0,0,0.70705375281792204
2433,21.113954870058457,-0.5000249929821764,0,0,0,0,0,0.70705375281792193
2434,21.122633026601843,-0.50002499299955805,0,0,0,0,0,0.70705375281792193
2435,21.131311183145229,-0.50002499301693359,0,0,0,0,0,0.70705375281792193
2436,21.139989339688615,-0.50002499303430037,0,0,0,0,0,0.70705375281792193
2437,21.148667496232001,-0.50002499305165604,0,0,0,0,0,0.70705375281792193
2438,21.157345652775387,-0.50002499306899761,0,0,0,0,0,0.70705375281792182
2439,21.166023809318773,-0.50002499308632264,0,0,0,0,0,0.70705375281792182
2440,21.174701965862159,-0.50002499310362891,0,0,0,0,0,0.70705375281792193
2441,21.183380122405545,-0.50002499312091309,0,0,0,0,0,0.70705375281792193
2442,21.192058278948931,-0.50002499313817328,0,0,0,0,0,0.70705375281792193
2443,21.200736435492317,-0.50002499315540616,0,0,0,0,0,0.70705375281792193
2444,21.209414592035703,-0.50002499317260951,0,0,0,0,0,0.70705375281792204
2445,21.218092748579089,-0.50002499318978133,0,0,0,0,0,0.70705375281792193
2446,21.226770905122475,-0.50002499320691807,0,0,0,0,0,0.70705375281792204
2447,21.235449061665861,-0.50002499322401761,0,0,0,0,0,0.70705375281792204
2448,21.244127218209247,-0.50002499324107708,0,0,0,0,0,0.70705375281792204
2449,21.252805374752633,-0.50002499325809435,0,0,0,0,0,0.70705375281792215
2450,21.261483531296019,-0.50002499327506666,0,0,0,0,0,0.70705375281792215
2451,21.270161687839405,-0.50002499329199146,0,0,0,0,0,0.70705375281792215
2452,21.278839844382791,-0.50002499330886607,0,0,0,0,0,0.70705375281792215
2453,21.287518000926177,-0.50002499332568817,0,0,0,0,0,0.70705375281792215
2454,21.296196157469563,-0.50002499334245498,0,0,0,0,0,0.70705375281792215
2455,21.304874314012952,-0.50002499335916406,0,0,0,0,0,0.70705375281792227
2456,21.313552470556338,-0.50002499337581297,0,0,0,0,0,0.70705375281792215
2457,21.322230627099724,-0.50002499339239914,0,0,0,0,0,0.70705375281792215
2458,21.33090878364311,-0.50002499340892015,0,0,0,0,0,0.70705375281792215
2459,21.339586940186496,-0.50002499342537376,0,0,0,0,0,0.70705375281792215
2460,21.348265096729882,-0.50002499344175688,0,0,0,0,0,0.70705375281792215
2461,21.356943253273268,-0.50002499345806717,0,0,0,0,0,0.70705375281792215
2462,21.365621409816654,-0.50002499347430263,0,0,0,0,0,0.70705375281792215
2463,21.37429956636004,-0.50002499349046059,0,0,0,0,0,0.70705375281792204
2464,21.382977722903426,-0.50002499350653795,0,0,0,0,0,0.70705375281792215
2465,21.391655879446812,-0.50002499352253338,0,0,0,0,0,0.70705375281792215
2466,21.400334035990198,-0.5000249935384441,0,0,0,0,0,0.70705375281792215
2467,21.409012192533584,-0.50002499355426733,0,0,0,0,0,0.70705375281792204
2468,21.41769034907697,-0.50002499357000096,0,0,0,0,0,0.70705375281792193
2469,21.426368505620356,-0.5000249935856429,0,0,0,0,0,0.70705375281792193
2470,21.435046662163742,-0.50002499360119024,0,0,0,0,0,0.70705375281792204
2471,21.443724818707128,-0.50002499361664066,0,0,0,0,0,0.70705375281792215
2472,21.452402975250514,-0.50002499363199249,0,0,0,0,0,0.70705375281792215
2473,21.4610811317939,-0.50002499364724273,0,0,0,0,0,0.70705375281792204
2474,21.469759288337286,-0.50002499366238951,0,0,0,0,0,0.70705375281792204
2475,21.478437444880672,-0.50002499367743058,0,0,0,0,0,0.70705375281792193
2476,21.487115601424058,-0.50002499369236308,0,0,0,0,0,0.70705375281792204
2477,21.495793757967444,-0.50002499370718501,0,0,0,0,0,0.70705375281792204
2478,21.50447191451083,-0.50002499372189479,0,0,0,0,0,0.70705375281792204
2479,21.513150071054216,-0.50002499373648934,0,0,0,0,0,0.70705375281792193
2480,21.521828227597602,-0.50002499375096698,0,0,0,0,0,0.70705375281792193
2481,21.530506384140988,-0.50002499376532528,0,0,0,0,0,0.70705375281792193
2482,21.539184540684378,-0.50002499377956211,0,0,0,0,0,0.70705375281792193
2483,21.547862697227764,-0.50002499379367549,0,0,0,0,0,0.70705375281792204
2484,21.55654085377115,-0.50002499380766308,0,0,0,0,0,0.70705375281792204
2485,21.565219010314536,-0.50002499382152299,0,0,0,0,0,0.70705375281792215
2486,21.573897166857922,-0.5000249938352529,0,0,0,0,0,0.70705375281792215
2487,21.582575323401308,-0.50002499384885069,0,0,0,0,0,0.70705375281792215
2488,21.591253479944694,-0.50002499386231469,0,0,0,0,0,0.70705375281792215
2489,21.59993163648808,-0.50002499387564259,0,0,0,0,0,0.70705375281792215
2490,21.608609793031466,-0.50002499388883237,0,0,0,0,0,0.70705375281792215
2491,21.617287949574852,-0.50002499390188226,0,0,0,0,0,0.70705375281792215
2492,21.625966106118238,-0.50002499391479005,0,0,0,0,0,0.70705375281792215
2493,21.634644262661624,-0.50002499392755373,0,0,0,0,0,0.70705375281792215
2494,21.64332241920501,-0.50002499394017197,0,0,0,0,0,0.70705375281792215
2495,21.652000575748396,-0.50002499395264199,0,0,0,0,0,0.70705375281792215
2496,21.660678732291782,-0.50002499396496258,0,0,0,0,0,0.70705375281792204
2497,21.669356888835168,-0.50002499397713163,0,0,0,0,0,0.70705375281792204
2498,21.678035045378554,-0.50002499398914724,0,0,0,0,0,0.70705375281792204
2499,21.68671320192194,-0.50002499400100775,0,0,0,0,0,0.70705375281792215
2500,21.695391358465326,-0.50002499401271139,0,0,0,0,0,0.70705375281792204
2501,21.704069515008712,-0.50002499402425615,0,0,0,0,0,0.70705375281792193
2502,21.712747671552098,-0.50002499403564049,0,0,0,0,0,0.70705375281792204
2503,21.721425828095484,-0.50002499404686263,0,0,0,0,0,0.70705375281792193
2504,21.73010398463887,-0.50002499405792122,0,0,0,0,0,0.70705375281792204
2505,21.738782141182256,-0.50002499406881351,0,0,0,0,0,0.70705375281792204
2506,21.747460297725642,-0.50002499407953938,0,0,0,0,0,0.70705375281792204
2507,21.756138454269028,-0.50002499409009604,0,0,0,0,0,0.70705375281792215
2508,21.764816610812417,-0.5000249941004824,0,0,0,0,0,0.70705375281792215
2509,21.773494767355803,-0.5000249941106969,0,0,0,0,0,0.70705375281792215
2510,21.782172923899189,-0.50002499412073809,0,0,0,0,0,0.70705375281792204
2511,21.790851080442575,-0.50002499413060397,0,0,0,0,0,0.70705375281792215
2512,21.799529236985961,-0.50002499414029355,0,0,0,0,0,0.70705375281792204
2513,21.808207393529347,-0.50002499414980517,0,0,0,0,0,0.70705375281792215
2514,21.816885550072733,-0.50002499415913715,0,0,0,0,0,0.70705375281792215
2515,21.825563706616119,-0.50002499416828838,0,0,0,0,0,0.70705375281792215
2516,21.834241863159505,-0.50002499417725776,0,0,0,0,0,0.70705375281792215
2517,21.842920019702891,-0.50002499418604329,0,0,0,0,0,0.70705375281792204
2518,21.851598176246277,-0.50002499419464397,0,0,0,0,0,0.70705375281792204
2519,21.860276332789663,-0.50002499420305868,0,0,0,0,0,0.70705375281792204
2520,21.868954489333049,-0.50002499421128577,0,0,0,0,0,0.70705375281792215
2521,21.877632645876435,-0.50002499421932456,0,0,0,0,0,0.70705375281792215
2522,21.886310802419821,-0.50002499422717339,0,0,0,0,0,0.70705375281792215
2523,21.894988958963207,-0.50002499423483093,0,0,0,0,0,0.70705375281792215
2524,21.903667115506593,-0.50002499424229629,0,0,0,0,0,0.70705375281792215
2525,21.912345272049979,-0.50002499424956848,0,0,0,0,0,0.70705375281792215
2526,21.921023428593365,-0.50002499425664615,0,0,0,0,0,0.70705375281792215
2527,21.929701585136751,-0.5000249942635282,0,0,0,0,0,0.70705375281792215
2528,21.938379741680137,-0.50002499427021385,0,0,0,0,0,0.70705375281792215
2529,21.947057898223523,-0.50002499427670188,0,0,0,0,0,0.70705375281792204
2530,21.955736054766909,-0.50002499428299152,0,0,0,0,0,0.70705375281792215
2531,21.964414211310295,-0.50002499428908165,0,0,0,0,0,0.70705375281792215
2532,21.973092367853681,-0.50002499429497127,0,0,0,0,0,0.70705375281792215
2533,21.981770524397067,-0.50002499430065961,0,0,0,0,0,0.70705375281792215
2534,21.990448680940457,-0.50002499430614611,0,0,0,0,0,0.70705375281792227
2535,21.999126837483843,-0.50002499431142922,0,0,0,0,0,0.70705375281792227
2536,22.007804994027229,-0.50002499431650893,0,0,0,0,0,0.70705375281792227
2537,22.016483150570615,-0.50002499432138392,0,0,0,0,0,0.70705375281792227
2538,22.025161307114001,-0.50002499432605374,0,0,0,0,0,0.70705375281792215
2539,22.033839463657387,-0.50002499433051761,0,0,0,0,0,0.70705375281792238
2540,22.042517620200773,-0.50002499433477454,0,0,0,0,0,0.70705375281792238
2541,22.051195776744159,-0.50002499433882452,0,0,0,0,0,0.70705375281792227
2542,22.059873933287545,-0.50002499434266678,0,0,0,0,0,0.70705375281792227
2543,22.068552089830931,-0.50002499434630021,0,0,0,0,0,0.70705375281792238
2544,22.077230246374317,-0.50002499434972481,0,0,0,0,0,0.70705375281792227
2545,22.085908402917703,-0.50002499435293968,0,0,0,0,0,0.70705375281792238
2546,22.094586559461089,-0.50002499435594472,0,0,0,0,0,0.70705375281792238
2547,22.103264716004475,-0.50002499435873926,0,0,0,0,0,0.70705375281792227
2548,22.111942872547861,-0.50002499436132297,0,0,0,0,0,0.70705375281792227
2549,22.120621029091247,-0.50002499436369541,0,0,0,0,0,0.70705375281792215
2550,22.129299185634633,-0.5000249943658559,0,0,0,0,0,0.70705375281792227
2551,22.137977342178019,-0.50002499436780501,0,0,0,0,0,0.70705375281792215
2552,22.146655498721405,-0.50002499436954106,0,0,0,0,0,0.70705375281792227
2553,22.155333655264791,-0.50002499437106485,0,0,0,0,0,0.70705375281792227
2554,22.164011811808177,-0.50002499437237613,0,0,0,0,0,0.70705375281792215
2555,22.172689968351563,-0.50002499437347447,0,0,0,0,0,0.70705375281792227
2556,22.181368124894949,-0.50002499437435977,0,0,0,0,0,0.70705375281792227
2557,22.190046281438335,-0.50002499437503156,0,0,0,0,0,0.70705375281792215
2558,22.198724437981721,-0.50002499437549008,0,0,0,0,0,0.70705375281792215
2559,22.207402594525107,-0.50002499437573533,0,0,0,0,0,0.70705375281792215
2560,22.216080751068496,-0.50002499437576708,0,0,0,0,0,0.70705375281792215
2561,22.224758907611882,-0.50002499437558523,0,0,0,0,0,0.70705375281792204
2562,22.233437064155268,-0.50002499437518999,0,0,0,0,0,0.70705375281792204
2563,22.242115220698654,-0.50002499437458114,0,0,0,0,0,0.70705375281792204
2564,22.25079337724204,-0.50002499437375936,0,0,0,0,0,0.70705375281792215
2565,22.259471533785426,-0.50002499437272441,0,0,0,0,0,0.70705375281792204
2566,22.268149690328812,-0.50002499437147629,0,0,0,0,0,0.70705375281792204
2567,22.276827846872198,-0.5000249943700158,0,0,0,0,0,0.70705375281792204
2568,22.285506003415584,-0.50002499436834213,0,0,0,0,0,0.70705375281792204
2569,22.29418415995897,-0.50002499436645631,0,0,0,0,0,0.70705375281792204
2570,22.302862316502356,-0.50002499436435821,0,0,0,0,0,0.70705375281792204
2571,22.311540473045742,-0.50002499436204895,0,0,0,0,0,0.70705375281792204
2572,22.320218629589128,-0.50002499435952785,0,0,0,0,0,0.70705375281792204
2573,22.328896786132514,-0.50002499435679604,0,0,0,0,0,0.70705375281792204
2574,22.3375749426759,-0.50002499435385306,0,0,0,0,0,0.70705375281792204
2575,22.346253099219286,-0.50002499435070047,0,0,0,0,0,0.70705375281792204
2576,22.354931255762672,-0.50002499434733816,0,0,0,0,0,0.70705375281792193
2577,22.363609412306058,-0.50002499434376646,0,0,0,0,0,0.70705375281792204
2578,22.372287568849444,-0.50002499433998637,0,0,0,0,0,0.70705375281792193
2579,22.38096572539283,-0.50002499433599779,0,0,0,0,0,0.70705375281792193
2580,22.389643881936216,-0.50002499433180203,0,0,0,0,0,0.70705375281792193
2581,22.398322038479602,-0.50002499432739955,0,0,0,0,0,0.70705375281792193
2582,22.407000195022988,-0.50002499432279068,0,0,0,0,0,0.70705375281792193
2583,22.415678351566374,-0.50002499431797631,0,0,0,0,0,0.70705375281792193
2584,22.42435650810976,-0.50002499431295722,0,0,0,0,0,0.70705375281792193
2585,22.433034664653146,-0.50002499430773462,0,0,0,0,0,0.70705375281792193
2586,22.441712821196532,-0.50002499430230818,0,0,0,0,0,0.70705375281792193
2587,22.450390977739922,-0.50002499429667946,0,0,0,0,0,0.70705375281792193
2588,22.459069134283308,-0.50002499429084946,0,0,0,0,0,0.70705375281792193
2589,22.467747290826694,-0.50002499428481861,0,0,0,0,0,0.70705375281792193
2590,22.47642544737008,-0.50002499427858826,0,0,0,0,0,0.70705375281792193
2591,22.485103603913466,-0.50002499427215885,0,0,0,0,0,0.70705375281792204
2592,22.493781760456852,-0.50002499426553182,0,0,0,0,0,0.70705375281792204
2593,22.502459917000238,-0.50002499425870761,0,0,0,0,0,0.70705375281792215
2594,22.511138073543624,-0.50002499425168767,0,0,0,0,0,0.70705375281792215
2595,22.51981623008701,-0.50002499424447322,0,0,0,0,0,0.70705375281792204
2596,22.528494386630395,-0.50002499423706503,0,0,0,0,0,0.70705375281792193
2597,22.537172543173781,-0.50002499422946445,0,0,0,0,0,0.70705375281792193
2598,22.545850699717167,-0.50002499422167213,0,0,0,0,0,0.70705375281792193
2599,22.554528856260553,-0.50002499421368984,0,0,0,0,0,0.70705375281792193
2600,22.563207012803939,-0.5000249942055186,0,0,0,0,0,0.70705375281792193
2601,22.571885169347325,-0.50002499419715929,0,0,0,0,0,0.70705375281792193
2602,22.580563325890711,-0.50002499418861346,0,0,0,0,0,0.70705375281792193
2603,22.589241482434097,-0.50002499417988222,0,0,0,0,0,0.70705375281792193
2604,22.597919638977483,-0.50002499417096757,0,0,0,0,0,0.70705375281792193
2605,22.606597795520869,-0.50002499416187018,0,0,0,0,0,0.70705375281792182
2606,22.615275952064255,-0.50002499415259116,0,0,0,0,0,0.70705375281792193
2607,22.623954108607641,-0.50002499414313273,0,0,0,0,0,0.70705375281792193
2608,22.632632265151027,-0.50002499413349621,0,0,0,0,0,0.70705375281792204
2609,22.641310421694413,-0.50002499412368218,0,0,0,0,0,0.70705375281792204
2610,22.649988578237799,-0.50002499411369294,0,0,0,0,0,0.70705375281792215
2611,22.658666734781185,-0.50002499410352974,0,0,0,0,0,0.70705375281792215
2612,22.667344891324571,-0.50002499409319423,0,0,0,0,0,0.70705375281792204
2613,22.676023047867961,-0.50002499408268775,0,0,0,0,0,0.70705375281792215
2614,22.684701204411347,-0.50002499407201184,0,0,0,0,0,0.70705375281792215
2615,22.693379360954733,-0.50002499406116852,0,0,0,0,0,0.70705375281792215
2616,22.702057517498119,-0.50002499405015921,0,0,0,0,0,0.70705375281792215
2617,22.710735674041505,-0.50002499403898526,0,0,0,0,0,0.70705375281792215
2618,22.719413830584891,-0.50002499402764877,0,0,0,0,0,0.70705375281792227
2619,22.728091987128277,-0.50002499401615119,0,0,0,0,0,0.70705375281792238
2620,22.736770143671663,-0.50002499400449474,0,0,0,0,0,0.70705375281792238
2621,22.745448300215049,-0.50002499399268041,0,0,0,0,0,0.70705375281792238
2622,22.754126456758435,-0.50002499398071087,0,0,0,0,0,0.70705375281792238
2623,22.762804613301821,-0.50002499396858702,0,0,0,0,0,0.70705375281792227
2624,22.771482769845207,-0.50002499395631128,0,0,0,0,0,0.70705375281792227
2625,22.780160926388593,-0.50002499394388533,0,0,0,0,0,0.70705375281792227
2626,22.788839082931979,-0.50002499393131106,0,0,0,0,0,0.70705375281792227
2627,22.797517239475365,-0.50002499391859034,0,0,0,0,0,0.70705375281792227
2628,22.806195396018751,-0.50002499390572497,0,0,0,0,0,0.70705375281792215
2629,22.814873552562137,-0.50002499389271682,0,0,0,0,0,0.70705375281792238
2630,22.823551709105523,-0.50002499387956822,0,0,0,0,0,0.70705375281792238
2631,22.832229865648909,-0.50002499386628108,0,0,0,0,0,0.70705375281792238
2632,22.840908022192295,-0.50002499385285737,0,0,0,0,0,0.70705375281792227
2633,22.849586178735681,-0.50002499383929899,0,0,0,0,0,0.70705375281792238
2634,22.858264335279067,-0.50002499382560806,0,0,0,0,0,0.70705375281792238
2635,22.866942491822453,-0.50002499381178622,0,0,0,0,0,0.70705375281792238
2636,22.875620648365839,-0.5000249937978366,0,0,0,0,0,0.70705375281792227
2637,22.884298804909225,-0.50002499378376009,0,0,0,0,0,0.70705375281792238
2638,22.892976961452611,-0.50002499376955967,0,0,0,0,0,0.70705375281792238
2639,22.901655117996,-0.50002499375523723,0,0,0,0,0,0.70705375281792238
2640,22.910333274539386,-0.50002499374079468,0,0,0,0,0,0.70705375281792227
2641,22.919011431082772,-0.50002499372623466,0,0,0,0,0,0.70705375281792227
2642,22.927689587626158,-0.50002499371155906,0,0,0,0,0,0.70705375281792215
2643,22.936367744169544,-0.50002499369677011,0,0,0,0,0,0.70705375281792227
2644,22.94504590071293,-0.5000249936818697,0,0,0,0,0,0.70705375281792238
2645,22.953724057256316,-0.50002499366686071,0,0,0,0,0,0.70705375281792238
2646,22.962402213799702,-0.50002499365174535,0,0,0,0,0,0.70705375281792238
2647,22.971080370343088,-0.50002499363652531,0,0,0,0,0,0.70705375281792238
2648,22.979758526886474,-0.50002499362120356,0,0,0,0,0,0.70705375281792227
2649,22.98843668342986,-0.5000249936057819,0,0,0,0,0,0.70705375281792238
2650,22.997114839973246,-0.50002499359026309,0,0,0,0,0,0.70705375281792227
2651,23.005792996516632,-0.50002499357464891,0,0,0,0,0,0.70705375281792238
2652,23.014471153060018,-0.50002499355894225,0,0,0,0,0,0.70705375281792238
2653,23.023149309603404,-0.50002499354314545,0,0,0,0,0,0.70705375281792238
2654,23.03182746614679,-0.50002499352726049,0,0,0,0,0,0.70705375281792238
2655,23.040505622690176,-0.50002499351129015,0,0,0,0,0,0.70705375281792227
2656,23.049183779233562,-0.50002499349523666,0,0,0,0,0,0.70705375281792215
2657,23.057861935776948,-0.50002499347910234,0,0,0,0,0,0.70705375281792215
2658,23.066540092320334,-0.50002499346288976,0,0,0,0,0,0.70705375281792215
2659,23.07521824886372,-0.50002499344660123,0,0,0,0,0,0.70705375281792215
2660,23.083896405407106,-0.50002499343023943,0,0,0,0,0,0.70705375281792215
2661,23.092574561950492,-0.50002499341380657,0,0,0,0,0,0.70705375281792227
2662,23.101252718493878,-0.50002499339730533,0,0,0,0,0,0.70705375281792238
2663,23.109930875037264,-0.50002499338073825,0,0,0,0,0,0.70705375281792238
2664,23.11860903158065,-0.50002499336410755,0,0,0,0,0,0.70705375281792238
2665,23.127287188124036,-0.50002499334741601,0,0,0,0,0,0.70705375281792227
2666,23.135965344667426,-0.50002499333066619,0,0,0,0,0,0.70705375281792227
2667,23.144643501210812,-0.5000249933138603,0,0,0,0,0,0.70705375281792227
2668,23.153321657754198,-0.5000249932970009,0,0,0,0,0,0.70705375281792215
2669,23.161999814297584,-0.50002499328009076,0,0,0,0,0,0.70705375281792227
2670,23.17067797084097,-0.50002499326313221,0,0,0,0,0,0.70705375281792227
2671,23.179356127384356,-0.50002499324612804,0,0,0,0,0,0.70705375281792227
2672,23.188034283927742,-0.50002499322908078,0,0,0,0,0,0.70705375281792215
2673,23.196712440471128,-0.50002499321199301,0,0,0,0,0,0.70705375281792215
2674,23.205390597014514,-0.50002499319486682,0,0,0,0,0,0.70705375281792215
2675,23.2140687535579,-0.50002499317770521,0,0,0,0,0,0.70705375281792215
2676,23.222746910101286,-0.50002499316051074,0,0,0,0,0,0.70705375281792215
2677,23.231425066644672,-0.5000249931432863,0,0,0,0,0,0.70705375281792215
2678,23.240103223188058,-0.50002499312603366,0,0,0,0,0,0.70705375281792238
2679,23.248781379731444,-0.50002499310875637,0,0,0,0,0,0.70705375281792227
2680,23.25745953627483,-0.50002499309145643,0,0,0,0,0,0.70705375281792249
2681,23.266137692818216,-0.50002499307413673,0,0,0,0,0,0.70705375281792238
2682,23.274815849361602,-0.5000249930567997,0,0,0,0,0,0.70705375281792238
2683,23.283494005904988,-0.50002499303944803,0,0,0,0,0,0.70705375281792227
2684,23.292172162448374,-0.50002499302208425,0,0,0,0,0,0.70705375281792238
2685,23.30085031899176,-0.50002499300471093,0,0,0,0,0,0.70705375281792238
2686,23.309528475535146,-0.50002499298733105,0,0,0,0,0,0.70705375281792238
2687,23.318206632078532,-0.50002499296994707,0,0,0,0,0,0.70705375281792238
2688,23.326884788621918,-0.50002499295256131,0,0,0,0,0,0.70705375281792227
2689,23.335562945165304,-0.50002499293517644,0,0,0,0,0,0.70705375281792238
2690,23.34424110170869,-0.50002499291779545,0,0,0,0,0,0.70705375281792238
2691,23.352919258252076,-0.50002499290042068,0,0,0,0,0,0.70705375281792238
2692,23.361597414795465,-0.50002499288305491,0,0,0,0,0,0.70705375281792238
2693,23.370275571338851,-0.50002499286570079,0,0,0,0,0,0.70705375281792238
2694,23.378953727882237,-0.50002499284836066,0,0,0,0,0,0.70705375281792238
2695,23.387631884425623,-0.50002499283103696,0,0,0,0,0,0.70705375281792249
2696,23.396310040969009,-0.5000249928137328,0,0,0,0,0,0.70705375281792249
2697,23.404988197512395,-0.50002499279645074,0,0,0,0,0,0.70705375281792238
2698,23.413666354055781,-0.50002499277919321,0,0,0,0,0,0.70705375281792238
2699,23.422344510599167,-0.50002499276196299,0,0,0,0,0,0.70705375281792238
2700,23.431022667142553,-0.50002499274476242,0,0,0,0,0,0.70705375281792227
2701,23.439700823685939,-0.50002499272759415,0,0,0,0,0,0.70705375281792215
2702,23.448378980229325,-0.50002499271046108,0,0,0,0,0,0.70705375281792215
2703,23.457057136772711,-0.50002499269336487,0,0,0,0,0,0.70705375281792227
2704,23.465735293316097,-0.50002499267630918,0,0,0,0,0,0.70705375281792227
2705,23.474413449859483,-0.50002499265929612,0,0,0,0,0,0.70705375281792215
2706,23.483091606402869,-0.50002499264232847,0,0,0,0,0,0.70705375281792215
2707,23.491769762946255,-0.50002499262540812,0,0,0,0,0,0.70705375281792215
2708,23.500447919489641,-0.50002499260853828,0,0,0,0,0,0.70705375281792227
2709,23.509126076033027,-0.5000249925917214,0,0,0,0,0,0.70705375281792227
2710,23.517804232576413,-0.5000249925749598,0,0,0,0,0,0.70705375281792227
2711,23.526482389119799,-0.50002499255825605,0,0,0,0,0,0.70705375281792227
2712,23.535160545663185,-0.50002499254161303,0,0,0,0,0,0.70705375281792227
2713,23.543838702206571,-0.50002499252503285,0,0,0,0,0,0.70705375281792215
2714,23.552516858749957,-0.50002499250851817,0,0,0,0,0,0.70705375281792215
2715,23.561195015293343,-0.50002499249207122,0,0,0,0,0,0.70705375281792215
2716,23.569873171836729,-0.50002499247569498,0,0,0,0,0,0.70705375281792204
2717,23.578551328380115,-0.50002499245939114,0,0,0,0,0,0.70705375281792215
2718,23.587229484923505,-0.50002499244316279,0,0,0,0,0,0.70705375281792227
2719,23.595907641466891,-0.50002499242701237,0,0,0,0,0,0.70705375281792215
2720,23.604585798010277,-0.500024992410942,0,0,0,0,0,0.70705375281792227
2721,23.613263954553663,-0.50002499239495446,0,0,0,0,0,0.70705375281792227
2722,23.621942111097049,-0.5000249923790514,0,0,0,0,0,0.70705375281792238
2723,23.630620267640435,-0.50002499236323605,0,0,0,0,0,0.70705375281792238
2724,23.639298424183821,-0.50002499234751085,0,0,0,0,0,0.70705375281792227
2725,23.647976580727207,-0.50002499233187758,0,0,0,0,0,0.70705375281792238
2726,23.656654737270593,-0.5000249923163389,0,0,0,0,0,0.70705375281792238
2727,23.665332893813979,-0.50002499230089681,0,0,0,0,0,0.70705375281792238
2728,23.674011050357365,-0.50002499228555419,0,0,0,0,0,0.70705375281792238
2729,23.682689206900751,-0.50002499227031305,0,0,0,0,0,0.70705375281792238
2730,23.691367363444137,-0.50002499225517549,0,0,0,0,0,0.70705375281792238
2731,23.700045519987523,-0.50002499224014418,0,0,0,0,0,0.70705375281792227
2732,23.708723676530909,-0.50002499222522134,0,0,0,0,0,0.70705375281792238
2733,23.717401833074295,-0.50002499221040886,0,0,0,0,0,0.70705375281792238
2734,23.726079989617681,-0.50002499219570939,0,0,0,0,0,0.70705375281792215
2735,23.734758146161067,-0.50002499218112473,0,0,0,0,0,0.70705375281792215
2736,23.743436302704453,-0.50002499216665752,0,0,0,0,0,0.70705375281792204
2737,23.752114459247839,-0.50002499215230967,0,0,0,0,0,0.70705375281792204
2738,23.760792615791225,-0.50002499213808305,0,0,0,0,0,0.70705375281792204
2739,23.769470772334611,-0.50002499212398044,0,0,0,0,0,0.70705375281792204
2740,23.778148928877997,-0.50002499211000329,0,0,0,0,0,0.70705375281792204
2741,23.786827085421383,-0.50002499209615436,0,0,0,0,0,0.70705375281792215
2742,23.795505241964769,-0.50002499208243534,0,0,0,0,0,0.70705375281792215
2743,23.804183398508155,-0.50002499206884832,0,0,0,0,0,0.70705375281792215
2744,23.812861555051544,-0.50002499205539563,0,0,0,0,0,0.70705375281792215
2745,23.82153971159493,-0.50002499204207895,0,0,0,0,0,0.70705375281792215
2746,23.830217868138316,-0.50002499202890038,0,0,0,0,0,0.70705375281792215
2747,23.838896024681702,-0.50002499201586215,0,0,0,0,0,0.70705375281792215
2748,23.847574181225088,-0.5000249920029658,0,0,0,0,0,0.70705375281792215
2749,23.856252337768474,-0.50002499199021377,0,0,0,0,0,0.70705375281792215
2750,23.86493049431186,-0.50002499197760741,0,0,0,0,0,0.70705375281792215
2751,23.873608650855246,-0.50002499196514893,0,0,0,0,0,0.70705375281792215
2752,23.882286807398632,-0.50002499195284045,0,0,0,0,0,0.70705375281792215
2753,23.890964963942018,-0.50002499194068339,0,0,0,0,0,0.70705375281792215
2754,23.899643120485404,-0.50002499192867955,0,0,0,0,0,0.70705375281792215
2755,23.90832127702879,-0.50002499191683114,0,0,0,0,0,0.70705375281792215
2756,23.916999433572176,-0.5000249919051396,0,0,0,0,0,0.70705375281792215
2757,23.925677590115562,-0.50002499189360694,0,0,0,0,0,0.70705375281792215
2758,23.934355746658948,-0.50002499188223459,0,0,0,0,0,0.70705375281792215
2759,23.943033903202334,-0.50002499187102467,0,0,0,0,0,0.70705375281792215
2760,23.95171205974572,-0.50002499185997873,0,0,0,0,0,0.70705375281792215
2761,23.960390216289106,-0.5000249918490981,0,0,0,0,0,0.70705375281792215
2762,23.969068372832492,-0.50002499183838467,0,0,0,0,0,0.70705375281792215
2763,23.977746529375878,-0.5000249918278401,0,0,0,0,0,0.70705375281792215
2764,23.986424685919264,-0.50002499181746618,0,0,0,0,0,0.70705375281792215
2765,23.99510284246265,-0.50002499180726401,0,0,0,0,0,0.70705375281792215
2766,24.003780999006036,-0.50002499179723514,0,0,0,0,0,0.70705375281792215
2767,24.012459155549422,-0.50002499178738147,0,0,0,0,0,0.70705375281792215
2768,24.021137312092808,-0.50002499177770421,0,0,0,0,0,0.70705375281792215
2769,24.029815468636194,-0.50002499176820514,0,0,0,0,0,0.70705375281792227
2770,24.03849362517958,-0.50002499175888504,0,0,0,0,0,0.70705375281792215
2771,24.04717178172297,-0.50002499174974591,0,0,0,0,0,0.70705375281792215
2772,24.055849938266356,-0.50002499174078929,0,0,0,0,0,0.70705375281792215
2773,24.064528094809742,-0.50002499173201564,0,0,0,0,0,0.70705375281792215
2774,24.073206251353128,-0.50002499172342696,0,0,0,0,0,0.70705375281792215
2775,24.081884407896514,-0.50002499171502446,0,0,0,0,0,0.70705375281792215
2776,24.0905625644399,-0.50002499170680936,0,0,0,0,0,0.70705375281792215
2777,24.099240720983286,-0.50002499169878289,0,0,0,0,0,0.70705375281792215
2778,24.107918877526672,-0.50002499169094616,0,0,0,0,0,0.70705375281792215
2779,24.116597034070058,-0.5000249916833005,0,0,0,0,0,0.70705375281792204
2780,24.125275190613443,-0.50002499167584691,0,0,0,0,0,0.70705375281792215
2781,24.133953347156829,-0.50002499166858649,0,0,0,0,0,0.70705375281792204
2782,24.142631503700215,-0.50002499166152037,0,0,0,0,0,0.70705375281792215
2783,24.151309660243601,-0.50002499165464998,0,0,0,0,0,0.70705375281792204
2784,24.159987816786987,-0.50002499164797598,0,0,0,0,0,0.70705375281792193
2785,24.168665973330373,-0.50002499164149916,0,0,0,0,0,0.70705375281792204
2786,24.177344129873759,-0.50002499163522118,0,0,0,0,0,0.70705375281792193
2787,24.186022286417145,-0.50002499162914238,0,0,0,0,0,0.70705375281792193
2788,24.194700442960531,-0.50002499162326397,0,0,0,0,0,0.70705375281792204
2789,24.203378599503917,-0.50002499161758696,0,0,0,0,0,0.70705375281792193
2790,24.212056756047303,-0.50002499161211167,0,0,0,0,0,0.70705375281792193
2791,24.220734912590689,-0.50002499160683922,0,0,0,0,0,0.70705375281792193
2792,24.229413069134075,-0.50002499160177027,0,0,0,0,0,0.70705375281792182
2793,24.238091225677461,-0.50002499159690594,0,0,0,0,0,0.70705375281792204
2794,24.246769382220847,-0.50002499159224689,0,0,0,0,0,0.70705375281792193
2795,24.255447538764233,-0.50002499158779345,0,0,0,0,0,0.70705375281792193
2796,24.264125695307619,-0.50002499158354663,0,0,0,0,0,0.70705375281792204
2797,24.272803851851009,-0.50002499157950697,0,0,0,0,0,0.70705375281792193
2798,24.281482008394395,-0.50002499157567504,0,0,0,0,0,0.70705375281792193
2799,24.290160164937781,-0.50002499157205171,0,0,0,0,0,0.70705375281792193
2800,24.298838321481167,-0.500024991568637,0,0,0,0,0,0.70705375281792193
2801,24.307516478024553,-0.50002499156543168,0,0,0,0,0,0.70705375281792193
2802,24.316194634567939,-0.50002499156243629,0,0,0,0,0,0.70705375281792193
2803,24.324872791111325,-0.50002499155965097,0,0,0,0,0,0.70705375281792204
2804,24.333550947654711,-0.50002499155707691,0,0,0,0,0,0.70705375281792204
2805,24.342229104198097,-0.50002499155471369,0,0,0,0,0,0.70705375281792204
2806,24.350907260741483,-0.50002499155256208,0,0,0,0,0,0.70705375281792204
2807,24.359585417284869,-0.5000249915506223,0,0,0,0,0,0.70705375281792204
2808,24.368263573828255,-0.50002499154889457,0,0,0,0,0,0.70705375281792193
2809,24.376941730371641,-0.50002499154737923,0,0,0,0,0,0.70705375281792193
2810,24.385619886915027,-0.50002499154607649,0,0,0,0,0,0.70705375281792204
2811,24.394298043458413,-0.50002499154498659,0,0,0,0,0,0.70705375281792215
2812,24.402976200001799,-0.5000249915441094,0,0,0,0,0,0.70705375281792204
2813,24.411654356545185,-0.5000249915434456,0,0,0,0,0,0.70705375281792204
2814,24.420332513088571,-0.50002499154299496,0,0,0,0,0,0.70705375281792204
2815,24.429010669631957,-0.50002499154275759,0,0,0,0,0,0.70705375281792215
2816,24.437688826175343,-0.50002499154273328,0,0,0,0,0,0.70705375281792215
2817,24.446366982718729,-0.50002499154292246,0,0,0,0,0,0.70705375281792215
2818,24.455045139262115,-0.50002499154332491,0,0,0,0,0,0.70705375281792227
2819,24.463723295805501,-0.50002499154394053,0,0,0,0,0,0.70705375281792215
2820,24.472401452348887,-0.50002499154476943,0,0,0,0,0,0.70705375281792227
2821,24.481079608892273,-0.50002499154581104,0,0,0,0,0,0.70705375281792227
2822,24.489757765435659,-0.50002499154706559,0,0,0,0,0,0.70705375281792215
2823,24.498435921979048,-0.50002499154853297,0,0,0,0,0,0.70705375281792227
2824,24.507114078522434,-0.50002499155021263,0,0,0,0,0,0.70705375281792227
2825,24.51579223506582,-0.50002499155210445,0,0,0,0,0,0.70705375281792227
2826,24.524470391609206,-0.5000249915542081,0,0,0,0,0,0.70705375281792227
2827,24.533148548152592,-0.50002499155652336,0,0,0,0,0,0.70705375281792238
2828,24.541826704695978,-0.50002499155904989,0,0,0,0,0,0.70705375281792238
2829,24.550504861239364,-0.50002499156178737,0,0,0,0,0,0.70705375281792238
2830,24.55918301778275,-0.50002499156473501,0,0,0,0,0,0.70705375281792238
2831,24.567861174326136,-0.50002499156789282,0,0,0,0,0,0.70705375281792238
2832,24.576539330869522,-0.50002499157126001,0,0,0,0,0,0.70705375281792238
2833,24.585217487412908,-0.50002499157483671,0,0,0,0,0,0.70705375281792227
2834,24.593895643956294,-0.50002499157862146,0,0,0,0,0,0.70705375281792227
2835,24.60257380049968,-0.50002499158261404,0,0,0,0,0,0.70705375281792238
2836,24.611251957043066,-0.50002499158681424,0,0,0,0,0,0.70705375281792227
2837,24.619930113586452,-0.50002499159122071,0,0,0,0,0,0.70705375281792227
2838,24.628608270129838,-0.50002499159583347,0,0,0,0,0,0.70705375281792227
2839,24.637286426673224,-0.5000249916006515,0,0,0,0,0,0.70705375281792227
2840,24.64596458321661,-0.50002499160567437,0,0,0,0,0,0.70705375281792215
2841,24.654642739759996,-0.50002499161090042,0,0,0,0,0,0.70705375281792215
2842,24.663320896303382,-0.50002499161633007,0,0,0,0,0,0.70705375281792227
2843,24.671999052846768,-0.50002499162196168,0,0,0,0,0,0.70705375281792215
2844,24.680677209390154,-0.50002499162779457,0,0,0,0,0,0.70705375281792227
2845,24.68935536593354,-0.50002499163382841,0,0,0,0,0,0.70705375281792227
2846,24.698033522476926,-0.50002499164006131,0,0,0,0,0,0.70705375281792238
2847,24.706711679020312,-0.50002499164649294,0,0,0,0,0,0.70705375281792238
2848,24.715389835563698,-0.50002499165312253,0,0,0,0,0,0.70705375281792238
2849,24.724067992107088,-0.50002499165994863,0,0,0,0,0,0.70705375281792238
2850,24.732746148650474,-0.50002499166697045,0,0,0,0,0,0.70705375281792249
2851,24.74142430519386,-0.5000249916741869,0,0,0,0,0,0.70705375281792249
2852,24.750102461737246,-0.50002499168159664,0,0,0,0,0,0.70705375281792249
2853,24.758780618280632,-0.50002499168919901,0,0,0,0,0,0.7070537528179226
2854,24.767458774824018,-0.50002499169699255,0,0,0,0,0,0.7070537528179226
2855,24.776136931367404,-0.50002499170497616,0,0,0,0,0,0.7070537528179226
2856,24.78481508791079,-0.50002499171314907,0,0,0,0,0,0.70705375281792271
2857,24.793493244454176,-0.50002499172150916,0,0,0,0,0,0.70705375281792271
2858,24.802171400997562,-0.50002499173005588,0,0,0,0,0,0.7070537528179226
2859,24.810849557540948,-0.50002499173878778,0,0,0,0,0,0.7070537528179226
2860,24.819527714084334,-0.5000249917477031,0,0,0,0,0,0.70705375281792271
2861,24.82820587062772,-0.50002499175680126,0,0,0,0,0,0.70705375281792271
2862,24.836884027171106,-0.50002499176608017,0,0,0,0,0,0.7070537528179226
2863,24.845562183714492,-0.50002499177553938,0,0,0,0,0,0.7070537528179226
2864,24.854240340257878,-0.50002499178517623,0,0,0,0,0,0.7070537528179226
2865,24.862918496801264,-0.50002499179499016,0,0,0,0,0,0.7070537528179226
2866,24.87159665334465,-0.50002499180497928,0,0,0,0,0,0.7070537528179226
2867,24.880274809888036,-0.50002499181514271,0,0,0,0,0,0.7070537528179226
2868,24.888952966431422,-0.50002499182547788,0,0,0,0,0,0.7070537528179226
2869,24.897631122974808,-0.50002499183598392,0,0,0,0,0,0.70705375281792249
2870,24.906309279518194,-0.50002499184665938,0,0,0,0,0,0.7070537528179226
2871,24.91498743606158,-0.50002499185750238,0,0,0,0,0,0.7070537528179226
2872,24.923665592604966,-0.50002499186851113,0,0,0,0,0,0.70705375281792249
2873,24.932343749148352,-0.50002499187968397,0,0,0,0,0,0.70705375281792249
2874,24.941021905691738,-0.50002499189101968,0,0,0,0,0,0.70705375281792249
2875,24.949700062235124,-0.50002499190251637,0,0,0,0,0,0.7070537528179226
2876,24.958378218778513,-0.50002499191417216,0,0,0,0,0,0.70705375281792238
2877,24.967056375321899,-0.50002499192598515,0,0,0,0,0,0.70705375281792238
2878,24.975734531865285,-0.50002499193795402,0,0,0,0,0,0.70705375281792238
2879,24.984412688408671,-0.50002499195007666,0,0,0,0,0,0.70705375281792238
2880,24.993090844952057,-0.50002499196235128,0,0,0,0,0,0.70705375281792238
2881,25.001769001495443,-0.50002499197477579,0,0,0,0,0,0.70705375281792238
2882,25.010447158038829,-0.50002499198734873,0,0,0,0,0,0.70705375281792227
2883,25.019125314582215,-0.50002499200006834,0,0,0,0,0,0.70705375281792227
2884,25.027803471125601,-0.50002499201293227,0,0,0,0,0,0.70705375281792238
2885,25.036481627668987,-0.50002499202593853,0,0,0,0,0,0.70705375281792238
2886,25.045159784212373,-0.50002499203908546,0,0,0,0,0,0.70705375281792227
2887,25.053837940755759,-0.50002499205237094,0,0,0,0,0,0.70705375281792227
2888,25.062516097299145,-0.50002499206579332,0,0,0,0,0,0.70705375281792238
2889,25.071194253842531,-0.50002499207934981,0,0,0,0,0,0.70705375281792238
2890,25.079872410385917,-0.5000249920930393,0,0,0,0,0,0.70705375281792227
2891,25.088550566929303,-0.50002499210685891,0,0,0,0,0,0.70705375281792238
2892,25.097228723472689,-0.5000249921208072,0,0,0,0,0,0.70705375281792238
2893,25.105906880016075,-0.5000249921348815,0,0,0,0,0,0.70705375281792238
2894,25.114585036559461,-0.50002499214908036,0,0,0,0,0,0.70705375281792227
2895,25.123263193102847,-0.50002499216340091,0,0,0,0,0,0.70705375281792227
2896,25.131941349646233,-0.50002499217784169,0,0,0,0,0,0.70705375281792227
2897,25.140619506189619,-0.50002499219239971,0,0,0,0,0,0.70705375281792227
2898,25.149297662733005,-0.50002499220707364,0,0,0,0,0,0.70705375281792227
2899,25.157975819276391,-0.50002499222186081,0,0,0,0,0,0.70705375281792227
2900,25.166653975819777,-0.500024992236759,0,0,0,0,0,0.70705375281792227
2901,25.175332132363163,-0.50002499225176611,0,0,0,0,0,0.70705375281792215
2902,25.184010288906553,-0.50002499226687958,0,0,0,0,0,0.70705375281792227
2903,25.192688445449939,-0.5000249922820974,0,0,0,0,0,0.70705375281792227
2904,25.201366601993325,-0.50002499229741737,0,0,0,0,0,0.70705375281792227
2905,25.210044758536711,-0.50002499231283715,0,0,0,0,0,0.70705375281792215
2906,25.218722915080097,-0.50002499232835451,0,0,0,0,0,0.70705375281792215
2907,25.227401071623483,-0.50002499234396636,0,0,0,0,0,0.70705375281792227
2908,25.236079228166869,-0.50002499235967135,0,0,0,0,0,0.70705375281792215
2909,25.244757384710255,-0.50002499237546627,0,0,0,0,0,0.70705375281792215
2910,25.253435541253641,-0.50002499239134945,0,0,0,0,0,0.70705375281792227
2911,25.262113697797027,-0.50002499240731824,0,0,0,0,0,0.70705375281792215
2912,25.270791854340413,-0.50002499242337006,0,0,0,0,0,0.70705375281792227
2913,25.279470010883799,-0.50002499243950238,0,0,0,0,0,0.70705375281792227
2914,25.288148167427185,-0.50002499245571341,0,0,0,0,0,0.70705375281792227
2915,25.296826323970571,-0.50002499247199994,0,0,0,0,0,0.70705375281792227
2916,25.305504480513957,-0.5000249924883603,0,0,0,0,0,0.70705375281792227
2917,25.314182637057343,-0.50002499250479149,0,0,0,0,0,0.70705375281792238
2918,25.322860793600729,-0.50002499252129107,0,0,0,0,0,0.70705375281792249
2919,25.331538950144115,-0.50002499253785671,0,0,0,0,0,0.70705375281792249
2920,25.340217106687501,-0.50002499255448551,0,0,0,0,0,0.70705375281792249
2921,25.348895263230887,-0.50002499257117572,0,0,0,0,0,0.70705375281792249
2922,25.357573419774273,-0.50002499258792432,0,0,0,0,0,0.70705375281792249
2923,25.366251576317659,-0.5000249926047291,0,0,0,0,0,0.70705375281792249
2924,25.374929732861045,-0.50002499262158728,0,0,0,0,0,0.70705375281792249
2925,25.383607889404431,-0.50002499263849598,0,0,0,0,0,0.70705375281792249
2926,25.392286045947817,-0.50002499265545342,0,0,0,0,0,0.7070537528179226
2927,25.400964202491203,-0.50002499267245615,0,0,0,0,0,0.7070537528179226
2928,25.409642359034592,-0.50002499268950251,0,0,0,0,0,0.7070537528179226
2929,25.418320515577978,-0.5000249927065894,0,0,0,0,0,0.70705375281792271
2930,25.426998672121364,-0.50002499272371459,0,0,0,0,0,0.7070537528179226
2931,25.43567682866475,-0.50002499274087531,0,0,0,0,0,0.7070537528179226
2932,25.444354985208136,-0.50002499275806866,0,0,0,0,0,0.7070537528179226
2933,25.453033141751522,-0.50002499277529266,0,0,0,0,0,0.7070537528179226
2934,25.461711298294908,-0.5000249927925442,0,0,0,0,0,0.7070537528179226
2935,25.470389454838294,-0.50002499280982082,0,0,0,0,0,0.70705375281792271
2936,25.47906761138168,-0.50002499282712021,0,0,0,0,0,0.70705375281792282
2937,25.487745767925066,-0.5000249928444398,0,0,0,0,0,0.7070537528179226
2938,25.496423924468452,-0.50002499286177637,0,0,0,0,0,0.7070537528179226
2939,25.505102081011838,-0.50002499287912783,0,0,0,0,0,0.7070537528179226
2940,25.513780237555224,-0.50002499289649116,0,0,0,0,0,0.7070537528179226
2941,25.52245839409861,-0.50002499291386393,0,0,0,0,0,0.70705375281792271
2942,25.531136550641996,-0.50002499293124403,0,0,0,0,0,0.7070537528179226
2943,25.539814707185382,-0.50002499294862801,0,0,0,0,0,0.7070537528179226
2944,25.548492863728768,-0.50002499296601388,0,0,0,0,0,0.7070537528179226
2945,25.557171020272154,-0.50002499298339864,0,0,0,0,0,0.7070537528179226
2946,25.56584917681554,-0.50002499300077974,0,0,0,0,0,0.70705375281792249
2947,25.574527333358926,-0.50002499301815473,0,0,0,0,0,0.7070537528179226
2948,25.583205489902312,-0.5000249930355205,0,0,0,0,0,0.70705375281792271
2949,25.591883646445698,-0.50002499305287529,0,0,0,0,0,0.70705375281792249
2950,25.600561802989084,-0.50002499307021564,0,0,0,0,0,0.7070537528179226
2951,25.60923995953247,-0.50002499308754,0,0,0,0,0,0.7070537528179226
2952,25.617918116075856,-0.50002499310484438,0,0,0,0,0,0.70705375281792249
2953,25.626596272619242,-0.50002499312212723,0,0,0,0,0,0.70705375281792249
2954,25.635274429162632,-0.50002499313938553,0,0,0,0,0,0.70705375281792249
2955,25.643952585706018,-0.50002499315661675,0,0,0,0,0,0.70705375281792249
2956,25.652630742249404,-0.50002499317381799,0,0,0,0,0,0.70705375281792249
2957,25.66130889879279,-0.50002499319098703,0,0,0,0,0,0.70705375281792249
2958,25.669987055336176,-0.50002499320812144,0,0,0,0,0,0.70705375281792249
2959,25.678665211879562,-0.50002499322521832,0,0,0,0,0,0.70705375281792249
2960,25.687343368422948,-0.50002499324227523,0,0,0,0,0,0.70705375281792249
2961,25.696021524966334,-0.50002499325928906,0,0,0,0,0,0.70705375281792249
2962,25.70469968150972,-0.50002499327625827,0,0,0,0,0,0.7070537528179226
2963,25.713377838053106,-0.5000249932931794,0,0,0,0,0,0.7070537528179226
2964,25.722055994596492,-0.50002499331005057,0,0,0,0,0,0.7070537528179226
2965,25.730734151139877,-0.50002499332686878,0,0,0,0,0,0.70705375281792249
2966,25.739412307683263,-0.5000249933436316,0,0,0,0,0,0.70705375281792249
2967,25.748090464226649,-0.50002499336033657,0,0,0,0,0,0.7070537528179226
2968,25.756768620770035,-0.50002499337698114,0,0,0,0,0,0.70705375281792271
2969,25.765446777313421,-0.50002499339356277,0,0,0,0,0,0.70705375281792271
2970,25.774124933856807,-0.50002499341007911,0,0,0,0,0,0.70705375281792271
2971,25.782803090400193,-0.50002499342652729,0,0,0,0,0,0.70705375281792282
2972,25.791481246943579,-0.50002499344290552,0,0,0,0,0,0.70705375281792271
2973,25.800159403486965,-0.5000249934592107,0,0,0,0,0,0.70705375281792282
2974,25.808837560030351,-0.50002499347544049,0,0,0,0,0,0.70705375281792282
2975,25.817515716573737,-0.5000249934915928,0,0,0,0,0,0.70705375281792282
2976,25.826193873117123,-0.50002499350766505,0,0,0,0,0,0.70705375281792282
2977,25.834872029660509,-0.50002499352365448,0,0,0,0,0,0.70705375281792282
2978,25.843550186203895,-0.50002499353955898,0,0,0,0,0,0.70705375281792293
2979,25.852228342747281,-0.500024993555376,0,0,0,0,0,0.70705375281792282
2980,25.860906499290667,-0.5000249935711033,0,0,0,0,0,0.70705375281792282
2981,25.869584655834057,-0.50002499358673835,0,0,0,0,0,0.70705375281792293
2982,25.878262812377443,-0.50002499360227926,0,0,0,0,0,0.70705375281792282
2983,25.886940968920829,-0.5000249936177229,0,0,0,0,0,0.70705375281792282
2984,25.895619125464215,-0.5000249936330674,0,0,0,0,0,0.70705375281792282
2985,25.904297282007601,-0.50002499364831066,0,0,0,0,0,0.70705375281792271
2986,25.912975438550987,-0.50002499366345021,0,0,0,0,0,0.70705375281792271
2987,25.921653595094373,-0.50002499367848341,0,0,0,0,0,0.70705375281792271
2988,25.930331751637759,-0.50002499369340836,0,0,0,0,0,0.70705375281792271
2989,25.939009908181145,-0.50002499370822262,0,0,0,0,0,0.7070537528179226
2990,25.947688064724531,-0.50002499372292419,0,0,0,0,0,0.7070537528179226
2991,25.956366221267917,-0.50002499373751064,0,0,0,0,0,0.70705375281792271
2992,25.965044377811303,-0.50002499375198006,0,0,0,0,0,0.70705375281792271
2993,25.973722534354689,-0.5000249937663297,0,0,0,0,0,0.70705375281792271
2994,25.982400690898075,-0.50002499378055809,0,0,0,0,0,0.70705375281792271
2995,25.991078847441461,-0.5000249937946627,0,0,0,0,0,0.70705375281792271
2996,25.999757003984847,-0.5000249938086414,0,0,0,0,0,0.70705375281792271
2997,26.008435160528233,-0.5000249938224921,0,0,0,0,0,0.70705375281792271
2998,26.017113317071619,-0.50002499383621268,0,0,0,0,0,0.70705375281792271
2999,26.025791473615005,-0.50002499384980159,0,0,0,0,0,0.7070537528179226
3000,26.034469630158391,-0.50002499386325594,0,0,0,0,0,0.7070537528179226
3001,26.043147786701777,-0.50002499387657418,0,0,0,0,0,0.7070537528179226
3002,26.051825943245163,-0.50002499388975452,0,0,0,0,0,0.7070537528179226
3003,26.060504099788549,-0.50002499390279431,0,0,0,0,0,0.7070537528179226
3004,26.069182256331935,-0.50002499391569211,0,0,0,0,0,0.70705375281792249
3005,26.077860412875321,-0.50002499392844579,0,0,0,0,0,0.7070537528179226
3006,26.086538569418707,-0.50002499394105338,0,0,0,0,0,0.7070537528179226
3007,26.095216725962096,-0.50002499395351307,0,0,0,0,0,0.7070537528179226
3008,26.103894882505482,-0.50002499396582301,0,0,0,0,0,0.70705375281792249
3009,26.112573039048868,-0.50002499397798128,0,0,0,0,0,0.70705375281792238
3010,26.121251195592254,-0.50002499398998623,0,0,0,0,0,0.70705375281792238
3011,26.12992935213564,-0.50002499400183553,0,0,0,0,0,0.70705375281792238
3012,26.138607508679026,-0.50002499401352818,0,0,0,0,0,0.70705375281792249
3013,26.147285665222412,-0.50002499402506162,0,0,0,0,0,0.70705375281792249
3014,26.155963821765798,-0.50002499403643452,0,0,0,0,0,0.70705375281792238
3015,26.164641978309184,-0.50002499404764555,0,0,0,0,0,0.70705375281792249
3016,26.17332013485257,-0.50002499405869205,0,0,0,0,0,0.70705375281792238
3017,26.181998291395956,-0.50002499406957335,0,0,0,0,0,0.70705375281792238
3018,26.190676447939342,-0.50002499408028678,0,0,0,0,0,0.7070537528179226
3019,26.199354604482728,-0.50002499409083168,0,0,0,0,0,0.70705375281792249
3020,26.208032761026114,-0.50002499410120582,0,0,0,0,0,0.7070537528179226
3021,26.2167109175695,-0.50002499411140833,0,0,0,0,0,0.7070537528179226
3022,26.225389074112886,-0.50002499412143719,0,0,0,0,0,0.7070537528179226
3023,26.234067230656272,-0.50002499413129065,0,0,0,0,0,0.7070537528179226
3024,26.242745387199658,-0.50002499414096779,0,0,0,0,0,0.7070537528179226
3025,26.251423543743044,-0.50002499415046664,0,0,0,0,0,0.70705375281792249
3026,26.26010170028643,-0.50002499415978641,0,0,0,0,0,0.70705375281792249
3027,26.268779856829816,-0.50002499416892487,0,0,0,0,0,0.70705375281792249
3028,26.277458013373202,-0.50002499417788104,0,0,0,0,0,0.7070537528179226
3029,26.286136169916588,-0.50002499418665369,0,0,0,0,0,0.7070537528179226
3030,26.294814326459974,-0.50002499419524149,0,0,0,0,0,0.70705375281792249
3031,26.30349248300336,-0.50002499420364277,0,0,0,0,0,0.7070537528179226
3032,26.312170639546746,-0.5000249942118572,0,0,0,0,0,0.7070537528179226
3033,26.320848796090136,-0.50002499421988245,0,0,0,0,0,0.7070537528179226
3034,26.329526952633522,-0.50002499422771773,0,0,0,0,0,0.70705375281792249
3035,26.338205109176908,-0.50002499423536195,0,0,0,0,0,0.70705375281792238
3036,26.346883265720294,-0.50002499424281366,0,0,0,0,0,0.70705375281792238
3037,26.35556142226368,-0.50002499425007207,0,0,0,0,0,0.70705375281792249
3038,26.364239578807066,-0.50002499425713598,0,0,0,0,0,0.70705375281792249
3039,26.372917735350452,-0.50002499426400426,0,0,0,0,0,0.70705375281792249
3040,26.381595891893838,-0.50002499427067626,0,0,0,0,0,0.70705375281792249
3041,26.390274048437224,-0.50002499427715041,0,0,0,0,0,0.70705375281792249
3042,26.39895220498061,-0.50002499428342584,0,0,0,0,0,0.70705375281792238
3043,26.407630361523996,-0.50002499428950209,0,0,0,0,0,0.70705375281792238
3044,26.416308518067382,-0.50002499429537794,0,0,0,0,0,0.70705375281792227
3045,26.424986674610768,-0.50002499430105196,0,0,0,0,0,0.70705375281792238
3046,26.433664831154154,-0.50002499430652414,0,0,0,0,0,0.70705375281792227
3047,26.44234298769754,-0.50002499431179337,0,0,0,0,0,0.70705375281792227
3048,26.451021144240926,-0.50002499431685832,0,0,0,0,0,0.70705375281792227
3049,26.459699300784312,-0.50002499432171899,0,0,0,0,0,0.70705375281792238
3050,26.468377457327698,-0.50002499432637426,0,0,0,0,0,0.70705375281792227
3051,26.477055613871084,-0.5000249943308237,0,0,0,0,0,0.70705375281792227
3052,26.48573377041447,-0.50002499433506653,0,0,0,0,0,0.70705375281792215
3053,26.494411926957856,-0.50002499433910197,0,0,0,0,0,0.70705375281792215
3054,26.503090083501242,-0.50002499434292913,0,0,0,0,0,0.70705375281792215
3055,26.511768240044628,-0.50002499434654801,0,0,0,0,0,0.70705375281792238
3056,26.520446396588014,-0.50002499434995751,0,0,0,0,0,0.70705375281792227
3057,26.5291245531314,-0.50002499435315795,0,0,0,0,0,0.70705375281792238
3058,26.537802709674786,-0.50002499435614833,0,0,0,0,0,0.70705375281792227
3059,26.546480866218175,-0.50002499435892789,0,0,0,0,0,0.70705375281792238
3060,26.555159022761561,-0.50002499436149628,0,0,0,0,0,0.70705375281792238
3061,26.563837179304947,-0.50002499436385395,0,0,0,0,0,0.70705375281792238
3062,26.572515335848333,-0.50002499436599979,0,0,0,0,0,0.70705375281792227
3063,26.581193492391719,-0.50002499436793368,0,0,0,0,0,0.70705375281792227
3064,26.589871648935105,-0.5000249943696552,0,0,0,0,0,0.70705375281792227
3065,26.598549805478491,-0.50002499437116432,0,0,0,0,0,0.70705375281792227
3066,26.607227962021877,-0.50002499437246029,0,0,0,0,0,0.70705375281792238
3067,26.615906118565263,-0.50002499437354353,0,0,0,0,0,0.70705375281792238
3068,26.624584275108649,-0.50002499437441394,0,0,0,0,0,0.70705375281792227
3069,26.633262431652035,-0.50002499437507075,0,0,0,0,0,0.70705375281792238
3070,26.641940588195421,-0.50002499437551418,0,0,0,0,0,0.70705375281792227
3071,26.650618744738807,-0.50002499437574421,0,0,0,0,0,0.70705375281792238
3072,26.659296901282193,-0.50002499437576076,0,0,0,0,0,0.70705375281792238
3073,26.667975057825579,-0.50002499437556414,0,0,0,0,0,0.70705375281792238
3074,26.676653214368965,-0.50002499437515402,0,0,0,0,0,0.70705375281792238
3075,26.685331370912351,-0.50002499437453007,0,0,0,0,0,0.70705375281792238
3076,26.694009527455737,-0.50002499437369341,0,0,0,0,0,0.70705375281792227
3077,26.702687683999123,-0.50002499437264325,0,0,0,0,0,0.70705375281792238
3078,26.711365840542509,-0.50002499437138004,0,0,0,0,0,0.70705375281792238
3079,26.720043997085895,-0.50002499436990433,0,0,0,0,0,0.70705375281792227
3080,26.728722153629281,-0.50002499436821579,0,0,0,0,0,0.70705375281792238
3081,26.737400310172667,-0.50002499436631509,0,0,0,0,0,0.70705375281792249
3082,26.746078466716053,-0.50002499436420211,0,0,0,0,0,0.70705375281792238
3083,26.754756623259439,-0.50002499436187775,0,0,0,0,0,0.70705375281792238
3084,26.763434779802825,-0.500024994359342,0,0,0,0,0,0.70705375281792238
3085,26.772112936346211,-0.50002499435659531,0,0,0,0,0,0.70705375281792238
3086,26.780791092889601,-0.5000249943536379,0,0,0,0,0,0.70705375281792238
3087,26.789469249432987,-0.50002499435047032,0,0,0,0,0,0.70705375281792238
3088,26.798147405976373,-0.50002499434709313,0,0,0,0,0,0.70705375281792238
3089,26.806825562519759,-0.50002499434350667,0,0,0,0,0,0.70705375281792238
3090,26.815503719063145,-0.50002499433971181,0,0,0,0,0,0.70705375281792238
3091,26.824181875606531,-0.50002499433570879,0,0,0,0,0,0.70705375281792238
3092,26.832860032149917,-0.5000249943314985,0,0,0,0,0,0.70705375281792249
3093,26.841538188693303,-0.50002499432708136,0,0,0,0,0,0.70705375281792238
3094,26.850216345236689,-0.50002499432245795,0,0,0,0,0,0.70705375281792238
3095,26.858894501780075,-0.50002499431762959,0,0,0,0,0,0.70705375281792238
3096,26.867572658323461,-0.50002499431259606,0,0,0,0,0,0.70705375281792227
3097,26.876250814866847,-0.50002499430735881,0,0,0,0,0,0.70705375281792238
3098,26.884928971410233,-0.50002499430191827,0,0,0,0,0,0.70705375281792249
3099,26.893607127953619,-0.50002499429627545,0,0,0,0,0,0.70705375281792238
3100,26.902285284497005,-0.50002499429043101,0,0,0,0,0,0.70705375281792249
3101,26.910963441040391,-0.5000249942843864,0,0,0,0,0,0.70705375281792249
3102,26.919641597583777,-0.50002499427814162,0,0,0,0,0,0.70705375281792238
3103,26.928319754127163,-0.50002499427169833,0,0,0,0,0,0.70705375281792249
3104,26.936997910670549,-0.50002499426505731,0,0,0,0,0,0.70705375281792249
3105,26.945676067213935,-0.50002499425821956,0,0,0,0,0,0.70705375281792249
3106,26.954354223757321,-0.50002499425118607,0,0,0,0,0,0.70705375281792249
3107,26.963032380300707,-0.50002499424395774,0,0,0,0,0,0.7070537528179226
3108,26.971710536844093,-0.50002499423653601,0,0,0,0,0,0.70705375281792238
3109,26.980388693387479,-0.50002499422892166,0,0,0,0,0,0.70705375281792249
3110,26.989066849930865,-0.50002499422111601,0,0,0,0,0,0.7070537528179226
3111,26.997745006474251,-0.50002499421312052,0,0,0,0,0,0.7070537528179226
3112,27.00642316301764,-0.50002499420493574,0,0,0,0,0,0.70705375281792249
3113,27.015101319561026,-0.50002499419656332,0,0,0,0,0,0.70705375281792238
3114,27.023779476104412,-0.50002499418800461,0,0,0,0,0,0.70705375281792238
3115,27.032457632647798,-0.50002499417926061,0,0,0,0,0,0.70705375281792238
3116,27.041135789191184,-0.50002499417033286,0,0,0,0,0,0.70705375281792238
3117,27.04981394573457,-0.50002499416122259,0,0,0,0,0,0.70705375281792249
3118,27.058492102277956,-0.50002499415193125,0,0,0,0,0,0.70705375281792249
3119,27.067170258821342,-0.50002499414246038,0,0,0,0,0,0.70705375281792249
3120,27.075848415364728,-0.50002499413281065,0,0,0,0,0,0.70705375281792249
3121,27.084526571908114,-0.50002499412298462,0,0,0,0,0,0.70705375281792249
3122,27.0932047284515,-0.50002499411298307,0,0,0,0,0,0.70705375281792249
3123,27.101882884994886,-0.50002499410280765,0,0,0,0,0,0.70705375281792249
3124,27.110561041538272,-0.50002499409246015,0,0,0,0,0,0.70705375281792249
3125,27.119239198081658,-0.50002499408194179,0,0,0,0,0,0.70705375281792238
3126,27.127917354625044,-0.500024994071254,0,0,0,0,0,0.70705375281792249
3127,27.13659551116843,-0.50002499406039924,0,0,0,0,0,0.70705375281792238
3128,27.145273667711816,-0.50002499404937795,0,0,0,0,0,0.70705375281792238
3129,27.153951824255202,-0.50002499403819256,0,0,0,0,0,0.70705375281792238
3130,27.162629980798588,-0.50002499402684486,0,0,0,0,0,0.70705375281792238
3131,27.171308137341974,-0.50002499401533629,0,0,0,0,0,0.70705375281792238
3132,27.17998629388536,-0.50002499400366851,0,0,0,0,0,0.70705375281792238
3133,27.188664450428746,-0.5000249939918433,0,0,0,0,0,0.70705375281792249
3134,27.197342606972132,-0.50002499397986266,0,0,0,0,0,0.70705375281792249
3135,27.206020763515518,-0.50002499396772815,0,0,0,0,0,0.70705375281792249
3136,27.214698920058904,-0.50002499395544198,0,0,0,0,0,0.70705375281792249
3137,27.22337707660229,-0.50002499394300515,0,0,0,0,0,0.70705375281792249
3138,27.23205523314568,-0.50002499393042055,0,0,0,0,0,0.70705375281792249
3139,27.240733389689066,-0.50002499391768962,0,0,0,0,0,0.7070537528179226
3140,27.249411546232452,-0.50002499390481425,0,0,0,0,0,0.70705375281792238
3141,27.258089702775838,-0.50002499389179622,0,0,0,0,0,0.7070537528179226
3142,27.266767859319224,-0.50002499387863808,0,0,0,0,0,0.7070537528179226
3143,27.27544601586261,-0.50002499386534094,0,0,0,0,0,0.7070537528179226
3144,27.284124172405996,-0.5000249938519078,0,0,0,0,0,0.7070537528179226
3145,27.292802328949382,-0.50002499383834009,0,0,0,0,0,0.70705375281792249
3146,27.301480485492768,-0.50002499382463961,0,0,0,0,0,0.7070537528179226
3147,27.310158642036154,-0.500024993810809,0,0,0,0,0,0.7070537528179226
3148,27.31883679857954,-0.50002499379685006,0,0,0,0,0,0.70705375281792249
3149,27.327514955122925,-0.50002499378276499,0,0,0,0,0,0.7070537528179226
3150,27.336193111666311,-0.50002499376855591,0,0,0,0,0,0.70705375281792249
3151,27.344871268209697,-0.50002499375422471,0,0,0,0,0,0.70705375281792249
3152,27.353549424753083,-0.50002499373977405,0,0,0,0,0,0.70705375281792249
3153,27.362227581296469,-0.50002499372520581,0,0,0,0,0,0.7070537528179226
3154,27.370905737839855,-0.500024993710522,0,0,0,0,0,0.70705375281792238
3155,27.379583894383241,-0.50002499369572517,0,0,0,0,0,0.70705375281792238
3156,27.388262050926627,-0.50002499368081721,0,0,0,0,0,0.70705375281792249
3157,27.396940207470013,-0.50002499366580055,0,0,0,0,0,0.70705375281792238
3158,27.405618364013399,-0.50002499365067776,0,0,0,0,0,0.70705375281792238
3159,27.414296520556785,-0.50002499363545083,0,0,0,0,0,0.70705375281792227
3160,27.422974677100171,-0.50002499362012198,0,0,0,0,0,0.70705375281792227
3161,27.431652833643557,-0.50002499360469321,0,0,0,0,0,0.70705375281792238
3162,27.440330990186943,-0.50002499358916797,0,0,0,0,0,0.70705375281792238
3163,27.449009146730329,-0.50002499357354735,0,0,0,0,0,0.70705375281792227
3164,27.457687303273719,-0.50002499355783403,0,0,0,0,0,0.70705375281792227
3165,27.466365459817105,-0.50002499354203112,0,0,0,0,0,0.70705375281792227
3166,27.475043616360491,-0.50002499352613994,0,0,0,0,0,0.70705375281792215
3167,27.483721772903877,-0.50002499351016372,0,0,0,0,0,0.70705375281792215
3168,27.492399929447263,-0.50002499349410434,0,0,0,0,0,0.70705375281792227
3169,27.501078085990649,-0.50002499347796447,0,0,0,0,0,0.70705375281792215
3170,27.509756242534035,-0.50002499346174645,0,0,0,0,0,0.70705375281792215
3171,27.518434399077421,-0.50002499344545281,0,0,0,0,0,0.70705375281792215
3172,27.527112555620807,-0.50002499342908591,0,0,0,0,0,0.70705375281792215
3173,27.535790712164193,-0.50002499341264817,0,0,0,0,0,0.70705375281792215
3174,27.544468868707579,-0.50002499339614226,0,0,0,0,0,0.70705375281792215
3175,27.553147025250965,-0.5000249933795704,0,0,0,0,0,0.70705375281792215
3176,27.561825181794351,-0.50002499336293549,0,0,0,0,0,0.70705375281792215
3177,27.570503338337737,-0.50002499334623984,0,0,0,0,0,0.70705375281792227
3178,27.579181494881123,-0.5000249933294858,0,0,0,0,0,0.70705375281792227
3179,27.587859651424509,-0.50002499331267614,0,0,0,0,0,0.70705375281792215
3180,27.596537807967895,-0.50002499329581296,0,0,0,0,0,0.70705375281792215
3181,27.605215964511281,-0.50002499327889938,0,0,0,0,0,0.70705375281792227
3182,27.613894121054667,-0.50002499326193761,0,0,0,0,0,0.70705375281792215
3183,27.622572277598053,-0.50002499324493033,0,0,0,0,0,0.70705375281792215
3184,27.631250434141439,-0.50002499322788019,0,0,0,0,0,0.70705375281792215
3185,27.639928590684825,-0.50002499321078908,0,0,0,0,0,0.70705375281792227
3186,27.648606747228211,-0.50002499319366056,0,0,0,0,0,0.70705375281792215
3187,27.657284903771597,-0.50002499317649662,0,0,0,0,0,0.70705375281792215
3188,27.665963060314983,-0.50002499315930005,0,0,0,0,0,0.70705375281792227
3189,27.674641216858369,-0.5000249931420736,0,0,0,0,0,0.70705375281792215
3190,27.683319373401755,-0.50002499312481941,0,0,0,0,0,0.70705375281792215
3191,27.691997529945144,-0.50002499310754045,0,0,0,0,0,0.70705375281792215
3192,27.70067568648853,-0.50002499309023885,0,0,0,0,0,0.70705375281792215
3193,27.709353843031916,-0.50002499307291792,0,0,0,0,0,0.70705375281792215
3194,27.718031999575302,-0.50002499305557968,0,0,0,0,0,0.70705375281792227
3195,27.726710156118688,-0.50002499303822701,0,0,0,0,0,0.70705375281792227
3196,27.735388312662074,-0.50002499302086267,0,0,0,0,0,0.70705375281792227
3197,27.74406646920546,-0.50002499300348879,0,0,0,0,0,0.70705375281792227
3198,27.752744625748846,-0.50002499298610859,0,0,0,0,0,0.70705375281792215
3199,27.761422782292232,-0.50002499296872416,0,0,0,0,0,0.70705375281792227
3200,27.770100938835618,-0.5000249929513384,0,0,0,0,0,0.70705375281792238
3201,27.778779095379004,-0.50002499293395386,0,0,0,0,0,0.70705375281792238
3202,27.78745725192239,-0.5000249929165731,0,0,0,0,0,0.70705375281792238
3203,27.796135408465776,-0.50002499289919877,0,0,0,0,0,0.70705375281792249
3204,27.804813565009162,-0.50002499288183377,0,0,0,0,0,0.70705375281792238
3205,27.813491721552548,-0.50002499286448032,0,0,0,0,0,0.70705375281792238
3206,27.822169878095934,-0.5000249928471413,0,0,0,0,0,0.70705375281792238
3207,27.83084803463932,-0.50002499282981916,0,0,0,0,0,0.70705375281792238
3208,27.839526191182706,-0.50002499281251667,0,0,0,0,0,0.70705375281792238
3209,27.848204347726092,-0.50002499279523593,0,0,0,0,0,0.70705375281792227
3210,27.856882504269478,-0.50002499277798029,0,0,0,0,0,0.70705375281792238
3211,27.865560660812864,-0.50002499276075196,0,0,0,0,0,0.70705375281792249
3212,27.87423881735625,-0.50002499274355339,0,0,0,0,0,0.70705375281792249
3213,27.882916973899636,-0.50002499272638734,0,0,0,0,0,0.7070537528179226
3214,27.891595130443022,-0.50002499270925671,0,0,0,0,0,0.70705375281792249
3215,27.900273286986408,-0.50002499269216327,0,0,0,0,0,0.7070537528179226
3216,27.908951443529794,-0.50002499267511036,0,0,0,0,0,0.7070537528179226
3217,27.917629600073184,-0.5000249926581003,0,0,0,0,0,0.70705375281792249
3218,27.92630775661657,-0.50002499264113598,0,0,0,0,0,0.7070537528179226
3219,27.934985913159956,-0.50002499262421929,0,0,0,0,0,0.7070537528179226
3220,27.943664069703342,-0.500024992607353,0,0,0,0,0,0.70705375281792249
3221,27.952342226246728,-0.50002499259054001,0,0,0,0,0,0.70705375281792249
3222,27.961020382790114,-0.50002499257378252,0,0,0,0,0,0.7070537528179226
3223,27.9696985393335,-0.50002499255708321,0,0,0,0,0,0.7070537528179226
3224,27.978376695876886,-0.50002499254044419,0,0,0,0,0,0.70705375281792271
3225,27.987054852420272,-0.50002499252386856,0,0,0,0,0,0.7070537528179226
3226,27.995733008963658,-0.50002499250735832,0,0,0,0,0,0.7070537528179226
3227,28.004411165507044,-0.50002499249091659,0,0,0,0,0,0.7070537528179226
3228,28.01308932205043,-0.5000249924745449,0,0,0,0,0,0.7070537528179226
3229,28.021767478593816,-0.50002499245824672,0,0,0,0,0,0.70705375281792249
3230,28.030445635137202,-0.5000249924420237,0,0,0,0,0,0.7070537528179226
3231,28.039123791680588,-0.50002499242587872,0,0,0,0,0,0.7070537528179226
3232,28.047801948223974,-0.50002499240981391,0,0,0,0,0,0.7070537528179226
3233,28.05648010476736,-0.50002499239383247,0,0,0,0,0,0.7070537528179226
3234,28.065158261310746,-0.50002499237793574,0,0,0,0,0,0.7070537528179226
3235,28.073836417854132,-0.50002499236212661,0,0,0,0,0,0.7070537528179226
3236,28.082514574397518,-0.50002499234640752,0,0,0,0,0,0.70705375281792271
3237,28.091192730940904,-0.50002499233078079,0,0,0,0,0,0.70705375281792271
3238,28.09987088748429,-0.50002499231524888,0,0,0,0,0,0.7070537528179226
3239,28.108549044027676,-0.50002499229981379,0,0,0,0,0,0.7070537528179226
3240,28.117227200571062,-0.50002499228447828,0,0,0,0,0,0.70705375281792271
3241,28.125905357114448,-0.50002499226924413,0,0,0,0,0,0.7070537528179226
3242,28.134583513657834,-0.50002499225411423,0,0,0,0,0,0.7070537528179226
3243,28.143261670201223,-0.50002499223909047,0,0,0,0,0,0.7070537528179226
3244,28.151939826744609,-0.50002499222417485,0,0,0,0,0,0.70705375281792271
3245,28.160617983287995,-0.50002499220937036,0,0,0,0,0,0.70705375281792271
3246,28.169296139831381,-0.50002499219467889,0,0,0,0,0,0.70705375281792282
3247,28.177974296374767,-0.50002499218010232,0,0,0,0,0,0.70705375281792282
3248,28.186652452918153,-0.50002499216564322,0,0,0,0,0,0.70705375281792282
3249,28.195330609461539,-0.50002499215130358,0,0,0,0,0,0.70705375281792282
3250,28.204008766004925,-0.50002499213708596,0,0,0,0,0,0.70705375281792282
3251,28.212686922548311,-0.50002499212299212,0,0,0,0,0,0.70705375281792282
3252,28.221365079091697,-0.50002499210902418,0,0,0,0,0,0.70705375281792271
3253,28.230043235635083,-0.50002499209518425,0,0,0,0,0,0.70705375281792282
3254,28.238721392178469,-0.50002499208147444,0,0,0,0,0,0.70705375281792282
3255,28.247399548721855,-0.50002499206789686,0,0,0,0,0,0.70705375281792271
3256,28.256077705265241,-0.5000249920544535,0,0,0,0,0,0.70705375281792271
3257,28.264755861808627,-0.50002499204114681,0,0,0,0,0,0.70705375281792271
3258,28.273434018352013,-0.5000249920279779,0,0,0,0,0,0.7070537528179226
3259,28.282112174895399,-0.50002499201494954,0,0,0,0,0,0.70705375281792282
3260,28.290790331438785,-0.50002499200206341,0,0,0,0,0,0.70705375281792282
3261,28.299468487982171,-0.50002499198932127,0,0,0,0,0,0.70705375281792282
3262,28.308146644525557,-0.50002499197672534,0,0,0,0,0,0.70705375281792282
3263,28.316824801068943,-0.5000249919642773,0,0,0,0,0,0.70705375281792282
3264,28.325502957612329,-0.50002499195197947,0,0,0,0,0,0.70705375281792282
3265,28.334181114155715,-0.50002499193983296,0,0,0,0,0,0.70705375281792282
3266,28.342859270699101,-0.50002499192784033,0,0,0,0,0,0.70705375281792271
3267,28.351537427242487,-0.50002499191600269,0,0,0,0,0,0.70705375281792282
3268,28.360215583785873,-0.50002499190432226,0,0,0,0,0,0.70705375281792282
3269,28.368893740329263,-0.50002499189280081,0,0,0,0,0,0.70705375281792282
3270,28.377571896872649,-0.50002499188144001,0,0,0,0,0,0.70705375281792282
3271,28.386250053416035,-0.50002499187024141,0,0,0,0,0,0.70705375281792282
3272,28.394928209959421,-0.5000249918592069,0,0,0,0,0,0.70705375281792282
3273,28.403606366502807,-0.50002499184833804,0,0,0,0,0,0.70705375281792282
3274,28.412284523046193,-0.50002499183763649,0,0,0,0,0,0.70705375281792282
3275,28.420962679589579,-0.5000249918271038,0,0,0,0,0,0.70705375281792282
3276,28.429640836132965,-0.50002499181674187,0,0,0,0,0,0.70705375281792282
3277,28.438318992676351,-0.50002499180655202,0,0,0,0,0,0.70705375281792271
3278,28.446997149219737,-0.50002499179653537,0,0,0,0,0,0.70705375281792271
3279,28.455675305763123,-0.50002499178669424,0,0,0,0,0,0.70705375281792282
3280,28.464353462306509,-0.50002499177702942,0,0,0,0,0,0.70705375281792282
3281,28.473031618849895,-0.50002499176754267,0,0,0,0,0,0.70705375281792282
3282,28.481709775393281,-0.50002499175823534,0,0,0,0,0,0.70705375281792282
3283,28.490387931936667,-0.50002499174910908,0,0,0,0,0,0.70705375281792282
3284,28.499066088480053,-0.50002499174016501,0,0,0,0,0,0.70705375281792282
3285,28.507744245023439,-0.50002499173140436,0,0,0,0,0,0.70705375281792271
3286,28.516422401566825,-0.50002499172282888,0,0,0,0,0,0.7070537528179226
3287,28.525100558110211,-0.5000249917144397,0,0,0,0,0,0.70705375281792271
3288,28.533778714653597,-0.50002499170623782,0,0,0,0,0,0.70705375281792271
3289,28.542456871196983,-0.50002499169822467,0,0,0,0,0,0.7070537528179226
3290,28.551135027740369,-0.50002499169040149,0,0,0,0,0,0.70705375281792249
3291,28.559813184283755,-0.50002499168276915,0,0,0,0,0,0.7070537528179226
3292,28.568491340827141,-0.50002499167532899,0,0,0,0,0,0.70705375281792249
3293,28.577169497370527,-0.50002499166808234,0,0,0,0,0,0.7070537528179226
3294,28.585847653913913,-0.5000249916610302,0,0,0,0,0,0.7070537528179226
3295,28.594525810457299,-0.50002499165417347,0,0,0,0,0,0.7070537528179226
3296,28.603203967000688,-0.50002499164751346,0,0,0,0,0,0.70705375281792249
3297,28.611882123544074,-0.50002499164105052,0,0,0,0,0,0.7070537528179226
3298,28.62056028008746,-0.5000249916347862,0,0,0,0,0,0.7070537528179226
3299,28.629238436630846,-0.5000249916287216,0,0,0,0,0,0.70705375281792249
3300,28.637916593174232,-0.50002499162285741,0,0,0,0,0,0.70705375281792249
3301,28.646594749717618,-0.50002499161719438,0,0,0,0,0,0.70705375281792238
3302,28.655272906261004,-0.50002499161173319,0,0,0,0,0,0.70705375281792238
3303,28.66395106280439,-0.50002499160647507,0,0,0,0,0,0.70705375281792249
3304,28.672629219347776,-0.50002499160142067,0,0,0,0,0,0.70705375281792249
3305,28.681307375891162,-0.50002499159657066,0,0,0,0,0,0.7070537528179226
3306,28.689985532434548,-0.50002499159192593,0,0,0,0,0,0.7070537528179226
3307,28.698663688977934,-0.50002499158748703,0,0,0,0,0,0.70705375281792249
3308,28.70734184552132,-0.50002499158325497,0,0,0,0,0,0.70705375281792249
3309,28.716020002064706,-0.50002499157922975,0,0,0,0,0,0.7070537528179226
3310,28.724698158608092,-0.50002499157541247,0,0,0,0,0,0.7070537528179226
3311,28.733376315151478,-0.50002499157180358,0,0,0,0,0,0.7070537528179226
3312,28.742054471694864,-0.50002499156840385,0,0,0,0,0,0.7070537528179226
3313,28.75073262823825,-0.50002499156521318,0,0,0,0,0,0.70705375281792249
3314,28.759410784781636,-0.50002499156223257,0,0,0,0,0,0.7070537528179226
3315,28.768088941325022,-0.50002499155946223,0,0,0,0,0,0.70705375281792271
3316,28.776767097868408,-0.50002499155690283,0,0,0,0,0,0.70705375281792271
3317,28.785445254411794,-0.50002499155455449,0,0,0,0,0,0.70705375281792282
3318,28.79412341095518,-0.50002499155241775,0,0,0,0,0,0.70705375281792271
3319,28.802801567498566,-0.50002499155049263,0,0,0,0,0,0.70705375281792271
3320,28.811479724041952,-0.50002499154878011,0,0,0,0,0,0.70705375281792271
3321,28.820157880585338,-0.50002499154727975,0,0,0,0,0,0.7070537528179226
3322,28.828836037128728,-0.500024991545992,0,0,0,0,0,0.7070537528179226
3323,28.837514193672114,-0.50002499154491697,0,0,0,0,0,0.70705375281792282
3324,28.8461923502155,-0.50002499154405489,0,0,0,0,0,0.70705375281792271
3325,28.854870506758886,-0.50002499154340629,0,0,0,0,0,0.7070537528179226
3326,28.863548663302272,-0.5000249915429702,0,0,0,0,0,0.70705375281792271
3327,28.872226819845658,-0.50002499154274804,0,0,0,0,0,0.70705375281792271
3328,28.880904976389044,-0.50002499154273905,0,0,0,0,0,0.70705375281792271
3329,28.88958313293243,-0.50002499154294322,0,0,0,0,0,0.70705375281792271
3330,28.898261289475816,-0.50002499154336055,0,0,0,0,0,0.70705375281792271
3331,28.906939446019202,-0.50002499154399127,0,0,0,0,0,0.70705375281792271
3332,28.915617602562588,-0.50002499154483504,0,0,0,0,0,0.70705375281792271
3333,28.924295759105974,-0.50002499154589164,0,0,0,0,0,0.70705375281792271
3334,28.932973915649359,-0.5000249915471614,0,0,0,0,0,0.7070537528179226
3335,28.941652072192745,-0.50002499154864333,0,0,0,0,0,0.7070537528179226
3336,28.950330228736131,-0.50002499155033786,0,0,0,0,0,0.70705375281792271
3337,28.959008385279517,-0.50002499155224456,0,0,0,0,0,0.70705375281792282
3338,28.967686541822903,-0.50002499155436331,0,0,0,0,0,0.70705375281792282
3339,28.976364698366289,-0.50002499155669355,0,0,0,0,0,0.70705375281792282
3340,28.985042854909675,-0.50002499155923508,0,0,0,0,0,0.70705375281792282
3341,28.993721011453061,-0.5000249915619871,0,0,0,0,0,0.70705375281792282
3342,29.002399167996447,-0.50002499156494973,0,0,0,0,0,0.70705375281792293
3343,29.011077324539833,-0.50002499156812208,0,0,0,0,0,0.70705375281792282
3344,29.019755481083219,-0.50002499157150426,0,0,0,0,0,0.70705375281792293
3345,29.028433637626605,-0.50002499157509506,0,0,0,0,0,0.70705375281792293
3346,29.037111794169991,-0.50002499157889457,0,0,0,0,0,0.70705375281792282
3347,29.045789950713377,-0.50002499158290192,0,0,0,0,0,0.70705375281792282
3348,29.054468107256767,-0.50002499158711666,0,0,0,0,0,0.70705375281792282
3349,29.063146263800153,-0.50002499159153779,0,0,0,0,0,0.70705375281792282
3350,29.071824420343539,-0.50002499159616498,0,0,0,0,0,0.70705375281792282
3351,29.080502576886925,-0.50002499160099723,0,0,0,0,0,0.70705375281792282
3352,29.089180733430311,-0.50002499160603453,0,0,0,0,0,0.70705375281792271
3353,29.097858889973697,-0.50002499161127512,0,0,0,0,0,0.70705375281792282
3354,29.106537046517083,-0.50002499161671887,0,0,0,0,0,0.70705375281792282
3355,29.115215203060469,-0.5000249916223648,0,0,0,0,0,0.7070537528179226
3356,29.123893359603855,-0.50002499162821179,0,0,0,0,0,0.70705375281792282
3357,29.132571516147241,-0.5000249916342594,0,0,0,0,0,0.70705375281792282
3358,29.141249672690627,-0.50002499164050662,0,0,0,0,0,0.70705375281792282
3359,29.149927829234013,-0.50002499164695213,0,0,0,0,0,0.70705375281792282
3360,29.158605985777399,-0.50002499165359571,0,0,0,0,0,0.70705375281792282
3361,29.167284142320785,-0.50002499166043557,0,0,0,0,0,0.70705375281792282
3362,29.175962298864171,-0.50002499166747116,0,0,0,0,0,0.70705375281792282
3363,29.184640455407557,-0.50002499167470127,0,0,0,0,0,0.70705375281792282
3364,29.193318611950943,-0.50002499168212466,0,0,0,0,0,0.70705375281792293
3365,29.201996768494329,-0.50002499168974079,0,0,0,0,0,0.70705375281792282
3366,29.210674925037715,-0.50002499169754755,0,0,0,0,0,0.70705375281792304
3367,29.219353081581101,-0.50002499170554482,0,0,0,0,0,0.70705375281792293
3368,29.228031238124487,-0.50002499171373049,0,0,0,0,0,0.70705375281792293
3369,29.236709394667873,-0.50002499172210391,0,0,0,0,0,0.70705375281792304
3370,29.245387551211259,-0.50002499173066361,0,0,0,0,0,0.70705375281792304
3371,29.254065707754645,-0.50002499173940818,0,0,0,0,0,0.70705375281792304
3372,29.262743864298031,-0.5000249917483367,0,0,0,0,0,0.70705375281792304
3373,29.271422020841417,-0.50002499175744775,0,0,0,0,0,0.70705375281792293
3374,29.280100177384806,-0.50002499176673942,0,0,0,0,0,0.70705375281792304
3375,29.288778333928192,-0.50002499177621085,0,0,0,0,0,0.70705375281792293
3376,29.297456490471578,-0.50002499178586035,0,0,0,0,0,0.70705375281792282
3377,29.306134647014964,-0.50002499179568671,0,0,0,0,0,0.70705375281792282
3378,29.31481280355835,-0.50002499180568816,0,0,0,0,0,0.70705375281792293
3379,29.323490960101736,-0.50002499181586346,0,0,0,0,0,0.70705375281792282
3380,29.332169116645122,-0.50002499182621107,0,0,0,0,0,0.70705375281792282
3381,29.340847273188508,-0.50002499183672899,0,0,0,0,0,0.70705375281792282
3382,29.349525429731894,-0.50002499184741633,0,0,0,0,0,0.70705375281792282
3383,29.35820358627528,-0.50002499185827076,0,0,0,0,0,0.70705375281792282
3384,29.366881742818666,-0.50002499186929117,0,0,0,0,0,0.70705375281792282
3385,29.375559899362052,-0.50002499188047578,0,0,0,0,0,0.70705375281792282
3386,29.384238055905438,-0.50002499189182292,0,0,0,0,0,0.70705375281792282
3387,29.392916212448824,-0.50002499190333083,0,0,0,0,0,0.70705375281792282
3388,29.40159436899221,-0.50002499191499761,0,0,0,0,0,0.70705375281792271
3389,29.410272525535596,-0.50002499192682182,0,0,0,0,0,0.70705375281792282
3390,29.418950682078982,-0.50002499193880112,0,0,0,0,0,0.70705375281792282
3391,29.427628838622368,-0.50002499195093453,0,0,0,0,0,0.70705375281792282
3392,29.436306995165754,-0.50002499196321981,0,0,0,0,0,0.70705375281792282
3393,29.44498515170914,-0.50002499197565498,0,0,0,0,0,0.70705375281792282
3394,29.453663308252526,-0.50002499198823824,0,0,0,0,0,0.70705375281792271
3395,29.462341464795912,-0.50002499200096806,0,0,0,0,0,0.7070537528179226
3396,29.471019621339298,-0.50002499201384187,0,0,0,0,0,0.7070537528179226
3397,29.479697777882684,-0.50002499202685846,0,0,0,0,0,0.7070537528179226
3398,29.48837593442607,-0.50002499204001516,0,0,0,0,0,0.7070537528179226
3399,29.497054090969456,-0.50002499205331041,0,0,0,0,0,0.7070537528179226
3400,29.505732247512842,-0.50002499206674222,0,0,0,0,0,0.70705375281792249
3401,29.514410404056232,-0.50002499208030837,0,0,0,0,0,0.70705375281792238
3402,29.523088560599618,-0.50002499209400697,0,0,0,0,0,0.70705375281792249
3403,29.531766717143004,-0.5000249921078358,0,0,0,0,0,0.70705375281792249
3404,29.54044487368639,-0.50002499212179286,0,0,0,0,0,0.70705375281792238
3405,29.549123030229776,-0.50002499213587626,0,0,0,0,0,0.70705375281792238
3406,29.557801186773162,-0.50002499215008367,0,0,0,0,0,0.70705375281792238
3407,29.566479343316548,-0.50002499216441265,0,0,0,0,0,0.70705375281792249
3408,29.575157499859934,-0.50002499217886154,0,0,0,0,0,0.70705375281792249
3409,29.58383565640332,-0.50002499219342789,0,0,0,0,0,0.70705375281792249
3410,29.592513812946706,-0.5000249922081097,0,0,0,0,0,0.7070537528179226
3411,29.601191969490092,-0.50002499222290475,0,0,0,0,0,0.70705375281792249
3412,29.609870126033478,-0.50002499223781083,0,0,0,0,0,0.7070537528179226
3413,29.618548282576864,-0.50002499225282526,0,0,0,0,0,0.70705375281792238
3414,29.62722643912025,-0.50002499226794672,0,0,0,0,0,0.70705375281792238
3415,29.635904595663636,-0.50002499228317165,0,0,0,0,0,0.70705375281792238
3416,29.644582752207022,-0.50002499229849873,0,0,0,0,0,0.70705375281792238
3417,29.653260908750408,-0.50002499231392528,0,0,0,0,0,0.70705375281792249
3418,29.661939065293794,-0.50002499232944919,0,0,0,0,0,0.70705375281792238
3419,29.67061722183718,-0.50002499234506792,0,0,0,0,0,0.70705375281792238
3420,29.679295378380566,-0.50002499236077913,0,0,0,0,0,0.70705375281792238
3421,29.687973534923952,-0.5000249923765806,0,0,0,0,0,0.70705375281792227
3422,29.696651691467338,-0.50002499239246978,0,0,0,0,0,0.70705375281792238
3423,29.705329848010724,-0.50002499240844445,0,0,0,0,0,0.70705375281792238
3424,29.71400800455411,-0.50002499242450194,0,0,0,0,0,0.70705375281792238
3425,29.722686161097496,-0.50002499244064014,0,0,0,0,0,0.70705375281792227
3426,29.731364317640882,-0.5000249924568565,0,0,0,0,0,0.70705375281792227
3427,29.740042474184271,-0.50002499247314858,0,0,0,0,0,0.70705375281792227
3428,29.748720630727657,-0.50002499248951393,0,0,0,0,0,0.70705375281792215
3429,29.757398787271043,-0.50002499250594989,0,0,0,0,0,0.70705375281792227
3430,29.766076943814429,-0.50002499252245447,0,0,0,0,0,0.70705375281792215
3431,29.774755100357815,-0.50002499253902444,0,0,0,0,0,0.70705375281792227
3432,29.783433256901201,-0.50002499255565824,0,0,0,0,0,0.70705375281792215
3433,29.792111413444587,-0.50002499257235256,0,0,0,0,0,0.70705375281792215
3434,29.800789569987973,-0.50002499258910527,0,0,0,0,0,0.70705375281792215
3435,29.809467726531359,-0.5000249926059136,0,0,0,0,0,0.70705375281792204
3436,29.818145883074745,-0.50002499262277544,0,0,0,0,0,0.70705375281792204
3437,29.826824039618131,-0.50002499263968792,0,0,0,0,0,0.70705375281792215
3438,29.835502196161517,-0.50002499265664846,0,0,0,0,0,0.70705375281792215
3439,29.844180352704903,-0.50002499267365486,0,0,0,0,0,0.70705375281792215
3440,29.852858509248289,-0.50002499269070411,0,0,0,0,0,0.70705375281792215
3441,29.861536665791675,-0.50002499270779366,0,0,0,0,0,0.70705375281792215
3442,29.870214822335061,-0.5000249927249214,0,0,0,0,0,0.70705375281792204
3443,29.878892978878447,-0.50002499274208434,0,0,0,0,0,0.70705375281792204
3444,29.887571135421833,-0.50002499275928036,0,0,0,0,0,0.70705375281792204
3445,29.896249291965219,-0.50002499277650614,0,0,0,0,0,0.70705375281792215
3446,29.904927448508605,-0.50002499279375967,0,0,0,0,0,0.70705375281792215
3447,29.913605605051991,-0.50002499281103796,0,0,0,0,0,0.70705375281792215
3448,29.922283761595377,-0.50002499282833868,0,0,0,0,0,0.70705375281792215
3449,29.930961918138763,-0.50002499284565949,0,0,0,0,0,0.70705375281792204
3450,29.939640074682149,-0.50002499286299718,0,0,0,0,0,0.70705375281792215
3451,29.948318231225535,-0.50002499288034941,0,0,0,0,0,0.70705375281792215
3452,29.956996387768921,-0.50002499289771374,0,0,0,0,0,0.70705375281792204
3453,29.965674544312311,-0.50002499291508717,0,0,0,0,0,0.70705375281792204
3454,29.974352700855697,-0.50002499293246727,0,0,0,0,0,0.70705375281792215
3455,29.983030857399083,-0.5000249929498517,0,0,0,0,0,0.70705375281792215
3456,29.991709013942469,-0.50002499296723746,0,0,0,0,0,0.70705375281792215
3457,30.000387170485855,-0.50002499298462189,0,0,0,0,0,0.70705375281792215
3458,30.009065327029241,-0.50002499300200265,0,0,0,0,0,0.70705375281792215
3459,30.017743483572627,-0.50002499301937686,0,0,0,0,0,0.70705375281792227
3460,30.026421640116013,-0.50002499303674242,0,0,0,0,0,0.70705375281792215
3461,30.035099796659399,-0.50002499305409631,0,0,0,0,0,0.70705375281792204
3462,30.043777953202785,-0.50002499307143577,0,0,0,0,0,0.70705375281792215
3463,30.052456109746171,-0.50002499308875825,0,0,0,0,0,0.70705375281792227
3464,30.061134266289557,-0.50002499310606163,0,0,0,0,0,0.70705375281792215
3465,30.069812422832943,-0.5000249931233427,0,0,0,0,0,0.70705375281792215
3466,30.078490579376329,-0.50002499314059889,0,0,0,0,0,0.70705375281792215
3467,30.087168735919715,-0.50002499315782789,0,0,0,0,0,0.70705375281792215
3468,30.095846892463101,-0.50002499317502735,0,0,0,0,0,0.70705375281792215
3469,30.104525049006487,-0.50002499319219407,0,0,0,0,0,0.70705375281792227
3470,30.113203205549873,-0.5000249932093257,0,0,0,0,0,0.70705375281792227
3471,30.121881362093259,-0.5000249932264198,0,0,0,0,0,0.70705375281792238
3472,30.130559518636645,-0.50002499324347338,0,0,0,0,0,0.70705375281792227
3473,30.139237675180031,-0.50002499326048466,0,0,0,0,0,0.70705375281792238
3474,30.147915831723417,-0.50002499327745054,0,0,0,0,0,0.70705375281792227
3475,30.156593988266803,-0.50002499329436845,0,0,0,0,0,0.70705375281792215
3476,30.165272144810189,-0.50002499331123595,0,0,0,0,0,0.70705375281792215
3477,30.173950301353575,-0.50002499332805039,0,0,0,0,0,0.70705375281792227
3478,30.182628457896961,-0.5000249933448091,0,0,0,0,0,0.70705375281792227
3479,30.19130661444035,-0.50002499336150996,0,0,0,0,0,0.70705375281792215
3480,30.199984770983736,-0.50002499337815032,0,0,0,0,0,0.70705375281792227
3481,30.208662927527122,-0.50002499339472761,0,0,0,0,0,0.70705375281792227
3482,30.217341084070508,-0.50002499341123896,0,0,0,0,0,0.70705375281792215
3483,30.226019240613894,-0.5000249934276827,0,0,0,0,0,0.70705375281792215
3484,30.23469739715728,-0.50002499344405582,0,0,0,0,0,0.70705375281792215
3485,30.243375553700666,-0.50002499346035578,0,0,0,0,0,0.70705375281792215
3486,30.252053710244052,-0.50002499347658058,0,0,0,0,0,0.70705375281792215
3487,30.260731866787438,-0.500024993492727,0,0,0,0,0,0.70705375281792215
3488,30.269410023330824,-0.50002499350879337,0,0,0,0,0,0.70705375281792215
3489,30.27808817987421,-0.50002499352477714,0,0,0,0,0,0.70705375281792215
3490,30.286766336417596,-0.50002499354067576,0,0,0,0,0,0.70705375281792204
3491,30.295444492960982,-0.50002499355648666,0,0,0,0,0,0.70705375281792204
3492,30.304122649504368,-0.50002499357220742,0,0,0,0,0,0.70705375281792193
3493,30.312800806047754,-0.50002499358783603,0,0,0,0,0,0.70705375281792193
3494,30.32147896259114,-0.50002499360336994,0,0,0,0,0,0.70705375281792193
3495,30.330157119134526,-0.5000249936188067,0,0,0,0,0,0.70705375281792193
3496,30.338835275677912,-0.50002499363414443,0,0,0,0,0,0.70705375281792193
3497,30.347513432221298,-0.50002499364938036,0,0,0,0,0,0.70705375281792193
3498,30.356191588764684,-0.50002499366451225,0,0,0,0,0,0.70705375281792193
3499,30.36486974530807,-0.50002499367953812,0,0,0,0,0,0.70705375281792193
3500,30.373547901851456,-0.50002499369445541,0,0,0,0,0,0.70705375281792182
3501,30.382226058394842,-0.50002499370926179,0,0,0,0,0,0.70705375281792182
3502,30.390904214938228,-0.50002499372395548,0,0,0,0,0,0.70705375281792171
3503,30.399582371481614,-0.50002499373853371,0,0,0,0,0,0.70705375281792171
3504,30.408260528025,-0.50002499375299481,0,0,0,0,0,0.70705375281792171
3505,30.416938684568386,-0.500024993767336,0,0,0,0,0,0.70705375281792171
3506,30.425616841111776,-0.50002499378155574,0,0,0,0,0,0.70705375281792171
3507,30.434294997655162,-0.50002499379565168,0,0,0,0,0,0.70705375281792171
3508,30.442973154198548,-0.5000249938096214,0,0,0,0,0,0.7070537528179216
3509,30.451651310741934,-0.5000249938234631,0,0,0,0,0,0.70705375281792171
3510,30.46032946728532,-0.50002499383717458,0,0,0,0,0,0.7070537528179216
3511,30.469007623828706,-0.50002499385075372,0,0,0,0,0,0.70705375281792171
3512,30.477685780372092,-0.50002499386419852,0,0,0,0,0,0.70705375281792171
3513,30.486363936915478,-0.50002499387750721,0,0,0,0,0,0.70705375281792149
3514,30.495042093458864,-0.50002499389067756,0,0,0,0,0,0.7070537528179216
3515,30.50372025000225,-0.50002499390370758,0,0,0,0,0,0.70705375281792149
3516,30.512398406545636,-0.50002499391659538,0,0,0,0,0,0.7070537528179216
3517,30.521076563089022,-0.50002499392933875,0,0,0,0,0,0.70705375281792171
3518,30.529754719632408,-0.50002499394193589,0,0,0,0,0,0.70705375281792171
3519,30.538432876175793,-0.50002499395438527,0,0,0,0,0,0.70705375281792171
3520,30.547111032719179,-0.50002499396668476,0,0,0,0,0,0.70705375281792149
3521,30.555789189262565,-0.50002499397883193,0,0,0,0,0,0.70705375281792171
3522,30.564467345805951,-0.50002499399082601,0,0,0,0,0,0.7070537528179216
3523,30.573145502349337,-0.50002499400266442,0,0,0,0,0,0.70705375281792171
3524,30.581823658892723,-0.50002499401434575,0,0,0,0,0,0.7070537528179216
3525,30.590501815436109,-0.50002499402586786,0,0,0,0,0,0.70705375281792171
3526,30.599179971979495,-0.50002499403722955,0,0,0,0,0,0.70705375281792171
3527,30.607858128522881,-0.50002499404842893,0,0,0,0,0,0.70705375281792171
3528,30.616536285066267,-0.5000249940594641,0,0,0,0,0,0.70705375281792171
3529,30.625214441609653,-0.50002499407033341,0,0,0,0,0,0.70705375281792171
3530,30.633892598153039,-0.50002499408103551,0,0,0,0,0,0.7070537528179216
3531,30.642570754696425,-0.50002499409156831,0,0,0,0,0,0.7070537528179216
3532,30.651248911239815,-0.50002499410193058,0,0,0,0,0,0.7070537528179216
3533,30.659927067783201,-0.50002499411212098,0,0,0,0,0,0.7070537528179216
3534,30.668605224326587,-0.50002499412213752,0,0,0,0,0,0.7070537528179216
3535,30.677283380869973,-0.50002499413197876,0,0,0,0,0,0.7070537528179216
3536,30.685961537413359,-0.50002499414164303,0,0,0,0,0,0.7070537528179216
3537,30.694639693956745,-0.50002499415112944,0,0,0,0,0,0.70705375281792149
3538,30.703317850500131,-0.50002499416043633,0,0,0,0,0,0.7070537528179216
3539,30.711996007043517,-0.50002499416956214,0,0,0,0,0,0.7070537528179216
3540,30.720674163586903,-0.50002499417850532,0,0,0,0,0,0.70705375281792149
3541,30.729352320130289,-0.50002499418726543,0,0,0,0,0,0.70705375281792149
3542,30.738030476673675,-0.5000249941958399,0,0,0,0,0,0.70705375281792149
3543,30.746708633217061,-0.50002499420422819,0,0,0,0,0,0.7070537528179216
3544,30.755386789760447,-0.50002499421242919,0,0,0,0,0,0.7070537528179216
3545,30.764064946303833,-0.50002499422044089,0,0,0,0,0,0.7070537528179216
3546,30.772743102847219,-0.50002499422826274,0,0,0,0,0,0.70705375281792171
3547,30.781421259390605,-0.50002499423589364,0,0,0,0,0,0.70705375281792171
3548,30.790099415933991,-0.50002499424333169,0,0,0,0,0,0.70705375281792171
3549,30.798777572477377,-0.50002499425057656,0,0,0,0,0,0.7070537528179216
3550,30.807455729020763,-0.50002499425762681,0,0,0,0,0,0.7070537528179216
3551,30.816133885564149,-0.50002499426448155,0,0,0,0,0,0.70705375281792171
3552,30.824812042107535,-0.50002499427113922,0,0,0,0,0,0.7070537528179216
3553,30.833490198650921,-0.5000249942775995,0,0,0,0,0,0.70705375281792182
3554,30.842168355194307,-0.50002499428386082,0,0,0,0,0,0.70705375281792171
3555,30.850846511737693,-0.50002499428992275,0,0,0,0,0,0.70705375281792193
3556,30.859524668281079,-0.50002499429578418,0,0,0,0,0,0.70705375281792182
3557,30.868202824824465,-0.50002499430144431,0,0,0,0,0,0.70705375281792182
3558,30.876880981367854,-0.50002499430690228,0,0,0,0,0,0.70705375281792193
3559,30.88555913791124,-0.50002499431215675,0,0,0,0,0,0.70705375281792193
3560,30.894237294454626,-0.5000249943172077,0,0,0,0,0,0.70705375281792182
3561,30.902915450998012,-0.50002499432205405,0,0,0,0,0,0.70705375281792171
3562,30.911593607541398,-0.50002499432669489,0,0,0,0,0,0.70705375281792182
3563,30.920271764084784,-0.50002499433112968,0,0,0,0,0,0.70705375281792182
3564,30.92894992062817,-0.50002499433535774,0,0,0,0,0,0.70705375281792182
3565,30.937628077171556,-0.50002499433937819,0,0,0,0,0,0.70705375281792182
3566,30.946306233714942,-0.50002499434319114,0,0,0,0,0,0.70705375281792182
3567,30.954984390258328,-0.50002499434679515,0,0,0,0,0,0.70705375281792193
3568,30.963662546801714,-0.50002499435019032,0,0,0,0,0,0.70705375281792182
3569,30.9723407033451,-0.50002499435337566,0,0,0,0,0,0.70705375281792182
3570,30.981018859888486,-0.50002499435635139,0,0,0,0,0,0.70705375281792182
3571,30.989697016431872,-0.50002499435911618,0,0,0,0,0,0.70705375281792182
3572,30.998375172975258,-0.50002499436166992,0,0,0,0,0,0.70705375281792182
3573,31.007053329518644,-0.50002499436401249,0,0,0,0,0,0.70705375281792193
3574,31.01573148606203,-0.50002499436614345,0,0,0,0,0,0.70705375281792193
3575,31.024409642605416,-0.50002499436806236,0,0,0,0,0,0.70705375281792193
3576,31.033087799148802,-0.50002499436976888,0,0,0,0,0,0.70705375281792182
3577,31.041765955692188,-0.50002499437126291,0,0,0,0,0,0.70705375281792193
3578,31.050444112235574,-0.50002499437254389,0,0,0,0,0,0.70705375281792193
3579,31.05912226877896,-0.50002499437361247,0,0,0,0,0,0.70705375281792204
3580,31.067800425322346,-0.50002499437446757,0,0,0,0,0,0.70705375281792193
3581,31.076478581865732,-0.50002499437510917,0,0,0,0,0,0.70705375281792204
3582,31.085156738409118,-0.50002499437553793,0,0,0,0,0,0.70705375281792204
3583,31.093834894952504,-0.50002499437575287,0,0,0,0,0,0.70705375281792193
3584,31.10251305149589,-0.50002499437575465,0,0,0,0,0,0.70705375281792193
3585,31.11119120803928,-0.50002499437554249,0,0,0,0,0,0.70705375281792204
3586,31.119869364582666,-0.50002499437511749,0,0,0,0,0,0.70705375281792193
3587,31.128547521126052,-0.50002499437447878,0,0,0,0,0,0.70705375281792193
3588,31.137225677669438,-0.50002499437362657,0,0,0,0,0,0.70705375281792204
3589,31.145903834212824,-0.50002499437256165,0,0,0,0,0,0.70705375281792204
3590,31.15458199075621,-0.50002499437128378,0,0,0,0,0,0.70705375281792204
3591,31.163260147299596,-0.50002499436979309,0,0,0,0,0,0.70705375281792204
3592,31.171938303842982,-0.50002499436808956,0,0,0,0,0,0.70705375281792204
3593,31.180616460386368,-0.50002499436617387,0,0,0,0,0,0.70705375281792204
3594,31.189294616929754,-0.50002499436404635,0,0,0,0,0,0.70705375281792204
3595,31.19797277347314,-0.50002499436170689,0,0,0,0,0,0.70705375281792193
3596,31.206650930016526,-0.50002499435915626,0,0,0,0,0,0.70705375281792204
3597,31.215329086559912,-0.50002499435639447,0,0,0,0,0,0.70705375281792204
3598,31.224007243103298,-0.50002499435342251,0,0,0,0,0,0.70705375281792193
3599,31.232685399646684,-0.50002499435024006,0,0,0,0,0,0.70705375281792204
3600,31.24136355619007,-0.50002499434684822,0,0,0,0,0,0.70705375281792204
3601,31.250041712733456,-0.50002499434324732,0,0,0,0,0,0.70705375281792193
3602,31.258719869276842,-0.5000249943394377,0,0,0,0,0,0.70705375281792193
3603,31.267398025820228,-0.50002499433542003,0,0,0,0,0,0.70705375281792204
3604,31.276076182363614,-0.50002499433119496,0,0,0,0,0,0.70705375281792193
3605,31.284754338907,-0.50002499432676351,0,0,0,0,0,0.70705375281792215
3606,31.293432495450386,-0.50002499432212566,0,0,0,0,0,0.70705375281792193
3607,31.302110651993772,-0.50002499431728253,0,0,0,0,0,0.70705375281792204
3608,31.310788808537158,-0.50002499431223468,0,0,0,0,0,0.70705375281792204
3609,31.319466965080544,-0.50002499430698333,0,0,0,0,0,0.70705375281792193
3610,31.32814512162393,-0.50002499430152836,0,0,0,0,0,0.70705375281792193
3611,31.336823278167319,-0.50002499429587122,0,0,0,0,0,0.70705375281792204
3612,31.345501434710705,-0.50002499429001301,0,0,0,0,0,0.70705375281792204
3613,31.354179591254091,-0.50002499428395386,0,0,0,0,0,0.70705375281792215
3614,31.362857747797477,-0.50002499427769531,0,0,0,0,0,0.70705375281792215
3615,31.371535904340863,-0.50002499427123825,0,0,0,0,0,0.70705375281792204
3616,31.380214060884249,-0.50002499426458336,0,0,0,0,0,0.70705375281792215
3617,31.388892217427635,-0.50002499425773173,0,0,0,0,0,0.70705375281792204
3618,31.397570373971021,-0.50002499425068447,0,0,0,0,0,0.70705375281792215
3619,31.406248530514407,-0.5000249942434426,0,0,0,0,0,0.70705375281792204
3620,31.414926687057793,-0.50002499423600721,0,0,0,0,0,0.70705375281792204
3621,31.423604843601179,-0.5000249942283792,0,0,0,0,0,0.70705375281792204
3622,31.432283000144565,-0.50002499422056046,0,0,0,0,0,0.70705375281792215
3623,31.440961156687951,-0.50002499421255131,0,0,0,0,0,0.70705375281792204
3624,31.449639313231337,-0.50002499420435342,0,0,0,0,0,0.70705375281792204
3625,31.458317469774723,-0.50002499419596813,0,0,0,0,0,0.70705375281792215
3626,31.466995626318109,-0.50002499418739621,0,0,0,0,0,0.70705375281792215
3627,31.475673782861495,-0.5000249941786391,0,0,0,0,0,0.70705375281792215
3628,31.484351939404881,-0.50002499416969837,0,0,0,0,0,0.70705375281792215
3629,31.493030095948267,-0.50002499416057544,0,0,0,0,0,0.70705375281792204
3630,31.501708252491653,-0.50002499415127144,0,0,0,0,0,0.70705375281792204
3631,31.510386409035039,-0.50002499414178792,0,0,0,0,0,0.70705375281792193
3632,31.519064565578425,-0.50002499413212576,0,0,0,0,0,0.70705375281792204
3633,31.527742722121811,-0.50002499412228729,0,0,0,0,0,0.70705375281792204
3634,31.536420878665197,-0.50002499411227352,0,0,0,0,0,0.70705375281792215
3635,31.545099035208583,-0.50002499410208601,0,0,0,0,0,0.70705375281792204
3636,31.553777191751969,-0.50002499409172629,0,0,0,0,0,0.70705375281792215
3637,31.562455348295359,-0.50002499408119616,0,0,0,0,0,0.70705375281792204
3638,31.571133504838745,-0.50002499407049661,0,0,0,0,0,0.70705375281792204
3639,31.579811661382131,-0.50002499405962986,0,0,0,0,0,0.70705375281792204
3640,31.588489817925517,-0.50002499404859724,0,0,0,0,0,0.70705375281792204
3641,31.597167974468903,-0.50002499403740042,0,0,0,0,0,0.70705375281792193
3642,31.605846131012289,-0.50002499402604128,0,0,0,0,0,0.70705375281792193
3643,31.614524287555675,-0.5000249940145215,0,0,0,0,0,0.70705375281792193
3644,31.623202444099061,-0.50002499400284262,0,0,0,0,0,0.70705375281792182
3645,31.631880600642447,-0.50002499399100653,0,0,0,0,0,0.70705375281792193
3646,31.640558757185833,-0.50002499397901479,0,0,0,0,0,0.70705375281792193
3647,31.649236913729219,-0.50002499396686972,0,0,0,0,0,0.70705375281792193
3648,31.657915070272605,-0.50002499395457267,0,0,0,0,0,0.70705375281792193
3649,31.666593226815991,-0.50002499394212574,0,0,0,0,0,0.70705375281792182
3650,31.675271383359377,-0.50002499392953059,0,0,0,0,0,0.70705375281792193
3651,31.683949539902763,-0.50002499391678945,0,0,0,0,0,0.70705375281792193
3652,31.692627696446149,-0.50002499390390387,0,0,0,0,0,0.70705375281792193
3653,31.701305852989535,-0.50002499389087596,0,0,0,0,0,0.70705375281792193
3654,31.709984009532921,-0.50002499387770794,0,0,0,0,0,0.70705375281792193
3655,31.718662166076307,-0.50002499386440136,0,0,0,0,0,0.70705375281792193
3656,31.727340322619693,-0.50002499385095844,0,0,0,0,0,0.70705375281792182
3657,31.736018479163079,-0.50002499383738153,0,0,0,0,0,0.70705375281792193
3658,31.744696635706465,-0.50002499382367205,0,0,0,0,0,0.70705375281792182
3659,31.753374792249851,-0.50002499380983223,0,0,0,0,0,0.70705375281792182
3660,31.762052948793237,-0.50002499379586451,0,0,0,0,0,0.70705375281792182
3661,31.770731105336623,-0.50002499378177045,0,0,0,0,0,0.70705375281792182
3662,31.779409261880009,-0.50002499376755272,0,0,0,0,0,0.70705375281792182
3663,31.788087418423398,-0.5000249937532133,0,0,0,0,0,0.70705375281792182
3664,31.796765574966784,-0.50002499373875398,0,0,0,0,0,0.70705375281792182
3665,31.80544373151017,-0.50002499372417764,0,0,0,0,0,0.70705375281792171
3666,31.814121888053556,-0.50002499370948572,0,0,0,0,0,0.70705375281792171
3667,31.822800044596942,-0.50002499369468101,0,0,0,0,0,0.70705375281792182
3668,31.831478201140328,-0.50002499367976527,0,0,0,0,0,0.70705375281792193
3669,31.840156357683714,-0.50002499366474129,0,0,0,0,0,0.70705375281792182
3670,31.8488345142271,-0.50002499364961084,0,0,0,0,0,0.70705375281792182
3671,31.857512670770486,-0.50002499363437636,0,0,0,0,0,0.70705375281792182
3672,31.866190827313872,-0.50002499361904063,0,0,0,0,0,0.70705375281792182
3673,31.874868983857258,-0.50002499360360519,0,0,0,0,0,0.70705375281792193
3674,31.883547140400644,-0.50002499358807262,0,0,0,0,0,0.70705375281792182
3675,31.89222529694403,-0.50002499357244556,0,0,0,0,0,0.70705375281792182
3676,31.900903453487416,-0.50002499355672592,0,0,0,0,0,0.70705375281792193
3677,31.909581610030802,-0.50002499354091645,0,0,0,0,0,0.70705375281792193
3678,31.918259766574188,-0.50002499352501917,0,0,0,0,0,0.70705375281792193
3679,31.926937923117574,-0.50002499350903717,0,0,0,0,0,0.70705375281792182
3680,31.93561607966096,-0.50002499349297191,0,0,0,0,0,0.70705375281792193
3681,31.944294236204346,-0.50002499347682661,0,0,0,0,0,0.70705375281792193
3682,31.952972392747732,-0.50002499346060314,0,0,0,0,0,0.70705375281792193
3683,31.961650549291118,-0.50002499344430396,0,0,0,0,0,0.70705375281792193
3684,31.970328705834504,-0.50002499342793227,0,0,0,0,0,0.70705375281792182
3685,31.97900686237789,-0.50002499341148976,0,0,0,0,0,0.70705375281792182
3686,31.987685018921276,-0.50002499339497919,0,0,0,0,0,0.70705375281792182
3687,31.996363175464662,-0.50002499337840289,0,0,0,0,0,0.70705375281792182
3688,32.005041332008048,-0.50002499336176354,0,0,0,0,0,0.70705375281792193
3689,32.013719488551438,-0.50002499334506356,0,0,0,0,0,0.70705375281792182
3690,32.02239764509482,-0.50002499332830552,0,0,0,0,0,0.70705375281792193
3691,32.03107580163821,-0.50002499331149186,0,0,0,0,0,0.70705375281792193
3692,32.039753958181592,-0.50002499329462524,0,0,0,0,0,0.70705375281792182
3693,32.048432114724982,-0.50002499327770833,0,0,0,0,0,0.70705375281792182
3694,32.057110271268364,-0.50002499326074323,0,0,0,0,0,0.70705375281792182
3695,32.065788427811754,-0.50002499324373284,0,0,0,0,0,0.70705375281792182
3696,32.074466584355136,-0.50002499322667981,0,0,0,0,0,0.70705375281792182
3697,32.083144740898526,-0.50002499320958627,0,0,0,0,0,0.70705375281792182
3698,32.091822897441908,-0.50002499319245508,0,0,0,0,0,0.70705375281792182
3699,32.100501053985298,-0.50002499317528848,0,0,0,0,0,0.70705375281792171
3700,32.10917921052868,-0.5000249931580899,0,0,0,0,0,0.70705375281792171
3701,32.11785736707207,-0.50002499314086113,0,0,0,0,0,0.70705375281792182
3702,32.126535523615452,-0.50002499312360538,0,0,0,0,0,0.70705375281792171
3703,32.135213680158841,-0.50002499310632442,0,0,0,0,0,0.70705375281792171
3704,32.143891836702231,-0.50002499308902171,0,0,0,0,0,0.70705375281792182
3705,32.152569993245613,-0.50002499307169923,0,0,0,0,0,0.70705375281792182
3706,32.161248149789003,-0.50002499305436032,0,0,0,0,0,0.70705375281792171
3707,32.169926306332385,-0.50002499303700643,0,0,0,0,0,0.70705375281792171
3708,32.178604462875775,-0.50002499301964165,0,0,0,0,0,0.70705375281792149
3709,32.187282619419157,-0.50002499300226755,0,0,0,0,0,0.70705375281792149
3710,32.195960775962547,-0.50002499298488678,0,0,0,0,0,0.70705375281792149
3711,32.204638932505929,-0.50002499296750214,0,0,0,0,0,0.7070537528179216
3712,32.213317089049319,-0.50002499295011638,0,0,0,0,0,0.7070537528179216
3713,32.221995245592701,-0.50002499293273184,0,0,0,0,0,0.7070537528179216
3714,32.230673402136091,-0.50002499291535174,0,0,0,0,0,0.7070537528179216
3715,32.239351558679473,-0.50002499289797808,0,0,0,0,0,0.7070537528179216
3716,32.248029715222863,-0.50002499288061375,0,0,0,0,0,0.7070537528179216
3717,32.256707871766245,-0.50002499286326119,0,0,0,0,0,0.7070537528179216
3718,32.265386028309635,-0.50002499284592328,0,0,0,0,0,0.7070537528179216
3719,32.274064184853017,-0.50002499282860235,0,0,0,0,0,0.7070537528179216
3720,32.282742341396407,-0.50002499281130119,0,0,0,0,0,0.70705375281792171
3721,32.291420497939789,-0.50002499279402235,0,0,0,0,0,0.70705375281792171
3722,32.300098654483179,-0.50002499277676848,0,0,0,0,0,0.70705375281792171
3723,32.308776811026561,-0.50002499275954204,0,0,0,0,0,0.70705375281792171
3724,32.317454967569951,-0.5000249927423458,0,0,0,0,0,0.70705375281792171
3725,32.326133124113333,-0.50002499272518208,0,0,0,0,0,0.70705375281792171
3726,32.334811280656723,-0.50002499270805401,0,0,0,0,0,0.70705375281792171
3727,32.343489437200105,-0.50002499269096368,0,0,0,0,0,0.70705375281792171
3728,32.352167593743495,-0.50002499267391365,0,0,0,0,0,0.70705375281792171
3729,32.360845750286884,-0.50002499265690681,0,0,0,0,0,0.70705375281792171
3730,32.369523906830267,-0.5000249926399456,0,0,0,0,0,0.70705375281792171
3731,32.378202063373656,-0.50002499262303235,0,0,0,0,0,0.70705375281792171
3732,32.386880219917039,-0.5000249926061695,0,0,0,0,0,0.70705375281792182
3733,32.395558376460428,-0.50002499258936028,0,0,0,0,0,0.70705375281792182
3734,32.404236533003811,-0.5000249925726068,0,0,0,0,0,0.70705375281792182
3735,32.4129146895472,-0.5000249925559116,0,0,0,0,0,0.70705375281792182
3736,32.421592846090583,-0.50002499253927712,0,0,0,0,0,0.70705375281792171
3737,32.430271002633972,-0.50002499252270594,0,0,0,0,0,0.70705375281792182
3738,32.438949159177355,-0.50002499250620069,0,0,0,0,0,0.70705375281792182
3739,32.447627315720744,-0.50002499248976362,0,0,0,0,0,0.70705375281792171
3740,32.456305472264127,-0.50002499247339727,0,0,0,0,0,0.70705375281792182
3741,32.464983628807516,-0.5000249924571043,0,0,0,0,0,0.70705375281792171
3742,32.473661785350899,-0.50002499244088683,0,0,0,0,0,0.7070537528179216
3743,32.482339941894288,-0.50002499242474729,0,0,0,0,0,0.70705375281792171
3744,32.491018098437671,-0.50002499240868847,0,0,0,0,0,0.70705375281792171
3745,32.49969625498106,-0.50002499239271248,0,0,0,0,0,0.70705375281792171
3746,32.508374411524443,-0.50002499237682196,0,0,0,0,0,0.70705375281792171
3747,32.517052568067832,-0.50002499236101916,0,0,0,0,0,0.70705375281792182
3748,32.525730724611215,-0.50002499234530651,0,0,0,0,0,0.70705375281792182
3749,32.534408881154604,-0.50002499232968622,0,0,0,0,0,0.70705375281792182
3750,32.543087037697987,-0.50002499231416109,0,0,0,0,0,0.70705375281792182
3751,32.551765194241376,-0.50002499229873298,0,0,0,0,0,0.70705375281792182
3752,32.560443350784759,-0.50002499228340436,0,0,0,0,0,0.70705375281792182
3753,32.569121507328148,-0.50002499226817776,0,0,0,0,0,0.70705375281792182
3754,32.577799663871531,-0.50002499225305508,0,0,0,0,0,0.70705375281792182
3755,32.58647782041492,-0.50002499223803865,0,0,0,0,0,0.70705375281792182
3756,32.59515597695831,-0.50002499222313124,0,0,0,0,0,0.70705375281792182
3757,32.603834133501692,-0.50002499220833441,0,0,0,0,0,0.70705375281792182
3758,32.612512290045082,-0.50002499219365093,0,0,0,0,0,0.70705375281792182
3759,32.621190446588464,-0.50002499217908269,0,0,0,0,0,0.70705375281792193
3760,32.629868603131854,-0.50002499216463192,0,0,0,0,0,0.70705375281792182
3761,32.638546759675236,-0.50002499215030094,0,0,0,0,0,0.70705375281792193
3762,32.647224916218626,-0.50002499213609175,0,0,0,0,0,0.70705375281792193
3763,32.655903072762008,-0.50002499212200657,0,0,0,0,0,0.70705375281792182
3764,32.664581229305398,-0.50002499210804774,0,0,0,0,0,0.70705375281792171
3765,32.67325938584878,-0.50002499209421702,0,0,0,0,0,0.70705375281792171
3766,32.68193754239217,-0.50002499208051632,0,0,0,0,0,0.70705375281792182
3767,32.690615698935552,-0.50002499206694817,0,0,0,0,0,0.70705375281792182
3768,32.699293855478942,-0.50002499205351425,0,0,0,0,0,0.70705375281792182
3769,32.707972012022324,-0.500024992040217,0,0,0,0,0,0.70705375281792193
3770,32.716650168565714,-0.50002499202705819,0,0,0,0,0,0.70705375281792182
3771,32.725328325109096,-0.50002499201403983,0,0,0,0,0,0.70705375281792171
3772,32.734006481652486,-0.50002499200116368,0,0,0,0,0,0.70705375281792171
3773,32.742684638195868,-0.50002499198843187,0,0,0,0,0,0.70705375281792171
3774,32.751362794739258,-0.50002499197584638,0,0,0,0,0,0.70705375281792171
3775,32.76004095128264,-0.50002499196340877,0,0,0,0,0,0.70705375281792171
3776,32.76871910782603,-0.50002499195112149,0,0,0,0,0,0.70705375281792171
3777,32.777397264369412,-0.50002499193898564,0,0,0,0,0,0.70705375281792171
3778,32.786075420912802,-0.50002499192700378,0,0,0,0,0,0.70705375281792171
3779,32.794753577456184,-0.50002499191517713,0,0,0,0,0,0.70705375281792182
3780,32.803431733999574,-0.50002499190350802,0,0,0,0,0,0.70705375281792171
3781,32.812109890542963,-0.50002499189199778,0,0,0,0,0,0.70705375281792182
3782,32.820788047086346,-0.50002499188064831,0,0,0,0,0,0.70705375281792182
3783,32.829466203629735,-0.50002499186946125,0,0,0,0,0,0.70705375281792182
3784,32.838144360173118,-0.50002499185843829,0,0,0,0,0,0.70705375281792182
3785,32.846822516716507,-0.5000249918475812,0,0,0,0,0,0.70705375281792182
3786,32.85550067325989,-0.50002499183689164,0,0,0,0,0,0.70705375281792171
3787,32.864178829803279,-0.50002499182637106,0,0,0,0,0,0.70705375281792171
3788,32.872856986346662,-0.50002499181602089,0,0,0,0,0,0.70705375281792171
3789,32.881535142890051,-0.50002499180584303,0,0,0,0,0,0.70705375281792171
3790,32.890213299433434,-0.50002499179583892,0,0,0,0,0,0.70705375281792171
3791,32.898891455976823,-0.50002499178601001,0,0,0,0,0,0.70705375281792171
3792,32.907569612520206,-0.50002499177635762,0,0,0,0,0,0.70705375281792171
3793,32.916247769063595,-0.50002499176688353,0,0,0,0,0,0.70705375281792171
3794,32.924925925606978,-0.50002499175758897,0,0,0,0,0,0.70705375281792171
3795,32.933604082150367,-0.50002499174847559,0,0,0,0,0,0.70705375281792171
3796,32.94228223869375,-0.50002499173954451,0,0,0,0,0,0.70705375281792171
3797,32.950960395237139,-0.50002499173079662,0,0,0,0,0,0.70705375281792182
3798,32.959638551780522,-0.50002499172223402,0,0,0,0,0,0.70705375281792182
3799,32.968316708323911,-0.50002499171385795,0,0,0,0,0,0.70705375281792171
3800,32.976994864867294,-0.50002499170566927,0,0,0,0,0,0.70705375281792171
3801,32.985673021410683,-0.50002499169766934,0,0,0,0,0,0.70705375281792171
3802,32.994351177954066,-0.50002499168985948,0,0,0,0,0,0.70705375281792171
3803,33.003029334497455,-0.50002499168224057,0,0,0,0,0,0.70705375281792171
3804,33.011707491040838,-0.50002499167481429,0,0,0,0,0,0.7070537528179216
3805,33.020385647584227,-0.50002499166758141,0,0,0,0,0,0.70705375281792171
3806,33.02906380412761,-0.50002499166054271,0,0,0,0,0,0.7070537528179216
3807,33.037741960670999,-0.50002499165369985,0,0,0,0,0,0.7070537528179216
3808,33.046420117214389,-0.50002499164705339,0,0,0,0,0,0.70705375281792171
3809,33.055098273757771,-0.50002499164060454,0,0,0,0,0,0.7070537528179216
3810,33.063776430301161,-0.50002499163435454,0,0,0,0,0,0.70705375281792171
3811,33.072454586844543,-0.50002499162830394,0,0,0,0,0,0.7070537528179216
3812,33.081132743387933,-0.50002499162245362,0,0,0,0,0,0.70705375281792149
3813,33.089810899931315,-0.50002499161680469,0,0,0,0,0,0.7070537528179216
3814,33.098489056474705,-0.50002499161135805,0,0,0,0,0,0.7070537528179216
3815,33.107167213018087,-0.50002499160611413,0,0,0,0,0,0.7070537528179216
3816,33.115845369561477,-0.50002499160107416,0,0,0,0,0,0.7070537528179216
3817,33.124523526104859,-0.5000249915962387,0,0,0,0,0,0.7070537528179216
3818,33.133201682648249,-0.50002499159160818,0,0,0,0,0,0.7070537528179216
3819,33.141879839191631,-0.50002499158718394,0,0,0,0,0,0.70705375281792171
3820,33.150557995735021,-0.50002499158296598,0,0,0,0,0,0.70705375281792171
3821,33.159236152278403,-0.50002499157895575,0,0,0,0,0,0.70705375281792171
3822,33.167914308821793,-0.50002499157515301,0,0,0,0,0,0.7070537528179216
3823,33.176592465365175,-0.50002499157155866,0,0,0,0,0,0.7070537528179216
3824,33.185270621908565,-0.5000249915681737,0,0,0,0,0,0.7070537528179216
3825,33.193948778451947,-0.5000249915649978,0,0,0,0,0,0.70705375281792171
3826,33.202626934995337,-0.50002499156203206,0,0,0,0,0,0.70705375281792171
3827,33.211305091538719,-0.50002499155927649,0,0,0,0,0,0.70705375281792171
3828,33.219983248082109,-0.50002499155673208,0,0,0,0,0,0.70705375281792171
3829,33.228661404625491,-0.50002499155439861,0,0,0,0,0,0.70705375281792171
3830,33.237339561168881,-0.50002499155227687,0,0,0,0,0,0.70705375281792171
3831,33.246017717712263,-0.50002499155036673,0,0,0,0,0,0.70705375281792171
3832,33.254695874255653,-0.50002499154866908,0,0,0,0,0,0.70705375281792171
3833,33.263374030799035,-0.50002499154718338,0,0,0,0,0,0.70705375281792182
3834,33.272052187342425,-0.50002499154591051,0,0,0,0,0,0.70705375281792171
3835,33.280730343885814,-0.50002499154485069,0,0,0,0,0,0.70705375281792182
3836,33.289408500429197,-0.50002499154400359,0,0,0,0,0,0.70705375281792171
3837,33.298086656972586,-0.5000249915433701,0,0,0,0,0,0.7070537528179216
3838,33.306764813515969,-0.50002499154294933,0,0,0,0,0,0.7070537528179216
3839,33.315442970059358,-0.50002499154274205,0,0,0,0,0,0.7070537528179216
3840,33.324121126602741,-0.50002499154274782,0,0,0,0,0,0.70705375281792149
3841,33.33279928314613,-0.50002499154296709,0,0,0,0,0,0.70705375281792149
3842,33.341477439689513,-0.50002499154339963,0,0,0,0,0,0.70705375281792149
3843,33.350155596232902,-0.50002499154404534,0,0,0,0,0,0.70705375281792149
3844,33.358833752776285,-0.5000249915449041,0,0,0,0,0,0.70705375281792138
3845,33.367511909319674,-0.50002499154597568,0,0,0,0,0,0.70705375281792138
3846,33.376190065863057,-0.50002499154726032,0,0,0,0,0,0.70705375281792138
3847,33.384868222406446,-0.50002499154875735,0,0,0,0,0,0.70705375281792149
3848,33.393546378949829,-0.50002499155046709,0,0,0,0,0,0.70705375281792138
3849,33.402224535493218,-0.50002499155238889,0,0,0,0,0,0.70705375281792138
3850,33.410902692036601,-0.50002499155452229,0,0,0,0,0,0.70705375281792138
3851,33.41958084857999,-0.50002499155686753,0,0,0,0,0,0.70705375281792138
3852,33.428259005123373,-0.5000249915594237,0,0,0,0,0,0.70705375281792138
3853,33.436937161666762,-0.50002499156219093,0,0,0,0,0,0.70705375281792127
3854,33.445615318210145,-0.50002499156516833,0,0,0,0,0,0.70705375281792127
3855,33.454293474753534,-0.50002499156835545,0,0,0,0,0,0.70705375281792127
3856,33.462971631296917,-0.5000249915717524,0,0,0,0,0,0.70705375281792127
3857,33.471649787840306,-0.50002499157535796,0,0,0,0,0,0.70705375281792138
3858,33.480327944383689,-0.50002499157917191,0,0,0,0,0,0.70705375281792127
3859,33.489006100927078,-0.50002499158319391,0,0,0,0,0,0.70705375281792127
3860,33.497684257470468,-0.50002499158742297,0,0,0,0,0,0.70705375281792138
3861,33.50636241401385,-0.50002499159185876,0,0,0,0,0,0.70705375281792127
3862,33.51504057055724,-0.50002499159650071,0,0,0,0,0,0.70705375281792127
3863,33.523718727100622,-0.50002499160134739,0,0,0,0,0,0.70705375281792127
3864,33.532396883644012,-0.50002499160639857,0,0,0,0,0,0.70705375281792127
3865,33.541075040187394,-0.5000249916116537,0,0,0,0,0,0.70705375281792116
3866,33.549753196730784,-0.50002499161711167,0,0,0,0,0,0.70705375281792116
3867,33.558431353274166,-0.50002499162277159,0,0,0,0,0,0.70705375281792116
3868,33.567109509817556,-0.5000249916286329,0,0,0,0,0,0.70705375281792127
3869,33.575787666360938,-0.50002499163469449,0,0,0,0,0,0.70705375281792116
3870,33.584465822904328,-0.50002499164095582,0,0,0,0,0,0.70705375281792127
3871,33.59314397944771,-0.50002499164741532,0,0,0,0,0,0.70705375281792127
3872,33.6018221359911,-0.50002499165407266,0,0,0,0,0,0.70705375281792138
3873,33.610500292534482,-0.50002499166092651,0,0,0,0,0,0.70705375281792127
3874,33.619178449077872,-0.50002499166797554,0,0,0,0,0,0.70705375281792127
3875,33.627856605621254,-0.50002499167521941,0,0,0,0,0,0.70705375281792127
3876,33.636534762164644,-0.50002499168265668,0,0,0,0,0,0.70705375281792116
3877,33.645212918708026,-0.5000249916902858,0,0,0,0,0,0.70705375281792127
3878,33.653891075251416,-0.50002499169810655,0,0,0,0,0,0.70705375281792127
3879,33.662569231794798,-0.50002499170611669,0,0,0,0,0,0.70705375281792138
3880,33.671247388338188,-0.5000249917143158,0,0,0,0,0,0.70705375281792127
3881,33.67992554488157,-0.50002499172270265,0,0,0,0,0,0.70705375281792127
3882,33.68860370142496,-0.50002499173127513,0,0,0,0,0,0.70705375281792127
3883,33.697281857968342,-0.50002499174003279,0,0,0,0,0,0.70705375281792127
3884,33.705960014511732,-0.5000249917489743,0,0,0,0,0,0.70705375281792127
3885,33.714638171055114,-0.50002499175809789,0,0,0,0,0,0.70705375281792127
3886,33.723316327598504,-0.50002499176740245,0,0,0,0,0,0.70705375281792116
3887,33.731994484141893,-0.5000249917768862,0,0,0,0,0,0.70705375281792116
3888,33.740672640685275,-0.50002499178654813,0,0,0,0,0,0.70705375281792127
3889,33.749350797228665,-0.50002499179638682,0,0,0,0,0,0.70705375281792127
3890,33.758028953772047,-0.50002499180640059,0,0,0,0,0,0.70705375281792127
3891,33.766707110315437,-0.50002499181658822,0,0,0,0,0,0.70705375281792127
3892,33.775385266858819,-0.5000249918269476,0,0,0,0,0,0.70705375281792116
3893,33.784063423402209,-0.50002499183747784,0,0,0,0,0,0.70705375281792104
3894,33.792741579945591,-0.50002499184817673,0,0,0,0,0,0.70705375281792104
3895,33.801419736488981,-0.50002499185904303,0,0,0,0,0,0.70705375281792104
3896,33.810097893032363,-0.50002499187007499,0,0,0,0,0,0.70705375281792116
3897,33.818776049575753,-0.50002499188127092,0,0,0,0,0,0.70705375281792104
3898,33.827454206119135,-0.50002499189262972,0,0,0,0,0,0.70705375281792104
3899,33.836132362662525,-0.50002499190414873,0,0,0,0,0,0.70705375281792104
3900,33.844810519205907,-0.50002499191582639,0,0,0,0,0,0.70705375281792104
3901,33.853488675749297,-0.50002499192766159,0,0,0,0,0,0.70705375281792093
3902,33.862166832292679,-0.50002499193965222,0,0,0,0,0,0.70705375281792104
3903,33.870844988836069,-0.5000249919517965,0,0,0,0,0,0.70705375281792093
3904,33.879523145379451,-0.50002499196409222,0,0,0,0,0,0.70705375281792104
3905,33.888201301922841,-0.50002499197653782,0,0,0,0,0,0.70705375281792093
3906,33.896879458466223,-0.50002499198913142,0,0,0,0,0,0.70705375281792104
3907,33.905557615009613,-0.50002499200187134,0,0,0,0,0,0.70705375281792104
3908,33.914235771552995,-0.50002499201475503,0,0,0,0,0,0.70705375281792104
3909,33.922913928096385,-0.5000249920277815,0,0,0,0,0,0.70705375281792104
3910,33.931592084639767,-0.50002499204094808,0,0,0,0,0,0.70705375281792104
3911,33.940270241183157,-0.50002499205425299,0,0,0,0,0,0.70705375281792104
3912,33.948948397726539,-0.50002499206769413,0,0,0,0,0,0.70705375281792104
3913,33.957626554269929,-0.50002499208126971,0,0,0,0,0,0.70705375281792104
3914,33.966304710813318,-0.50002499209497742,0,0,0,0,0,0.70705375281792104
3915,33.974982867356701,-0.50002499210881546,0,0,0,0,0,0.70705375281792104
3916,33.98366102390009,-0.50002499212278151,0,0,0,0,0,0.70705375281792104
3917,33.992339180443473,-0.50002499213687357,0,0,0,0,0,0.70705375281792093
3918,34.001017336986862,-0.50002499215108975,0,0,0,0,0,0.70705375281792093
3919,34.009695493530245,-0.50002499216542728,0,0,0,0,0,0.70705375281792104
3920,34.018373650073634,-0.5000249921798845,0,0,0,0,0,0.70705375281792104
3921,34.027051806617017,-0.50002499219445906,0,0,0,0,0,0.70705375281792104
3922,34.035729963160406,-0.50002499220914887,0,0,0,0,0,0.70705375281792104
3923,34.044408119703789,-0.5000249922239518,0,0,0,0,0,0.70705375281792104
3924,34.053086276247178,-0.50002499223886576,0,0,0,0,0,0.70705375281792093
3925,34.061764432790561,-0.50002499225388775,0,0,0,0,0,0.70705375281792093
3926,34.07044258933395,-0.50002499226901631,0,0,0,0,0,0.70705375281792093
3927,34.079120745877333,-0.50002499228424868,0,0,0,0,0,0.70705375281792082
3928,34.087798902420722,-0.50002499229958264,0,0,0,0,0,0.70705375281792104
3929,34.096477058964105,-0.5000249923150164,0,0,0,0,0,0.70705375281792093
3930,34.105155215507494,-0.50002499233054687,0,0,0,0,0,0.70705375281792104
3931,34.113833372050877,-0.50002499234617215,0,0,0,0,0,0.70705375281792093
3932,34.122511528594266,-0.5000249923618898,0,0,0,0,0,0.70705375281792093
3933,34.131189685137649,-0.50002499237769737,0,0,0,0,0,0.70705375281792093
3934,34.139867841681038,-0.50002499239359277,0,0,0,0,0,0.70705375281792093
3935,34.148545998224421,-0.50002499240957321,0,0,0,0,0,0.70705375281792104
3936,34.15722415476781,-0.50002499242563658,0,0,0,0,0,0.70705375281792104
3937,34.165902311311193,-0.50002499244178045,0,0,0,0,0,0.70705375281792104
3938,34.174580467854582,-0.50002499245800203,0,0,0,0,0,0.70705375281792104
3939,34.183258624397972,-0.5000249924742991,0,0,0,0,0,0.70705375281792104
3940,34.191936780941354,-0.50002499249066956,0,0,0,0,0,0.70705375281792104
3941,34.200614937484744,-0.5000249925071103,0,0,0,0,0,0.70705375281792104
3942,34.209293094028126,-0.50002499252361932,0,0,0,0,0,0.70705375281792116
3943,34.217971250571516,-0.50002499254019428,0,0,0,0,0,0.70705375281792104
3944,34.226649407114898,-0.50002499255683208,0,0,0,0,0,0.70705375281792104
3945,34.235327563658288,-0.50002499257353072,0,0,0,0,0,0.70705375281792104
3946,34.24400572020167,-0.50002499259028721,0,0,0,0,0,0.70705375281792116
3947,34.25268387674506,-0.50002499260709965,0,0,0,0,0,0.70705375281792116
3948,34.261362033288442,-0.50002499262396494,0,0,0,0,0,0.70705375281792104
3949,34.270040189831832,-0.50002499264088096,0,0,0,0,0,0.70705375281792116
3950,34.278718346375214,-0.50002499265784472,0,0,0,0,0,0.70705375281792116
3951,34.287396502918604,-0.5000249926748539,0,0,0,0,0,0.70705375281792116
3952,34.296074659461986,-0.50002499269190603,0,0,0,0,0,0.70705375281792116
3953,34.304752816005376,-0.50002499270899869,0,0,0,0,0,0.70705375281792127
3954,34.313430972548758,-0.50002499272612888,0,0,0,0,0,0.70705375281792116
3955,34.322109129092148,-0.50002499274329448,0,0,0,0,0,0.70705375281792116
3956,34.33078728563553,-0.50002499276049239,0,0,0,0,0,0.70705375281792116
3957,34.33946544217892,-0.50002499277772028,0,0,0,0,0,0.70705375281792116
3958,34.348143598722302,-0.50002499279497548,0,0,0,0,0,0.70705375281792127
3959,34.356821755265692,-0.50002499281225576,0,0,0,0,0,0.70705375281792127
3960,34.365499911809074,-0.50002499282955792,0,0,0,0,0,0.70705375281792116
3961,34.374178068352464,-0.50002499284687973,0,0,0,0,0,0.70705375281792127
3962,34.382856224895846,-0.50002499286421864,0,0,0,0,0,0.70705375281792116
3963,34.391534381439236,-0.50002499288157187,0,0,0,0,0,0.70705375281792116
3964,34.400212537982618,-0.50002499289893687,0,0,0,0,0,0.70705375281792127
3965,34.408890694526008,-0.50002499291631086,0,0,0,0,0,0.70705375281792116
3966,34.417568851069397,-0.5000249929336914,0,0,0,0,0,0.70705375281792116
3967,34.42624700761278,-0.50002499295107616,0,0,0,0,0,0.70705375281792116
3968,34.434925164156169,-0.50002499296846192,0,0,0,0,0,0.70705375281792104
3969,34.443603320699552,-0.50002499298584624,0,0,0,0,0,0.70705375281792116
3970,34.452281477242941,-0.50002499300322678,0,0,0,0,0,0.70705375281792116
3971,34.460959633786324,-0.50002499302060055,0,0,0,0,0,0.70705375281792104
3972,34.469637790329713,-0.50002499303796522,0,0,0,0,0,0.70705375281792104
3973,34.478315946873096,-0.500024993055318,0,0,0,0,0,0.70705375281792104
3974,34.486994103416485,-0.50002499307265635,0,0,0,0,0,0.70705375281792104
3975,34.495672259959868,-0.50002499308997761,0,0,0,0,0,0.70705375281792104
3976,34.504350416503257,-0.50002499310727921,0,0,0,0,0,0.70705375281792116
3977,34.51302857304664,-0.50002499312455873,0,0,0,0,0,0.70705375281792127
3978,34.521706729590029,-0.50002499314181326,0,0,0,0,0,0.70705375281792127
3979,34.530384886133412,-0.50002499315904014,0,0,0,0,0,0.70705375281792127
3980,34.539063042676801,-0.50002499317623728,0,0,0,0,0,0.70705375281792127
3981,34.547741199220184,-0.50002499319340177,0,0,0,0,0,0.70705375281792127
3982,34.556419355763573,-0.50002499321053095,0,0,0,0,0,0.70705375281792116
3983,34.565097512306956,-0.50002499322762217,0,0,0,0,0,0.70705375281792127
3984,34.573775668850345,-0.50002499324467309,0,0,0,0,0,0.70705375281792127
3985,34.582453825393728,-0.50002499326168115,0,0,0,0,0,0.70705375281792127
3986,34.591131981937117,-0.50002499327864347,0,0,0,0,0,0.70705375281792127
3987,34.5998101384805,-0.50002499329555794,0,0,0,0,0,0.70705375281792116
3988,34.608488295023889,-0.50002499331242189,0,0,0,0,0,0.70705375281792127
3989,34.617166451567272,-0.50002499332923245,0,0,0,0,0,0.70705375281792127
3990,34.625844608110661,-0.50002499334598727,0,0,0,0,0,0.70705375281792127
3991,34.634522764654051,-0.50002499336268369,0,0,0,0,0,0.70705375281792127
3992,34.643200921197433,-0.5000249933793196,0,0,0,0,0,0.70705375281792127
3993,34.651879077740823,-0.50002499339589246,0,0,0,0,0,0.70705375281792127
3994,34.660557234284205,-0.50002499341239959,0,0,0,0,0,0.70705375281792127
3995,34.669235390827595,-0.5000249934288381,0,0,0,0,0,0.70705375281792127
3996,34.677913547370977,-0.50002499344520612,0,0,0,0,0,0.70705375281792127
3997,34.686591703914367,-0.50002499346150109,0,0,0,0,0,0.70705375281792127
3998,34.695269860457749,-0.50002499347772011,0,0,0,0,0,0.70705375281792116
3999,34.703948017001139,-0.5000249934938612,0,0,0,0,0,0.70705375281792127
4000,34.712626173544521,-0.50002499350992191,0,0,0,0,0,0.70705375281792116
4001,34.721304330087911,-0.50002499352589969,0,0,0,0,0,0.70705375281792116
4002,34.729982486631293,-0.50002499354179186,0,0,0,0,0,0.70705375281792127
4003,34.738660643174683,-0.50002499355759655,0,0,0,0,0,0.70705375281792116
4004,34.747338799718065,-0.50002499357331098,0,0,0,0,0,0.70705375281792127
4005,34.756016956261455,-0.50002499358893282,0,0,0,0,0,0.70705375281792127
4006,34.764695112804837,-0.5000249936044604,0,0,0,0,0,0.70705375281792116
4007,34.773373269348227,-0.50002499361988995,0,0,0,0,0,0.70705375281792104
4008,34.782051425891609,-0.50002499363522068,0,0,0,0,0,0.70705375281792127
4009,34.790729582434999,-0.50002499365044906,0,0,0,0,0,0.70705375281792116
4010,34.799407738978381,-0.50002499366557385,0,0,0,0,0,0.70705375281792104
4011,34.808085895521771,-0.50002499368059194,0,0,0,0,0,0.70705375281792116
4012,34.816764052065153,-0.50002499369550157,0,0,0,0,0,0.70705375281792116
4013,34.825442208608543,-0.50002499371030018,0,0,0,0,0,0.70705375281792127
4014,34.834120365151925,-0.50002499372498566,0,0,0,0,0,0.70705375281792116
4015,34.842798521695315,-0.50002499373955545,0,0,0,0,0,0.70705375281792116
4016,34.851476678238697,-0.50002499375400833,0,0,0,0,0,0.70705375281792116
4017,34.860154834782087,-0.50002499376834109,0,0,0,0,0,0.70705375281792116
4018,34.868832991325476,-0.50002499378255216,0,0,0,0,0,0.70705375281792116
4019,34.877511147868859,-0.50002499379663901,0,0,0,0,0,0.70705375281792127
4020,34.886189304412248,-0.50002499381059984,0,0,0,0,0,0.70705375281792116
4021,34.894867460955631,-0.50002499382443233,0,0,0,0,0,0.70705375281792116
4022,34.90354561749902,-0.50002499383813481,0,0,0,0,0,0.70705375281792116
4023,34.912223774042403,-0.50002499385170462,0,0,0,0,0,0.70705375281792127
4024,34.920901930585792,-0.50002499386513999,0,0,0,0,0,0.70705375281792127
4025,34.929580087129175,-0.50002499387843902,0,0,0,0,0,0.70705375281792116
4026,34.938258243672564,-0.50002499389159927,0,0,0,0,0,0.70705375281792127
4027,34.946936400215947,-0.50002499390461952,0,0,0,0,0,0.70705375281792127
4028,34.955614556759336,-0.500024993917497,0,0,0,0,0,0.70705375281792104
4029,34.964292713302719,-0.50002499393023014,0,0,0,0,0,0.70705375281792104
4030,34.972970869846108,-0.50002499394281719,0,0,0,0,0,0.70705375281792116
4031,34.981649026389491,-0.5000249939552559,0,0,0,0,0,0.70705375281792116
4032,34.99032718293288,-0.50002499396754452,0,0,0,0,0,0.70705375281792127
4033,34.999005339476263,-0.50002499397968148,0,0,0,0,0,0.70705375281792127
4034,35.007683496019652,-0.50002499399166433,0,0,0,0,0,0.70705375281792127
4035,35.016361652563035,-0.50002499400349198,0,0,0,0,0,0.70705375281792127
4036,35.025039809106424,-0.50002499401516221,0,0,0,0,0,0.70705375281792127
4037,35.033717965649807,-0.50002499402667333,0,0,0,0,0,0.70705375281792127
4038,35.042396122193196,-0.50002499403802336,0,0,0,0,0,0.70705375281792127
4039,35.051074278736579,-0.50002499404921097,0,0,0,0,0,0.70705375281792127
4040,35.059752435279968,-0.50002499406023448,0,0,0,0,0,0.70705375281792127
4041,35.068430591823351,-0.50002499407109235,0,0,0,0,0,0.70705375281792127
4042,35.07710874836674,-0.50002499408178247,0,0,0,0,0,0.70705375281792127
4043,35.085786904910123,-0.50002499409230361,0,0,0,0,0,0.70705375281792127
4044,35.094465061453512,-0.50002499410265377,0,0,0,0,0,0.70705375281792127
4045,35.103143217996902,-0.50002499411283163,0,0,0,0,0,0.70705375281792127
4046,35.111821374540284,-0.50002499412283563,0,0,0,0,0,0.70705375281792127
4047,35.120499531083674,-0.50002499413266466,0,0,0,0,0,0.70705375281792127
4048,35.129177687627056,-0.50002499414231671,0,0,0,0,0,0.70705375281792127
4049,35.137855844170446,-0.50002499415179058,0,0,0,0,0,0.70705375281792127
4050,35.146534000713828,-0.50002499416108459,0,0,0,0,0,0.70705375281792127
4051,35.155212157257218,-0.50002499417019786,0,0,0,0,0,0.70705375281792127
4052,35.1638903138006,-0.50002499417912838,0,0,0,0,0,0.70705375281792116
4053,35.17256847034399,-0.50002499418787494,0,0,0,0,0,0.70705375281792127
4054,35.181246626887372,-0.50002499419643676,0,0,0,0,0,0.70705375281792127
4055,35.189924783430762,-0.50002499420481172,0,0,0,0,0,0.70705375281792127
4056,35.198602939974144,-0.50002499421299929,0,0,0,0,0,0.70705375281792127
4057,35.207281096517534,-0.500024994220998,0,0,0,0,0,0.70705375281792127
4058,35.215959253060916,-0.5000249942288062,0,0,0,0,0,0.70705375281792127
4059,35.224637409604306,-0.50002499423642344,0,0,0,0,0,0.70705375281792127
4060,35.233315566147688,-0.50002499424384839,0,0,0,0,0,0.70705375281792127
4061,35.241993722691078,-0.50002499425107949,0,0,0,0,0,0.70705375281792116
4062,35.25067187923446,-0.5000249942581162,0,0,0,0,0,0.70705375281792116
4063,35.25935003577785,-0.50002499426495695,0,0,0,0,0,0.70705375281792116
4064,35.268028192321232,-0.50002499427160108,0,0,0,0,0,0.70705375281792116
4065,35.276706348864622,-0.50002499427804747,0,0,0,0,0,0.70705375281792104
4066,35.285384505408004,-0.50002499428429492,0,0,0,0,0,0.70705375281792104
4067,35.294062661951394,-0.50002499429034286,0,0,0,0,0,0.70705375281792104
4068,35.302740818494776,-0.50002499429618985,0,0,0,0,0,0.70705375281792116
4069,35.311418975038166,-0.50002499430183611,0,0,0,0,0,0.70705375281792104
4070,35.320097131581555,-0.5000249943072792,0,0,0,0,0,0.70705375281792116
4071,35.328775288124938,-0.5000249943125199,0,0,0,0,0,0.70705375281792127
4072,35.337453444668327,-0.50002499431755643,0,0,0,0,0,0.70705375281792116
4073,35.346131601211709,-0.50002499432238823,0,0,0,0,0,0.70705375281792104
4074,35.354809757755099,-0.50002499432701464,0,0,0,0,0,0.70705375281792116
4075,35.363487914298481,-0.50002499433143466,0,0,0,0,0,0.70705375281792127
4076,35.372166070841871,-0.5000249943356484,0,0,0,0,0,0.70705375281792116
4077,35.380844227385253,-0.50002499433965431,0,0,0,0,0,0.70705375281792104
4078,35.389522383928643,-0.50002499434345249,0,0,0,0,0,0.70705375281792116
4079,35.398200540472025,-0.50002499434704206,0,0,0,0,0,0.70705375281792116
4080,35.406878697015415,-0.50002499435042225,0,0,0,0,0,0.70705375281792116
4081,35.415556853558797,-0.50002499435359316,0,0,0,0,0,0.70705375281792116
4082,35.424235010102187,-0.50002499435655368,0,0,0,0,0,0.70705375281792116
4083,35.432913166645569,-0.50002499435930359,0,0,0,0,0,0.70705375281792116
4084,35.441591323188959,-0.50002499436184267,0,0,0,0,0,0.70705375281792127
4085,35.450269479732341,-0.50002499436417025,0,0,0,0,0,0.70705375281792116
4086,35.458947636275731,-0.50002499436628634,0,0,0,0,0,0.70705375281792116
4087,35.467625792819113,-0.50002499436819026,0,0,0,0,0,0.70705375281792116
4088,35.476303949362503,-0.50002499436988224,0,0,0,0,0,0.70705375281792104
4089,35.484982105905885,-0.50002499437136105,0,0,0,0,0,0.70705375281792116
4090,35.493660262449275,-0.50002499437262748,0,0,0,0,0,0.70705375281792104
4091,35.502338418992657,-0.50002499437368075,0,0,0,0,0,0.70705375281792116
4092,35.511016575536047,-0.50002499437452086,0,0,0,0,0,0.70705375281792104
4093,35.519694732079429,-0.50002499437514758,0,0,0,0,0,0.70705375281792104
4094,35.528372888622819,-0.50002499437556136,0,0,0,0,0,0.70705375281792104
4095,35.537051045166201,-0.50002499437576142,0,0,0,0,0,0.70705375281792104
4096,35.545729201709591,-0.50002499437574788,0,0,0,0,0,0.70705375281792104
4097,35.55440735825298,-0.50002499437552106,0,0,0,0,0,0.70705375281792093
4098,35.563085514796363,-0.50002499437508074,0,0,0,0,0,0.70705375281792104
4099,35.571763671339752,-0.50002499437442727,0,0,0,0,0,0.70705375281792104
4100,35.580441827883135,-0.50002499437356041,0,0,0,0,0,0.70705375281792104
4101,35.589119984426524,-0.50002499437248027,0,0,0,0,0,0.70705375281792116
4102,35.597798140969907,-0.50002499437118719,0,0,0,0,0,0.70705375281792116
4103,35.606476297513296,-0.5000249943696814,0,0,0,0,0,0.70705375281792116
4104,35.615154454056679,-0.50002499436796299,0,0,0,0,0,0.70705375281792116
4105,35.623832610600068,-0.50002499436603243,0,0,0,0,0,0.70705375281792116
4106,35.632510767143451,-0.50002499436388992,0,0,0,0,0,0.70705375281792116
4107,35.64118892368684,-0.50002499436153569,0,0,0,0,0,0.70705375281792116
4108,35.649867080230223,-0.50002499435896997,0,0,0,0,0,0.70705375281792127
4109,35.658545236773612,-0.50002499435619363,0,0,0,0,0,0.70705375281792116
4110,35.667223393316995,-0.50002499435320635,0,0,0,0,0,0.70705375281792127
4111,35.675901549860384,-0.50002499435000947,0,0,0,0,0,0.70705375281792116
4112,35.684579706403767,-0.50002499434660264,0,0,0,0,0,0.70705375281792116
4113,35.693257862947156,-0.50002499434298708,0,0,0,0,0,0.70705375281792116
4114,35.701936019490539,-0.50002499433916292,0,0,0,0,0,0.70705375281792116
4115,35.710614176033928,-0.50002499433513081,0,0,0,0,0,0.70705375281792127
4116,35.719292332577311,-0.50002499433089131,0,0,0,0,0,0.70705375281792127
4117,35.7279704891207,-0.50002499432644487,0,0,0,0,0,0.70705375281792127
4118,35.736648645664083,-0.5000249943217927,0,0,0,0,0,0.70705375281792138
4119,35.745326802207472,-0.50002499431693503,0,0,0,0,0,0.70705375281792127
4120,35.754004958750855,-0.50002499431187308,0,0,0,0,0,0.70705375281792127
4121,35.762683115294244,-0.50002499430660752,0,0,0,0,0,0.70705375281792127
4122,35.771361271837627,-0.50002499430113823,0,0,0,0,0,0.70705375281792127
4123,35.780039428381016,-0.5000249942954671,0,0,0,0,0,0.70705375281792116
4124,35.788717584924406,-0.50002499428959435,0,0,0,0,0,0.70705375281792127
4125,35.797395741467788,-0.50002499428352154,0,0,0,0,0,0.70705375281792127
4126,35.806073898011178,-0.50002499427724889,0,0,0,0,0,0.70705375281792127
4127,35.81475205455456,-0.50002499427077773,0,0,0,0,0,0.70705375281792127
4128,35.82343021109795,-0.50002499426410885,0,0,0,0,0,0.70705375281792127
4129,35.832108367641332,-0.50002499425724345,0,0,0,0,0,0.70705375281792127
4130,35.840786524184722,-0.50002499425018232,0,0,0,0,0,0.70705375281792138
4131,35.849464680728104,-0.5000249942429269,0,0,0,0,0,0.70705375281792138
4132,35.858142837271494,-0.50002499423547797,0,0,0,0,0,0.70705375281792138
4133,35.866820993814876,-0.50002499422783664,0,0,0,0,0,0.70705375281792149
4134,35.875499150358266,-0.50002499422000402,0,0,0,0,0,0.70705375281792149
4135,35.884177306901648,-0.50002499421198165,0,0,0,0,0,0.70705375281792149
4136,35.892855463445038,-0.50002499420377089,0,0,0,0,0,0.70705375281792149
4137,35.90153361998842,-0.50002499419537183,0,0,0,0,0,0.70705375281792149
4138,35.91021177653181,-0.50002499418678692,0,0,0,0,0,0.70705375281792149
4139,35.918889933075192,-0.50002499417801705,0,0,0,0,0,0.7070537528179216
4140,35.927568089618582,-0.50002499416906343,0,0,0,0,0,0.7070537528179216
4141,35.936246246161964,-0.50002499415992752,0,0,0,0,0,0.7070537528179216
4142,35.944924402705354,-0.50002499415061097,0,0,0,0,0,0.70705375281792149
4143,35.953602559248736,-0.50002499414111468,0,0,0,0,0,0.7070537528179216
4144,35.962280715792126,-0.50002499413144041,0,0,0,0,0,0.70705375281792149
4145,35.970958872335508,-0.50002499412158941,0,0,0,0,0,0.7070537528179216
4146,35.979637028878898,-0.50002499411156343,0,0,0,0,0,0.70705375281792149
4147,35.98831518542228,-0.50002499410136358,0,0,0,0,0,0.70705375281792149
4148,35.99699334196567,-0.50002499409099177,0,0,0,0,0,0.7070537528179216
4149,36.005671498509059,-0.50002499408044954,0,0,0,0,0,0.70705375281792149
4150,36.014349655052442,-0.50002499406973833,0,0,0,0,0,0.70705375281792149
4151,36.023027811595831,-0.5000249940588597,0,0,0,0,0,0.70705375281792149
4152,36.031705968139214,-0.50002499404781553,0,0,0,0,0,0.70705375281792149
4153,36.040384124682603,-0.50002499403660716,0,0,0,0,0,0.70705375281792149
4154,36.049062281225986,-0.5000249940252367,0,0,0,0,0,0.70705375281792149
4155,36.057740437769375,-0.50002499401370548,0,0,0,0,0,0.70705375281792149
4156,36.066418594312758,-0.50002499400201561,0,0,0,0,0,0.70705375281792149
4157,36.075096750856147,-0.50002499399016842,0,0,0,0,0,0.70705375281792149
4158,36.08377490739953,-0.50002499397816613,0,0,0,0,0,0.70705375281792149
4159,36.092453063942919,-0.5000249939660103,0,0,0,0,0,0.70705375281792149
4160,36.101131220486302,-0.50002499395370248,0,0,0,0,0,0.70705375281792149
4161,36.109809377029691,-0.50002499394124522,0,0,0,0,0,0.70705375281792149
4162,36.118487533573074,-0.50002499392863975,0,0,0,0,0,0.70705375281792149
4163,36.127165690116463,-0.50002499391588828,0,0,0,0,0,0.70705375281792149
4164,36.135843846659846,-0.50002499390299271,0,0,0,0,0,0.70705375281792149
4165,36.144522003203235,-0.50002499388995503,0,0,0,0,0,0.70705375281792149
4166,36.153200159746618,-0.5000249938767769,0,0,0,0,0,0.70705375281792149
4167,36.161878316290007,-0.50002499386346089,0,0,0,0,0,0.70705375281792149
4168,36.17055647283339,-0.50002499385000876,0,0,0,0,0,0.70705375281792138
4169,36.179234629376779,-0.50002499383642185,0,0,0,0,0,0.70705375281792149
4170,36.187912785920162,-0.50002499382270305,0,0,0,0,0,0.70705375281792149
4171,36.196590942463551,-0.50002499380885435,0,0,0,0,0,0.70705375281792149
4172,36.205269099006934,-0.50002499379487753,0,0,0,0,0,0.70705375281792149
4173,36.213947255550323,-0.50002499378077503,0,0,0,0,0,0.70705375281792149
4174,36.222625412093706,-0.50002499376654841,0,0,0,0,0,0.70705375281792138
4175,36.231303568637095,-0.50002499375220055,0,0,0,0,0,0.70705375281792149
4176,36.239981725180485,-0.50002499373773301,0,0,0,0,0,0.70705375281792138
4177,36.248659881723867,-0.50002499372314835,0,0,0,0,0,0.70705375281792138
4178,36.257338038267257,-0.50002499370844844,0,0,0,0,0,0.70705375281792149
4179,36.266016194810639,-0.50002499369363584,0,0,0,0,0,0.70705375281792138
4180,36.274694351354029,-0.50002499367871267,0,0,0,0,0,0.70705375281792149
4181,36.283372507897411,-0.50002499366368092,0,0,0,0,0,0.70705375281792149
4182,36.292050664440801,-0.50002499364854336,0,0,0,0,0,0.70705375281792149
4183,36.300728820984183,-0.50002499363330177,0,0,0,0,0,0.70705375281792138
4184,36.309406977527573,-0.5000249936179586,0,0,0,0,0,0.70705375281792138
4185,36.318085134070955,-0.50002499360251651,0,0,0,0,0,0.70705375281792127
4186,36.326763290614345,-0.50002499358697716,0,0,0,0,0,0.70705375281792138
4187,36.335441447157727,-0.50002499357134345,0,0,0,0,0,0.70705375281792138
4188,36.344119603701117,-0.50002499355561747,0,0,0,0,0,0.70705375281792149
4189,36.352797760244499,-0.50002499353980179,0,0,0,0,0,0.70705375281792149
4190,36.361475916787889,-0.5000249935238984,0,0,0,0,0,0.70705375281792149
4191,36.370154073331271,-0.50002499350791019,0,0,0,0,0,0.70705375281792149
4192,36.378832229874661,-0.50002499349183949,0,0,0,0,0,0.70705375281792138
4193,36.387510386418043,-0.50002499347568852,0,0,0,0,0,0.70705375281792138
4194,36.396188542961433,-0.50002499345945983,0,0,0,0,0,0.70705375281792138
4195,36.404866699504815,-0.50002499344315554,0,0,0,0,0,0.70705375281792127
4196,36.413544856048205,-0.50002499342677875,0,0,0,0,0,0.70705375281792127
4197,36.422223012591587,-0.50002499341033146,0,0,0,0,0,0.70705375281792127
4198,36.430901169134977,-0.50002499339381612,0,0,0,0,0,0.70705375281792127
4199,36.439579325678359,-0.50002499337723516,0,0,0,0,0,0.70705375281792127
4200,36.448257482221749,-0.50002499336059159,0,0,0,0,0,0.70705375281792127
4201,36.456935638765131,-0.50002499334388739,0,0,0,0,0,0.70705375281792127
4202,36.465613795308521,-0.50002499332712558,0,0,0,0,0,0.70705375281792127
4203,36.47429195185191,-0.50002499331030825,0,0,0,0,0,0.70705375281792127
4204,36.482970108395293,-0.50002499329343797,0,0,0,0,0,0.70705375281792127
4205,36.491648264938682,-0.50002499327651728,0,0,0,0,0,0.70705375281792127
4206,36.500326421482065,-0.50002499325954897,0,0,0,0,0,0.70705375281792116
4207,36.509004578025454,-0.50002499324253535,0,0,0,0,0,0.70705375281792127
4208,36.517682734568837,-0.50002499322547922,0,0,0,0,0,0.70705375281792127
4209,36.526360891112226,-0.50002499320838312,0,0,0,0,0,0.70705375281792127
4210,36.535039047655609,-0.50002499319124927,0,0,0,0,0,0.70705375281792127
4211,36.543717204198998,-0.50002499317408033,0,0,0,0,0,0.70705375281792127
4212,36.552395360742381,-0.50002499315687965,0,0,0,0,0,0.70705375281792138
4213,36.56107351728577,-0.50002499313964899,0,0,0,0,0,0.70705375281792127
4214,36.569751673829153,-0.50002499312239101,0,0,0,0,0,0.70705375281792127
4215,36.578429830372542,-0.50002499310510884,0,0,0,0,0,0.70705375281792127
4216,36.587107986915925,-0.50002499308780446,0,0,0,0,0,0.70705375281792127
4217,36.595786143459314,-0.50002499307048087,0,0,0,0,0,0.70705375281792127
4218,36.604464300002697,-0.50002499305314052,0,0,0,0,0,0.70705375281792127
4219,36.613142456546086,-0.50002499303578585,0,0,0,0,0,0.70705375281792138
4220,36.621820613089469,-0.50002499301841996,0,0,0,0,0,0.70705375281792127
4221,36.630498769632858,-0.50002499300104497,0,0,0,0,0,0.70705375281792138
4222,36.639176926176241,-0.50002499298366421,0,0,0,0,0,0.70705375281792138
4223,36.64785508271963,-0.50002499296627956,0,0,0,0,0,0.70705375281792127
4224,36.656533239263013,-0.5000249929488938,0,0,0,0,0,0.70705375281792116
4225,36.665211395806402,-0.50002499293150948,0,0,0,0,0,0.70705375281792127
4226,36.673889552349785,-0.50002499291412961,0,0,0,0,0,0.70705375281792138
4227,36.682567708893174,-0.50002499289675639,0,0,0,0,0,0.70705375281792149
4228,36.691245865436564,-0.50002499287939295,0,0,0,0,0,0.70705375281792138
4229,36.699924021979946,-0.50002499286204138,0,0,0,0,0,0.70705375281792149
4230,36.708602178523336,-0.50002499284470447,0,0,0,0,0,0.70705375281792138
4231,36.717280335066718,-0.50002499282738488,0,0,0,0,0,0.70705375281792138
4232,36.725958491610108,-0.50002499281008528,0,0,0,0,0,0.70705375281792138
4233,36.73463664815349,-0.50002499279280799,0,0,0,0,0,0.70705375281792149
4234,36.74331480469688,-0.50002499277555601,0,0,0,0,0,0.70705375281792149
4235,36.751992961240262,-0.50002499275833157,0,0,0,0,0,0.70705375281792149
4236,36.760671117783652,-0.50002499274113765,0,0,0,0,0,0.7070537528179216
4237,36.769349274327034,-0.5000249927239766,0,0,0,0,0,0.70705375281792149
4238,36.778027430870424,-0.50002499270685075,0,0,0,0,0,0.7070537528179216
4239,36.786705587413806,-0.5000249926897633,0,0,0,0,0,0.70705375281792149
4240,36.795383743957196,-0.5000249926727165,0,0,0,0,0,0.70705375281792149
4241,36.804061900500578,-0.50002499265571254,0,0,0,0,0,0.70705375281792149
4242,36.812740057043968,-0.50002499263875444,0,0,0,0,0,0.70705375281792149
4243,36.82141821358735,-0.50002499262184497,0,0,0,0,0,0.70705375281792138
4244,36.83009637013074,-0.50002499260498601,0,0,0,0,0,0.70705375281792149
4245,36.838774526674122,-0.50002499258818045,0,0,0,0,0,0.70705375281792138
4246,36.847452683217512,-0.50002499257143107,0,0,0,0,0,0.70705375281792127
4247,36.856130839760894,-0.5000249925547402,0,0,0,0,0,0.70705375281792138
4248,36.864808996304284,-0.50002499253810972,0,0,0,0,0,0.70705375281792149
4249,36.873487152847666,-0.5000249925215432,0,0,0,0,0,0.70705375281792149
4250,36.882165309391056,-0.50002499250504229,0,0,0,0,0,0.7070537528179216
4251,36.890843465934438,-0.50002499248861032,0,0,0,0,0,0.7070537528179216
4252,36.899521622477828,-0.50002499247224885,0,0,0,0,0,0.7070537528179216
4253,36.90819977902121,-0.5000249924559611,0,0,0,0,0,0.7070537528179216
4254,36.9168779355646,-0.50002499243974885,0,0,0,0,0,0.7070537528179216
4255,36.925556092107989,-0.50002499242361498,0,0,0,0,0,0.7070537528179216
4256,36.934234248651372,-0.50002499240756215,0,0,0,0,0,0.7070537528179216
4257,36.942912405194761,-0.50002499239159204,0,0,0,0,0,0.70705375281792171
4258,36.951590561738143,-0.50002499237570741,0,0,0,0,0,0.7070537528179216
4259,36.960268718281533,-0.50002499235991116,0,0,0,0,0,0.70705375281792171
4260,36.968946874824915,-0.50002499234420483,0,0,0,0,0,0.70705375281792171
4261,36.977625031368305,-0.50002499232859132,0,0,0,0,0,0.70705375281792171
4262,36.986303187911687,-0.50002499231307285,0,0,0,0,0,0.70705375281792171
4263,36.994981344455077,-0.50002499229765174,0,0,0,0,0,0.70705375281792171
4264,37.003659500998459,-0.50002499228233022,0,0,0,0,0,0.7070537528179216
4265,37.012337657541849,-0.50002499226711095,0,0,0,0,0,0.7070537528179216
4266,37.021015814085231,-0.5000249922519957,0,0,0,0,0,0.7070537528179216
4267,37.029693970628621,-0.50002499223698693,0,0,0,0,0,0.70705375281792149
4268,37.038372127172003,-0.50002499222208696,0,0,0,0,0,0.70705375281792149
4269,37.047050283715393,-0.50002499220729846,0,0,0,0,0,0.70705375281792149
4270,37.055728440258775,-0.50002499219262297,0,0,0,0,0,0.70705375281792149
4271,37.064406596802165,-0.50002499217806262,0,0,0,0,0,0.70705375281792149
4272,37.073084753345547,-0.5000249921636204,0,0,0,0,0,0.70705375281792149
4273,37.081762909888937,-0.50002499214929785,0,0,0,0,0,0.70705375281792149
4274,37.090441066432319,-0.50002499213509732,0,0,0,0,0,0.70705375281792149
4275,37.099119222975709,-0.50002499212102092,0,0,0,0,0,0.70705375281792149
4276,37.107797379519091,-0.50002499210707096,0,0,0,0,0,0.70705375281792149
4277,37.116475536062481,-0.50002499209324913,0,0,0,0,0,0.70705375281792149
4278,37.125153692605863,-0.50002499207955786,0,0,0,0,0,0.70705375281792149
4279,37.133831849149253,-0.50002499206599937,0,0,0,0,0,0.70705375281792149
4280,37.142510005692642,-0.500024992052575,0,0,0,0,0,0.70705375281792149
4281,37.151188162236025,-0.50002499203928719,0,0,0,0,0,0.70705375281792149
4282,37.159866318779414,-0.50002499202613815,0,0,0,0,0,0.70705375281792149
4283,37.168544475322797,-0.50002499201312967,0,0,0,0,0,0.70705375281792149
4284,37.177222631866186,-0.50002499200026351,0,0,0,0,0,0.70705375281792149
4285,37.185900788409569,-0.50002499198754224,0,0,0,0,0,0.70705375281792149
4286,37.194578944952958,-0.50002499197496686,0,0,0,0,0,0.70705375281792149
4287,37.203257101496341,-0.50002499196253991,0,0,0,0,0,0.70705375281792149
4288,37.21193525803973,-0.5000249919502634,0,0,0,0,0,0.70705375281792138
4289,37.220613414583113,-0.50002499193813832,0,0,0,0,0,0.70705375281792138
4290,37.229291571126502,-0.50002499192616723,0,0,0,0,0,0.70705375281792138
4291,37.237969727669885,-0.50002499191435157,0,0,0,0,0,0.70705375281792149
4292,37.246647884213274,-0.50002499190269378,0,0,0,0,0,0.70705375281792138
4293,37.255326040756657,-0.50002499189119476,0,0,0,0,0,0.70705375281792138
4294,37.264004197300046,-0.5000249918798565,0,0,0,0,0,0.70705375281792149
4295,37.272682353843429,-0.50002499186868121,0,0,0,0,0,0.70705375281792138
4296,37.281360510386818,-0.50002499185766991,0,0,0,0,0,0.70705375281792127
4297,37.290038666930201,-0.50002499184682458,0,0,0,0,0,0.70705375281792127
4298,37.29871682347359,-0.50002499183614679,0,0,0,0,0,0.70705375281792127
4299,37.307394980016973,-0.50002499182563809,0,0,0,0,0,0.70705375281792127
4300,37.316073136560362,-0.50002499181530013,0,0,0,0,0,0.70705375281792127
4301,37.324751293103745,-0.50002499180513438,0,0,0,0,0,0.70705375281792116
4302,37.333429449647134,-0.50002499179514237,0,0,0,0,0,0.70705375281792116
4303,37.342107606190517,-0.50002499178532611,0,0,0,0,0,0.70705375281792127
4304,37.350785762733906,-0.50002499177568638,0,0,0,0,0,0.70705375281792104
4305,37.359463919277289,-0.50002499176622461,0,0,0,0,0,0.70705375281792116
4306,37.368142075820678,-0.50002499175694282,0,0,0,0,0,0.70705375281792116
4307,37.376820232364068,-0.50002499174784176,0,0,0,0,0,0.70705375281792127
4308,37.38549838890745,-0.50002499173892356,0,0,0,0,0,0.70705375281792127
4309,37.39417654545084,-0.50002499173018888,0,0,0,0,0,0.70705375281792127
4310,37.402854701994222,-0.50002499172163961,0,0,0,0,0,0.70705375281792127
4311,37.411532858537612,-0.50002499171327663,0,0,0,0,0,0.70705375281792116
4312,37.420211015080994,-0.50002499170510095,0,0,0,0,0,0.70705375281792127
4313,37.428889171624384,-0.50002499169711434,0,0,0,0,0,0.70705375281792127
4314,37.437567328167766,-0.50002499168931769,0,0,0,0,0,0.70705375281792127
4315,37.446245484711156,-0.50002499168171233,0,0,0,0,0,0.70705375281792138
4316,37.454923641254538,-0.50002499167429937,0,0,0,0,0,0.70705375281792138
4317,37.463601797797928,-0.50002499166708003,0,0,0,0,0,0.70705375281792138
4318,37.47227995434131,-0.50002499166005543,0,0,0,0,0,0.70705375281792138
4319,37.4809581108847,-0.50002499165322623,0,0,0,0,0,0.70705375281792149
4320,37.489636267428082,-0.50002499164659331,0,0,0,0,0,0.70705375281792149
4321,37.498314423971472,-0.50002499164015868,0,0,0,0,0,0.70705375281792149
4322,37.506992580514854,-0.50002499163392256,0,0,0,0,0,0.70705375281792149
4323,37.515670737058244,-0.50002499162788605,0,0,0,0,0,0.70705375281792149
4324,37.524348893601626,-0.50002499162204994,0,0,0,0,0,0.70705375281792149
4325,37.533027050145016,-0.50002499161641523,0,0,0,0,0,0.70705375281792149
4326,37.541705206688398,-0.50002499161098268,0,0,0,0,0,0.70705375281792138
4327,37.550383363231788,-0.5000249916057532,0,0,0,0,0,0.70705375281792149
4328,37.55906151977517,-0.50002499160072744,0,0,0,0,0,0.70705375281792138
4329,37.56773967631856,-0.50002499159590619,0,0,0,0,0,0.70705375281792149
4330,37.576417832861942,-0.50002499159129021,0,0,0,0,0,0.7070537528179216
4331,37.585095989405332,-0.50002499158688063,0,0,0,0,0,0.7070537528179216
4332,37.593774145948714,-0.50002499158267755,0,0,0,0,0,0.70705375281792149
4333,37.602452302492104,-0.50002499157868163,0,0,0,0,0,0.70705375281792149
4334,37.611130459035493,-0.50002499157489355,0,0,0,0,0,0.70705375281792149
4335,37.619808615578876,-0.50002499157131419,0,0,0,0,0,0.70705375281792149
4336,37.628486772122265,-0.50002499156794356,0,0,0,0,0,0.70705375281792149
4337,37.637164928665648,-0.50002499156478275,0,0,0,0,0,0.70705375281792149
4338,37.645843085209037,-0.50002499156183178,0,0,0,0,0,0.70705375281792149
4339,37.65452124175242,-0.50002499155909108,0,0,0,0,0,0.70705375281792149
4340,37.663199398295809,-0.50002499155656155,0,0,0,0,0,0.70705375281792138
4341,37.671877554839192,-0.50002499155424296,0,0,0,0,0,0.70705375281792138
4342,37.680555711382581,-0.50002499155213609,0,0,0,0,0,0.70705375281792127
4343,37.689233867925964,-0.50002499155024105,0,0,0,0,0,0.70705375281792138
4344,37.697912024469353,-0.50002499154855806,0,0,0,0,0,0.70705375281792138
4345,37.706590181012736,-0.50002499154708735,0,0,0,0,0,0.70705375281792149
4346,37.715268337556125,-0.50002499154582969,0,0,0,0,0,0.70705375281792138
4347,37.723946494099508,-0.50002499154478475,0,0,0,0,0,0.70705375281792127
4348,37.732624650642897,-0.50002499154395275,0,0,0,0,0,0.70705375281792127
4349,37.74130280718628,-0.50002499154333391,0,0,0,0,0,0.70705375281792138
4350,37.749980963729669,-0.50002499154292823,0,0,0,0,0,0.70705375281792138
4351,37.758659120273052,-0.50002499154273583,0,0,0,0,0,0.70705375281792138
4352,37.767337276816441,-0.50002499154275659,0,0,0,0,0,0.70705375281792138
4353,37.776015433359824,-0.50002499154299085,0,0,0,0,0,0.70705375281792127
4354,37.784693589903213,-0.50002499154343816,0,0,0,0,0,0.70705375281792138
4355,37.793371746446596,-0.50002499154409896,0,0,0,0,0,0.70705375281792138
4356,37.802049902989985,-0.5000249915449726,0,0,0,0,0,0.70705375281792138
4357,37.810728059533368,-0.50002499154605906,0,0,0,0,0,0.70705375281792149
4358,37.819406216076757,-0.5000249915473588,0,0,0,0,0,0.70705375281792138
4359,37.828084372620147,-0.50002499154887103,0,0,0,0,0,0.70705375281792138
4360,37.836762529163529,-0.50002499155059532,0,0,0,0,0,0.70705375281792138
4361,37.845440685706919,-0.50002499155253188,0,0,0,0,0,0.70705375281792138
4362,37.854118842250301,-0.50002499155468039,0,0,0,0,0,0.70705375281792138
4363,37.862796998793691,-0.50002499155704017,0,0,0,0,0,0.70705375281792149
4364,37.871475155337073,-0.50002499155961111,0,0,0,0,0,0.70705375281792149
4365,37.880153311880463,-0.50002499156239322,0,0,0,0,0,0.70705375281792149
4366,37.888831468423845,-0.50002499156538516,0,0,0,0,0,0.70705375281792149
4367,37.897509624967235,-0.50002499156858737,0,0,0,0,0,0.70705375281792149
4368,37.906187781510617,-0.50002499157199876,0,0,0,0,0,0.7070537528179216
4369,37.914865938054007,-0.5000249915756193,0,0,0,0,0,0.70705375281792149
4370,37.923544094597389,-0.5000249915794478,0,0,0,0,0,0.70705375281792149
4371,37.932222251140779,-0.50002499158348446,0,0,0,0,0,0.70705375281792149
4372,37.940900407684161,-0.50002499158772817,0,0,0,0,0,0.70705375281792149
4373,37.949578564227551,-0.50002499159217828,0,0,0,0,0,0.70705375281792149
4374,37.958256720770933,-0.50002499159683422,0,0,0,0,0,0.7070537528179216
4375,37.966934877314323,-0.50002499160169567,0,0,0,0,0,0.70705375281792149
4376,37.975613033857705,-0.50002499160676117,0,0,0,0,0,0.7070537528179216
4377,37.984291190401095,-0.5000249916120304,0,0,0,0,0,0.7070537528179216
4378,37.992969346944477,-0.50002499161750269,0,0,0,0,0,0.7070537528179216
4379,38.001647503487867,-0.50002499162317682,0,0,0,0,0,0.7070537528179216
4380,38.010325660031249,-0.50002499162905223,0,0,0,0,0,0.7070537528179216
4381,38.019003816574639,-0.50002499163512781,0,0,0,0,0,0.70705375281792171
4382,38.027681973118021,-0.50002499164140302,0,0,0,0,0,0.70705375281792171
4383,38.036360129661411,-0.50002499164787662,0,0,0,0,0,0.70705375281792171
4384,38.045038286204793,-0.50002499165454761,0,0,0,0,0,0.70705375281792171
4385,38.053716442748183,-0.50002499166141556,0,0,0,0,0,0.7070537528179216
4386,38.062394599291572,-0.50002499166847825,0,0,0,0,0,0.70705375281792171
4387,38.071072755834955,-0.50002499167573577,0,0,0,0,0,0.70705375281792171
4388,38.079750912378344,-0.50002499168318626,0,0,0,0,0,0.7070537528179216
4389,38.088429068921727,-0.50002499169082926,0,0,0,0,0,0.70705375281792171
4390,38.097107225465116,-0.5000249916986631,0,0,0,0,0,0.70705375281792171
4391,38.105785382008499,-0.50002499170668668,0,0,0,0,0,0.70705375281792171
4392,38.114463538551888,-0.500024991714899,0,0,0,0,0,0.70705375281792171
4393,38.123141695095271,-0.50002499172329862,0,0,0,0,0,0.70705375281792171
4394,38.13181985163866,-0.50002499173188442,0,0,0,0,0,0.70705375281792182
4395,38.140498008182043,-0.50002499174065496,0,0,0,0,0,0.70705375281792182
4396,38.149176164725432,-0.50002499174960913,0,0,0,0,0,0.70705375281792182
4397,38.157854321268815,-0.50002499175874571,0,0,0,0,0,0.70705375281792182
4398,38.166532477812204,-0.50002499176806281,0,0,0,0,0,0.70705375281792171
4399,38.175210634355587,-0.50002499177755932,0,0,0,0,0,0.70705375281792193
4400,38.183888790898976,-0.50002499178723381,0,0,0,0,0,0.70705375281792193
4401,38.192566947442359,-0.50002499179708471,0,0,0,0,0,0.70705375281792193
4402,38.201245103985748,-0.5000249918071108,0,0,0,0,0,0.70705375281792182
4403,38.209923260529131,-0.5000249918173103,0,0,0,0,0,0.70705375281792193
4404,38.21860141707252,-0.5000249918276819,0,0,0,0,0,0.70705375281792182
4405,38.227279573615903,-0.50002499183822402,0,0,0,0,0,0.70705375281792193
4406,38.235957730159292,-0.50002499184893456,0,0,0,0,0,0.70705375281792182
4407,38.244635886702675,-0.50002499185981275,0,0,0,0,0,0.70705375281792182
4408,38.253314043246064,-0.50002499187085647,0,0,0,0,0,0.70705375281792171
4409,38.261992199789447,-0.50002499188206406,0,0,0,0,0,0.70705375281792171
4410,38.270670356332836,-0.50002499189343341,0,0,0,0,0,0.70705375281792182
4411,38.279348512876219,-0.50002499190496374,0,0,0,0,0,0.70705375281792193
4412,38.288026669419608,-0.50002499191665284,0,0,0,0,0,0.70705375281792182
4413,38.296704825962998,-0.50002499192849914,0,0,0,0,0,0.70705375281792171
4414,38.30538298250638,-0.50002499194050065,0,0,0,0,0,0.70705375281792171
4415,38.31406113904977,-0.50002499195265515,0,0,0,0,0,0.70705375281792171
4416,38.322739295593152,-0.50002499196496153,0,0,0,0,0,0.70705375281792182
4417,38.331417452136542,-0.50002499197741757,0,0,0,0,0,0.70705375281792182
4418,38.340095608679924,-0.50002499199002148,0,0,0,0,0,0.70705375281792182
4419,38.348773765223314,-0.50002499200277173,0,0,0,0,0,0.70705375281792171
4420,38.357451921766696,-0.50002499201566586,0,0,0,0,0,0.70705375281792171
4421,38.366130078310086,-0.50002499202870221,0,0,0,0,0,0.70705375281792171
4422,38.374808234853468,-0.50002499204187867,0,0,0,0,0,0.70705375281792171
4423,38.383486391396858,-0.50002499205519313,0,0,0,0,0,0.70705375281792171
4424,38.39216454794024,-0.50002499206864393,0,0,0,0,0,0.70705375281792171
4425,38.40084270448363,-0.50002499208222861,0,0,0,0,0,0.70705375281792171
4426,38.409520861027012,-0.50002499209594586,0,0,0,0,0,0.70705375281792171
4427,38.418199017570402,-0.50002499210979301,0,0,0,0,0,0.7070537528179216
4428,38.426877174113784,-0.50002499212376794,0,0,0,0,0,0.7070537528179216
4429,38.435555330657174,-0.50002499213786855,0,0,0,0,0,0.70705375281792171
4430,38.444233487200556,-0.50002499215209339,0,0,0,0,0,0.7070537528179216
4431,38.452911643743946,-0.50002499216643959,0,0,0,0,0,0.7070537528179216
4432,38.461589800287328,-0.50002499218090501,0,0,0,0,0,0.7070537528179216
4433,38.470267956830718,-0.50002499219548791,0,0,0,0,0,0.70705375281792149
4434,38.4789461133741,-0.50002499221018604,0,0,0,0,0,0.70705375281792149
4435,38.48762426991749,-0.50002499222499663,0,0,0,0,0,0.70705375281792149
4436,38.496302426460872,-0.50002499223991825,0,0,0,0,0,0.70705375281792138
4437,38.504980583004262,-0.50002499225494801,0,0,0,0,0,0.70705375281792127
4438,38.513658739547651,-0.5000249922700839,0,0,0,0,0,0.70705375281792138
4439,38.522336896091034,-0.50002499228532349,0,0,0,0,0,0.70705375281792127
4440,38.531015052634423,-0.50002499230066455,0,0,0,0,0,0.70705375281792127
4441,38.539693209177805,-0.50002499231610509,0,0,0,0,0,0.70705375281792138
4442,38.548371365721195,-0.50002499233164233,0,0,0,0,0,0.70705375281792127
4443,38.557049522264577,-0.50002499234727416,0,0,0,0,0,0.70705375281792127
4444,38.565727678807967,-0.50002499236299824,0,0,0,0,0,0.70705375281792127
4445,38.574405835351349,-0.50002499237881226,0,0,0,0,0,0.70705375281792127
4446,38.583083991894739,-0.50002499239471354,0,0,0,0,0,0.70705375281792138
4447,38.591762148438121,-0.50002499241069986,0,0,0,0,0,0.70705375281792138
4448,38.600440304981511,-0.50002499242676912,0,0,0,0,0,0.70705375281792138
4449,38.609118461524893,-0.50002499244291843,0,0,0,0,0,0.70705375281792138
4450,38.617796618068283,-0.50002499245914545,0,0,0,0,0,0.70705375281792138
4451,38.626474774611665,-0.50002499247544796,0,0,0,0,0,0.70705375281792127
4452,38.635152931155055,-0.50002499249182342,0,0,0,0,0,0.70705375281792138
4453,38.643831087698437,-0.50002499250826926,0,0,0,0,0,0.70705375281792127
4454,38.652509244241827,-0.50002499252478294,0,0,0,0,0,0.70705375281792127
4455,38.661187400785209,-0.50002499254136235,0,0,0,0,0,0.70705375281792127
4456,38.669865557328599,-0.50002499255800481,0,0,0,0,0,0.70705375281792127
4457,38.678543713871981,-0.50002499257470734,0,0,0,0,0,0.70705375281792116
4458,38.687221870415371,-0.50002499259146815,0,0,0,0,0,0.70705375281792116
4459,38.695900026958753,-0.50002499260828381,0,0,0,0,0,0.70705375281792127
4460,38.704578183502143,-0.50002499262515288,0,0,0,0,0,0.70705375281792138
4461,38.713256340045525,-0.50002499264207234,0,0,0,0,0,0.70705375281792138
4462,38.721934496588915,-0.50002499265903932,0,0,0,0,0,0.70705375281792138
4463,38.730612653132297,-0.50002499267605172,0,0,0,0,0,0.70705375281792149
4464,38.739290809675687,-0.50002499269310685,0,0,0,0,0,0.70705375281792138
4465,38.747968966219076,-0.50002499271020207,0,0,0,0,0,0.70705375281792149
4466,38.756647122762459,-0.50002499272733492,0,0,0,0,0,0.70705375281792149
4467,38.765325279305848,-0.50002499274450263,0,0,0,0,0,0.70705375281792149
4468,38.774003435849231,-0.50002499276170309,0,0,0,0,0,0.70705375281792138
4469,38.78268159239262,-0.50002499277893286,0,0,0,0,0,0.70705375281792138
4470,38.791359748936003,-0.50002499279619017,0,0,0,0,0,0.70705375281792127
4471,38.800037905479392,-0.5000249928134719,0,0,0,0,0,0.70705375281792138
4472,38.808716062022775,-0.50002499283077584,0,0,0,0,0,0.70705375281792127
4473,38.817394218566164,-0.50002499284809898,0,0,0,0,0,0.70705375281792127
4474,38.826072375109547,-0.50002499286543878,0,0,0,0,0,0.70705375281792127
4475,38.834750531652936,-0.5000249928827929,0,0,0,0,0,0.70705375281792127
4476,38.843428688196319,-0.50002499290015856,0,0,0,0,0,0.70705375281792127
4477,38.852106844739708,-0.50002499291753311,0,0,0,0,0,0.70705375281792127
4478,38.860785001283091,-0.50002499293491431,0,0,0,0,0,0.70705375281792127
4479,38.86946315782648,-0.50002499295229907,0,0,0,0,0,0.70705375281792116
4480,38.878141314369863,-0.50002499296968472,0,0,0,0,0,0.70705375281792116
4481,38.886819470913252,-0.50002499298706893,0,0,0,0,0,0.70705375281792104
4482,38.895497627456635,-0.50002499300444891,0,0,0,0,0,0.70705375281792127
4483,38.904175784000024,-0.50002499302182235,0,0,0,0,0,0.70705375281792116
4484,38.912853940543407,-0.50002499303918613,0,0,0,0,0,0.70705375281792127
4485,38.921532097086796,-0.50002499305653791,0,0,0,0,0,0.70705375281792104
4486,38.930210253630179,-0.50002499307387516,0,0,0,0,0,0.70705375281792116
4487,38.938888410173568,-0.50002499309119508,0,0,0,0,0,0.70705375281792116
4488,38.947566566716951,-0.50002499310849557,0,0,0,0,0,0.70705375281792116
4489,38.95624472326034,-0.50002499312577353,0,0,0,0,0,0.70705375281792104
4490,38.96492287980373,-0.50002499314302595,0,0,0,0,0,0.70705375281792104
4491,38.973601036347112,-0.50002499316025129,0,0,0,0,0,0.70705375281792104
4492,38.982279192890502,-0.5000249931774462,0,0,0,0,0,0.70705375281792104
4493,38.990957349433884,-0.50002499319460814,0,0,0,0,0,0.70705375281792116
4494,38.999635505977274,-0.50002499321173455,0,0,0,0,0,0.70705375281792104
4495,39.008313662520656,-0.50002499322882299,0,0,0,0,0,0.70705375281792116
4496,39.016991819064046,-0.50002499324587113,0,0,0,0,0,0.70705375281792116
4497,39.025669975607428,-0.50002499326287619,0,0,0,0,0,0.70705375281792104
4498,39.034348132150818,-0.50002499327983518,0,0,0,0,0,0.70705375281792127
4499,39.0430262886942,-0.50002499329674599,0,0,0,0,0,0.70705375281792127
4500,39.05170444523759,-0.50002499331360617,0,0,0,0,0,0.70705375281792116
4501,39.060382601780972,-0.50002499333041284,0,0,0,0,0,0.70705375281792127
4502,39.069060758324362,-0.50002499334716388,0,0,0,0,0,0.70705375281792127
4503,39.077738914867744,-0.5000249933638562,0,0,0,0,0,0.70705375281792116
4504,39.086417071411134,-0.50002499338048778,0,0,0,0,0,0.70705375281792127
4505,39.095095227954516,-0.50002499339705619,0,0,0,0,0,0.70705375281792127
4506,39.103773384497906,-0.50002499341355822,0,0,0,0,0,0.70705375281792116
4507,39.112451541041288,-0.50002499342999218,0,0,0,0,0,0.70705375281792116
4508,39.121129697584678,-0.50002499344635509,0,0,0,0,0,0.70705375281792116
4509,39.12980785412806,-0.5000249934626444,0,0,0,0,0,0.70705375281792127
4510,39.13848601067145,-0.50002499347885832,0,0,0,0,0,0.70705375281792116
4511,39.147164167214832,-0.50002499349499374,0,0,0,0,0,0.70705375281792116
4512,39.155842323758222,-0.50002499351104868,0,0,0,0,0,0.70705375281792127
4513,39.164520480301604,-0.50002499352702023,0,0,0,0,0,0.70705375281792127
4514,39.173198636844994,-0.50002499354290619,0,0,0,0,0,0.70705375281792138
4515,39.181876793388376,-0.50002499355870467,0,0,0,0,0,0.70705375281792138
4516,39.190554949931766,-0.50002499357441277,0,0,0,0,0,0.70705375281792138
4517,39.199233106475155,-0.50002499359002806,0,0,0,0,0,0.70705375281792138
4518,39.207911263018538,-0.50002499360554853,0,0,0,0,0,0.70705375281792138
4519,39.216589419561927,-0.50002499362097164,0,0,0,0,0,0.70705375281792127
4520,39.22526757610531,-0.50002499363629505,0,0,0,0,0,0.70705375281792127
4521,39.233945732648699,-0.50002499365151643,0,0,0,0,0,0.70705375281792127
4522,39.242623889192082,-0.50002499366663355,0,0,0,0,0,0.70705375281792127
4523,39.251302045735471,-0.50002499368164388,0,0,0,0,0,0.70705375281792138
4524,39.259980202278854,-0.50002499369654574,0,0,0,0,0,0.70705375281792149
4525,39.268658358822243,-0.50002499371133646,0,0,0,0,0,0.70705375281792149
4526,39.277336515365626,-0.50002499372601394,0,0,0,0,0,0.70705375281792149
4527,39.286014671909015,-0.50002499374057574,0,0,0,0,0,0.70705375281792138
4528,39.294692828452398,-0.50002499375502008,0,0,0,0,0,0.70705375281792149
4529,39.303370984995787,-0.50002499376934462,0,0,0,0,0,0.70705375281792138
4530,39.31204914153917,-0.50002499378354692,0,0,0,0,0,0.70705375281792127
4531,39.320727298082559,-0.50002499379762511,0,0,0,0,0,0.70705375281792127
4532,39.329405454625942,-0.50002499381157695,0,0,0,0,0,0.70705375281792138
4533,39.338083611169331,-0.50002499382540055,0,0,0,0,0,0.70705375281792127
4534,39.346761767712714,-0.50002499383909349,0,0,0,0,0,0.70705375281792127
4535,39.355439924256103,-0.50002499385265409,0,0,0,0,0,0.70705375281792127
4536,39.364118080799486,-0.5000249938660799,0,0,0,0,0,0.70705375281792127
4537,39.372796237342875,-0.50002499387936916,0,0,0,0,0,0.70705375281792127
4538,39.381474393886258,-0.50002499389251986,0,0,0,0,0,0.70705375281792127
4539,39.390152550429647,-0.5000249939055299,0,0,0,0,0,0.70705375281792127
4540,39.39883070697303,-0.50002499391839739,0,0,0,0,0,0.70705375281792127
4541,39.407508863516419,-0.50002499393112032,0,0,0,0,0,0.70705375281792127
4542,39.416187020059802,-0.50002499394369693,0,0,0,0,0,0.70705375281792127
4543,39.424865176603191,-0.5000249939561251,0,0,0,0,0,0.70705375281792127
4544,39.433543333146581,-0.50002499396840339,0,0,0,0,0,0.70705375281792127
4545,39.442221489689963,-0.50002499398052902,0,0,0,0,0,0.70705375281792138
4546,39.450899646233353,-0.500024993992501,0,0,0,0,0,0.70705375281792149
4547,39.459577802776735,-0.50002499400431766,0,0,0,0,0,0.70705375281792138
4548,39.468255959320125,-0.50002499401597666,0,0,0,0,0,0.70705375281792149
4549,39.476934115863507,-0.50002499402747658,0,0,0,0,0,0.70705375281792149
4550,39.485612272406897,-0.50002499403881528,0,0,0,0,0,0.70705375281792149
4551,39.494290428950279,-0.50002499404999168,0,0,0,0,0,0.70705375281792149
4552,39.502968585493669,-0.50002499406100354,0,0,0,0,0,0.70705375281792149
4553,39.511646742037051,-0.5000249940718493,0,0,0,0,0,0.70705375281792149
4554,39.520324898580441,-0.50002499408252765,0,0,0,0,0,0.70705375281792149
4555,39.529003055123823,-0.5000249940930368,0,0,0,0,0,0.70705375281792149
4556,39.537681211667213,-0.50002499410337498,0,0,0,0,0,0.70705375281792149
4557,39.546359368210595,-0.50002499411354084,0,0,0,0,0,0.70705375281792149
4558,39.555037524753985,-0.50002499412353274,0,0,0,0,0,0.70705375281792149
4559,39.563715681297367,-0.50002499413334911,0,0,0,0,0,0.70705375281792149
4560,39.572393837840757,-0.50002499414298873,0,0,0,0,0,0.70705375281792149
4561,39.581071994384139,-0.50002499415244983,0,0,0,0,0,0.70705375281792149
4562,39.589750150927529,-0.50002499416173118,0,0,0,0,0,0.70705375281792149
4563,39.598428307470911,-0.50002499417083135,0,0,0,0,0,0.70705375281792149
4564,39.607106464014301,-0.50002499417974922,0,0,0,0,0,0.7070537528179216
4565,39.615784620557683,-0.50002499418848256,0,0,0,0,0,0.7070537528179216
4566,39.624462777101073,-0.50002499419703117,0,0,0,0,0,0.70705375281792171
4567,39.633140933644455,-0.50002499420539315,0,0,0,0,0,0.7070537528179216
4568,39.641819090187845,-0.50002499421356794,0,0,0,0,0,0.7070537528179216
4569,39.650497246731234,-0.50002499422155311,0,0,0,0,0,0.7070537528179216
4570,39.659175403274617,-0.50002499422934776,0,0,0,0,0,0.7070537528179216
4571,39.667853559818006,-0.50002499423695168,0,0,0,0,0,0.70705375281792171
4572,39.676531716361389,-0.50002499424436286,0,0,0,0,0,0.7070537528179216
4573,39.685209872904778,-0.50002499425158031,0,0,0,0,0,0.7070537528179216
4574,39.693888029448161,-0.50002499425860314,0,0,0,0,0,0.7070537528179216
4575,39.70256618599155,-0.50002499426543012,0,0,0,0,0,0.7070537528179216
4576,39.711244342534933,-0.50002499427206015,0,0,0,0,0,0.7070537528179216
4577,39.719922499078322,-0.50002499427849256,0,0,0,0,0,0.70705375281792171
4578,39.728600655621705,-0.50002499428472602,0,0,0,0,0,0.70705375281792171
4579,39.737278812165094,-0.50002499429075953,0,0,0,0,0,0.70705375281792182
4580,39.745956968708477,-0.50002499429659264,0,0,0,0,0,0.70705375281792182
4581,39.754635125251866,-0.50002499430222447,0,0,0,0,0,0.70705375281792182
4582,39.763313281795249,-0.50002499430765401,0,0,0,0,0,0.70705375281792182
4583,39.771991438338638,-0.50002499431287983,0,0,0,0,0,0.70705375281792182
4584,39.780669594882021,-0.50002499431790204,0,0,0,0,0,0.70705375281792182
4585,39.78934775142541,-0.5000249943227193,0,0,0,0,0,0.70705375281792182
4586,39.798025907968793,-0.50002499432733127,0,0,0,0,0,0.70705375281792182
4587,39.806704064512182,-0.50002499433173697,0,0,0,0,0,0.70705375281792171
4588,39.815382221055565,-0.50002499433593584,0,0,0,0,0,0.70705375281792171
4589,39.824060377598954,-0.50002499433992753,0,0,0,0,0,0.70705375281792171
4590,39.832738534142337,-0.50002499434371084,0,0,0,0,0,0.70705375281792182
4591,39.841416690685726,-0.50002499434728553,0,0,0,0,0,0.70705375281792182
4592,39.850094847229109,-0.50002499435065129,0,0,0,0,0,0.70705375281792182
4593,39.858773003772498,-0.5000249943538071,0,0,0,0,0,0.70705375281792182
4594,39.867451160315881,-0.50002499435675274,0,0,0,0,0,0.70705375281792193
4595,39.87612931685927,-0.50002499435948788,0,0,0,0,0,0.70705375281792193
4596,39.88480747340266,-0.50002499436201231,0,0,0,0,0,0.70705375281792193
4597,39.893485629946042,-0.50002499436432535,0,0,0,0,0,0.70705375281792193
4598,39.902163786489432,-0.50002499436642633,0,0,0,0,0,0.70705375281792193
4599,39.910841943032814,-0.50002499436831527,0,0,0,0,0,0.70705375281792182
4600,39.919520099576204,-0.50002499436999204,0,0,0,0,0,0.70705375281792193
4601,39.928198256119586,-0.50002499437145631,0,0,0,0,0,0.70705375281792182
4602,39.936876412662976,-0.50002499437270742,0,0,0,0,0,0.70705375281792171
4603,39.945554569206358,-0.50002499437374603,0,0,0,0,0,0.70705375281792171
4604,39.954232725749748,-0.50002499437457126,0,0,0,0,0,0.70705375281792171
4605,39.96291088229313,-0.50002499437518277,0,0,0,0,0,0.70705375281792182
4606,39.97158903883652,-0.50002499437558123,0,0,0,0,0,0.70705375281792182
4607,39.980267195379902,-0.50002499437576642,0,0,0,0,0,0.70705375281792182
4608,39.988945351923292,-0.500024994375738,0,0,0,0,0,0.70705375281792171
4609,39.997623508466674,-0.50002499437549597,0,0,0,0,0,0.70705375281792182
4610,40.006301665010064,-0.50002499437504055,0,0,0,0,0,0.70705375281792182
4611,40.014979821553446,-0.5000249943743722,0,0,0,0,0,0.70705375281792171
4612,40.023657978096836,-0.50002499437349024,0,0,0,0,0,0.70705375281792182
4613,40.032336134640218,-0.50002499437239512,0,0,0,0,0,0.70705375281792182
4614,40.041014291183608,-0.50002499437108694,0,0,0,0,0,0.70705375281792193
4615,40.04969244772699,-0.50002499436956638,0,0,0,0,0,0.70705375281792193
4616,40.05837060427038,-0.5000249943678331,0,0,0,0,0,0.70705375281792193
4617,40.067048760813762,-0.50002499436588765,0,0,0,0,0,0.70705375281792204
4618,40.075726917357152,-0.50002499436373005,0,0,0,0,0,0.70705375281792204
4619,40.084405073900534,-0.50002499436136072,0,0,0,0,0,0.70705375281792204
4620,40.093083230443924,-0.50002499435878023,0,0,0,0,0,0.70705375281792204
4621,40.101761386987306,-0.50002499435598913,0,0,0,0,0,0.70705375281792204
4622,40.110439543530696,-0.5000249943529872,0,0,0,0,0,0.70705375281792204
4623,40.119117700074085,-0.50002499434977532,0,0,0,0,0,0.70705375281792204
4624,40.127795856617468,-0.50002499434635406,0,0,0,0,0,0.70705375281792193
4625,40.136474013160857,-0.50002499434272374,0,0,0,0,0,0.70705375281792193
4626,40.145152169704239,-0.50002499433888481,0,0,0,0,0,0.70705375281792193
4627,40.153830326247629,-0.50002499433483805,0,0,0,0,0,0.70705375281792204
4628,40.162508482791011,-0.50002499433058389,0,0,0,0,0,0.70705375281792193
4629,40.171186639334401,-0.50002499432612346,0,0,0,0,0,0.70705375281792193
4630,40.179864795877783,-0.50002499432145675,0,0,0,0,0,0.70705375281792193
4631,40.188542952421173,-0.50002499431658465,0,0,0,0,0,0.70705375281792204
4632,40.197221108964555,-0.50002499431150815,0,0,0,0,0,0.70705375281792204
4633,40.205899265507945,-0.50002499430622815,0,0,0,0,0,0.70705375281792204
4634,40.214577422051327,-0.50002499430074476,0,0,0,0,0,0.70705375281792204
4635,40.223255578594717,-0.50002499429505942,0,0,0,0,0,0.70705375281792193
4636,40.231933735138099,-0.5000249942891728,0,0,0,0,0,0.70705375281792193
4637,40.240611891681489,-0.50002499428308567,0,0,0,0,0,0.70705375281792193
4638,40.249290048224871,-0.50002499427679914,0,0,0,0,0,0.70705375281792193
4639,40.257968204768261,-0.5000249942703141,0,0,0,0,0,0.70705375281792193
4640,40.266646361311643,-0.50002499426363145,0,0,0,0,0,0.70705375281792193
4641,40.275324517855033,-0.50002499425675218,0,0,0,0,0,0.70705375281792204
4642,40.284002674398415,-0.50002499424967761,0,0,0,0,0,0.70705375281792193
4643,40.292680830941805,-0.50002499424240843,0,0,0,0,0,0.70705375281792193
4644,40.301358987485187,-0.50002499423494584,0,0,0,0,0,0.70705375281792193
4645,40.310037144028577,-0.50002499422729119,0,0,0,0,0,0.70705375281792193
4646,40.318715300571959,-0.50002499421944535,0,0,0,0,0,0.70705375281792193
4647,40.327393457115349,-0.50002499421140967,0,0,0,0,0,0.70705375281792204
4648,40.336071613658738,-0.50002499420318514,0,0,0,0,0,0.70705375281792204
4649,40.344749770202121,-0.50002499419477342,0,0,0,0,0,0.70705375281792193
4650,40.35342792674551,-0.50002499418617552,0,0,0,0,0,0.70705375281792193
4651,40.362106083288893,-0.50002499417739288,0,0,0,0,0,0.70705375281792193
4652,40.370784239832282,-0.50002499416842616,0,0,0,0,0,0.70705375281792204
4653,40.379462396375665,-0.50002499415927759,0,0,0,0,0,0.70705375281792204
4654,40.388140552919054,-0.50002499414994817,0,0,0,0,0,0.70705375281792193
4655,40.396818709462437,-0.50002499414043944,0,0,0,0,0,0.70705375281792193
4656,40.405496866005826,-0.50002499413075274,0,0,0,0,0,0.70705375281792193
4657,40.414175022549209,-0.50002499412088919,0,0,0,0,0,0.70705375281792193
4658,40.422853179092598,-0.50002499411085088,0,0,0,0,0,0.70705375281792193
4659,40.431531335635981,-0.50002499410063916,0,0,0,0,0,0.70705375281792193
4660,40.44020949217937,-0.50002499409025525,0,0,0,0,0,0.70705375281792193
4661,40.448887648722753,-0.50002499407970102,0,0,0,0,0,0.70705375281792193
4662,40.457565805266142,-0.50002499406897793,0,0,0,0,0,0.70705375281792193
4663,40.466243961809525,-0.50002499405808776,0,0,0,0,0,0.70705375281792193
4664,40.474922118352914,-0.50002499404703182,0,0,0,0,0,0.70705375281792193
4665,40.483600274896297,-0.50002499403581191,0,0,0,0,0,0.70705375281792204
4666,40.492278431439686,-0.50002499402443012,0,0,0,0,0,0.70705375281792204
4667,40.500956587983069,-0.5000249940128878,0,0,0,0,0,0.70705375281792215
4668,40.509634744526458,-0.50002499400118672,0,0,0,0,0,0.70705375281792215
4669,40.518312901069841,-0.50002499398932854,0,0,0,0,0,0.70705375281792204
4670,40.52699105761323,-0.50002499397731515,0,0,0,0,0,0.70705375281792204
4671,40.535669214156613,-0.50002499396514866,0,0,0,0,0,0.70705375281792204
4672,40.544347370700002,-0.50002499395283029,0,0,0,0,0,0.70705375281792215
4673,40.553025527243385,-0.50002499394036226,0,0,0,0,0,0.70705375281792215
4674,40.561703683786774,-0.50002499392774635,0,0,0,0,0,0.70705375281792215
4675,40.570381840330164,-0.50002499391498489,0,0,0,0,0,0.70705375281792215
4676,40.579059996873546,-0.50002499390207922,0,0,0,0,0,0.70705375281792215
4677,40.587738153416936,-0.50002499388903154,0,0,0,0,0,0.70705375281792215
4678,40.596416309960318,-0.50002499387584376,0,0,0,0,0,0.70705375281792215
4679,40.605094466503708,-0.50002499386251786,0,0,0,0,0,0.70705375281792227
4680,40.61377262304709,-0.50002499384905608,0,0,0,0,0,0.70705375281792215
4681,40.62245077959048,-0.50002499383546017,0,0,0,0,0,0.70705375281792215
4682,40.631128936133862,-0.50002499382173238,0,0,0,0,0,0.70705375281792215
4683,40.639807092677252,-0.50002499380787424,0,0,0,0,0,0.70705375281792215
4684,40.648485249220634,-0.50002499379388854,0,0,0,0,0,0.70705375281792215
4685,40.657163405764024,-0.50002499377977716,0,0,0,0,0,0.70705375281792215
4686,40.665841562307406,-0.50002499376554232,0,0,0,0,0,0.70705375281792215
4687,40.674519718850796,-0.50002499375118559,0,0,0,0,0,0.70705375281792215
4688,40.683197875394178,-0.50002499373670983,0,0,0,0,0,0.70705375281792215
4689,40.691876031937568,-0.50002499372211706,0,0,0,0,0,0.70705375281792215
4690,40.70055418848095,-0.50002499370740927,0,0,0,0,0,0.70705375281792215
4691,40.70923234502434,-0.50002499369258868,0,0,0,0,0,0.70705375281792193
4692,40.717910501567722,-0.50002499367765785,0,0,0,0,0,0.70705375281792193
4693,40.726588658111112,-0.50002499366261888,0,0,0,0,0,0.70705375281792193
4694,40.735266814654494,-0.50002499364747377,0,0,0,0,0,0.70705375281792193
4695,40.743944971197884,-0.50002499363222463,0,0,0,0,0,0.70705375281792193
4696,40.752623127741266,-0.5000249936168748,0,0,0,0,0,0.70705375281792204
4697,40.761301284284656,-0.50002499360142549,0,0,0,0,0,0.70705375281792204
4698,40.769979440828038,-0.5000249935858796,0,0,0,0,0,0.70705375281792204
4699,40.778657597371428,-0.50002499357023944,0,0,0,0,0,0.70705375281792193
4700,40.787335753914817,-0.50002499355450691,0,0,0,0,0,0.70705375281792193
4701,40.7960139104582,-0.50002499353868479,0,0,0,0,0,0.70705375281792204
4702,40.804692067001589,-0.50002499352277563,0,0,0,0,0,0.70705375281792215
4703,40.813370223544972,-0.50002499350678153,0,0,0,0,0,0.70705375281792204
4704,40.822048380088361,-0.50002499349070495,0,0,0,0,0,0.70705375281792204
4705,40.830726536631744,-0.50002499347454843,0,0,0,0,0,0.70705375281792215
4706,40.839404693175133,-0.50002499345831408,0,0,0,0,0,0.70705375281792215
4707,40.848082849718516,-0.50002499344200479,0,0,0,0,0,0.70705375281792215
4708,40.856761006261905,-0.5000249934256229,0,0,0,0,0,0.70705375281792215
4709,40.865439162805288,-0.50002499340917073,0,0,0,0,0,0.70705375281792215
4710,40.874117319348677,-0.5000249933926505,0,0,0,0,0,0.70705375281792215
4711,40.88279547589206,-0.50002499337606543,0,0,0,0,0,0.70705375281792215
4712,40.891473632435449,-0.5000249933594173,0,0,0,0,0,0.70705375281792227
4713,40.900151788978832,-0.50002499334270889,0,0,0,0,0,0.70705375281792227
4714,40.908829945522221,-0.50002499332594286,0,0,0,0,0,0.70705375281792227
4715,40.917508102065604,-0.50002499330912165,0,0,0,0,0,0.70705375281792227
4716,40.926186258608993,-0.5000249932922477,0,0,0,0,0,0.70705375281792227
4717,40.934864415152376,-0.50002499327532379,0,0,0,0,0,0.70705375281792227
4718,40.943542571695765,-0.50002499325835226,0,0,0,0,0,0.70705375281792227
4719,40.952220728239148,-0.50002499324133565,0,0,0,0,0,0.70705375281792215
4720,40.960898884782537,-0.50002499322427674,0,0,0,0,0,0.70705375281792215
4721,40.96957704132592,-0.50002499320717764,0,0,0,0,0,0.70705375281792215
4722,40.978255197869309,-0.50002499319004146,0,0,0,0,0,0.70705375281792215
4723,40.986933354412692,-0.5000249931728703,0,0,0,0,0,0.70705375281792227
4724,40.995611510956081,-0.50002499315566706,0,0,0,0,0,0.70705375281792227
4725,41.004289667499464,-0.50002499313843451,0,0,0,0,0,0.70705375281792215
4726,41.012967824042853,-0.50002499312117488,0,0,0,0,0,0.70705375281792227
4727,41.021645980586243,-0.50002499310389081,0,0,0,0,0,0.70705375281792227
4728,41.030324137129625,-0.50002499308658499,0,0,0,0,0,0.70705375281792238
4729,41.039002293673015,-0.50002499306926007,0,0,0,0,0,0.70705375281792238
4730,41.047680450216397,-0.5000249930519185,0,0,0,0,0,0.70705375281792238
4731,41.056358606759787,-0.50002499303456316,0,0,0,0,0,0.70705375281792249
4732,41.065036763303169,-0.5000249930171965,0,0,0,0,0,0.70705375281792249
4733,41.073714919846559,-0.50002499299982128,0,0,0,0,0,0.70705375281792249
4734,41.082393076389941,-0.50002499298243963,0,0,0,0,0,0.70705375281792249
4735,41.091071232933331,-0.50002499296505498,0,0,0,0,0,0.70705375281792249
4736,41.099749389476713,-0.50002499294766933,0,0,0,0,0,0.70705375281792249
4737,41.108427546020103,-0.50002499293028524,0,0,0,0,0,0.70705375281792249
4738,41.117105702563485,-0.5000249929129057,0,0,0,0,0,0.70705375281792249
4739,41.125783859106875,-0.50002499289553315,0,0,0,0,0,0.70705375281792249
4740,41.134462015650257,-0.50002499287817037,0,0,0,0,0,0.70705375281792249
4741,41.143140172193647,-0.50002499286081981,0,0,0,0,0,0.7070537528179226
4742,41.151818328737029,-0.5000249928434839,0,0,0,0,0,0.7070537528179226
4743,41.160496485280419,-0.50002499282616564,0,0,0,0,0,0.7070537528179226
4744,41.169174641823801,-0.50002499280886747,0,0,0,0,0,0.70705375281792271
4745,41.177852798367191,-0.50002499279159185,0,0,0,0,0,0.7070537528179226
4746,41.186530954910573,-0.50002499277434176,0,0,0,0,0,0.70705375281792271
4747,41.195209111453963,-0.50002499275711942,0,0,0,0,0,0.7070537528179226
4748,41.203887267997345,-0.50002499273992762,0,0,0,0,0,0.70705375281792271
4749,41.212565424540735,-0.50002499272276912,0,0,0,0,0,0.70705375281792271
4750,41.221243581084117,-0.50002499270564582,0,0,0,0,0,0.70705375281792271
4751,41.229921737627507,-0.50002499268856115,0,0,0,0,0,0.70705375281792271
4752,41.238599894170889,-0.50002499267151701,0,0,0,0,0,0.70705375281792271
4753,41.247278050714279,-0.50002499265451639,0,0,0,0,0,0.70705375281792271
4754,41.255956207257668,-0.50002499263756173,0,0,0,0,0,0.70705375281792271
4755,41.264634363801051,-0.50002499262065547,0,0,0,0,0,0.70705375281792271
4756,41.27331252034444,-0.50002499260380018,0,0,0,0,0,0.70705375281792282
4757,41.281990676887823,-0.50002499258699862,0,0,0,0,0,0.70705375281792282
4758,41.290668833431212,-0.50002499257025323,0,0,0,0,0,0.70705375281792282
4759,41.299346989974595,-0.50002499255356614,0,0,0,0,0,0.70705375281792282
4760,41.308025146517984,-0.50002499253694066,0,0,0,0,0,0.70705375281792271
4761,41.316703303061367,-0.50002499252037858,0,0,0,0,0,0.70705375281792271
4762,41.325381459604756,-0.50002499250388255,0,0,0,0,0,0.70705375281792282
4763,41.334059616148139,-0.50002499248745502,0,0,0,0,0,0.70705375281792282
4764,41.342737772691528,-0.50002499247109888,0,0,0,0,0,0.70705375281792293
4765,41.351415929234911,-0.50002499245481613,0,0,0,0,0,0.70705375281792293
4766,41.3600940857783,-0.50002499243860976,0,0,0,0,0,0.70705375281792293
4767,41.368772242321683,-0.50002499242248133,0,0,0,0,0,0.70705375281792293
4768,41.377450398865072,-0.50002499240643394,0,0,0,0,0,0.70705375281792293
4769,41.386128555408455,-0.50002499239047005,0,0,0,0,0,0.70705375281792282
4770,41.394806711951844,-0.50002499237459164,0,0,0,0,0,0.70705375281792282
4771,41.403484868495227,-0.5000249923588016,0,0,0,0,0,0.70705375281792282
4772,41.412163025038616,-0.50002499234310194,0,0,0,0,0,0.70705375281792282
4773,41.420841181581999,-0.50002499232749498,0,0,0,0,0,0.70705375281792282
4774,41.429519338125388,-0.50002499231198327,0,0,0,0,0,0.70705375281792293
4775,41.438197494668771,-0.50002499229656883,0,0,0,0,0,0.70705375281792293
4776,41.44687565121216,-0.50002499228125463,0,0,0,0,0,0.70705375281792282
4777,41.455553807755543,-0.50002499226604225,0,0,0,0,0,0.70705375281792282
4778,41.464231964298932,-0.50002499225093455,0,0,0,0,0,0.70705375281792282
4779,41.472910120842322,-0.50002499223593322,0,0,0,0,0,0.70705375281792293
4780,41.481588277385704,-0.50002499222104124,0,0,0,0,0,0.70705375281792282
4781,41.490266433929094,-0.50002499220626029,0,0,0,0,0,0.70705375281792293
4782,41.498944590472476,-0.50002499219159291,0,0,0,0,0,0.70705375281792282
4783,41.507622747015866,-0.50002499217704099,0,0,0,0,0,0.70705375281792282
4784,41.516300903559248,-0.5000249921626071,0,0,0,0,0,0.70705375281792293
4785,41.524979060102638,-0.5000249921482931,0,0,0,0,0,0.70705375281792293
4786,41.53365721664602,-0.50002499213410101,0,0,0,0,0,0.70705375281792304
4787,41.54233537318941,-0.50002499212003348,0,0,0,0,0,0.70705375281792293
4788,41.551013529732792,-0.5000249921060923,0,0,0,0,0,0.70705375281792293
4789,41.559691686276182,-0.50002499209227991,0,0,0,0,0,0.70705375281792293
4790,41.568369842819564,-0.50002499207859774,0,0,0,0,0,0.70705375281792293
4791,41.577047999362954,-0.50002499206504836,0,0,0,0,0,0.70705375281792282
4792,41.585726155906336,-0.50002499205163375,0,0,0,0,0,0.70705375281792282
4793,41.594404312449726,-0.50002499203835571,0,0,0,0,0,0.70705375281792282
4794,41.603082468993108,-0.50002499202521666,0,0,0,0,0,0.70705375281792282
4795,41.611760625536498,-0.50002499201221795,0,0,0,0,0,0.70705375281792282
4796,41.62043878207988,-0.50002499199936201,0,0,0,0,0,0.70705375281792282
4797,41.62911693862327,-0.50002499198665085,0,0,0,0,0,0.70705375281792293
4798,41.637795095166652,-0.50002499197408579,0,0,0,0,0,0.70705375281792293
4799,41.646473251710042,-0.50002499196166927,0,0,0,0,0,0.70705375281792282
4800,41.655151408253424,-0.50002499194940309,0,0,0,0,0,0.70705375281792282
4801,41.663829564796814,-0.50002499193728911,0,0,0,0,0,0.70705375281792282
4802,41.672507721340196,-0.5000249919253289,0,0,0,0,0,0.70705375281792282
4803,41.681185877883586,-0.50002499191352445,0,0,0,0,0,0.70705375281792282
4804,41.689864034426968,-0.50002499190187755,0,0,0,0,0,0.70705375281792282
4805,41.698542190970358,-0.50002499189038985,0,0,0,0,0,0.70705375281792282
4806,41.707220347513747,-0.50002499187906291,0,0,0,0,0,0.70705375281792282
4807,41.71589850405713,-0.50002499186789917,0,0,0,0,0,0.70705375281792293
4808,41.724576660600519,-0.50002499185689953,0,0,0,0,0,0.70705375281792282
4809,41.733254817143902,-0.50002499184606575,0,0,0,0,0,0.70705375281792282
4810,41.741932973687291,-0.50002499183539961,0,0,0,0,0,0.70705375281792282
4811,41.750611130230673,-0.50002499182490279,0,0,0,0,0,0.70705375281792282
4812,41.759289286774063,-0.50002499181457694,0,0,0,0,0,0.70705375281792282
4813,41.767967443317445,-0.50002499180442361,0,0,0,0,0,0.70705375281792282
4814,41.776645599860835,-0.50002499179444382,0,0,0,0,0,0.70705375281792282
4815,41.785323756404217,-0.50002499178463955,0,0,0,0,0,0.70705375281792282
4816,41.794001912947607,-0.50002499177501247,0,0,0,0,0,0.70705375281792282
4817,41.802680069490989,-0.50002499176556348,0,0,0,0,0,0.70705375281792282
4818,41.811358226034379,-0.50002499175629445,0,0,0,0,0,0.70705375281792282
4819,41.820036382577761,-0.50002499174720638,0,0,0,0,0,0.70705375281792282
4820,41.828714539121151,-0.50002499173830084,0,0,0,0,0,0.70705375281792282
4821,41.837392695664533,-0.50002499172957937,0,0,0,0,0,0.70705375281792271
4822,41.846070852207923,-0.50002499172104298,0,0,0,0,0,0.70705375281792282
4823,41.854749008751305,-0.50002499171269299,0,0,0,0,0,0.70705375281792282
4824,41.863427165294695,-0.50002499170453063,0,0,0,0,0,0.70705375281792282
4825,41.872105321838077,-0.50002499169655756,0,0,0,0,0,0.70705375281792282
4826,41.880783478381467,-0.50002499168877468,0,0,0,0,0,0.70705375281792282
4827,41.889461634924849,-0.50002499168118264,0,0,0,0,0,0.70705375281792271
4828,41.898139791468239,-0.50002499167378345,0,0,0,0,0,0.70705375281792282
4829,41.906817948011621,-0.50002499166657766,0,0,0,0,0,0.70705375281792271
4830,41.915496104555011,-0.50002499165956649,0,0,0,0,0,0.70705375281792271
4831,41.924174261098393,-0.50002499165275127,0,0,0,0,0,0.70705375281792271
4832,41.932852417641783,-0.50002499164613279,0,0,0,0,0,0.70705375281792271
4833,41.941530574185172,-0.50002499163971192,0,0,0,0,0,0.7070537528179226
4834,41.950208730728555,-0.50002499163348968,0,0,0,0,0,0.70705375281792271
4835,41.958886887271944,-0.50002499162746705,0,0,0,0,0,0.70705375281792282
4836,41.967565043815327,-0.50002499162164515,0,0,0,0,0,0.70705375281792271
4837,41.976243200358716,-0.50002499161602487,0,0,0,0,0,0.7070537528179226
4838,41.984921356902099,-0.50002499161060643,0,0,0,0,0,0.70705375281792271
4839,41.993599513445488,-0.50002499160539104,0,0,0,0,0,0.70705375281792271
4840,42.002277669988871,-0.50002499160037972,0,0,0,0,0,0.70705375281792282
4841,42.01095582653226,-0.50002499159557301,0,0,0,0,0,0.70705375281792282
4842,42.019633983075643,-0.50002499159097158,0,0,0,0,0,0.70705375281792282
4843,42.028312139619032,-0.50002499158657643,0,0,0,0,0,0.70705375281792282
4844,42.036990296162415,-0.50002499158238789,0,0,0,0,0,0.70705375281792282
4845,42.045668452705804,-0.50002499157840674,0,0,0,0,0,0.70705375281792271
4846,42.054346609249187,-0.50002499157463354,0,0,0,0,0,0.70705375281792271
4847,42.063024765792576,-0.50002499157106861,0,0,0,0,0,0.7070537528179226
4848,42.071702922335959,-0.50002499156771263,0,0,0,0,0,0.70705375281792271
4849,42.080381078879348,-0.5000249915645667,0,0,0,0,0,0.7070537528179226
4850,42.089059235422731,-0.50002499156163038,0,0,0,0,0,0.70705375281792271
4851,42.09773739196612,-0.50002499155890456,0,0,0,0,0,0.7070537528179226
4852,42.106415548509503,-0.5000249915563898,0,0,0,0,0,0.7070537528179226
4853,42.115093705052892,-0.50002499155408597,0,0,0,0,0,0.7070537528179226
4854,42.123771861596275,-0.50002499155199409,0,0,0,0,0,0.70705375281792271
4855,42.132450018139664,-0.50002499155011371,0,0,0,0,0,0.70705375281792271
4856,42.141128174683047,-0.5000249915484456,0,0,0,0,0,0.70705375281792271
4857,42.149806331226436,-0.50002499154699032,0,0,0,0,0,0.70705375281792271
4858,42.158484487769826,-0.50002499154574753,0,0,0,0,0,0.7070537528179226
4859,42.167162644313208,-0.50002499154471758,0,0,0,0,0,0.7070537528179226
4860,42.175840800856598,-0.50002499154390057,0,0,0,0,0,0.70705375281792249
4861,42.18451895739998,-0.5000249915432966,0,0,0,0,0,0.70705375281792249
4862,42.19319711394337,-0.50002499154290581,0,0,0,0,0,0.7070537528179226
4863,42.201875270486752,-0.5000249915427285,0,0,0,0,0,0.7070537528179226
4864,42.210553427030142,-0.50002499154276447,0,0,0,0,0,0.70705375281792249
4865,42.219231583573524,-0.50002499154301361,0,0,0,0,0,0.7070537528179226
4866,42.227909740116914,-0.50002499154347613,0,0,0,0,0,0.70705375281792249
4867,42.236587896660296,-0.50002499154415148,0,0,0,0,0,0.70705375281792271
4868,42.245266053203686,-0.50002499154504032,0,0,0,0,0,0.7070537528179226
4869,42.253944209747068,-0.50002499154614199,0,0,0,0,0,0.7070537528179226
4870,42.262622366290458,-0.50002499154745661,0,0,0,0,0,0.7070537528179226
4871,42.27130052283384,-0.50002499154898361,0,0,0,0,0,0.70705375281792271
4872,42.27997867937723,-0.50002499155072277,0,0,0,0,0,0.70705375281792282
4873,42.288656835920612,-0.50002499155267421,0,0,0,0,0,0.70705375281792271
4874,42.297334992464002,-0.50002499155483771,0,0,0,0,0,0.7070537528179226
4875,42.306013149007384,-0.50002499155721247,0,0,0,0,0,0.70705375281792271
4876,42.314691305550774,-0.50002499155979829,0,0,0,0,0,0.7070537528179226
4877,42.323369462094156,-0.50002499156259517,0,0,0,0,0,0.7070537528179226
4878,42.332047618637546,-0.50002499156560221,0,0,0,0,0,0.70705375281792249
4879,42.340725775180928,-0.50002499156881897,0,0,0,0,0,0.7070537528179226
4880,42.349403931724318,-0.500024991572245,0,0,0,0,0,0.7070537528179226
4881,42.3580820882677,-0.50002499157588021,0,0,0,0,0,0.7070537528179226
4882,42.36676024481109,-0.50002499157972369,0,0,0,0,0,0.70705375281792249
4883,42.375438401354472,-0.50002499158377478,0,0,0,0,0,0.70705375281792249
4884,42.384116557897862,-0.50002499158803304,0,0,0,0,0,0.70705375281792249
4885,42.392794714441251,-0.50002499159249769,0,0,0,0,0,0.70705375281792249
4886,42.401472870984634,-0.50002499159716818,0,0,0,0,0,0.7070537528179226
4887,42.410151027528023,-0.50002499160204394,0,0,0,0,0,0.70705375281792271
4888,42.418829184071406,-0.50002499160712377,0,0,0,0,0,0.7070537528179226
4889,42.427507340614795,-0.50002499161240732,0,0,0,0,0,0.7070537528179226
4890,42.436185497158178,-0.50002499161789371,0,0,0,0,0,0.7070537528179226
4891,42.444863653701567,-0.50002499162358216,0,0,0,0,0,0.7070537528179226
4892,42.45354181024495,-0.50002499162947189,0,0,0,0,0,0.70705375281792271
4893,42.462219966788339,-0.50002499163556169,0,0,0,0,0,0.7070537528179226
4894,42.470898123331722,-0.50002499164185066,0,0,0,0,0,0.7070537528179226
4895,42.479576279875111,-0.50002499164833836,0,0,0,0,0,0.7070537528179226
4896,42.488254436418494,-0.50002499165502334,0,0,0,0,0,0.7070537528179226
4897,42.496932592961883,-0.50002499166190462,0,0,0,0,0,0.70705375281792249
4898,42.505610749505266,-0.50002499166898129,0,0,0,0,0,0.70705375281792238
4899,42.514288906048655,-0.50002499167625258,0,0,0,0,0,0.70705375281792238
4900,42.522967062592038,-0.50002499168371661,0,0,0,0,0,0.70705375281792249
4901,42.531645219135427,-0.50002499169137304,0,0,0,0,0,0.70705375281792238
4902,42.54032337567881,-0.5000249916992201,0,0,0,0,0,0.70705375281792249
4903,42.549001532222199,-0.500024991707257,0,0,0,0,0,0.70705375281792238
4904,42.557679688765582,-0.50002499171548265,0,0,0,0,0,0.70705375281792249
4905,42.566357845308971,-0.50002499172389525,0,0,0,0,0,0.70705375281792249
4906,42.575036001852354,-0.50002499173249415,0,0,0,0,0,0.7070537528179226
4907,42.583714158395743,-0.5000249917412779,0,0,0,0,0,0.7070537528179226
4908,42.592392314939126,-0.50002499175024473,0,0,0,0,0,0.70705375281792249
4909,42.601070471482515,-0.50002499175939419,0,0,0,0,0,0.7070537528179226
4910,42.609748628025905,-0.50002499176872384,0,0,0,0,0,0.7070537528179226
4911,42.618426784569287,-0.5000249917782329,0,0,0,0,0,0.7070537528179226
4912,42.627104941112677,-0.5000249917879197,0,0,0,0,0,0.70705375281792271
4913,42.635783097656059,-0.50002499179778315,0,0,0,0,0,0.70705375281792271
4914,42.644461254199449,-0.50002499180782134,0,0,0,0,0,0.70705375281792271
4915,42.653139410742831,-0.50002499181803306,0,0,0,0,0,0.70705375281792282
4916,42.661817567286221,-0.50002499182841653,0,0,0,0,0,0.70705375281792282
4917,42.670495723829603,-0.50002499183897031,0,0,0,0,0,0.70705375281792282
4918,42.679173880372993,-0.50002499184969307,0,0,0,0,0,0.70705375281792293
4919,42.687852036916375,-0.50002499186058258,0,0,0,0,0,0.70705375281792282
4920,42.696530193459765,-0.50002499187163785,0,0,0,0,0,0.70705375281792282
4921,42.705208350003147,-0.50002499188285676,0,0,0,0,0,0.70705375281792282
4922,42.713886506546537,-0.50002499189423777,0,0,0,0,0,0.70705375281792293
4923,42.722564663089919,-0.50002499190577954,0,0,0,0,0,0.70705375281792293
4924,42.731242819633309,-0.50002499191747951,0,0,0,0,0,0.70705375281792293
4925,42.739920976176691,-0.50002499192933669,0,0,0,0,0,0.70705375281792282
4926,42.748599132720081,-0.50002499194134875,0,0,0,0,0,0.70705375281792282
4927,42.757277289263463,-0.50002499195351424,0,0,0,0,0,0.70705375281792293
4928,42.765955445806853,-0.50002499196583128,0,0,0,0,0,0.70705375281792304
4929,42.774633602350235,-0.50002499197829764,0,0,0,0,0,0.70705375281792304
4930,42.783311758893625,-0.5000249919909121,0,0,0,0,0,0.70705375281792304
4931,42.791989915437007,-0.50002499200367212,0,0,0,0,0,0.70705375281792304
4932,42.800668071980397,-0.50002499201657646,0,0,0,0,0,0.70705375281792304
4933,42.809346228523779,-0.50002499202962269,0,0,0,0,0,0.70705375281792304
4934,42.818024385067169,-0.50002499204280881,0,0,0,0,0,0.70705375281792304
4935,42.826702541610551,-0.50002499205613304,0,0,0,0,0,0.70705375281792304
4936,42.835380698153941,-0.50002499206959317,0,0,0,0,0,0.70705375281792304
4937,42.84405885469733,-0.50002499208318751,0,0,0,0,0,0.70705375281792304
4938,42.852737011240713,-0.50002499209691365,0,0,0,0,0,0.70705375281792304
4939,42.861415167784102,-0.50002499211076978,0,0,0,0,0,0.70705375281792293
4940,42.870093324327485,-0.50002499212475393,0,0,0,0,0,0.70705375281792293
4941,42.878771480870874,-0.50002499213886353,0,0,0,0,0,0.70705375281792282
4942,42.887449637414257,-0.50002499215309659,0,0,0,0,0,0.70705375281792293
4943,42.896127793957646,-0.50002499216745133,0,0,0,0,0,0.70705375281792293
4944,42.904805950501029,-0.50002499218192531,0,0,0,0,0,0.70705375281792304
4945,42.913484107044418,-0.5000249921965163,0,0,0,0,0,0.70705375281792304
4946,42.922162263587801,-0.50002499221122187,0,0,0,0,0,0.70705375281792293
4947,42.93084042013119,-0.50002499222604058,0,0,0,0,0,0.70705375281792304
4948,42.939518576674573,-0.50002499224096963,0,0,0,0,0,0.70705375281792304
4949,42.948196733217962,-0.50002499225600683,0,0,0,0,0,0.70705375281792304
4950,42.956874889761345,-0.50002499227115005,0,0,0,0,0,0.70705375281792304
4951,42.965553046304734,-0.50002499228639707,0,0,0,0,0,0.70705375281792304
4952,42.974231202848117,-0.50002499230174502,0,0,0,0,0,0.70705375281792304
4953,42.982909359391506,-0.50002499231719244,0,0,0,0,0,0.70705375281792304
4954,42.991587515934889,-0.50002499233273634,0,0,0,0,0,0.70705375281792315
4955,43.000265672478278,-0.50002499234837472,0,0,0,0,0,0.70705375281792326
4956,43.008943829021661,-0.50002499236410525,0,0,0,0,0,0.70705375281792304
4957,43.01762198556505,-0.50002499237992537,0,0,0,0,0,0.70705375281792315
4958,43.026300142108433,-0.50002499239583287,0,0,0,0,0,0.70705375281792315
4959,43.034978298651822,-0.50002499241182508,0,0,0,0,0,0.70705375281792326
4960,43.043656455195205,-0.50002499242789988,0,0,0,0,0,0.70705375281792315
4961,43.052334611738594,-0.50002499244405474,0,0,0,0,0,0.70705375281792315
4962,43.061012768281977,-0.50002499246028731,0,0,0,0,0,0.70705375281792304
4963,43.069690924825366,-0.50002499247659482,0,0,0,0,0,0.70705375281792326
4964,43.078369081368756,-0.50002499249297538,0,0,0,0,0,0.70705375281792304
4965,43.087047237912138,-0.500024992509426,0,0,0,0,0,0.70705375281792315
4966,43.095725394455528,-0.50002499252594457,0,0,0,0,0,0.70705375281792315
4967,43.10440355099891,-0.50002499254252819,0,0,0,0,0,0.70705375281792315
4968,43.1130817075423,-0.50002499255917465,0,0,0,0,0,0.70705375281792315
4969,43.121759864085682,-0.50002499257588184,0,0,0,0,0,0.70705375281792315
4970,43.130438020629072,-0.50002499259264632,0,0,0,0,0,0.70705375281792315
4971,43.139116177172454,-0.5000249926094662,0,0,0,0,0,0.70705375281792315
4972,43.147794333715844,-0.5000249926263387,0,0,0,0,0,0.70705375281792315
4973,43.156472490259226,-0.50002499264326172,0,0,0,0,0,0.70705375281792315
4974,43.165150646802616,-0.50002499266023226,0,0,0,0,0,0.70705375281792315
4975,43.173828803345998,-0.50002499267724776,0,0,0,0,0,0.70705375281792315
4976,43.182506959889388,-0.50002499269430589,0,0,0,0,0,0.70705375281792315
4977,43.19118511643277,-0.50002499271140377,0,0,0,0,0,0.70705375281792304
4978,43.19986327297616,-0.50002499272853917,0,0,0,0,0,0.70705375281792304
4979,43.208541429519542,-0.50002499274570944,0,0,0,0,0,0.70705375281792304
4980,43.217219586062932,-0.50002499276291168,0,0,0,0,0,0.70705375281792304
4981,43.225897742606314,-0.50002499278014378,0,0,0,0,0,0.70705375281792304
4982,43.234575899149704,-0.50002499279740242,0,0,0,0,0,0.70705375281792315
4983,43.243254055693086,-0.50002499281468604,0,0,0,0,0,0.70705375281792304
4984,43.251932212236476,-0.50002499283199109,0,0,0,0,0,0.70705375281792304
4985,43.260610368779858,-0.50002499284931567,0,0,0,0,0,0.70705375281792304
4986,43.269288525323248,-0.50002499286665669,0,0,0,0,0,0.70705375281792304
4987,43.27796668186663,-0.50002499288401159,0,0,0,0,0,0.70705375281792304
4988,43.28664483841002,-0.50002499290137781,0,0,0,0,0,0.70705375281792315
4989,43.295322994953409,-0.50002499291875313,0,0,0,0,0,0.70705375281792304
4990,43.304001151496792,-0.50002499293613445,0,0,0,0,0,0.70705375281792304
4991,43.312679308040181,-0.50002499295351921,0,0,0,0,0,0.70705375281792315
4992,43.321357464583564,-0.50002499297090508,0,0,0,0,0,0.70705375281792304
4993,43.330035621126953,-0.50002499298828895,0,0,0,0,0,0.70705375281792304
4994,43.338713777670336,-0.50002499300566861,0,0,0,0,0,0.70705375281792315
4995,43.347391934213725,-0.50002499302304115,0,0,0,0,0,0.70705375281792315
4996,43.356070090757107,-0.50002499304040449,0,0,0,0,0,0.70705375281792315
4997,43.364748247300497,-0.50002499305775516,0,0,0,0,0,0.70705375281792315
4998,43.373426403843879,-0.50002499307509152,0,0,0,0,0,0.70705375281792315
4999,43.382104560387269,-0.50002499309241011,0,0,0,0,0,0.70705375281792304
5000,43.390782716930651,-0.50002499310970883,0,0,0,0,0,0.70705375281792315
5001,43.399460873474041,-0.5000249931269849,0,0,0,0,0,0.70705375281792315
5002,43.408139030017423,-0.50002499314423587,0,0,0,0,0,0.70705375281792304
5003,43.416817186560813,-0.50002499316145921,0,0,0,0,0,0.70705375281792293
5004,43.425495343104195,-0.50002499317865179,0,0,0,0,0,0.70705375281792304
5005,43.434173499647585,-0.50002499319581151,0,0,0,0,0,0.70705375281792293
5006,43.442851656190967,-0.50002499321293514,0,0,0,0,0,0.70705375281792304
5007,43.451529812734357,-0.50002499323002114,0,0,0,0,0,0.70705375281792304
5008,43.460207969277739,-0.5000249932470664,0,0,0,0,0,0.70705375281792304
5009,43.468886125821129,-0.50002499326406791,0,0,0,0,0,0.70705375281792293
5010,43.477564282364511,-0.50002499328102379,0,0,0,0,0,0.70705375281792282
5011,43.486242438907901,-0.50002499329793149,0,0,0,0,0,0.70705375281792293
5012,43.494920595451283,-0.50002499331478756,0,0,0,0,0,0.70705375281792293
5013,43.503598751994673,-0.50002499333159034,0,0,0,0,0,0.70705375281792304
5014,43.512276908538055,-0.50002499334833728,0,0,0,0,0,0.70705375281792293
5015,43.520955065081445,-0.50002499336502537,0,0,0,0,0,0.70705375281792304
5016,43.529633221624835,-0.50002499338165274,0,0,0,0,0,0.70705375281792304
5017,43.538311378168217,-0.50002499339821616,0,0,0,0,0,0.70705375281792304
5018,43.546989534711606,-0.50002499341471385,0,0,0,0,0,0.70705375281792315
5019,43.555667691254989,-0.50002499343114259,0,0,0,0,0,0.70705375281792315
5020,43.564345847798378,-0.50002499344750051,0,0,0,0,0,0.70705375281792315
5021,43.573024004341761,-0.50002499346378482,0,0,0,0,0,0.70705375281792304
5022,43.58170216088515,-0.50002499347999307,0,0,0,0,0,0.70705375281792315
5023,43.590380317428533,-0.50002499349612295,0,0,0,0,0,0.70705375281792315
5024,43.599058473971922,-0.50002499351217211,0,0,0,0,0,0.70705375281792304
5025,43.607736630515305,-0.50002499352813778,0,0,0,0,0,0.70705375281792315
5026,43.616414787058694,-0.50002499354401808,0,0,0,0,0,0.70705375281792315
5027,43.625092943602077,-0.50002499355981012,0,0,0,0,0,0.70705375281792315
5028,43.633771100145466,-0.50002499357551178,0,0,0,0,0,0.70705375281792304
5029,43.642449256688849,-0.50002499359112051,0,0,0,0,0,0.70705375281792304
5030,43.651127413232238,-0.5000249936066341,0,0,0,0,0,0.70705375281792293
5031,43.659805569775621,-0.50002499362205033,0,0,0,0,0,0.70705375281792304
5032,43.66848372631901,-0.50002499363736652,0,0,0,0,0,0.70705375281792304
5033,43.677161882862393,-0.50002499365258091,0,0,0,0,0,0.70705375281792304
5034,43.685840039405782,-0.50002499366769049,0,0,0,0,0,0.70705375281792304
5035,43.694518195949165,-0.50002499368269349,0,0,0,0,0,0.70705375281792304
5036,43.703196352492554,-0.50002499369758757,0,0,0,0,0,0.70705375281792304
5037,43.711874509035937,-0.50002499371237041,0,0,0,0,0,0.70705375281792315
5038,43.720552665579326,-0.5000249937270399,0,0,0,0,0,0.70705375281792315
5039,43.729230822122709,-0.50002499374159348,0,0,0,0,0,0.70705375281792315
5040,43.737908978666098,-0.50002499375602949,0,0,0,0,0,0.70705375281792304
5041,43.746587135209481,-0.50002499377034526,0,0,0,0,0,0.70705375281792304
5042,43.75526529175287,-0.50002499378453902,0,0,0,0,0,0.70705375281792304
5043,43.76394344829626,-0.50002499379860832,0,0,0,0,0,0.70705375281792304
5044,43.772621604839642,-0.50002499381255128,0,0,0,0,0,0.70705375281792304
5045,43.781299761383032,-0.50002499382636556,0,0,0,0,0,0.70705375281792304
5046,43.789977917926414,-0.50002499384004928,0,0,0,0,0,0.70705375281792304
5047,43.798656074469804,-0.50002499385360011,0,0,0,0,0,0.70705375281792326
5048,43.807334231013186,-0.50002499386701638,0,0,0,0,0,0.70705375281792326
5049,43.816012387556576,-0.5000249938802962,0,0,0,0,0,0.70705375281792315
5050,43.824690544099958,-0.50002499389343691,0,0,0,0,0,0.70705375281792315
5051,43.833368700643348,-0.50002499390643695,0,0,0,0,0,0.70705375281792315
5052,43.84204685718673,-0.50002499391929456,0,0,0,0,0,0.70705375281792315
5053,43.85072501373012,-0.50002499393200706,0,0,0,0,0,0.70705375281792315
5054,43.859403170273502,-0.50002499394457356,0,0,0,0,0,0.70705375281792315
5055,43.868081326816892,-0.50002499395699118,0,0,0,0,0,0.70705375281792304
5056,43.876759483360274,-0.5000249939692587,0,0,0,0,0,0.70705375281792304
5057,43.885437639903664,-0.50002499398137401,0,0,0,0,0,0.70705375281792304
5058,43.894115796447046,-0.50002499399333522,0,0,0,0,0,0.70705375281792304
5059,43.902793952990436,-0.50002499400514067,0,0,0,0,0,0.70705375281792304
5060,43.911472109533818,-0.50002499401678879,0,0,0,0,0,0.70705375281792304
5061,43.920150266077208,-0.50002499402827716,0,0,0,0,0,0.70705375281792315
5062,43.92882842262059,-0.50002499403960476,0,0,0,0,0,0.70705375281792304
5063,43.93750657916398,-0.50002499405076928,0,0,0,0,0,0.70705375281792304
5064,43.946184735707362,-0.50002499406176959,0,0,0,0,0,0.70705375281792315
5065,43.954862892250752,-0.50002499407260392,0,0,0,0,0,0.70705375281792304
5066,43.963541048794134,-0.50002499408327039,0,0,0,0,0,0.70705375281792304
5067,43.972219205337524,-0.50002499409376733,0,0,0,0,0,0.70705375281792304
5068,43.980897361880913,-0.50002499410409351,0,0,0,0,0,0.70705375281792304
5069,43.989575518424296,-0.50002499411424706,0,0,0,0,0,0.70705375281792304
5070,43.998253674967685,-0.50002499412422674,0,0,0,0,0,0.70705375281792304
5071,44.006931831511068,-0.5000249941340309,0,0,0,0,0,0.70705375281792304
5072,44.015609988054457,-0.50002499414365764,0,0,0,0,0,0.70705375281792304
5073,44.02428814459784,-0.50002499415310608,0,0,0,0,0,0.70705375281792315
5074,44.032966301141229,-0.50002499416237511,0,0,0,0,0,0.70705375281792326
5075,44.041644457684612,-0.5000249941714624,0,0,0,0,0,0.70705375281792315
5076,44.050322614228001,-0.50002499418036717,0,0,0,0,0,0.70705375281792326
5077,44.059000770771384,-0.50002499418908797,0,0,0,0,0,0.70705375281792326
5078,44.067678927314773,-0.50002499419762336,0,0,0,0,0,0.70705375281792326
5079,44.076357083858156,-0.50002499420597235,0,0,0,0,0,0.70705375281792315
5080,44.085035240401545,-0.50002499421413349,0,0,0,0,0,0.70705375281792315
5081,44.093713396944928,-0.50002499422210533,0,0,0,0,0,0.70705375281792304
5082,44.102391553488317,-0.50002499422988689,0,0,0,0,0,0.70705375281792304
5083,44.1110697100317,-0.50002499423747726,0,0,0,0,0,0.70705375281792304
5084,44.119747866575089,-0.5000249942448749,0,0,0,0,0,0.70705375281792304
5085,44.128426023118472,-0.50002499425207836,0,0,0,0,0,0.70705375281792315
5086,44.137104179661861,-0.50002499425908753,0,0,0,0,0,0.70705375281792315
5087,44.145782336205244,-0.50002499426590075,0,0,0,0,0,0.70705375281792315
5088,44.154460492748633,-0.50002499427251712,0,0,0,0,0,0.70705375281792315
5089,44.163138649292016,-0.50002499427893543,0,0,0,0,0,0.70705375281792315
5090,44.171816805835405,-0.50002499428515512,0,0,0,0,0,0.70705375281792315
5091,44.180494962378788,-0.50002499429117464,0,0,0,0,0,0.70705375281792315
5092,44.189173118922177,-0.50002499429699376,0,0,0,0,0,0.70705375281792315
5093,44.19785127546556,-0.50002499430261094,0,0,0,0,0,0.70705375281792315
5094,44.206529432008949,-0.50002499430802605,0,0,0,0,0,0.70705375281792315
5095,44.215207588552339,-0.50002499431323777,0,0,0,0,0,0.70705375281792304
5096,44.223885745095721,-0.50002499431824576,0,0,0,0,0,0.70705375281792315
5097,44.232563901639111,-0.50002499432304837,0,0,0,0,0,0.70705375281792315
5098,44.241242058182493,-0.50002499432764591,0,0,0,0,0,0.70705375281792326
5099,44.249920214725883,-0.50002499433203718,0,0,0,0,0,0.70705375281792326
5100,44.258598371269265,-0.50002499433622138,0,0,0,0,0,0.70705375281792326
5101,44.267276527812655,-0.5000249943401982,0,0,0,0,0,0.70705375281792326
5102,44.275954684356037,-0.50002499434396719,0,0,0,0,0,0.70705375281792326
5103,44.284632840899427,-0.50002499434752701,0,0,0,0,0,0.70705375281792326
5104,44.293310997442809,-0.50002499435087799,0,0,0,0,0,0.70705375281792338
5105,44.301989153986199,-0.50002499435401915,0,0,0,0,0,0.70705375281792326
5106,44.310667310529581,-0.50002499435695014,0,0,0,0,0,0.70705375281792326
5107,44.319345467072971,-0.50002499435967074,0,0,0,0,0,0.70705375281792315
5108,44.328023623616353,-0.50002499436217984,0,0,0,0,0,0.70705375281792326
5109,44.336701780159743,-0.50002499436447789,0,0,0,0,0,0.70705375281792326
5110,44.345379936703125,-0.50002499436656411,0,0,0,0,0,0.70705375281792326
5111,44.354058093246515,-0.50002499436843817,0,0,0,0,0,0.70705375281792326
5112,44.362736249789897,-0.50002499437010017,0,0,0,0,0,0.70705375281792326
5113,44.371414406333287,-0.50002499437154913,0,0,0,0,0,0.70705375281792326
5114,44.380092562876669,-0.50002499437278547,0,0,0,0,0,0.70705375281792326
5115,44.388770719420059,-0.50002499437380876,0,0,0,0,0,0.70705375281792326
5116,44.397448875963441,-0.50002499437461856,0,0,0,0,0,0.70705375281792338
5117,44.406127032506831,-0.50002499437521575,0,0,0,0,0,0.70705375281792326
5118,44.414805189050213,-0.50002499437559933,0,0,0,0,0,0.70705375281792326
5119,44.423483345593603,-0.50002499437576919,0,0,0,0,0,0.70705375281792326
5120,44.432161502136992,-0.50002499437572556,0,0,0,0,0,0.70705375281792349
