id,mass,x,y,z,vx,vy,vz
0,1.4761517248891316,-0.36076635257361955,0.43785512880802258,0.83368070300111774,-0.027949523919258312,-0.099466722758172255,-0.038059794200690056
1,0.84253316664190658,-0.79740147004618867,-0.45162326218479265,-0.87888579642067932,0.07731790622121909,-0.034368752404400404,0.053357633180332931
2,1.4208723544292363,0.5435103813163491,0.39090197388374603,-0.92043939739335046,0.040943449903755286,-0.0017589336114239018,-0.04392146467251215
3,1.354595523438749,0.067457385165612171,0.17236843179140737,-0.92139074910666618,-0.064281411081800299,-0.029647902376530436,0.085529596825746762
4,1.3190378952843473,0.86561567778512538,-0.091753392761805053,0.77891372019261684,0.023542753026359178,-0.0098445717775842018,0.027228236139936662
5,0.52844953394219041,0.72953343065253184,0.28960763559573977,-0.061542594762470593,0.097456077032591376,-0.094955612827468519,0.069807663345320237
6,1.070835845800058,-0.83719050503047754,-0.92756508760869005,0.37550552445650931,0.0245121039045509,-0.02556623299492071,-0.044428864469360431
7,0.98156947101745207,0.54733402483073168,-0.80541905178858908,-0.010760385238317127,-0.011854810894391971,0.0060228241514791447,-0.062324266407042944
8,1.028371772733319,0.18573830425692273,-0.93318772931979188,-0.29271687250394218,0.078739702811941092,-0.092525974981889372,0.083403215195214209
9,0.7773647127739689,-0.33954966420117594,0.37443977353405233,0.81645967372291772,-0.046844098078983709,0.041264193626693035,0.043645426459774483
10,0.68006813709135716,0.14832488877124095,-0.74728752923593733,0.91819611396043976,0.051284827602630895,0.0076855645527733885,0.035467811429900714
11,1.0885251411827939,-0.46092992139141709,-0.68719644311477612,0.48730273921638401,0.019794260134816333,-0.0048260935691546158,0.064551694967907941
12,0.71299637556041495,-0.39894790665029212,-0.46057284518442754,0.46546545130535288,0.067616172427825527,0.060679079087607363,0.042176472553295263
13,0.99843508791443913,0.71450127626130389,0.22629521711200784,0.49041841063718072,-0.053539078580438694,-0.07253875189311676,-0.0665263070652935
14,0.70044232917645377,-0.10065390444735156,0.16708225487624739,0.91628400486768524,-0.00016616722169875142,-0.05410065037126599,-0.051099498936168143
15,1.1619046510475144,0.61294614907564027,0.3289841269460434,0.95827211925715527,0.09462346877073774,0.030694460727763495,-0.013816647747914551
16,0.93721794648042256,-0.76874606847857474,-0.99673624106135095,-0.20856371121817063,0.044946011584018342,-0.011024796322247551,0.037193912376925625
17,0.60237632615321401,0.045806937240748136,0.59499432752625925,-0.53524410529746924,-0.040684047287827152,0.069911444207203549,-0.052398607897317651
18,0.93106480135110437,-0.63283621074345842,0.62330434988099137,0.62956593290585539,-0.068769125831184386,-0.055297338064885793,0.0038395442255214352
19,1.0895133344696255,-0.84392090054214974,0.16109820175433631,-0.059139792157597126,0.096252023073002263,-0.074635247077674285,0.033669290287271558
20,0.6870700626342342,-0.9739954679406071,-0.86931522077401979,-0.98247076852770499,-0.0099715872875086875,-0.085027775440941603,0.010950305187401879
21,0.82502654604544468,0.11829163530253095,-0.76471704533450557,0.8113220501148084,0.060829189223235325,-0.025177912194836116,-0.056098115183990042
22,1.1126157393089147,0.64247402026520728,-0.15262391954120558,-0.29101872857108435,0.049095516668243494,-0.091977773430009083,-0.016098806733191237
23,0.85385429720179473,-0.8586185741114094,0.93971872632844011,-0.33715091765457639,-0.0087216658339666908,-0.032560405723620178,-0.065839707944816819
24,0.92528063297334684,0.23590429174313154,-0.17139555751442592,-0.54107000468521238,-0.051206424343193668,-0.030897709581458432,0.0011604872263947935
25,0.65819434216085793,-0.27929100306658494,-0.93591961532519297,-0.055731708904165567,0.052426885001954221,-0.016737016768493929,0.096297528515355835
26,1.3859121448265053,0.10640524740946233,0.52983285766608312,0.9547956994121034,-0.051089453797226209,0.081393779284329726,0.087851381340111945
27,0.71047206830284693,-0.60414421930805373,-0.42508207827241873,-0.73156388853306464,0.057813720638253185,0.047700994827398591,-0.032739155797733219
28,0.66741704334286589,-0.84895773993023504,0.81698570138781834,0.28878039224252361,-0.060482594686785851,-0.040772496280242911,0.078831511940960691
29,0.61347882614272464,0.62489576099996125,-0.93283294371526537,0.88679404122810279,-0.013308378818856825,-0.02482114685210271,0.032921040379989081
30,1.4708587846257313,-0.3852288257567833,-0.0090157037614262414,-0.29265406051542575,-0.069205856973159424,-0.039128240687148069,0.065506902858269322
31,0.68285608885963311,-0.8959452904827343,-0.40732050566156563,0.61040348644653841,0.066975621381370587,0.04509118405218579,0.078818640539796508
32,0.5851035679187635,-0.42896403403696559,0.90781152662462983,0.19177400909328668,-0.07290409339284068,0.072616775988541077,-0.074736741472301679
33,0.69105179652837168,-0.69462244614448121,0.42279993028480334,-0.40640087596717867,0.012984634812893955,-0.037649821642970573,-0.059610742282910328
34,1.1843487297941164,-0.30073408518146616,0.11759630064873705,-0.76769711882429692,-0.054650712422723437,0.068842360292993232,-0.042481861508757796
35,0.76897370261666487,0.27343502627351901,-0.21934693326885002,0.0077181138049444709,0.04930661117758911,0.016029661950103663,0.054925765640244262
36,1.225540646012498,-0.97546544999764406,-0.85217859210884384,0.39384137825387633,0.034826278943955707,-0.087349581156985059,-0.090038513590507394
37,1.0661898426030092,-0.83512765257501975,0.92615123230756757,-0.54134588102490389,-0.0067721683277888467,-0.075211209689755198,0.040342314958629472
38,1.2920083795692947,0.73596038660869678,-0.47300093695420342,0.57488275217794516,0.041371903728382259,-0.087823610668712873,-0.033966145542134493
39,1.0543836075031447,0.95848435801582887,0.49517953773117585,0.79986741593865429,0.03256590690819372,0.062734971062466033,0.030651745519758022
40,0.91252858683403126,-0.58302937628998963,0.40710428799842058,-0.069108522375900927,-0.089271240601276614,0.0074396998006397153,-0.038982298232087258
41,0.72088308844167515,0.65443093711141564,-0.2943427528696656,-0.15714954616149579,0.0027861160227294207,-0.023514545971447129,-0.094292861674929659
42,1.0847146617470598,0.44911651991292478,0.45047130614451136,0.39601718889805748,-0.047064180245205048,0.0012452830328101294,0.02200107952560082
43,1.199850466307375,0.04877140665931301,-0.28760129660263467,-0.46028602552405751,-0.070881885838460335,0.099945489210844646,0.045805678084260504
44,1.0230508343384219,0.084015168296692533,-0.48193550411761299,-0.33069505424970358,0.041716518359202259,0.089749861031678979,-0.063774950026273675
45,1.4200171612974088,0.15092691323951746,-0.42807333106871104,-0.17844747354957891,0.016815268530785146,-0.026060864574140905,-0.040893523149313674
46,0.97799324355925787,0.79458804634144564,-0.53731843101965304,0.76577523313932749,0.021651761160863453,0.090403638099287392,-0.059540985376302952
47,1.3552618426896548,-0.103064310724859,-0.6990616732117001,0.78800104388941516,-0.08542635441360194,-0.010903987425578188,0.061650634180027697
48,0.74136850002062848,0.79409997717051772,-0.16170070120039259,0.86165362528012546,0.042881352260197098,-0.051462988394896249,0.029838696442830548
49,0.50332603066896198,0.87740583787469717,-0.29346999904202997,0.8476599113981742,0.096373795775351517,-0.045124695435847718,-0.026734356629945014
50,1.11310453702316,0.82634236821634555,0.61870236983545035,0.7669097572738135,0.022044647555403224,0.071203886173905523,-0.055731475857545593
51,1.3912124763369129,0.55525034906890447,-0.50062498001849631,-0.87175210930594615,-0.085596361281837924,-0.020356714987210395,-0.015027279742606786
52,0.72502141490029159,0.71635738758819589,0.56264482220491963,-0.90050172030335007,-0.01105541159814856,0.082748723917114936,0.03597868159995038
53,0.51740104357815908,0.63971903721681311,0.93754764513873168,0.28933533308520443,0.081444951271679555,-0.00022411308886263748,-0.033721023120832513
54,0.69477467954948435,-0.16824647708651752,0.054738968650186459,-0.4726513888691295,0.083660325347039433,0.042147673524581708,-0.045908551093391647
55,0.82009098205264774,-0.12306706417662117,-0.70523264547267428,0.57648131715985107,0.063280366777275693,0.059085184406385743,0.05405895770092381
56,0.93554207735926043,0.1780650000789028,-0.25299135561394026,-0.71981981929248606,0.085273191894678607,-0.06204723680287208,-0.019753907376353699
57,1.0408830306510555,0.37725896176937046,0.33848142613927101,0.87871584876707165,-0.025867230523871299,0.024455573429794319,0.015523841982130346
58,1.1051467251445888,-0.9019934562677363,0.48827765537072776,0.68827588885349877,-0.051052464882623744,0.02123945217801923,-0.083235753392310402
59,0.713708713292595,-0.33901998593641469,-0.60378791557500699,-0.33988221608425073,-0.082560323174648301,0.075297871396086069,-0.097518129187452271
60,0.60687629639667195,0.44836802423963551,-0.20965232506461473,-0.63384632757931691,-0.096059505399040651,-0.071314441010961474,0.042839789071878881
61,0.94264642021200507,-0.32729021908502642,0.090138232095529291,-0.11799485734246318,-0.030278952517550778,-0.05875384768289376,0.055087544787755044
62,0.6647532382605057,0.073245383175474243,-0.95871995624754791,0.49512967526748253,-0.019311513699793073,0.032747433981922841,0.020151431345836482
63,0.63517598281448562,0.24529894844703071,0.2138486291683368,0.37385240386169105,0.020353450821715247,0.060718428757597948,-0.090190031984198504
64,0.60547973083746343,-0.94562771195992434,0.85182231768750927,-0.32181826712203354,0.02470712001261173,-0.077479491068914053,-0.021228398441188956
65,0.94927201488088864,0.45469633224415928,-0.83499588241868028,0.016182680679978079,-0.069784825136391643,0.010225866950056228,0.014854838940921322
66,1.2805164247148788,-0.96139271685335692,-0.62038113696475627,0.46799672535360637,0.0098227355589291798,-0.063122332140019569,-0.096448284372743096
67,1.1301465043590033,-0.85947990250101713,0.17938116130742632,0.24618566742501868,0.051682950328388183,0.080308093411161324,-0.0004262641815687418
68,0.66071269581443726,-0.33937929802834144,-0.15540214624123561,-0.26033752037981372,-0.036090599643450655,0.024228028216642564,-0.067051502300271529
69,0.63860732382146845,-0.28539341091233683,-0.17077250915929731,-0.20627035172197927,-0.096138697502201151,-0.054829663426239322,0.012766263520337912
70,0.96419702340324942,0.054777801323827147,0.1134260418480455,0.87816699533698395,0.073723525276261942,0.05322305025284732,-0.026616342086147535
71,1.0084534430572503,-0.95023031408890657,-0.9991902581832921,-0.27589728500574195,-0.095748385439199904,0.040058486706512825,0.07907794971889287
72,0.57346077008068985,0.65178114857160474,0.01301729811568042,-0.96337370229972774,0.04354806752320578,-0.0031674524308841906,-0.089082029324133144
73,0.93357956376274498,0.64461397236573936,0.18811154482991288,0.98991008285196558,-0.045731967707703741,0.06910711234495126,0.034120407379689299
74,1.1710893679916488,0.37455895166015951,-0.57358900243709576,-0.29947964015415462,0.027335013915568918,0.065028356021813116,0.085045379144599281
75,1.0339433221105561,-0.68371553675769836,0.61251791232607777,0.64799604026343682,-0.027790889674399563,-0.048542005748253209,-0.087883402403863345
76,0.9087331742094823,-0.59285018829530145,-0.99212858250044444,-0.29950835678912635,-0.071056785127779645,0.0045088180599275052,-0.020745739075515426
77,1.3747343130275256,-0.27257909105859679,-0.81472217121035007,-0.31774955326549459,0.085848127797756357,-0.072409016440370594,0.035667833516187519
78,0.63874154718016429,0.9540697343409541,-0.50526104434309449,-0.51594572858987342,0.022567192543905129,0.062668370237968396,0.074502462381829337
79,1.1832978207395932,-0.24965867639814276,0.18870541120169526,0.73915787721235637,-0.087490322593737707,0.088161103633464188,0.0114501943490221
80,1.0264168629094694,-0.40151599758903767,0.40628002749130232,-0.07620948861064436,-0.0034697700466328474,0.0015417606813498547,0.014177567634823363
81,0.67297634911635384,-0.099293627550529839,-0.51346645466933571,-0.27537500688319572,-0.047976303517582114,0.024854717585826094,0.0083473767686233769
82,0.55953244909459043,0.80351333100472,0.87456699742235466,0.3467796458245429,0.056143169673397164,-0.032930093671801178,-0.055878519457996427
83,1.020544263426471,0.76441934015632618,0.86708692559737233,-0.13287453354703294,-0.090571173769235541,-0.05413872312447017,0.0042126264303079947
84,0.97718453409381245,0.28015445179663989,-0.65364847341861343,0.6321671030724807,-0.052166093395259551,-0.02306562416881526,-0.034898348264111242
85,0.55710482996362443,-0.010408603130658278,-0.0085714420059013197,-0.45893550870083932,0.043649171453887636,0.049249607585583,-0.0084245267021774844
86,1.436262026802418,0.46223182307206279,0.32797253570331986,0.31416155009382218,-0.080990503479593759,-0.058209030797436223,-0.0027589251505097251
87,1.3870597037608068,-0.66336497227216795,0.30510210153625517,0.42247028120798413,0.036901100470523002,-0.095405058765879125,-0.064880441479096801
88,0.66646009221529057,0.5855420768274664,-0.43272824386067676,-0.35769456046943948,0.032283456909393327,-0.011715236577329605,0.099238498611859044
89,0.75843277584549251,-0.79983728274758814,0.34684935982247866,0.13893902274652414,0.0077600946237390139,-0.046807475288276584,0.069335363353024482
90,0.78796091365495757,-0.30797381321619466,-0.5738875316628067,0.50693880458225204,0.060135638187082147,0.089111788352012,0.050605738371613473
91,0.59659750850460458,0.12944151088041167,0.3496015925717908,0.069675727438820667,-0.057354749422858724,0.041647758130682333,0.067455844532887638
92,0.67390615631524386,-0.39375394965859845,-0.83642927854370219,0.60951711828624044,0.09836737560540626,0.048598094005560893,-0.039566253902036476
93,0.78246988042129972,0.79760770093406586,-0.11813812695043491,0.48670735704787149,-0.06499950381943323,-0.086208749098532225,0.072372413656732942
94,0.58157611984650703,-0.90808772337701904,0.62842948205516125,0.80005872724870897,0.056588397187055384,0.014309395762502744,-0.049833344790950522
95,0.81106098842170871,0.17129505390377986,0.56403133650919135,-0.8100749812676189,0.019032478663862332,0.098625509526344163,0.017176149075211838
96,1.2896860383617521,-0.019928313704727696,0.61122883225224856,0.016170065402399514,-0.046694440258742587,-0.085723117891359848,-0.095980930890532279
97,1.4070543703597693,-0.62343008995363935,0.62012953365414836,0.49485545236785211,0.011127738558295158,0.066934738502280489,0.084145541145611708
98,0.96996199365578617,-0.27105822280812575,0.14838211861443895,-0.86455284232310481,-0.078208547848547638,-0.085608879000165408,-0.075653745747268492
99,1.0682018390039127,-0.69928023110724857,0.78191452372740788,0.66856602804384146,0.00064970454966162272,0.042191077261200582,-0.09760224891449687
100,0.50948478360163363,0.33212919790620687,-0.70117850993221342,0.81887762390066832,0.044069922783212173,-0.045261615668750955,0.067074658518267632
101,0.55496245522423648,-0.48098223067818968,0.46256110399717532,-0.27432494543631214,0.080650602305374908,0.096945412428305094,-0.02368637385200438
102,0.75367283515813621,-0.036188345316978454,-0.084089517045648599,0.68608341673719209,-0.054780367112071682,0.0040659560015807034,-0.063426034867600234
103,0.50546247666348099,-0.14506084689222498,-0.56559643036170382,0.029864284650012118,0.037493704451569465,0.091057150810115201,0.095065232623196522
104,0.87539740049802273,-0.19004616707440691,0.33499055819852974,-0.45197628953644076,0.0036215892555438167,-0.0041696988314156441,-0.0075220211064002535
105,1.376315166176121,0.021488289464344223,0.60282760316417749,0.98951188818955194,0.061887060618536244,-0.003933394204880189,-0.02786252071409083
106,1.3654007800060493,0.26901464963527677,-0.91051349875054188,0.0073053875361070997,0.044926316587919846,0.062815495972996627,-0.068804027878008836
107,1.0403896840539497,-0.083164346905625575,0.79247362237517383,0.81830968644390434,0.087659736207997302,0.026599775070261372,0.082976231707939524
108,0.97853717002006335,0.71642218383318612,-0.3769603132015602,0.19932752762444839,0.072505522433436581,0.026047328337524822,-0.082870474163229554
109,0.61481022967326815,0.66215520663110494,-0.13859541980258405,-0.061800441870317302,-0.056390223267653194,0.023643457658405337,-0.01019840041781532
110,1.4635368224595415,-0.78450594395714424,0.82151574576901565,0.59606138357426786,0.0035386227060538039,0.042787997358542273,0.020080053322400038
111,1.3241634287870272,-0.43028532502988326,-0.57701636207686113,0.65936977082842652,-0.046523919492590965,0.054042409266783165,-0.089633585511178157
112,0.91070518510855136,0.017930493551049809,-0.15408070910370419,0.33978468788881289,-0.051797177738482296,-0.014029594394367795,-0.0030920355635402352
113,1.2849361170956515,0.66296360701704105,-0.083457588853846687,0.40790421609926453,0.054157111024928484,-0.0080062056198274972,0.0021820035785515418
114,1.330829121701433,0.59847109023000833,-0.13430628138643574,-0.44109168831881473,0.098557924644539913,-0.049983774653465575,0.0043003536271874337
115,0.91244675981486789,-0.027308328652336789,0.49141640143474397,0.95445094147915976,0.022244380454029988,-0.042947584115705699,-0.023685181193008692
116,0.75449061363825509,0.96843170922484201,-0.088009795805722213,-0.041905548893582223,0.0061163298014907247,-0.024089861038181032,-0.06538539365799742
117,0.64438335519910739,0.89717149975840615,0.96592316320829252,-0.83568105019480421,-0.019500758258120962,0.089560071099218042,0.00784710206801216
118,0.78266625057573536,-0.79271714788120384,-0.73549520519322953,0.025598878900514155,-0.046240690758895968,-0.094264718531949829,0.053423138656654351
119,1.2244530338339974,-0.85469728709389381,0.38020942450843909,-0.88635522002317346,0.098131248794564446,-0.086131588546195167,-0.06117631779954387
120,0.75522460336130681,-0.96239330809271828,0.83189794721013088,-0.056058196622975842,0.09769387121131265,-0.063384463640236824,0.068327490197562513
121,0.95031995062952102,0.54993066093680532,-0.6491454882740495,-0.47705702857791743,-0.0094282044241135871,0.095700060857267982,-0.027359772589828163
122,0.89177547237356836,-0.0031143814843284101,0.84569243486975409,-0.37749408266480122,-0.033735983769615646,-0.021052686036320351,0.044231819934555078
123,0.8080447768325929,0.19328999197111174,-0.44172956856500045,0.074602763188770238,-0.006259957436922009,0.012247659917704795,-0.068326628287066773
124,1.4476349786002971,0.47769495868726408,-0.78361624399375929,-0.66272243487165761,0.051741125255454573,0.097675378322011702,0.0039539599091777539
125,1.125291435576671,-0.90731690103462981,-0.13640094969653571,-0.64157109432153869,0.055893771475645088,-0.065384328392930874,-0.027002095565008724
126,0.97472528695388849,0.27740381681559922,0.070442018879421031,-0.39956802915804079,0.022408311835011352,0.016698480106336969,0.030060915636998031
127,0.57658016075697271,0.015394982741945951,-0.49379043884789486,-0.70634122650724551,-0.0088446244472225183,0.001696210281368099,0.023622174083384559
128,0.58490249936244343,-0.32485929973467331,0.20620182400485021,-0.8617177459892662,-0.094610185086563894,0.077224157638120128,0.087941886115648321
129,1.0084058030232574,0.085204375909467167,-0.94188887817990263,0.79236203237479952,-0.046977160059751527,-0.0070785213397751845,-0.066281144705880604
130,0.77773200251492758,-0.11907530777489606,0.27231921568542838,0.21413235005283604,0.093036725458515962,0.034070482790954454,0.086396766050830853
131,1.3748681807294414,-0.4072758777030594,-0.23404564214876933,0.56707626532919919,-0.065973255238594278,0.040279832035876484,0.039780691660372292
132,1.3277183948318723,-0.81329887374882803,0.92899866463158154,0.96083808015107186,-0.0091092565883617443,0.059820448484748323,0.008571436808807828
133,1.4560424600568007,-0.18476831262984605,-0.69744281918483364,-0.316862652370139,0.023678075285336789,0.092387734946771299,0.048561303616978968
134,1.0718783230492865,0.22039633993931651,-0.029684359602463628,-0.62849774522145485,-0.010327785554425969,0.063396933958499102,-0.033514359990758247
135,1.2076901481245861,-0.90284236216714664,0.059412788737675637,0.73059760868585899,-0.090404240862577284,-0.097672795619219183,-0.010302779819306607
136,1.4577329690823466,-0.98499739333680392,-0.60663532741127169,0.034331879692782952,0.017639917829771742,-0.04546130907209589,0.0619894202583052
137,0.60677488312219885,-0.9276538928842093,0.89376110968423195,0.73669329971585773,0.036990042462957284,-0.031631942392635892,-0.050110960865967294
138,1.3955255260163328,0.46829930074203463,0.65216315337953668,-0.099985041768958283,0.067509973863799894,0.096313979373639919,-0.043512610006428989
139,1.4120287742148334,0.5738697566158184,0.062007673639293603,-0.044221044525504682,-0.092935091514171259,-0.051081683680253946,0.046905132833520907
140,1.0707862120511362,0.93171904441962194,0.3295601619295081,0.90702789324186806,-0.022510049471777482,-0.05000293326259804,0.086658374873685412
141,1.0700225025715666,0.45028079356504169,0.91755218151844886,0.88850747892179283,-0.088763165627795501,0.00031396920876917978,-0.015466623471993207
142,0.56539701237964968,-0.36837598195750942,-0.29822468119262635,-0.60917276649243068,-0.045892596741685512,-0.040197621375220031,-0.064354892079582629
143,1.2061139602095963,-0.40312089719933519,0.17308041168622279,-0.058341979258655696,0.022306608306773001,-0.089176239602169319,-0.059909439070606023
144,0.82566685276645946,-0.24531085515798434,0.023245710617723736,0.56085666307675841,-0.052086937716151561,-0.086896873387978246,-0.027179217325995528
145,1.0566956203305242,0.49639293586090938,0.83595096141455172,0.77951309544077407,-0.039414249447812424,-0.023625215699463825,-0.044585835137755096
146,0.74149881148207897,-0.0045875100608396835,-0.43858913048565817,-0.39049391293220714,0.023835271563717564,0.024543676363621453,0.040221970213764113
147,1.1062945378794222,0.77258317628618012,0.058224463672148508,0.75539839041629797,-0.032100669709639984,0.081790755591153758,-0.038863081617384609
148,1.447021532950447,-0.084545804578026962,-0.27591891450351347,0.19647640433950886,-0.047320365498647043,-0.08286250970241707,-0.0056374111838409374
149,1.4266233587083703,-0.92840752066218157,-0.50708889835231186,-0.30194127701087559,-0.040059319280024153,0.051266756459018986,0.01851749344861231
150,1.2748440395443739,-0.60994246457754842,0.8267153146383639,-0.22627097896838788,0.0090832511135464922,0.079771456947098085,0.046750877439561439
151,0.50340495214063063,0.11604468618220887,0.062323266463229832,0.15608660841529032,-0.009122199994031438,-0.010211905205501276,0.032878913543611277
152,1.1340923362120525,-0.21639183117740335,-0.0074271922703783577,-0.85924158350227176,-0.01772503252329953,-0.076661336526680793,0.097704699558198937
153,1.2121368667883519,-0.017096385860183139,-0.16071172848730986,-0.42235115195842887,-0.024496847699439939,-0.070830239839230785,0.034376313404912762
154,1.3920527281366417,0.65699116994565832,0.70968929481110377,0.77002827262504758,0.093891159838819599,0.093742975596391692,-0.042445542714394852
155,0.67070050872184273,0.59023646925830797,-0.66839891320284051,0.10964927498707966,-0.028783846845009009,0.045279441240356849,0.014111467117187318
156,1.0314327328905977,0.62299049795895844,-0.49107865823942376,-0.69380695725209574,-0.047878122257791048,-0.038987694195111236,-0.01421653524074748
157,0.9397970465353791,-0.88297330998972834,0.096448829955205762,0.26850259927864961,0.024440094899740347,-0.020510494767046875,-0.0048552136570657323
158,0.95707246011863456,-0.18232601680499672,-0.11058459866528114,-0.15032221898768383,0.023009375443143812,-0.041910976505605269,0.0312092114547948
159,0.68698428705308623,0.91589522529335277,-0.52239910877207962,-0.040261922943847894,0.0033960325761249327,0.046514424524038644,-0.097013810122906774
160,1.2403313365100934,0.027487290064609482,-0.93639217226533122,0.6328981600468544,-0.076334525785374654,-0.073916415763736268,-0.015474351039931639
161,0.50412692706137496,-0.80389486041984903,0.13202590519792712,-0.85159883578727391,-0.079404977825372536,0.060052632259892519,-0.068215503047172887
162,0.7489490772025259,0.050931386925563871,-0.73579561207695421,0.45712948191561131,-0.074173814183552289,-0.066588321831947073,-0.053298853386586777
163,1.3747642270631166,-0.12878793131331134,0.32598919756746447,-0.90337038684824877,-0.052488395792747292,0.057254042566726393,-0.057323098729389968
164,1.0920427423633492,-0.50220823910171775,-0.76934825632828363,0.42998717829663691,-0.063045354774703494,-0.089768679865319112,-0.020239628578024499
165,0.99020175601933957,-0.57327418478353032,0.65224135662678218,0.31973724783855695,-0.047657900816278236,-0.010182842716663615,0.098166908252541624
166,1.1201003919678398,-0.69552261889821487,0.85375835364922792,-0.33452980026843826,-0.024709972855898016,0.040951550614822974,-0.041092181909824201
167,1.0502143755878772,0.28953510887718115,-0.63601256505317738,0.31112885183624717,-0.046175861420226651,-0.052261034338156612,0.085058569198489614
168,1.4923403676645379,-0.38764451375756526,-0.71972165880981809,0.57964660011142244,-0.065917057334167029,-0.065892315553912034,0.019474230341483836
169,0.7696141426596278,-0.81039187584948613,-0.30578531601994841,-0.32850200472358226,0.00046334841234751956,-0.037417139523533746,-0.056357602922654508
170,0.92233009064506177,0.97823139581994423,0.29793911443455268,0.017791938275352859,0.025948315412245709,0.045773786500831692,0.043764138186607765
171,1.0362950519772236,-0.68953514734271293,0.49826960390782005,-0.5622400578851825,-0.038483110867705173,0.057287836753289384,0.016336159881790963
172,0.85402128578992464,-0.62349616628921067,0.9599520087628477,-0.070151916691593152,-0.088206905098623445,-0.016286690758689645,-0.0092439111503847815
173,0.97717403306214801,0.44119017614433798,-0.19946285675436548,0.74630699703788994,0.040655256854408545,-0.00026581169875976307,0.0032319886324132241
174,1.0047869564361931,0.49492189623144101,-0.022201656197768926,-0.24867943688832295,-0.069761179831065737,0.02717270710914535,-0.058920387541402233
175,0.67469440560693061,0.7096999971772302,-0.95181823527143083,-0.82099304547417318,-0.08459128768624638,0.020385859153493974,-0.099258786708512847
176,0.91330124703419768,0.40312895582562369,0.73283560085884925,-0.86967886765773916,0.068715617654539485,0.085011537082490402,0.098275408711339662
177,0.54363447186728486,-0.092947485835640942,-0.51930964148559333,-0.32399033425126089,-0.01995398703335946,0.042007688731865861,0.081312434151113777
178,1.1704496855436326,0.16165527197919305,-0.27361224624641434,-0.8651610097646254,-0.050706993536746819,-0.024958146810947837,-0.019476537024777543
179,0.90141210286820339,0.29550885296211638,0.72123674049713293,0.41762228171762938,0.018702970784234024,0.016290868027643374,0.072232690915726372
180,0.8880889855737728,0.057500751127366412,-0.38878108515543386,-0.49529653537817331,-0.016173865925095204,0.045825782621311928,-0.062519574368724684
181,1.341128227113225,0.12340350768378072,-0.94320977063677391,-0.18749769904347602,0.040709262296420745,0.099428978489702169,-0.020519158992007652
182,1.2917159122192512,0.96971389912620998,0.46005242572857208,0.17198774757574009,-0.0745880252189106,0.064936812296594842,-0.088922511873461452
183,1.1096670185679574,-0.6006279349960062,-0.37882480483863401,0.55360831142359146,-0.049336834888163185,0.021250150978255361,-0.024327873812889075
184,0.907825760517464,0.0032444603424486296,-0.96906162157791687,0.072658814013721873,0.043940570904057785,-0.047203969253278168,-0.051302345045015144
185,1.0235180641399515,0.74980582779390303,0.11784104914376403,-0.70732835582660081,0.017541551532331306,0.020552222693338604,0.089682368431332982
186,1.2970564923030397,-0.29382570324710811,-0.022517392289874039,0.65219912664092616,0.07127604454207323,-0.063827917918191424,-0.043997219316342089
187,1.2269450817561989,0.73145500663729091,0.43543081735313516,0.25627570715157777,0.017338553162662085,-0.00284204287544218,0.030619148947629987
188,0.91322364872613471,-0.14344395235789253,0.30920651711961766,0.86353908763245157,-0.059045656797894086,-0.025653145916714262,-0.072557972130230408
189,1.1091583459895538,0.33496685958833727,0.50559788304683129,0.764948229787624,-0.02872665515237742,-0.057608550695273,0.030245941045473484
190,0.96779479558275583,-0.75974762219184999,-0.69002359256777446,-0.1930188376928148,0.031286585071487932,-0.037298179744930868,0.090682704579496315
191,1.2164116510172471,0.59695816784600675,0.19853263460161585,-0.56391408156764022,0.0011260086580278522,0.043519578738854842,0.094345691623274525
192,0.74168229516735273,-0.29020090249702757,-0.30534492413186931,-0.41537863942720765,0.051495273519526402,0.084745722654658129,-0.01307766848847039
193,1.4952104742603383,-0.24510353789062411,-0.082292707082310956,0.39244084797611789,0.066448762564151304,-0.010486811410446092,-0.026935159096349068
194,0.62813820091005157,-0.3039547755717471,0.83423985649489674,0.2241904766715821,-0.031715481755209884,-0.014247917822363898,0.038903836169218053
195,1.4421034530848473,0.27145612583618628,-0.34826298785708465,0.039604639353030491,-0.057355448421335359,-0.072970365742970611,0.011313463622887182
196,0.97960160229762339,-0.36831811359132982,0.75299511279971165,-0.35960386919591358,-0.016415952705135822,-0.044694628335556486,-0.066573965614909775
197,1.4789302192266716,0.88251492728477077,-0.59174640305438553,0.53511602109139034,-0.086071616197795492,-0.039329518918805567,-0.076568861263364471
198,0.77178344373971375,0.73928459670383595,-0.11597079729906157,0.6746048024777902,0.023748542193064354,-0.052334431535423435,-0.063896752222283582
199,0.58619473236036423,-0.31490889191786087,0.4144996590106147,-0.62434599144702152,-0.058601620520689207,0.0087429890697644508,-0.074698182069490637
200,0.57825436476416148,-0.55215905911910257,-0.3015419239553534,0.6322683165488614,0.090098950887390866,-0.03728875310588646,0.071202051120913878
201,0.81244118239720531,-0.90578689982823635,0.37241003124697292,-0.40171858374443636,0.059348732349856853,0.053466263598457381,-0.048033777688223728
202,1.0934830003613065,-0.41782926963286871,0.49094996049893669,0.26653434540310261,-0.070845701158450014,-0.041371419425234861,0.011480864479635033
203,1.2300545939521932,-0.055607225541498773,0.24270500530157135,-0.61797198606307013,0.061601599969226456,0.0010558324211767112,0.042022757460603771
204,0.81489379312548982,0.97449375276879047,-0.69921428183746648,-0.88390129932501083,0.043984542899223572,0.085446155987003752,0.076606655077102487
205,0.64706243639010641,0.21686832793425603,-0.010872296745359167,0.55391524933729031,-0.094234225891173098,-0.089502486756036115,-0.099169398238166576
206,0.82132478999577785,0.7362223374721808,-0.94344385727659041,-0.65634686046831159,-0.0066999616829313269,0.09459863122034301,-0.021675583800349035
207,0.66115687373712395,0.57947695763674489,-0.68218869850993591,-0.14577979728884372,-0.054377938450187104,-0.0017219748530396817,0.0049748901800954065
208,0.81189081417408981,0.23097788823744114,-0.12272963346500743,-0.17207651009176206,-0.079207671807609889,-0.010174652191426908,-0.099227369040324503
209,0.5803851675379853,0.39284630350763949,0.11528669125006585,-0.10217274997589887,0.056778358331998957,0.088678742626512624,-0.031245872181670215
210,1.4362989177625303,-0.15969270438397221,0.95215951778339991,0.27478774743330758,0.021952875476510675,-0.085000019738719901,0.05731780599825953
211,0.55507299116832387,0.19136554446935738,0.47398964439689051,-0.40430626189741226,-0.031832316742865241,-0.048921393036424426,0.07142193872089217
212,1.028714197323978,-0.28004495517984451,0.27399984772782982,0.34812046879679559,0.054215566414555161,-0.084557945615514982,-0.055431439043323018
213,0.95512788458940912,-0.606457320640992,0.84766924602430382,0.15802065188947689,-0.01275384668196386,-0.07967471436464163,0.078710774697759972
214,0.79870788813817439,0.58469368917877662,-0.086301321883291537,0.025134521836338797,0.08467934804373628,-0.067258974155238543,-0.033297909233443251
215,1.4150154303813558,-0.68259882609081801,-0.68880852648650337,-0.21398150741525446,-0.02058945916331674,-0.037749928420599127,-0.098521695681921623
216,0.89882531120536047,0.10993118500038723,0.6832746391747424,0.98220241106052653,-0.050617920870054151,0.080337772904821386,-0.034612242901555471
217,0.51620979201537454,-0.47069423764903329,-0.57695625153945862,0.59026516665162254,0.050400205602796899,0.014308631942107256,0.06997652866920781
218,1.0486954771836905,0.23240885301462821,0.73291366275864789,-0.96673627719170163,-0.022741185671087766,0.014613402462199415,0.0082086899314633699
219,0.66558013679633066,-0.0054901801183431242,0.44626989198397826,-0.63768647823383806,-0.046778530974997935,0.059798228698471123,0.033282579585788008
220,1.0125073859167317,-0.69755102956106052,0.54375047176117763,-0.83294271193804925,-0.085406063316786712,0.072135141058333963,-0.05659125868982276
221,1.1461216066251196,-0.54249817070757889,-0.68285181503019499,-0.2375973407233507,0.044747839260363576,0.037167236325293257,0.067253362583417214
222,1.0557452938128611,-0.037149641632104879,-0.68778483040550276,0.67547143008976485,-0.080222736503914968,-0.028928694114140382,0.022191503627466982
223,1.1861999475302816,0.22130350676798427,0.91090737940892641,-0.58476749429303165,-0.058180456414686589,0.050010415838464994,-0.054225102816178518
224,1.0958904585694307,-0.25932565057994927,0.11709019632526085,-0.71035608640705084,0.014033475035417492,0.051746837975758936,0.024085944036831175
225,0.72799198475947513,-0.15624341603733916,-0.73545233303280089,0.95134425840744563,-0.079873943195185287,-0.052026066965989437,0.084910711445409903
226,0.97659390683695024,0.45497548687949863,0.69005707217747303,0.86221089050954336,0.054514767135350861,0.0029728155278128388,-0.034029699368726893
227,1.1991933850115333,0.26742532502399197,-0.0099743490058383788,0.81413902194540966,0.03328468311412508,0.0090924201740272548,0.079313559667353511
228,1.1958407772181463,0.23914243264330226,-0.53973451249024063,0.48623445848748359,-0.063370685266452648,0.061028022752758537,0.0049878832346891971
229,0.95018681302212893,-0.10098904799245934,-0.50896533583506764,-0.25432281156873837,0.029375250376878964,0.056028445001755051,0.00098891623666616524
230,1.3038330946478931,-0.42020009644250211,-0.57649486094865177,0.35895294547416823,0.034449228027242457,-0.016189627807315435,0.020286583656211832
231,0.65538330241334053,-0.72745183263010516,0.95838116474769319,-0.77063626990974954,-0.094546809249414901,-0.043351758092991299,0.014649994917442483
232,0.77571681452264685,-0.48413064192494359,0.64418427734951478,-0.71281721464621639,0.050701039647590179,0.0024427025664716107,0.053762394238499461
233,0.86923802109817605,0.82688761297704438,-0.015121894901425126,0.899090936928155,-0.038682004210698763,0.026166745515927181,0.087997503585007103
234,1.1164753161492205,0.37989041554020098,-0.031228856533274563,-0.13258028304589575,-0.038536559319925813,0.013548384941464015,0.0035174083203119155
235,1.2366922959352631,0.44186299015916619,-0.25464033459006452,0.68442721950143159,-0.027873640165833422,0.079771594607311619,0.05967343820281501
236,0.82429022740605773,0.44495898389672672,0.018840268299048502,-0.17138763917872857,-0.026974963589795259,-0.093431063393927288,0.084956028551718882
237,1.1482103989738608,-0.049644426071426828,-0.91689211719324049,0.80797653698612648,0.088598605601125785,0.050319736443096674,-0.042982507497345182
238,0.72377946380963765,-0.61000197444279314,0.67576259550898943,-0.85535380343593403,-0.0844248848107996,-0.022952973306812702,0.019321364628148444
239,1.2932663059567189,-0.05036720054918753,-0.30395726602467632,-0.33345088497050845,-0.080748802459553071,0.042075847821780143,-0.051996891374623558
240,0.84559511929833719,0.38986122772323162,0.74523163808220505,-0.4827350886181041,-0.0056012578955606518,-0.056795588437911909,-0.0074916968065509293
241,1.3382176993297707,0.78514959347840518,-0.66219524430029297,-0.69759960487185735,-0.0093224650272235171,0.063196870341740763,0.078099920204081824
242,1.2920216673567517,0.44052429547055372,-0.032612100220411389,-0.10611826602939578,0.069568976111003544,0.011551539518243351,-0.022616782053115375
243,0.80864349402992219,-0.54964500370417779,0.58745271505952101,-0.86728250939959417,0.097857757785332178,0.015225687605977672,0.094624399310863722
244,0.76472712422408295,-0.67084417863823331,0.20220163384874046,-0.41323851169083303,0.0063978839011935573,-0.043054916913300545,0.079414385058601766
245,1.4878044982437966,-0.13023144889912475,0.31462220187438406,-0.64880152024227478,-0.08516436451728214,0.0036021937206133919,0.098354989205924226
246,1.3091922134984566,-0.63822927822949449,0.38394911581869806,-0.42820311653683318,0.058138862688443482,0.04748455748051994,0.073838097709530787
247,1.2417145427321903,-0.98469320323321763,0.3306919165330704,0.91523368126503857,0.048354443334048147,0.02466296462018551,0.0020676204987802455
248,0.53379575470797125,-0.21967448919200638,-0.70521788333349411,-0.44606713929494268,-0.041462932677288913,-0.096544555154166406,-0.090007850225132469
249,1.0023505327501869,-0.94191484606258369,0.47278262407369342,-0.6589603711916856,-0.029283722946433541,-0.064981367918005989,0.046770572939126231
250,1.1766407841465969,0.30061443100925489,-0.52950030005900661,0.096945180350006099,-0.02424588011812559,0.0185039321366222,-0.0095459690089513966
251,1.1686513126021496,-0.74226466165057015,-0.70674045854284895,0.94457680604503969,0.054991973136123168,-0.080078689557992577,0.0085937080418088119
252,1.4927458414572516,-0.6705687384147232,0.21485477074398229,0.29125148481193053,-0.059501425613294391,0.08393579962679118,-0.080096525547493969
253,1.4276696931904231,-0.86134625799570319,0.78261252203857667,-0.33528425271138662,-0.021924009663404312,0.064406691214454109,-0.014862501943039702
254,0.62186120371450893,0.4139970687880774,0.087722720045271707,0.38439782619784535,-0.097224760029769153,0.09360366308489762,-0.061832467419292159
255,0.72676908631458104,0.082420206085297876,0.80182193825358894,0.35168693446768606,-0.042999221748567143,0.040435049440547904,0.049665587650406268
256,1.2458318366366987,-0.084814713120743734,0.067457214702874468,-0.45782039775476879,-0.037214702438174665,-0.085313749574198267,0.08142364041139788
257,1.1746032856026343,0.55721661932888611,-0.00057803151748903048,-0.1456938245610202,0.089563431404443616,0.051175570847060509,0.0055975682092806317
258,1.1573347846049988,-0.79076314109009904,-0.29207727960464802,0.73882937562458761,-0.03973202124315256,0.092338053651633112,0.051157811380630747
259,0.96130488389400814,-0.34574323637904558,-0.54477079557886743,0.68075112096379398,-0.026812732163889422,0.094598710914576056,-0.019599636783362601
260,1.2429320189329263,-0.5902194871040527,0.45117069575935487,0.90767996811900287,-0.046010694823629544,-0.054953722372893178,-0.013368045071912027
261,1.4140589810782496,-0.36043143819928902,0.34999225579606907,0.29986198249503437,0.090886902784310858,0.036734607426112176,0.025512454440667021
262,0.73838276685418713,0.046827743754581652,-0.064924807329896472,0.52866550882795993,0.033255952803825845,-0.032449776586431583,0.096688083879913317
263,0.5291830240793518,0.52043775775105949,-0.62431689500664023,0.65419374436728051,-0.021933475909233585,-0.073137679015696705,0.033333326508530159
264,0.7639807596916306,0.26169573256538214,-0.50439237032133044,0.29459376618036148,-0.0074558685812793069,0.001769112860791483,0.058303697926899489
265,0.60177921958146374,-0.50303402119653162,-0.3621521529266416,0.047823334186341659,-0.081585754971485569,-0.014130090167848386,0.044330341363673892
266,0.94747088585719574,0.19811020577706806,-0.065063812596145798,0.042591186413801774,0.032538103789128359,-0.071425716609267845,-0.05258274465294064
267,1.4673173093881675,-0.5175470731444527,0.0057031276600032488,0.030897476699618398,-0.023818375690961943,-0.011427623052921027,0.09061718481445416
268,1.0752204868089406,-0.43371736083162427,-0.033622983355514835,-0.96168897140939347,0.048928647318031093,-0.019971365678547584,-0.025351506698445103
269,1.3269828888086992,0.24747500041280857,-0.86187822923635493,0.99458666058397682,0.037531292520298687,0.095448981610128464,-0.010402897755684454
270,0.88639048584252456,-0.31723670463550335,-0.57615192416878314,-0.20105983333923994,-0.088292975335667878,-0.045386249986100524,0.018287363975103221
271,1.4351252127577332,0.67116996001913165,0.73211069687327535,0.72148929659487893,-0.024928233705087316,-0.098061831324031887,0.075309159877427478
272,0.65000770204366476,0.33548655285765028,0.47180560089852497,0.70920340298451778,0.042986235027923064,-0.043436640161615574,-0.0050116331617676702
273,1.4359830865884902,0.1172434555262456,0.34093253313764715,-0.84574687241113189,-0.050237882384147038,-0.054476483548893409,-0.052517478793865063
274,0.87260119884776854,-0.27442443243922443,-0.74241212623378416,-0.015213387075001528,0.035504119412819751,0.055739409703845,0.024145927212784857
275,0.9816188814581438,-0.66572944882552676,-0.77871664677854202,0.14069358122458797,0.056049794987890228,-0.040369241007652268,0.069226920275322679
276,0.82017228365518335,0.26660396399170061,0.55192247144781015,0.13839686860193989,0.056315474816292038,0.070448894857536887,-0.053302541146847876
277,1.1097165692732114,-0.32255590865093908,-0.95355013810285172,-0.071407852273756456,0.040177044515701532,0.010280020380886268,-0.047340474148726601
278,1.1851982660851026,0.76142729261299658,0.14390055029384285,-0.12532695860726606,-0.083607410305162666,-0.053634147302093704,0.0065965637343905065
279,1.2772876824755963,0.94770587896186265,-0.35070835366448416,-0.48225342002148719,0.019687807686856768,0.048284864811749678,0.018181524790590292
280,0.7254428066498525,0.98966046543182529,0.84037236793200742,0.59323978878026939,0.05129162199423884,-0.086855296359972342,-0.092787997804246472
281,1.0035993498285758,0.80334891376635387,0.13393756134332913,0.60523302369760512,0.009006112295161614,0.039224794354131787,0.064803871513320427
282,0.9177493487991053,0.28146739225776551,0.6837589076062025,-0.72599630000826121,0.033483257357500823,-0.051951458323864053,-0.025004843917714584
283,0.97115549656035705,-0.9410064048935598,-0.22634668610444653,0.38260237642729011,-0.093260764406300545,0.078542617777423634,-0.017819161938299646
284,1.0516868468587117,-0.91751735222593189,-0.70149059756704091,0.47666389165963419,0.068699490620421771,-0.021794331783561091,-0.00027626689454920972
285,1.3388572651104398,0.64830301949858593,-0.94561273924408296,-0.48917948462544558,-0.056130037216327124,-0.0014460142099808337,-0.00081522206054071567
286,1.0212237440129988,0.47698548568487165,-0.5237871539234451,-0.57850709600521499,-0.093746899295357178,0.064846534614693585,-0.086044176449063578
287,1.2852363322151232,-0.79133166298554181,-0.74649155245805221,0.66386284944648311,-0.010588862404185287,0.065933028852483949,0.03817660584037702
288,0.80704071440213343,-0.20984236816579682,-0.1214727988314781,-0.55316589920780523,-0.017490483736310569,-0.083538021579728783,-0.086923046181699312
289,1.2192528223768764,-0.86545883588228034,-0.175981276017666,-0.18638744567977783,0.017964058267984639,-0.089548144012661451,0.015159326100447901
290,0.80596799128628327,-0.81098002472980402,-0.15037292325546958,0.3814232929520498,-0.081205624516668407,0.076455876955282137,-0.039633325163628212
291,1.0056374141688873,-0.19649160291453382,-0.86397848619101425,-0.25632565733787605,0.015434825654351475,0.039142797499006732,-0.098599493289639115
292,0.76086640210097001,0.44212918542500157,0.12058793507091314,-0.25566270036657612,-0.096091915352789714,-0.012197735763117556,-0.072689759019307632
293,1.2983750808697998,-0.48860020648859526,0.29646509408163668,0.98131193082661938,-0.072531840300138983,0.086159068917853188,0.050229700310345043
294,1.0178116271455251,-0.45211199840763272,-0.24613321558154122,0.68321629777733106,0.012577233939260829,-0.049169367306002257,-0.011252055246853312
295,0.57017210071041236,-0.50613571246335187,-0.46236638551090881,0.27969074884955147,0.02987063184185107,0.047245387457287985,0.0086219595792028647
296,1.2507669977155209,0.30821309294202348,0.11306780872691502,0.87315751752093029,0.0016335764899550187,-0.032730388774323549,0.033661981764731091
297,0.9993451926764807,0.53484149563945582,-0.82407256418140618,0.69223842874467412,0.046160601477584662,-0.069555723280345427,-0.06421396708237051
298,0.67346389843489529,-0.19094069683807602,-0.64823588465909765,0.70171173098459771,0.049514197012512418,-0.041687622424504633,-0.085448493656890001
299,0.76815922382364554,-0.2959529549176132,-0.34645501732890227,-0.75190179407633728,-0.038727795830646033,-0.093136803729963913,-0.067689403226195391
300,0.82265115914353293,-0.7110128657307313,-0.0064233164229825501,-0.34781783460980975,0.063172791927876809,-0.099213536805453362,0.047623369415099842
301,1.3124294449946219,0.73115554908425517,-0.90288621035089722,0.54949047058851042,0.024265597577125944,-0.089631314021223263,0.071176101928028201
302,0.82553550140548315,-0.88459677704062956,0.081079882262413694,0.99310406773676418,-0.066710401957849719,-0.027693624152403826,0.010687740869033055
303,1.3998663944820131,0.16975476163028302,0.87017836255553882,0.35569193040824065,-0.057703712820618348,-0.058285760935850896,-0.0013103176532635458
304,1.3148074331979749,-0.91235514109902582,-0.25095069492701794,-0.16100207203630257,-0.031274607784972111,-0.0018778478368351309,0.053793431495393368
305,1.1332009896606405,0.20843064440116987,-0.15788965935562427,0.65027716686599568,0.032140843493496496,0.097060024599468608,0.068530404074862827
306,0.59820734899507411,-0.37162099079273614,-0.44094312004907166,-0.85052132366739652,-0.093522284174900966,0.046449405396099569,0.093157668917212555
307,0.87426214341699415,0.48339440627000863,-0.83058923074089641,0.311355803953836,0.038528770030942655,0.032604691443778172,0.029346451487869268
308,1.0056192268601398,-0.37026722120362887,0.90371556696199717,0.62698047614483876,0.059894203812132812,0.027715491241216694,-0.02049170278196473
309,1.1883154117665724,0.85210097493008763,0.54068674353707102,0.67395261569269316,0.078465333869847165,-0.01763282627316487,-0.055052342372011558
310,0.87529020689652248,0.61105252212607453,-0.46058503255114824,0.23223399184678906,-0.0088082186606491392,-0.050658089269603648,-0.013261661888812365
311,0.75697326559043743,-0.87007942088015588,-0.85890439263408447,0.32124290308614589,-0.092905728267231424,0.058942619084600245,0.062170056119727174
312,1.2893899014284858,-0.70127853720893096,-0.050049806460509272,0.50274708297977555,0.072490134741881179,0.028878013523541607,0.052156735082223099
313,0.62759147379622848,-0.43472941955666844,-0.78314059162290151,0.6295264486280816,-0.020517133687680239,0.035649178987199409,-0.019820117040696236
314,0.90757579783507314,0.73527628398167733,-0.37681511827081748,0.045023625960927349,0.030522854810912825,-0.013586366201090355,0.091638295305948414
315,1.0169828455672354,0.3271317709275956,-0.74580402180204031,0.92285370192473248,-0.061753543416509959,-0.054058921479283512,0.071251216349685509
316,1.1997149530707283,-0.13734701587148535,-0.95661233479288743,0.52654945597191216,-0.049147327413889455,0.065629969535961369,0.020210011652105411
317,0.57363095648945095,-0.70126131041546236,-0.46382836370746938,0.92932837562406156,0.06085718952627775,0.014905513049197558,-0.062896192735293593
318,1.4288083919607804,0.74051521313017221,0.60294755002935307,-0.60311025932847451,0.027018621218342809,-0.07188953120222813,-0.036452712357649839
319,0.61731565901365482,-0.88822381802360795,0.48112679852479312,0.080746764331357079,0.0076766825918300058,-0.051751788767921775,-0.050392042356765802
320,0.65283182308964738,-0.98722059228283054,-0.99906161215216205,-0.72418827467199676,-0.00042930522804771054,0.00082486673008801137,0.023121413979595412
321,1.3670781392428168,0.67731272150041022,0.96510249660610925,-0.13726913728873713,0.09786269842829301,-0.036207336165296741,0.075501516218546116
322,1.3079190665079734,-0.028838105435653683,-0.31517473669933183,0.34644239978610081,-0.047301592727228142,0.057868688023427123,-0.021608749006761754
323,0.73774041528421097,0.64230482362228658,-0.90495836264534568,-0.53082118859214367,-0.046570903280680767,0.054412771767062607,0.03609124910372119
324,1.3613654018202253,0.39897675216458195,0.022164152739302168,-0.098374153076202786,0.047467193070946073,0.084493969341059877,0.046163044360068517
325,1.2719399315226294,-0.9346671739060961,-0.52928441174182383,0.028541654420768392,0.018415367525202744,0.09759042125487094,-0.094913493727682235
326,0.61096406820294513,-0.0088881328334184939,0.53008749362557972,0.68848497600594172,0.024633276176824509,0.041526812285281517,0.062445831580021371
327,0.72431399862854196,0.34391317297149127,0.99444120670030767,0.56849519593751019,-0.01497680687178618,0.03124145088592481,0.065196886784146146
328,1.1383232576950106,-0.56780774212598439,-0.096620049454113843,-0.31546773374216608,-0.057419532558431331,-0.050863116589368575,-0.0036808595675887623
329,1.0083735583958151,0.3007823453350158,0.78869954457426705,0.50488338706872038,-0.082341040590007269,-0.036884102831784074,-0.055928142070906753
330,0.82082936561159281,-0.79180685939975803,0.65840858650484479,-0.29564083706363564,-0.075943233578654762,-0.055105294489709578,-0.06243086815442165
331,0.80514741031246684,0.47055107149167785,0.20560608102144373,-0.15345054422690407,0.037156109387893321,0.077775694832774439,0.066840191006990374
332,0.91521316433518529,0.35607372867977971,-0.25399104276432505,-0.72695961500511186,-0.033725609232484868,0.010732994925820138,-0.0031579672836651029
333,0.86190494805294549,0.35872786034233872,-0.41870309221623092,-0.76054739502227586,-0.032299391099385663,0.053963829803552271,-0.0065684982624435173
334,1.1509495339236806,0.029437845887373637,0.91812924683470798,0.97612885846268527,0.053752587480921071,0.096515185238608497,0.031955088709732876
335,1.4146818251917006,0.90014757215548946,-0.93076222131164266,-0.1826398862355112,0.0046617603942580299,0.032758746673870381,0.023859165611254146
336,1.0419095081385508,-0.78737262803432029,-0.92614294065830038,0.71211606326061871,-0.00047841416283281313,-0.01216094941076247,0.021050412013546876
337,1.1823874946181618,0.11701685476411416,0.7364273293098853,0.87962834814916824,-0.018453800562697714,-0.063043431268905242,-0.052377397554448681
338,1.1781841208871944,0.97206268491902148,0.9687543029744996,-0.18796956847267565,0.096015043167829356,0.08402803711673576,-0.086839622140501407
339,1.4362383301207238,-0.46617624044563866,-0.636241395893415,-0.64702346501742802,-0.024147946317902874,-0.063343788897858827,-0.014456361711591439
340,0.85918429084397774,0.29555789319885695,0.049213531185615889,0.67467334457485229,-0.084421257614194264,0.020001315499320632,-0.092491912159202591
341,0.68869130267475864,0.75067688628369322,0.62779904200586079,-0.75564583137666319,0.037972549564083524,0.065081366681818936,0.0043997160445930633
342,0.50641400004687853,0.76069294547369259,0.86362499386737968,-0.11217819938303486,-0.052011193063240868,0.032407988998557929,0.046769080786270234
343,0.72519968972454985,0.97392277163155971,-0.2791641473026496,0.89882165331785924,0.099843859434351589,0.025867039024223215,-0.030172673715533893
344,1.4343151067834494,-0.52649934548043897,0.90375077867310072,-0.70903995395057651,0.023735343344018417,0.084456371193082663,0.09506705958508832
345,1.2047799565545025,0.53267359263124625,0.20547782988100449,0.085076412894736331,0.060162360884638971,0.059694801672712017,-0.056680274576542504
346,1.428115408938833,-0.66392357853747419,0.10953527543811381,-0.64505078299387852,-0.037912634463861887,-0.090813916367284253,-0.017117127886995889
347,1.205447689450367,-0.26932535481030895,-0.14172248711458968,-0.43488012493480577,0.0360752596804082,0.031357372602237532,0.068722098764016915
348,0.59088351262433314,0.89982801656382483,0.7282854778254102,0.91591919917059039,0.014843703724344001,-0.055807889208897947,-0.096266797829130335
349,1.4340173251826065,0.27603223877698402,-0.20862821492171202,0.54607669983876672,0.065974232834383056,-0.044889002544425252,-0.014906160091926551
350,0.64574210710260627,0.57715702459014739,-0.613238044085052,-0.89545914018137074,0.0057496662770416124,0.067775693417110067,-0.023755140135733349
351,1.072471748882414,0.87257399808991876,0.25678671147111642,-0.52369387153930091,0.055630139363894104,-0.065686725692039344,0.086544147311533287
352,1.0300609695634266,0.57203767326961108,-0.087611823480343354,-0.046334183050783295,-0.01427203588888834,0.082455141915799918,0.01666839314477031
353,1.1748885793569701,-0.41296300389989637,0.73516337670535781,-0.54497032396661016,-0.002395775320496063,-0.062039182274317574,-0.024861318983235375
354,1.3324313075982643,-0.56303327938376557,0.8704970028516843,0.48124924994247631,-0.06016944185599904,0.093649791611864125,0.058985263792285164
355,1.0706024096570739,-0.39407763245096628,0.066162923107259797,0.70052076826679288,0.06896814497097209,-0.088389351744646238,0.077733067080175328
356,0.86361796034494354,0.78170979659887196,-0.35897152147984768,0.5785977391663859,0.027103253439013875,-0.090193347049771735,0.093321762898730815
357,0.51469127100558432,0.49292423293449916,-0.25991921886815139,-0.60177717090562921,-0.058987665928212897,0.074174128613369333,-0.0017665307193033969
358,0.79503357840686906,-0.34099023822661878,-0.75809415224958632,0.35667300775693511,0.025145990485138825,-0.05862761013708593,-0.024826915391159624
359,1.1552132904723877,-0.50585935391323389,-0.70358687590740376,0.92860572620530513,0.083438583866767363,-0.054230508649128907,0.040281231428874908
360,1.4672867025403917,0.036197554912461349,0.96353951487399847,0.94628030801490959,0.037715679498795895,-0.043189152558519718,-0.020169208791817897
361,1.048432020669924,-0.63376825282592164,0.25392779800947474,0.38858464199327036,0.029609025726717947,0.081069630574253981,-0.030202465828247371
362,0.52931039010304826,-0.61555108110057821,-0.055018483994717648,-0.95141233198253206,0.011450035014577489,-0.064501212693406251,-0.049613898772046944
363,1.3164668152086709,0.18227698344825871,-0.10765885910091044,-0.40485727988015707,-0.081719684129613238,0.051848374948896103,-0.060163351512347821
364,1.1235165158573932,0.60120617502541318,0.10231336052755746,0.83407511433772541,0.0074656340097024321,-0.053742138508908147,0.067119893215912191
365,0.88876631268026973,-0.99128093579030252,0.31901729752456665,0.17552883938092023,0.082061622835023995,0.047689305723805919,-0.081732110862393875
366,0.68669200227914629,-0.4361340338802624,0.44914410052377418,0.85301977903394866,-0.03345899819472424,-0.012540263471263274,-0.05862521906053049
367,1.3559881956408497,-0.78800053004953186,0.62038930980323181,0.44636723049686444,-0.0052620442962284242,0.075031610747772398,0.013578723417201705
368,1.1605151926155037,0.86466776783348465,-0.83730270093462722,-0.82838027101620137,-0.091873489687871818,0.087726519457529323,0.093598012271680048
369,0.84003287780555536,-0.22352732086784233,0.58301319778477301,0.44189324922209972,0.031046846472364747,0.043802460841696589,0.020229026491715235
370,1.1125853361330504,-0.36060996625714403,-0.63764351549827225,0.23193991603246866,-0.096238206564832729,-0.026103772861756136,0.083676130977360291
371,1.1209614662996494,0.64989747492070427,0.18054318465467079,0.98102122446006024,-0.035375831237021552,-0.059758615431604906,0.050104882251384181
372,1.2715866566313418,0.69914470134040552,0.87171636233936312,-0.8372612728460318,0.094016563351343202,-0.063457524658768805,0.018781645917478967
373,1.378581732568076,0.20983428851763497,0.026930521523368833,0.91756363800265328,0.042444471259420913,0.084297001396722748,0.089333610911552092
374,0.85334746511812865,-0.62748380436897566,0.36967834318393722,0.38203540813301906,-0.011166049113505633,0.0057828658976180752,-0.03418080383302087
375,0.69234474816394687,-0.71110919420477559,-0.88713601483022209,0.67242924036347795,0.018826390444019306,0.013954914668620866,-0.01604842383631426
376,1.0486892385199691,0.12512109230429735,0.87998593711524697,-0.63132826342794202,-0.016574498813964972,-0.084974640649722336,-0.054514076806146464
377,1.4981470287242753,-0.40314080507831163,-0.68416928835758006,-0.62005163400962604,0.035941931859968246,0.032998229993607436,-0.016569927065976264
378,1.2604959354971332,0.54635353447452162,-0.80154942226207027,-0.45139349406584106,0.010326504996395619,-0.085986052516483044,0.098203649349032751
379,0.96496896220300099,0.64814023953314748,0.73300208659588528,-0.57885054069876163,-0.0038486034281810522,0.062650390179547794,-0.051632396359496971
380,1.1610542764606517,-0.18257302997630842,-0.32299588357696152,-0.71521201183758132,-0.040781778918095382,0.058371881760072436,0.059879738929231735
381,0.51138750508755138,0.78689638359607805,-0.35214808678948772,0.24007101415806886,0.09336005763436922,0.032673511060801796,0.085541253182638721
382,1.1345541678197315,-0.74861242900913827,0.034320690857336356,-0.72241276396829046,-0.0019648894663868155,0.041269199623197167,0.09773949499682566
383,0.99691725657503072,-0.81801739796427531,-0.8086888026084107,-0.70873294356524985,0.067756168233056385,0.095450510602001243,-0.017927862018374568
384,0.95424783810674552,-0.3153596844473201,-0.24541866747315133,0.89417552611613726,-0.080789841981244503,-0.059341951077841862,-0.027560193484067283
385,1.0179635825990063,-0.52526333066677822,-0.86530702048799557,-0.65202538694186107,0.072932492084618689,0.023676727303723347,0.070784813721903539
386,1.0562437799281157,-0.2092338880453779,0.26040535427780598,0.68125378390237512,-0.067596909896879748,-0.042405285678900631,0.014581877682954519
387,0.55433751552509347,-0.39576608231157828,-0.42471022310277773,0.0083671025410441136,-0.074165164414999943,0.070651475010231446,0.031385154104051793
388,0.93593962300922673,0.57000458239396257,-0.63250977804412289,0.61271744574218223,-0.069786573871610094,0.034043064567851833,-0.098061493649892362
389,0.69440434028534315,0.99130998864984221,0.90531460415979725,0.75591822798863539,-0.00038900485695822495,0.053825997647793,0.053316181455118572
390,1.4385600758368788,-0.60486623730814104,-0.6164604178308446,-0.92422472558342572,0.028062722983539096,0.023667332180549908,-0.091151156441126688
391,1.0582519743561467,0.74538841503314202,-0.22002492077803848,0.62399685883754374,0.028747550277402389,0.075562953887114398,0.086693557321999903
392,0.6212519012725205,-0.094793020620495216,0.9907593514526889,0.27457917891136963,-0.058544053557355369,-0.008721012544677248,-0.092807917733982698
393,1.2166207352204987,-0.071122992798170248,-0.29032528344503117,0.44382550176765312,-0.075661127328355712,-0.036392005113599732,-0.046684438521888909
394,1.0317996399351665,-0.84340874775812757,0.98309887782415584,-0.44678940297957626,-0.0038449686725358506,0.0014068590965115035,0.046526793590820154
395,0.51692384665703561,0.81077855607403349,-0.49502821139140263,0.61794388100422748,-0.042590117238966996,0.043342286897900623,0.023472702104351623
396,0.73957563841422491,0.51357206229130159,-0.52915626552070982,0.20939317416492531,-0.008494384818579559,0.047627285920001483,0.046700120832701753
397,1.007438559371707,-0.9342029663146485,0.60185334251456668,0.33145212681310454,0.0063183918744490475,-0.083429096015487189,0.094608792211325454
398,0.89796051622213025,0.56346943436504859,-0.1300909171679312,-0.53121687332233569,0.029502206432627603,0.095897794567584599,0.082914928570070379
399,0.91333359750034726,0.17154982866906998,0.82420687414030658,0.49620002841512711,-0.083241101690789673,0.011016794117618994,-0.072549437473473602
400,1.371794156341605,-0.5738968808670617,0.40527992143047453,-0.38625888238041739,-0.076085623666510602,0.069007483343910769,-0.0094844532520228092
401,1.2546314082354202,0.4431461572227775,-0.047168889472748443,-0.69170680366103943,0.021520139794658791,0.015440071639989367,0.077700840007079636
402,1.1890381464280497,0.85005105627712774,0.77710837034761737,0.22534214460782542,-0.019094141473170428,0.08182717658094249,0.058194646542656714
403,0.94487049029195713,0.59006099687292624,0.4891508947981773,-0.12959998763347569,-0.013740604065922674,0.090694846285561875,0.0033030239576454512
404,1.429634531438194,-0.084547114496854814,0.78806368978267072,-0.79600777895974217,0.078471366387910246,-0.04156129244397018,0.066461790577822977
405,1.0629646351490032,-0.98709637688770968,0.40702863288589097,-0.60862067679681364,-0.036661878674523238,-0.0051034842227232202,0.0455570734747896
406,0.64408589907997271,-0.63876882129521206,-0.81828573747173783,-0.84222365987673009,0.026323779770202005,0.071178696202106262,-0.024700564847576129
407,0.90531215277936838,-0.2560463390547536,-0.80873460786518314,0.54806814484131028,0.059802468323135488,0.058055697393370659,0.072868477399472387
408,1.2271498793674005,0.90784477767869598,0.51445055425822095,0.6766238472898527,0.0048562454793250887,0.066882796663648159,-0.025585555802244295
409,0.90489424104796568,-0.73271789839036616,0.62269434209046226,-0.1908923626718404,-0.03352541990657501,0.010312568398338634,0.059625091686798665
410,1.3763908356321597,0.88262080538971954,-0.34142388631794462,0.47114850543233922,0.00038845182004458578,-0.022992913312266272,-0.016018494852317405
411,0.67850043550376526,0.071453138557884488,-0.053686926159707271,0.15326495121729633,0.021234460479521419,0.090865230858699991,-0.09611706347398441
412,1.1098796865334621,0.12086248687413126,-0.2522169776611527,0.88961671095591277,-0.0066223396385528127,-0.01313159476038446,0.0015949911437922876
413,1.4021118691320273,0.74301536870833673,-0.47300461457575227,0.49131261726233633,0.0030480837417869722,-0.060092221992891395,-0.021527033862991235
414,1.0410712053031874,-0.022382410382650209,0.14114588514405679,-0.88485600143965204,0.0094492771427094058,0.0060809751067246731,0.00086033042680329352
415,0.73471808161902386,0.45543652447113447,0.2111951412500046,0.74276640242702685,-0.027673553502805828,0.027984246472275209,-0.070215140857895597
416,1.272040605254692,0.46627482846807822,-0.56669553582459575,-0.18856388810591862,-0.022017459071802609,-0.0070801937128925629,0.08957222085676439
417,0.58559654679490702,-0.70988802313349431,-0.4000034802422332,0.57923731467542927,0.0014073882707565932,0.086879348467177958,0.086779718552156215
418,1.2709464511354427,0.31312897474038071,-0.23249469602381523,-0.14131056220044691,-0.07897688645556622,-0.00034465567359573401,-0.012094189239630057
419,0.88560162443841395,-0.18385458208413441,-0.10858698067745931,-0.55751218817580028,-0.08363791736455102,-0.046551083387263659,0.038603132037361737
420,0.81406075902121855,0.34632134091407041,0.54558572978779329,-0.21394483184379354,-0.04349047701334377,-0.014348847749140289,-0.015645491273573772
421,1.0803274957209632,0.14604058705039646,-0.11214535549098814,-0.24180388774564832,-0.027409982117698226,-0.024101092065516361,-0.061827115301762041
422,0.56575477247310491,-0.45583161594798471,-0.36461360732288073,-0.12071004270323926,0.048507165245365247,-0.095843627268208151,0.063944364767718448
423,1.1111571169418679,-0.057643121331840463,-0.78986763045402753,0.032007243763135129,-0.059352281653674566,-0.038113662546998377,0.059620438566609951
424,1.3775061078651434,0.73048900732944699,-0.89784238625737522,0.87734697467035039,-0.074279573062716986,-0.062954307809770543,0.033262660449630416
425,1.2803856501372395,-0.76655745199175862,-0.43360419356348201,0.018405166545992779,0.071446509843391431,-0.04616056629622918,0.019838798018841322
426,0.61980398186384722,-0.57781645205762078,-0.35073512464052525,0.13524960221083204,0.046728440941765065,-0.00017433685903371632,0.027651547207551336
427,0.81708021833946531,0.59801269179796845,-0.39766245823416146,-0.53178231614662508,0.035689237564604209,-0.080045284324400973,-0.0030758895620832949
428,0.69509167797390747,-0.26091887665903446,0.33063070257977811,-0.035002911043762408,0.034936059121612739,-0.038312470425504189,0.028381690343430549
429,0.93516647960848553,-0.72990318653539865,-0.87334972056212301,-0.45562950246847067,-0.056194012702152851,-0.0059030319865072539,0.0017112532415789056
430,0.993670956537688,0.14073451885843857,-0.74837877247462603,0.64181534018343323,-0.012567898832499716,-0.042583167979572269,-0.052792393022004495
431,1.2868352057294929,-0.36482147369009899,0.51390666795999862,0.25305895816264345,0.0095318237314872267,0.020424696816935622,-0.013336309032200136
432,0.7292893726035391,0.19698776260371975,-0.059335027912089444,-0.90698467279310058,0.037681646747050462,0.078642895462039369,0.035180884250916755
433,0.55765305061519899,-0.037969062443923951,0.71035536874033278,0.75788593048124997,0.02049117649437833,0.064887874531783019,0.046344579247018208
434,1.1433247787972944,0.64991572835129552,0.59157732629630622,0.45503859851961748,0.075589379975254695,-0.064597690179407502,-0.015160497773780188
435,0.95381488422351413,0.39127512442855306,-0.45345166405543336,0.50066940292726403,0.024274465722803784,0.071472369376115674,0.04648097499203574
436,0.94389249343690373,-0.48458638012698763,-0.93660196166486775,-0.42246762123050785,0.035277399834283518,-0.090878205042914328,0.0012439598213122849
437,0.92002286109103659,0.25215694895830043,0.25064985577879506,0.75447496948916482,-0.06065433271815053,-0.087364277415970998,0.073777104105192698
438,1.3549522238274117,-0.657628048635718,0.81640153959830264,-0.49241942616850998,-0.06432404783311732,-0.068531673106822871,-0.027090891146260843
439,0.67787506592815694,-0.20055602504204884,-0.97973791174647151,-0.96023977111559544,-0.045395250260393753,0.022535640540156471,-0.0088819890203310214
440,1.1908636685599876,-0.27314541006040072,0.74143702500552267,0.61868901548920219,-0.014524875956309954,-0.094985930515192649,0.053298366332734215
441,1.2650820011757897,-0.029147371509690378,-0.6575677875143715,-0.041897176145919035,0.0094141959445838419,-0.092715486049758211,0.065694163500492092
442,1.1233723868772434,-0.48944247677907105,-0.78048716328570755,0.5656959324626325,-0.025788723940854227,-0.038558649009153338,0.09513501536236621
443,1.4223247889271746,0.86538301991563604,-0.41526327836994437,0.56205877312320007,0.0014761460139601501,-0.047107090846777756,0.0051690063644450335
444,1.4821189329917801,-0.083032407193391444,0.12306093964062881,0.36477327541465199,-0.072103749498917694,0.093484607462979902,0.037688958334185313
445,0.61584850881711239,-0.90694050319043051,0.26803330906146194,-0.15671900995952948,0.01875652876233172,0.090283138347449388,0.020925405202162767
446,0.5009398009599455,-0.14465398046454547,-0.69541949500575417,0.72264114225457665,0.099799238660813389,0.064931578743981838,-0.0061762171061945786
447,0.57991312137475037,0.11135095725628186,0.21031264916450043,0.61886912590871934,0.037641275600992674,-0.070024020502615567,0.038117508484219131
448,0.62175240549448507,0.7971791489257527,0.64834744582588,-0.43533827210119713,0.033528972372799837,0.04097736345092115,-0.063646210955641117
449,0.88089224539219357,0.96851703351620322,0.32997013431341338,0.59963294272568057,-0.026993283010085967,-0.059274080620914042,0.07751608686809211
450,0.93871464283120498,0.62421834702598589,-0.46301643572639328,0.57035261878608234,0.00078676012361363068,-0.062322551006354601,-0.067806228474063673
451,0.79553796101191443,-0.11840476614793016,-0.51417475001825852,-0.78667924721380666,-0.023698499958440672,-0.033001199072711998,0.072004166403933756
452,0.63299719074316563,-0.99955414168674839,0.59718018329904354,-0.6674507302915762,-0.073567941971942261,0.085437187872303422,-0.0060792244853070943
453,0.55233092412209739,0.60520784970284103,-0.029988009042030583,0.84721947995194857,0.018190565456314339,-0.071927272357796238,-0.025347434011304154
454,0.60872199579882191,0.7827548771691144,-0.9283168499345571,0.14524395841088844,0.035500830015507578,-0.033812434544725253,-0.0017878144275835506
455,1.1854247815451096,-0.10444379419788086,-0.772946689912825,0.46412742044647626,-0.090234045277787056,0.071173049322568793,0.020394401222564085
456,0.60157096978362368,0.3915839668237675,0.94554159113488345,-0.018138850488227831,-0.033533315958113624,0.044805727356398622,0.022934242607314609
457,1.3506314218744402,-0.41581872721671731,-0.43686284686069188,0.091691018835527327,0.087278215094601402,-0.059560502032939638,-0.0066209288619821782
458,1.0732670645930584,-0.39693507212843904,-0.14022033236023113,-0.61144604987904194,-0.01732133850707325,-0.058740767967578239,0.058710330064083244
459,1.1624595282044825,0.64393914787194051,0.90100213267867679,-0.054185873793821671,0.092966129751971577,0.051549769238240811,-0.076204565455103068
460,1.3352481187513383,0.83061151087121221,0.9215359937059564,-0.65772233894969911,0.015591198587144667,-0.047196198188236754,-0.011867826136174126
461,0.99619590325980767,0.2582770029335808,0.037993031775488628,-0.98909110924962973,-0.077746229577822359,-0.05004926404657959,0.032300705226372989
462,0.62324748966964649,0.089598111686507886,-0.24789721370015072,0.24100356120432664,0.061784025384335722,0.01291436039421226,0.055050232066901766
463,0.7160713287296594,0.86811650127832762,-0.99920788487112255,-0.58891516604217409,0.078821655469574287,-0.083532737689694339,0.079269311505742013
464,0.91859042165304527,0.68417510730342324,-0.66821362759839453,0.21741006160635101,0.097893377333499204,0.029341368678600405,0.036193808699063024
465,1.1527023982936306,0.27337551069019694,-0.135288650731201,0.68157096833515918,-0.03026641095224672,-0.068904683853330262,0.0058176621644872861
466,0.98369957088536986,0.64868316059641629,-0.59632330867957184,-0.36535435645943415,0.061596918942092155,-0.060260839416407364,-0.088927245211613132
467,1.2115548952888828,-0.55275160771339427,-0.79262971715413544,-0.023507389605183615,-0.052964946193755448,-0.03156608320963715,0.03470044546650547
468,1.4312846698727473,-0.55480776037684021,0.06209502131425082,0.28624027661759954,0.048827971377939705,-0.070961596404617883,-0.037320651547628897
469,1.3907904408856613,-0.44187370901634204,0.84372985447807602,0.32799562913332969,-0.065405577461168346,0.020381590450738285,0.060467723602871642
470,1.0858889009187442,-0.28996287764957795,-0.91730750465402489,0.8028241247160941,0.018331700951575283,-0.013565492006933549,0.041132495217898746
471,0.693405611526557,-0.74266929293043571,-0.84965477277986823,0.85693881164631636,0.082162622463842927,0.064627119401759275,0.032368479227675301
472,1.4786979135086136,-0.93777633700125462,-0.31331505664564085,0.68506865935340922,-0.0080993085594062431,0.030734794106027419,-0.097059932110179784
473,1.4274608488078933,-0.68584606741883158,-0.35975884621851062,0.86032675836835071,-0.036467874533016073,-0.089995031186397276,-0.098157325000845314
474,1.0331607640673752,-0.68612410096558851,-0.25289803839238489,-0.74503869100320341,0.057395098140043704,0.057207795711246512,0.059275920932315762
475,0.82580778410899547,0.9883806282547245,0.058859887883737638,-0.59811844364999911,-0.093423245857190307,0.076333103704053384,-0.042342578140130538
476,1.457502135263633,-0.55447003641535786,-0.29218434449656105,0.84314638847845447,-0.08368756050501272,-0.093604298518265086,-0.046143546963063137
477,1.3849945758910165,0.49907504178610917,0.57103751893823862,-0.19086625837497628,-0.016348045109515152,0.010202502781056236,-0.044065568799012717
478,0.50232607389788775,-0.14059331199728176,0.21360070420939636,-0.12436379428956701,-0.071718391914641244,0.017504951464775667,-0.029405594719087533
479,1.0959068495647659,-0.89036000095792756,0.86625010581762307,0.99149950803094833,-0.054839729148198041,0.019715152644755984,0.044902094420217059
480,0.52782461221443211,0.3293090516360575,-0.30453608691994094,-0.69925702457491479,-0.06431374918277627,0.074366273868754135,-0.013935959011387708
481,1.2370746803547648,0.66562854747051992,0.30746847055549509,0.059152166976077725,0.063077837654747476,-0.049107194338583085,-0.043783574532043804
482,0.55320469191346988,0.42125665108051713,-0.11381577549162802,-0.62846491855833819,0.044844731496093693,0.052913850987838795,-0.018419382687505287
483,1.2869493996562544,-0.36985228247911972,0.12550768244088806,0.37170522057555377,0.028322923312754378,0.038988476404002714,0.081222976891627108
484,1.1356503543202918,-0.42738839234913395,-0.64902351519571977,0.52589967745024646,0.062989237822418692,0.069871153042500994,0.04025008905718222
485,1.1678693737799644,-0.73527639339951989,-0.19009629918858573,0.68078627853093687,0.034905587002561023,0.0094615437770764477,0.0056680050287846867
486,0.61165976433198244,-0.73761001927438863,-0.22511697581449863,0.7736797526849537,0.061486527743902925,0.074911235309384039,-0.022108692104558833
487,1.2587961443473454,0.34135939508534308,-0.64258683016902984,0.24749037709700406,0.08976978671573993,-0.0029182044860015799,-0.073194077589405396
488,1.2643824360092908,0.25739977631638356,-0.80270007290586731,0.21607400305640434,-0.079990498980042679,0.071882706281020503,-0.043865402770356714
489,0.95110215103473572,0.61451836733853682,-0.32767613372050963,0.93929968364750982,-0.014289334635612411,0.02045104899884391,-0.030344868717545118
490,1.1320561631052466,0.51505084440044779,0.046020669418681992,0.4186565962420048,-0.043508828952224944,-0.036659596958691407,0.088370925549456636
491,0.90035527579493968,0.46307972283364918,0.65837580588402234,0.20095074594473772,0.067966133417661723,0.0047403907409388629,0.02593494095235907
492,1.3609667695417826,-0.40064883766699766,0.13539019889966886,0.4567062534319779,-0.095484646476616877,-0.015598097573874536,0.040494051314577451
493,1.005513051286705,-0.075654978403048023,-0.68903959522496372,-0.2118972704697093,0.040163744437506976,0.025515986254973838,-0.079059766592278258
494,0.55519746659169811,0.8999386177865778,0.85421648681483586,-0.055008208588068763,-0.039847965296564251,0.081211464066247546,0.093143440253205395
495,0.57876091497394055,0.11487279212074308,0.28320221202772444,-0.92171387274100947,-0.076211277230319133,0.092790535202464913,0.023231424813862353
496,1.4778868772655291,0.047743642737563707,-0.1832155755148428,-0.42507090780055501,-0.074878876798901511,0.022985911255678768,-0.0096031817651914819
497,1.1137889440903059,-0.78039178544402676,0.92391048324740788,-0.76211181021281638,-0.081811617228335964,0.032340470559119705,-0.0035518870830370253
498,0.66983181376497425,0.65404041233155219,0.81135652846948103,-0.16680067230546758,0.018760037779674277,-0.022480945887187964,0.069692796013954478
499,1.1274669473030281,0.18998075444048546,-0.27608777673249496,-0.56550057531118614,0.035141754825570304,-0.0039979417588554139,0.078629555230878972
500,0.59997939781083198,-0.77044672717245488,0.00058191673005136835,-0.3726185198119083,-0.067263846734784277,0.092108798663285585,-0.046905341019833617
501,0.65347070055718925,-0.60921055412943748,-0.52592903891279419,0.28662629105573489,0.042403655090236053,0.049634857560453105,0.049599316475752192
502,0.99545672897457271,-0.21723301662540662,0.81558889448276406,-0.29836290486117001,0.033979290017514679,-0.0026569300815411367,0.083535846152210963
503,0.86123539224050805,-0.63311798957251741,-0.034975840100447408,-0.52619863453041282,-0.061845708902610368,-0.069588423768180141,-0.057443775542989718
504,0.89037332746119824,0.036373705393293321,-0.031387246206046493,0.61896366535090452,0.033048078820916843,0.071784164482985496,0.0082249169907551434
505,1.1124537919840163,0.94454252453812071,0.9284567597200204,0.87057590219108616,0.035249324911157925,-0.0063560045914367869,-0.036638914742501166
506,0.50391390393762225,0.78705823454490642,0.027162814395167434,0.26912228683498118,-0.041521158138184112,-0.033864962710488875,-0.053963708820737803
507,0.8761084886279884,0.36081590076961678,0.48317439322596489,0.94521456838779905,-0.037083875656945736,0.025959878136817049,-0.057682882892145494
508,0.63961472704807787,0.90000644314594669,0.23975255244122984,0.89737419061257584,0.098759269560392882,-0.06017348721219358,0.026986511517034684
509,0.59508463414204493,0.32136355483172951,0.53267960778444068,0.24466820242434473,0.064735805300930566,-0.063606326592120233,-0.0086233563214105635
510,0.88715131445085793,-0.2393474799199522,-0.38078597102404554,0.52383031201246166,-0.02355836301197041,-0.03673827265580612,-0.0099253274314833606
511,0.76571166936335733,0.092307556043994765,-0.89739373336818473,0.49620329482216174,0.0069005724379558597,-0.093218212743002682,-0.066883269746611379
512,0.90035134237451453,-0.25007354337044685,0.40415079535038934,0.1377179454279378,-0.087695731672204444,0.025681939035829604,-0.046930167870183032
513,0.54218242051895937,0.93205111905066507,-0.077373296137590586,0.78191943713667733,0.076312796642028696,-0.013763852578142319,0.062142215528942696
514,1.3008863371591113,0.5638032690558421,0.51892814805538978,-0.71178312855765369,0.0018356378735779194,0.056914992611553222,-0.0059399432180724104
515,1.0270415999741498,0.75196932991763354,-0.72511761732777225,-0.54552264674195983,0.098805943134915197,0.048520426043973858,-0.0031625308931245016
516,1.0273505040953319,-0.0041792305551080489,-0.42674314401321367,0.94142778175908526,0.0083658620632411085,-0.0062968320527792832,-0.062976198550059051
517,0.53830789110855459,-0.09976319852218829,0.29905349713972473,0.14166322890455096,-0.024626107806712677,-0.042812960038541563,-0.065490803394071567
518,0.94962793021171266,0.059169641272400986,-0.76938712152687483,0.16094922265717293,-0.067447210158841087,-0.029525651031237207,0.031308019505985191
519,1.3382524602760384,-0.46402274971670798,0.52376618482936799,0.63671159199363392,0.074581992884658693,-0.014915564270422482,-0.089681865830502694
520,1.3300561802294062,0.35745507770380769,-0.98324410915399429,0.13534958440787115,-0.076107394902620029,0.096409875683301449,0.097120260430826416
521,0.63442840304523684,0.80666429879062607,0.94200320459308462,0.5610507136660301,0.047828892565888764,0.074043771893641058,0.093981060561496438
522,1.3541011732811201,0.72186827232666251,-0.68340448630846651,0.37898558548768224,0.021648748952783875,-0.029016896059120195,-0.018901029926197327
523,0.62390659652940228,0.28638773436602416,0.50149692864651474,-0.2272288644681637,-0.097885875743102549,-0.083652177544032341,-0.06679238945149249
524,0.96980461344856239,-0.89598128079203931,0.2637549420987062,0.56693479255264712,0.020007982920951739,0.011138776026818564,-0.031697188024646647
525,1.3313707285174852,-0.16568517371775071,-0.443326210267039,0.53120894216436287,0.054788959104903057,-0.020511551982313359,-0.082363137094603481
526,1.0691495101812514,-0.066653835193805078,-0.98442575938626997,-0.94169960284030885,-0.036854798939579533,0.040109362925511038,0.087155436353764021
527,1.3665711618882046,-0.64075424675140402,0.95210211047985616,0.15054092717407608,-0.066569641890133813,-0.069201436649108994,0.039608877093829931
528,1.1750388675513497,-0.21604418918710278,0.73680090966949008,-0.66866831877866861,-0.091119830074176705,-0.068050031993882626,-0.049959502551328597
529,1.122713746142038,-0.64282843318361715,-0.27558707719499353,-0.81886537824476568,-0.013005653247702725,0.040256444821587023,0.075494989873668483
530,1.0437095440262505,-0.293757366001002,-0.74158115493919063,0.23841075496726383,0.062264102181758818,-0.031453326134899248,-0.029503471645375215
531,0.89938763308420078,-0.93019331394028115,0.14666658435822422,-0.4064753478817702,0.038922097680980899,0.086490848843386758,0.0040670107682724554
532,0.57337685937176663,0.45481905557667535,0.44828053260890255,-0.52615898455975896,-0.043483115001382688,0.002392013162340792,-0.066380898901940905
533,0.54128279708080929,-0.39333268987376657,0.76610604974488883,0.43660794452135887,-0.060554734279220673,0.00014354506796618316,0.013027418227085752
534,0.77204578309754279,0.010953055289309788,-0.25038956298661175,-0.55644710913000117,-0.095709850090539964,0.066179448506656163,0.083808605520583779
535,0.90539057850317672,0.0067704773723757938,0.60000309875729507,0.11501098349782235,-0.0006474790077182907,0.069347315926910652,0.083695121045411852
536,0.94968559436118316,0.85833312616951019,0.72733737282216082,-0.026101670866923055,0.031345703280274806,-0.010589338443893065,-0.089643123023978283
537,1.0668791089366798,0.54460828113376114,0.65218762253211104,0.14975819053789308,0.088554112358849663,0.018125335101654996,-0.043725785813460094
538,0.94758376678189826,-0.12155362383060586,-0.39777466432459341,0.16338391076668612,-0.093078877926323966,0.024840687807642439,0.099034136992147026
539,0.62186127567661242,0.72039799235421409,0.59995126855940217,-0.19602553372801568,-0.075784545852390195,-0.065479298819798817,0.058754120297939472
540,0.73721137235490253,0.22593638247399417,-0.082011830951582043,-0.96529348420058114,-0.097076478753298973,-0.0040499050420447907,0.005372473077063053
541,0.891843072130036,-0.97034897872490178,-0.92707632981115795,-0.66215759821178199,0.071415191824350938,-0.082446461534549764,0.0056032595515964206
542,0.85067074567051448,0.034361225962179942,-0.87743188178679765,-0.02691396488801634,0.074504071931451921,0.073108695253165601,0.068598513110671999
543,0.89327768069051516,0.20666867579204884,0.016300487874533864,0.30633791512544595,-0.064637654865265362,0.02327011648413424,0.068607526360920629
544,1.4310383089920631,-0.28488803758397263,0.47807550272637811,-0.28616802671237873,-0.073347963105993966,0.083707400432377871,0.068432649610339902
545,0.80458687541349672,-0.068924315568156036,-0.87179199317424327,0.081654167315972748,-0.091180188151500668,-0.041646461874664788,0.042719650969007567
546,0.78193194068086835,0.11369920509005804,-0.4766523742180182,0.82951552091278891,0.082260657252889891,-0.053264251192942896,-0.033584966903062327
547,1.4939760470851255,0.88741519065690322,0.6600551401132686,0.1488456534783007,0.094948178003578743,0.068149927741053551,-0.063500686870110484
548,1.1198460253059248,0.33532392129781208,0.37244563407139331,0.1194803555440469,0.033351114533450354,-0.080664760827629772,0.068775272869620457
549,1.258255516403155,-0.71937351676050731,-0.68376971372032225,-0.59214951036117935,-0.077837385822967536,0.012931016307672905,0.026867492666997367
550,1.1094516954925575,-0.48682406508024667,0.79591841579736466,-0.30579462633692178,0.070182778017833042,0.070618668470552259,0.069242401636347067
551,1.37826149400579,0.62465746850845827,-0.27002254516373814,-0.29841097754102752,0.0039292796308121741,0.050942060753827623,0.064369189570811891
552,1.2407794055161383,-0.79821107003222491,0.5556720903058654,0.17820629116475262,0.075943896520862253,-0.038590377513596466,0.021284352705900275
553,1.0125160871714511,0.68144389365218738,0.43685942216318163,0.48601730781712615,0.089352682856434329,-0.018752612662115031,0.069828307415366248
554,1.393619332971503,-0.62301197843207001,0.79155320957261122,0.83236383471770181,0.060577214542803071,-0.098240942798355962,-0.09072435035848013
555,0.85858224482281831,0.53883614599857932,-0.073199286229416183,0.19973557934736075,0.054637297268239349,-0.070794434471671941,-0.053255605538896411
556,1.3513688625394389,-0.67518936682856867,-0.37974441526929903,0.3387301269869154,0.058137646012159844,-0.090525000938367226,0.048983734580028054
557,0.8409316322039444,0.42359507135974361,0.33587653605828494,-0.53113634751960981,0.06101403832355537,-0.045088942405854593,-0.050762774921062292
558,0.80470607254740234,-0.5396962322941512,0.073153771213505747,0.90210013683905754,0.093610011758693851,-0.090299710187523974,0.03559697001356299
559,1.3184859314411361,-0.52406683894933881,0.94486575959277475,0.79835446658565523,0.0018215451967433377,0.0033118723915656068,-0.02277026968651677
560,1.2984085417920894,-0.6732019717485922,0.92088014755833414,0.48278552567271782,0.027894060914202018,0.098042659213596867,-0.05738529010518572
561,0.75399432682088718,0.45009628274682201,-0.17516494573874031,-0.66687400327993385,-0.071238253718946418,0.012782989245110815,0.07726029013462829
562,1.4956773188202859,-0.023208463319313699,-0.59408087313962588,-0.99455543104829602,-0.084857935660460168,-0.012233859745740622,-0.055279378142337368
563,1.2434419090324611,0.96419728909807279,-0.19738077271574372,0.94943743710986439,-0.085002609098689272,-0.078013618763724812,0.020469322243386406
564,1.4674870439016958,0.85075751735596938,0.79433677199824082,0.30857165639991901,-0.0099709513070690842,-0.025396194633080224,-0.050741937474310134
565,1.2797449416908666,0.18133040419117274,0.92013821412381236,-0.73246844911653852,0.058958168035946973,-0.057218434915960709,-0.042266794446977146
566,1.3281603670010629,-0.17629054263299682,-0.20462461981657576,0.12193826684665243,0.0043125784803509787,-0.045128292516013024,-0.07533378445240034
567,1.1600050407112072,-0.88574584328061556,-0.29992080491492401,0.58152989663358468,0.079217392328006064,0.031909592132636194,0.084706410498666285
568,0.69058738018498866,-0.54790867113268016,0.083451593126744772,0.62244865081205569,-0.047756439006657048,0.06456881193429706,0.050456413479612772
569,0.93675153026378377,-0.0060014371085459484,0.30212954960150129,0.18302700004640093,0.055841321982895015,0.022756301953760799,-0.079550054579641621
570,1.4472150113257329,-0.70901164102134495,0.67441681050381708,0.21113634808199389,0.075848827339024066,0.091971195903140623,0.034191685952301681
571,1.0573512225409876,0.85272955553166385,0.9285634235727982,0.78717328055435898,-0.052677676384892763,-0.065443867168634068,-0.08560684463907707
572,0.6038523785750759,0.37302096449689448,0.12534260658054164,0.646001189425357,0.084672475459443203,0.073271466160919729,-0.041608461781317697
573,1.2670932156618517,-0.41980882098534722,0.13529640001858656,0.006312022331729672,0.096963288209647336,-0.089855296857254977,-0.010194460633775979
574,0.69398840674911499,-0.84701923257135103,-0.96229391470609382,0.059619425700444317,0.08664829834745727,0.040548978735243824,0.0078149457389707494
575,0.68988637155175991,0.247547412146917,0.87230769901053185,0.3315714316290832,0.053388727511553546,0.069558935195221883,0.079751549890149986
576,0.92527494557065915,-0.95358537990330183,-0.64018687266628804,0.18211639002457058,-0.028946281209065949,-0.072695920160189664,0.015711152387391986
577,1.3040339145904651,0.92244399410213385,0.13617062724150064,-0.62863455970430016,0.047593013713860516,0.056512246589972143,0.087486607772185504
578,1.2900266216186627,-0.60111435400080127,-0.63533471689658527,-0.8794298262965925,-0.019116628642641881,-0.091184702023208775,-0.077280024744629541
579,0.68961480373423056,-0.29877335968086993,-0.54538556295165508,0.4428689709766862,-0.0037451679890944944,0.044152883138964039,0.058208502380980215
580,1.2705018264506307,-0.25973501294036727,-0.33931377229428517,-0.75759217706840509,-0.032284467696638938,0.01652631820229937,-0.078946968555206137
581,1.4730828660771267,-0.39926568488473868,0.68646357587806728,-0.47953006551800992,0.014088398603814972,0.061549225098080307,0.083544105287175457
582,1.47615633367629,0.041486257122324011,0.36350416608019742,-0.50339100549375715,0.034885323884193603,0.015714556079519701,-0.029111857299386437
583,1.3911169313951648,-0.62924894425921485,-0.43306343770628741,0.019777583356726414,-0.031449166017926619,0.08312024254531436,0.02731895675071383
584,1.1784899988688222,0.31878798722772084,0.43900004450135799,0.5851152245290645,0.053904171146833019,0.029422643747557514,-0.087670701260255737
585,1.359226624634934,0.45026715756034275,-0.21367936317761149,0.0078997700420699868,-0.0070093588196713241,0.085287276375180326,-0.049058230156421835
586,1.4666033354550172,0.25992392054368452,-0.95631991404297056,0.48156044347477112,0.046093187095765542,0.075829625778557869,-0.072875365359109878
587,0.7196120611767689,0.37249246145675508,0.97427183934220807,0.087191297967658121,0.095506490539130046,0.090082034536819261,-0.097395350255218116
588,0.96114043615863487,0.94557831985080409,0.38497501635849485,0.57275541858864387,0.0076009354386801509,-0.016223875314442721,-0.086415931713306596
589,0.73815177636973817,0.68494720964309708,0.021089495135412806,0.8702653026394247,0.0015004894012289327,0.014747072763622443,0.064504232774290848
590,0.69058684950047644,0.65955648913412834,-0.66603770849266009,0.68184980812445839,0.087938553797080848,0.047098884985657202,0.099766494760596569
591,0.78731717807879487,-0.73744256482971293,-0.90029365445760146,0.34720160304137782,-0.061260367510376092,-0.075877705386264246,-0.047863246310712863
592,1.4525827781347702,-0.0057506591928762063,-0.32362765275546534,0.28750621138301535,-0.016322599102110355,-0.005443606117457353,-0.04781191206761546
593,1.1372155760052594,-0.52362131679305701,0.40489133920865972,-0.34625347686523056,0.045491201855571373,0.083135429135010402,-0.00038881185724792822
594,1.2651844212839034,0.10530212279245266,0.41702186558933341,0.77919607021212789,0.087629598440515294,0.078783325386064224,0.065354550018072194
595,0.75791310828892211,-0.89128356411654819,0.049662417451677321,-0.32213456051155709,-0.033624942682373135,-0.054862840078333024,0.08402903722012503
596,0.84970687550630497,0.25520072652509729,0.37685098817768203,0.11049550898897964,0.051726377116100897,0.06052442756016238,0.052916327006895608
597,0.97208399385055666,0.44858914089936741,0.55434848556136296,0.65433804744721513,0.058047183256076357,-0.059484235831171822,-0.07856019300177508
598,1.0616623803981873,0.23875056038343945,-0.79426731911985171,-0.97633885914884289,0.084525313492408188,0.054397240454198525,-0.065925002272035821
599,0.58409276158700929,0.7436559700727241,-0.79232310714286891,-0.26780250902870106,0.01245502815273021,-0.067159357189798777,0.0074658364645883435
600,0.54196254316356274,-0.59977248325313326,-0.84347943779321422,0.16414162380051978,0.033269024861384333,0.082050573731649701,-0.04380365394452515
601,1.4533655321316457,-0.91793633517000872,0.718939574778378,-0.93542794973961718,0.074490904230246291,0.0036753572171614179,-0.012185846267898023
602,0.71442139963412499,-0.1647514315314631,-0.16831480808131594,0.39661012383186223,-0.059134031017825085,0.014418612211217832,0.00018773248049674951
603,1.1563036656524153,0.27601733192831701,0.35339654934946774,-0.1064071520606702,-0.035138056430869827,-0.040353310532308374,-0.06607958295925323
604,1.4409340392027494,-0.34630317460580895,0.6605974533443677,-0.71048934674582265,0.033427369985867206,0.08069757970744762,-0.0057764203325035568
605,1.0959846962067916,-0.24262760317418253,0.20651990947198806,-0.96096822370021773,0.075650585950441052,0.067263156382972866,-0.023913221472303653
606,0.62896605450196097,0.7753090195343233,0.031018201003828461,-0.55609506793572017,0.030359782548362163,0.096396860819919383,-0.023912965705030167
607,0.53439323641416536,0.91128965752998181,0.67577363758461373,0.20511511038768782,-0.09207605943824991,0.074575899199979395,0.0017721333632135378
608,1.00616219298609,0.78325197944652891,0.31050617615849152,-0.24761530788336894,0.0067541858781493963,0.097481233673338913,0.070056745697041262
609,1.4964199827619262,-0.89381419755878722,-0.628214319861921,-0.95447896713956548,0.068848165677077605,-0.027920579670543066,0.015110165895082267
610,1.3182367678113205,0.96713723741064062,-0.9777895164702366,0.40663946213283331,-0.015044467704451933,-0.021397846705753912,-0.030703109499725545
611,0.77164946482814945,0.1277416432456322,-0.95821727358454223,0.30878118957971434,-0.020368468729566908,0.017608522865973072,0.077310675912141497
612,0.81507554471261479,0.25853858816859576,-0.5412228899591689,0.067707129467584171,-0.070037100442244704,-0.067566382485498705,-0.046680126897020127
613,0.69200411995125777,-0.0032658193441563732,0.42460908922150487,-0.073597321593362075,-0.079245755361896958,-0.051116261374077702,0.05638351036950992
614,1.1599222952201611,0.1902180362301058,0.86687383578212862,-0.53189074216642651,0.086604471656907045,0.0096781731227462975,0.016989306300292786
615,0.64519168812355454,-0.72781470922617153,-0.16122332351955704,-0.47295088730874113,-0.0022688540105059579,-0.068376670563755251,0.087268418769923028
616,1.3481664974219245,-0.293669208957968,0.17833780217212603,-0.92683317474698623,0.09940474190364687,-0.026668309869644413,-0.070303829210169005
617,1.0828073233825997,0.84088743512156872,0.94638927412439111,-0.56527691025546534,-0.027328130475828646,0.018646895869292052,-0.09774257517425361
618,0.71504270778809109,0.065184677504918298,0.69818317667398921,0.9293895820502216,0.0024951714426092175,0.051413116025896516,-0.09885296845332317
619,0.9591589020248894,-0.89614915512007909,0.78000806788857924,-0.85589708716283153,-0.054441950941957563,0.021383737178528262,0.084702622534324506
620,1.377739626810361,-0.22147027249954454,0.54660262440134333,-0.24275997129579352,0.015893407115325248,-0.069590103376330592,-0.0043832107620659644
621,0.62497381418324982,0.14013482063095006,-0.22915090169319496,0.8540475416336768,-0.026434627384460382,-0.071671895375166342,0.0050372780220939439
622,1.0667522177336028,0.53499364340445488,-0.031197142865344141,0.088608902375091114,0.075112117642609222,-0.027773185283353194,-0.03830261580404222
623,0.87943636634012845,0.4504057079110606,0.51288839728548785,-0.67508733037338264,0.0044622877697708674,0.084505425697377984,0.048978046965446775
624,0.97902377310549082,-0.90582731149598428,0.50107887607584622,-0.55298102321325548,-0.065112548831124384,-0.076573980477961989,-0.038837020830992719
625,1.01393382945116,0.3493160108689588,-0.86320848588648258,-0.25236071971770224,0.013390335392322414,-0.0099173606398344633,-0.099420661069953425
626,1.2517158022671753,-0.093092939079702619,0.20732401059662253,0.67009367086104255,0.041563883140985636,0.09373906618161118,-0.073144013920631024
627,0.58767415236299037,0.36447957294111277,-0.96663953739602748,0.017065342500250047,0.057215927276266787,-0.01404473940080922,0.030308706516859296
628,1.0613854501985491,-0.1933505778580471,0.1408501897207306,0.86336291911973961,-0.0096380496305753238,-0.092154449816991224,0.047591457061690157
629,0.77241763807382702,0.85777344059769201,-0.19094339558532192,-0.144650600954082,0.0078493194086222406,-0.0057111144517812962,-0.085760269997326624
630,1.154979478950755,0.97201226378174188,0.16709336704906153,0.3003034423240345,-0.013535346423461034,0.068112058569325451,0.0065989925598504556
631,0.78095245646250167,-0.084458149144776007,0.49500869980764173,-0.78506099054281164,0.070003346667275063,0.043073493178542255,-0.045612680877812561
632,0.9306173733786971,0.46285601103062013,-0.5294706321911784,-0.27340457015137098,-0.044467587824991453,0.036092889034253256,0.0010769331456481346
633,1.1063390178858956,0.094649424767646595,0.91349517018516213,-0.45757206864239586,0.074478438568577859,-0.042918922320275436,0.015563199317603499
634,1.4454055182433361,0.40826243259591588,-0.81966253994834859,0.47336583501391116,-0.02172542219870266,0.095435815688775127,0.0038580995307744975
635,0.94118456611791168,0.37767953410403798,-0.5536288318906426,0.66156537367328316,0.080080071925184099,-0.0084912775141262331,0.067143828880998069
636,1.4689692081597918,-0.93774042237413657,0.39535141806943574,0.16788705135054371,0.05498527047078669,-0.089514863598868913,-0.056981533408347954
637,0.94529950607198565,0.14867370249303269,-0.056025069048645015,0.79354904734370124,0.038465075712595248,0.094703228023551717,-0.016820998601058457
638,0.82166792140764977,0.94711761335538092,-0.43051236955512961,0.17199945036990472,0.075243709919351337,-0.022578451512479572,0.072873899764151484
639,0.58813696278743899,0.88472125922917622,-0.46532941522041349,-0.09340317941946652,0.047626903656329184,0.012443919621523719,0.090872892898003488
640,1.4028161780348047,0.0033130576017981195,0.23853503136781429,0.50131319895381665,-0.08544493686547211,0.0092645257630732669,-0.094669060106652214
641,0.80879624489408553,0.56888888185699105,-0.14357704096256807,-0.66195079765805631,-0.0038419619761516921,0.014457029336251898,0.052514631552509378
642,1.1807973596957333,-0.17135484753745178,0.24912409927170009,-0.10012872122493732,0.016158033964847746,-0.086845120254924954,-0.053286250304996854
643,0.57313431072276366,-0.38646253979066381,0.29395373482192277,0.6255856058202578,0.078410900873714356,-0.053010344772611934,-0.0021134523016295426
644,1.0267648059149566,-0.28935341733808029,-0.17604373607469448,-0.80422975139172004,0.032744220677181801,0.083318793651210005,0.045754994925566173
645,0.98993448911500104,0.87648306006271293,0.46346841442252162,0.049605650024344472,0.072441637857440733,-0.081943308923231165,-0.0055499519808875492
646,1.312974437328466,-0.14435958457869935,-0.027377549137743262,0.72337594708298969,-0.03441381204217929,0.025367439973599082,0.075915049946002094
647,1.3422086106646911,-0.44792966086065067,0.48663942106907099,-0.21539441232489742,0.025868837762036911,-0.087097269706036817,-0.091131832007324221
648,1.1230879005671752,0.84695333364323599,-0.92707912857633246,0.14499610856099321,0.082408786853141985,-0.0059050908760864135,-0.021971061496072669
649,1.0708043492698693,0.71551187326018284,0.80586070044735258,0.82041605675778362,0.074964035420079428,0.035987556134526366,0.01728616223486637
650,1.2390528733927078,0.52719003893288985,-0.6420982237626538,-0.51532243946188716,-0.04825214366232327,0.076358441082969047,0.03373635225914659
651,0.75739898485319135,-0.59633439187810544,-0.46949702843940244,0.25516980608888273,0.045075564952076597,0.050272277571840857,-0.073369617368803527
652,1.044722760354361,-0.61213917109476124,0.36839687224695528,0.47215499167438924,0.0067838941842368605,-0.099740791780495094,-0.056252273175421745
653,0.87300720534542642,0.26187422278129358,-0.79319828118099078,0.40031234886195133,0.039364784577301359,0.026945162457917921,0.013646009709562062
654,1.4947755410724262,-0.19955618448460366,-0.24388805263350211,-0.46867597277386985,-0.020512064000575855,-0.041012538852956727,0.060849687542545217
655,1.2393711021263329,0.95836016374187305,0.40180188131500394,-0.16513213063255816,-0.044288479399642117,-0.077053160252347014,0.074105209904317348
656,1.3465212665336581,0.031557408212611771,-0.82614114499535085,0.93125419912911256,-0.048701806820447918,0.050868776795322257,-0.099323573239781651
657,1.1938045700791133,0.023894776582168431,0.34044680411330974,0.18794093713928328,0.072745233732918191,0.061541798030304018,-0.067821162312403122
658,1.3293593369405126,0.62211384736806408,0.077866407506530066,-0.80969556781816188,-0.069249987890175876,0.050638262528693051,0.086662779496133185
659,0.6810132660775301,-0.46265196621365368,-0.90388237667905313,0.61162774242938234,-0.034656458068001703,-0.059731817309372742,0.097952396245002377
660,0.50437054511682367,-0.06615635177765733,-0.42906367906616683,-0.095965982238493508,0.0027926684063692003,0.032926293392024658,0.067361200580729003
661,1.4252200996617641,0.14583931032807773,-0.23889430635066655,0.51162933293978186,-0.047606270251313254,0.00398278917494721,0.025862356917308787
662,1.4534190049889639,0.7482764189981661,0.73403772572217885,-0.33707012232095779,-0.006468556154672872,-0.033773881071433462,-0.069670096644029844
663,1.3818477229194961,0.56529150856632482,-0.65483517902175725,-0.12383230736357165,0.038610838633041072,0.046625149517534631,-0.0037662764001670651
664,1.0835611455531116,0.91128193090410647,-0.16574203233848039,0.85602075558012358,-0.082918645747041206,0.014162531963072017,0.083643609602739311
665,1.0271576449572613,-0.10209615514654091,0.30285262089603426,-0.20027023218488682,-0.036553071249033023,-0.073438942876145996,0.020225280060241005
666,0.59662091048556343,-0.51510660299545585,-0.51959827038741802,0.67718562335197063,-0.055602492233012613,-0.0084033044495587655,0.083874718865504155
667,1.2450318017002249,0.38962599465226067,-0.35308328310699522,-0.94673763532000499,-0.093962460606888579,0.075314573136369078,0.026415456610721033
668,1.0753863619613853,0.30926366454073007,0.83681772662993192,-0.34768612791611919,-0.040110750908764571,-0.050013430556507782,-0.082459293438210901
669,1.499638947044756,0.2038162284324514,-0.41972540726033869,0.36662752117973851,-0.056200197476598837,-0.097508222845787113,-0.0062980312137606714
670,0.51980230181014542,-0.43973784570082919,0.97401876851217373,-0.33128351321004734,-0.062453104480157486,0.086443268670216178,-0.043166985761551736
671,1.0323917681016768,-0.9106784704922366,0.76620913224675302,-0.25025523630559876,0.078285970205162397,0.09377819222290662,0.037104887447513751
672,1.4963288148926732,0.59699134686912481,-0.02582275137122747,0.89870289799015035,-0.098304010844058709,-0.064177555037104345,0.032480790010906424
673,1.44157353236925,-0.90238408100607281,-0.1373945582296483,-0.20312896918480616,0.098534989079484825,0.0065659525509963179,-0.0027167339515083572
674,0.7506843394544358,-0.5158751912994155,0.64332874854894162,0.40898657355130297,-0.050321402059439226,0.087896500626807039,0.08842459867713004
675,0.83864386072216479,-0.84385860420480108,-0.88635910252276773,-0.29260260820020267,-0.041534263293157819,-0.090276411618123553,0.03709303309990164
676,1.2970890370842083,-0.2872611210627376,-0.44882339011458972,0.6150555381360403,0.092785834337998335,0.051684601088500898,-0.057299269343877503
677,1.0978705584756212,-0.75350707767866187,0.45723119678820856,0.58968547194260457,0.091021849974275176,0.0032533025116007891,-0.070984021247206541
678,0.5789508782041255,-0.96996400381880576,0.96784367273930538,-0.34932110753435208,0.057574521861655154,0.04010406643476469,-0.013481924254210423
679,1.2899321436737765,-0.4312398991797266,0.59841858408692428,0.66027105447117052,0.013037841219452659,0.032234478142267126,-0.067435381187128968
680,0.80790657744222349,-0.15442341884631539,0.92957599675441571,0.11044484211885131,-0.094605998948839642,0.04692679703706909,-0.058657023949766685
681,0.53032248241775348,-0.0082184895678665271,0.6028243447933701,0.02245967774808566,0.076679300171214021,0.020500300142148875,-0.034272736032360848
682,1.0000317136506429,-0.27099913248971008,0.86299402827516092,0.097751792154451067,-0.049323435734911852,0.017777133656584357,0.010086043687214594
683,1.2706215534984864,-0.74464120327135963,0.76601971165038774,-0.58197260204502621,0.040424207308674243,-0.046610022325631766,0.053516919891771514
684,1.3624753262469842,0.51541479279518909,0.34993850628278622,-0.80056193149324661,-0.0076715477564223422,0.033685777526049843,-0.097559991405484756
685,1.191076816848109,0.72624363736797415,-0.0083775943920718632,-0.64312245295879311,0.047882983751834696,-0.05351123872605295,-0.011538347047625991
686,0.59923875629546941,0.40609941374437497,0.88468402719110228,0.045746528097152961,0.037194752895921168,-0.080975996276543158,0.094142722828188641
687,0.51544675294139397,-0.93472429057085904,-0.427793524060891,0.11632774769540188,-0.059323813987685187,-0.084045883138039387,0.021924132886562836
688,0.68951818869677584,-0.76130002460488555,0.19990754124562859,0.73805688656426471,0.021594691112675424,0.085882847318817429,0.068480525604815712
689,1.1547658334577917,0.96740940770904826,-0.48260002988316364,0.1598075787401998,0.0051034655773484205,0.045574403473927799,0.028692671745670778
690,1.1229825615444819,0.63772686992367333,-0.17216343357549779,0.81770930771840233,-0.011412896367355471,-0.073087468515353513,-0.070519342366674342
691,1.1163946238768532,0.61535323965145938,0.78076347248847044,0.49158653091151305,-0.041108209764485905,0.097197167330901862,0.014574576049478025
692,0.60728643777818092,0.172250748892806,-0.65807502377145544,-0.8774201361633498,-0.088026003634834649,-0.095124408313026099,0.0062221727172245139
693,0.57429789851954183,-0.12020687396000063,0.83414870027644183,0.54298204759757418,-0.0404456027015411,-0.062901546467844627,-0.028258022157644308
694,1.2582948850711926,0.62391007450426894,-0.6729552643385619,0.57651704246781188,-0.093225377750942029,-0.038280695110671586,-0.050942773913073496
695,0.61358730161123165,-0.22330910449526509,-0.12298176061218102,-0.95656898644803845,-0.024295704087654843,0.046861214343953017,-0.095081571092545072
696,1.3114806296097625,-0.07649028415798087,-0.091616902968842062,-0.0039459722327719327,-0.018148372777938168,-0.078214944387342167,0.081597189131145276
697,1.2252113701258058,0.8249690311418687,0.35096787959666642,-0.49957756533444808,0.05801981995246297,0.069282135039697462,0.02553690752576171
698,0.50274761452265038,0.6030374985690623,0.92994067878009967,0.46673290389639321,0.067971570505479806,-0.082015508593001427,0.013953203777244821
699,0.67443130469036716,-0.75357799210640097,-0.76524592710206663,-0.73578054231043266,0.085263116830846641,0.082376653519487725,0.021118219747634906
700,0.61685461232545025,0.8081193746865154,-0.80225373534302546,-0.29682488794165796,-0.099622030580309939,-0.093469865336063995,-0.074897657205317117
701,0.69293133113401573,0.43034265925437953,-0.044006869361981504,-0.15738185044699504,-0.085557891842962433,-0.0053899669322127197,-0.075684755656953942
702,0.93763584321354343,-0.74404076325897406,-0.03119020070423173,0.45590950942134834,-0.02552054998226938,-0.014525136753764184,-0.051964893504951641
703,1.2980423722084362,0.83031553085772303,-0.13907972617086117,-0.33787696882399665,-0.058275421149530174,0.098567640604278389,0.090834406643427734
704,0.70451564100138331,0.39627657153162654,-0.01796434424273663,-0.62005358474726191,0.070669174820223807,-0.047585572771596502,-0.045039124983143553
705,1.4994300539730272,0.74762399779699185,-0.63973087638651527,-0.44405935230876348,0.065586939145006545,0.085154854547681819,0.050360220746341888
706,1.2382639488207663,0.23947620658398905,0.31941307070810598,-0.19985987034662944,-0.059695573792674872,-0.015131778603024018,0.0063844453673427976
707,1.2211721751641424,0.11007769722453831,-0.02312873928373782,-0.55398578262091402,-0.034435388816932158,-0.021886066762377962,-0.082416240783638545
708,1.1796504929348606,0.46026826159844147,-0.74492982536699648,0.11022015367238702,0.079268270829754489,0.0192060970930574,0.03046151569634778
709,1.0564898185254625,0.72515780791063378,-0.096256132920103488,0.22777764899618269,0.021720210627759612,0.08664440275200555,0.070589201750600766
710,0.89362933933438393,0.55147755303228707,0.41177769226669136,0.0010763294549498426,0.073683054635046208,0.021781446360138609,0.0058508608254263239
711,0.8974544777786515,-0.6165098770177595,0.46931528455557858,-0.183762205840174,0.068903054362145583,-0.022037721538054583,0.04479479116530885
712,1.3884852946095143,0.15718847745114228,0.34523539402593961,-0.51385519126451085,-0.092561796138838484,0.0095020561722222174,0.038981082597096262
713,0.53827423669817787,-0.79026265762144554,-0.64416984799482369,-0.41288155907535229,-0.070205588030359173,0.012382346910583666,-0.020425927929837259
714,0.93202603266179873,-0.30780927700168736,0.78507446381866597,-0.70581248099556704,0.031334577075979531,0.0025511310873271853,0.019294309094548462
715,1.3646126362568936,-0.81852342395536271,-0.46105716640289396,-0.55302863248127987,0.046805655968968657,-0.082956305848842199,0.087426818041155457
716,1.2101668347421444,0.94700349021242758,-0.65883845483544667,-0.4980520037636349,-0.073719644188417699,-0.062208753317139931,0.073979278859517328
717,0.72103023035053759,0.53811029397630472,-0.26556744633340124,0.50812444322339889,-0.063611300386175754,0.0042602339606989253,-0.02492482807161836
718,0.73857533934118258,-0.70587125425085295,-0.27279915904166163,0.81143133483385421,0.098789330441381384,0.056045990417733199,0.012231661340653871
719,1.1321061161522326,-0.91741948025408426,-0.6122237196946303,-0.83418441080075567,-0.085686678247703485,-0.034334742316134426,-0.013033071726398032
720,1.0580438164209682,-0.6333239176670511,-0.40839229929071252,-0.5207954471991858,-0.054580069580089631,0.090449307925034611,0.021466979988873813
721,0.76352883057421828,0.44539587639230893,0.25699732599842284,-0.53710722019062618,0.095932002455042076,-0.075083288670842629,0.011130734324730857
722,0.56703126359904132,-0.15380405611265391,-0.17594825703831929,0.16932771374495581,-0.090069524007188803,0.003132901383797404,0.044238051384252908
723,1.3895029284671208,0.35082399923698349,-0.319908958791147,-0.0084893354908714969,0.032050455241567716,-0.0017160287669970159,-0.097804999235143075
724,1.4384525932592636,-0.74414649029541069,-0.68293536174299674,0.91598443067891022,-0.005302863936271246,-0.065882907484215075,0.067725629463134873
725,1.1525186395517795,-0.99906881702222083,-0.32168173350989804,0.36045269747804265,0.070314413952246441,0.035696125026551451,0.048338796264088324
726,0.81506657522488735,-0.76172505998361673,0.78406778984996905,-0.33295199772886441,0.050710792307760322,0.092517753935854763,0.0054070131023007673
727,0.70305251321752871,-0.11420334155583478,0.19532927103609299,-0.51620651870761147,0.035008504060869583,0.09267681496157279,-0.056166123587265138
728,0.76287694884401236,-0.41953847332912808,-0.64092443882778505,-0.74550536831953318,-0.047910209345400911,-0.069373144206016368,0.068199321669342144
729,1.1266549298616906,0.130134312981532,0.27483540592299649,0.49303614196253109,0.038961704586306434,-0.019502603571159668,0.047603561474181016
730,1.4309498834130214,0.047375491577261064,-0.33146058299916903,0.027943122670129439,-0.028649890834972422,0.094956486991652572,0.034589025465465911
731,1.2903337511533182,0.94983405986587277,0.60257739091728468,-0.23571903374176562,0.09131904414115638,-0.048412592390413713,0.044964804895511773
732,0.70042853657417592,0.61296860032478206,-0.35387995954519735,-0.03165346375153022,-0.019934900169180161,-0.03836548355051439,0.054999611107904356
733,1.1065042013558064,0.23088069417138013,-0.26804056221964068,0.66577714206316929,-0.059345437400103056,-0.0027852965988936773,-0.062303432546737515
734,0.8601594932801514,-0.2344118498434371,-0.63917880201798738,-0.17144223792613134,-0.04354402527058026,-0.052029448245180257,-0.091756888055312263
735,1.3075065082552371,0.42042842624405674,-0.49595796097531397,0.7706149745145614,-0.014207433011009019,-0.04612289789638653,0.049989225624331585
736,1.4675500821586924,-0.75493213315589713,-0.82600956827345007,-0.65950787033655711,0.092423371944828053,0.061099325593352932,-0.026663582157280249
737,1.3484256245984088,-0.7199729670625461,0.37514948295937511,-0.38584862338374748,0.042197615282782042,0.054014064500765901,-0.074734884414716707
738,0.69140224500536718,-0.38187335973477232,0.90316875607455738,0.96539133705112645,-0.051541340557953057,0.024009179107756545,-0.035978835530042441
739,1.1023115323832329,-0.16832111667514393,0.92281558479108616,-0.22975320806647637,-0.074979392610672796,-0.035852791846256435,-0.090966744299964319
740,1.2694498148707862,0.78250196292153729,-0.58021817461912928,-0.67320804167319492,0.050221052042913633,-0.018188091224253619,0.036521297236809275
741,1.4253949718066199,0.10712240665716011,0.052244782563159564,-0.32723863425842437,-0.092867637960664134,-0.096739877793689963,-0.096276148026320396
742,0.69379562969919206,0.23205679075618368,-0.084695340573009537,-0.065592423275584899,-0.062027062032756763,-0.0488268661654431,-0.064499002960251128
743,0.6744435604920983,-0.52649665786843047,-0.7116235012110721,0.43443585452517675,0.09208774776596132,-0.073180276587742288,0.04861772441044393
744,1.1779003040641591,0.39958503227173581,-0.29182862094839068,0.16975660159207373,0.061507527223878172,-0.092423622904523314,0.044731685272206112
745,1.0797390503056059,-0.2509837831323356,-0.17438156268337357,-0.41855410698561801,-0.043830738817496107,0.053880594730693482,0.0090707626798566948
746,0.50064153651064536,-0.20553468127360897,-0.29352974306635859,-0.30443680566702169,-0.022428778074295858,-0.026701393194125331,0.064255122409706017
747,0.64601576644973613,-0.46397123066138635,0.24961096156155094,-0.41448221930165063,-0.034561091042284733,-0.021114747480436402,0.047104024977640158
748,1.3130054188486113,-0.55272419009138662,0.54282771457731993,-0.20544036052015557,-0.021715774293063345,0.07775509004313888,0.0069711902775079909
749,1.1260677172752027,0.57575039009117202,0.7593558376180134,0.91881178039330491,-0.076929269114742432,0.044062053553551361,-0.044312500269546966
750,1.1885460110179573,-0.8056295654237986,0.10213820587929012,-0.36693266311717321,-0.0072559974624024359,-0.034951789144441747,0.039318911415519742
751,1.2712100884386519,-0.55240225368904428,0.26590124674004434,0.29341966329403713,0.028277054640784699,-0.075779903741785629,-0.0081465934936447992
752,0.65075010669785283,-0.51422686407204332,0.087995921728266202,-0.98729218411025443,-0.066328340477043307,0.010605266303000252,0.089019314322167892
753,1.0920839314881428,-0.37332226893502529,-0.77911269818646156,0.18626161097238003,0.043153732417192447,-0.090657340288709976,-0.079875790259209795
754,1.3220595338925361,-0.97951292595700346,0.90543116130945411,-0.96247135159577879,-0.0062757169937486951,-0.080056478044807811,0.007840851479102226
755,0.91438873676182775,0.66262218091950942,0.21427879505696823,-0.19928921857191106,0.07372400128925205,0.047070524560163973,0.091605542809220425
756,0.69451195281656164,-0.60104847213380985,0.89914538065702088,0.25463345443042362,0.089806737162872241,-0.034266532391926036,-0.049272351062921493
757,1.0118907886524724,-0.56128810310441524,-0.47109772878529488,0.27186506033882085,0.067773841857658196,0.083573154993205584,0.027476623285285051
758,1.4010792215097372,-0.43859201165380868,0.67084627002131958,-0.071671465674089996,0.0066810163436880066,0.048881814496392201,-0.059965283032897103
759,1.1920314054642063,-0.40447273567233633,-0.76515632827721691,0.35012293524439286,0.016264738665177442,-0.013763640251838474,-0.067875642983290879
760,1.1994963262168787,-0.63024474155529009,-0.79858498477369566,0.14955583397749561,0.087253776372411912,0.030395264955584311,0.04962916042727189
761,1.1114502036049965,0.81636113923631637,0.90063295834211132,0.53947100675129889,0.054947370056683681,-0.058499052983675685,0.072622942807068963
762,1.4227814098837548,0.94210321448503409,0.27651733304804038,-0.28350858894382314,-0.068056448046826507,0.076194631234912852,0.0064016229326618462
763,0.98935601640910176,-0.73083470199310607,0.53184279441579529,0.3772573100107055,-0.086702133944782794,0.0719064879011031,-0.070127597630419716
764,1.0526577776825343,-0.23122433064935199,-0.675330385297497,-0.84598633760461839,-0.075880040256323292,-0.017225431437437447,0.036641866207065804
765,0.70317325708183043,0.95976444961313812,-0.31471707656600323,0.43272182776664359,-0.095148248104855768,-0.017902865798982662,-0.061932154796049077
766,1.2922055149332257,-0.89526547088105057,0.92382481493442992,-0.0089629160950313036,-0.097531162695208395,-0.095768588480254407,0.093193629807272055
767,0.62981625965937205,-0.62083487036766671,0.14202219238876679,0.3166042118276795,0.066829252461449801,0.018848764552325398,6.8551170514324911e-05
768,0.73356970038088742,-0.41047419812842989,-0.93260294991853132,0.15705358861184293,0.024696495109025357,0.0090646822911236019,-0.07792487043248833
769,1.0864738217823107,-0.17804394207272911,-0.3942803190637445,0.013814653131332344,0.015302160777355023,-0.04196605985050908,-0.097407729662210035
770,1.3743119736308786,-0.38211892733503627,-0.12538347282136186,0.97084727926630787,-0.090719898982242447,-0.0348374527912442,-0.038540404221569992
771,0.92613349141743884,-0.80240112981212119,0.31277432506372649,0.46993493133928621,-0.098315021631353708,0.09698566781527837,0.030524831493769028
772,1.4542876376857599,0.48141337895458269,0.20664867774774232,0.39982101167773321,0.069227888379933183,-0.011476113837618263,0.093023843739666101
773,1.4077656013678785,0.058017522837136681,0.46951712581546734,-0.33341015947651553,-0.091187993364297906,-0.027792105366876638,-0.055212194248399342
774,0.68621714305989967,0.29923994887476257,-0.46640840688424823,-0.75358490871393924,-0.0019112975130411158,0.047143464807213792,0.013683978421109619
775,1.1907980747569442,0.59952218847666683,0.58908016749036585,0.31280423011405012,-0.048056132515825682,0.079722102469914069,-0.089300548643806169
776,1.2170260587133339,0.63600119414983314,0.46386544143113229,0.42844111192050782,-0.066151623260235076,0.017753212997729279,-0.082995709027245054
777,1.1362355384276286,0.57801552359479125,0.39502619229217872,-0.6457459679989197,0.09623680431191331,0.023916822701506774,0.050900593979114256
778,1.2202855086363624,0.72756811273976352,0.59927608383908137,0.20571015033791595,0.022442943515196379,0.024639569878253706,0.039731149032543045
779,1.0475629767866876,0.97835633108281517,-0.95852340725463026,0.30830937247531209,0.034541152595573138,-0.086793067956477774,-0.087707302971850504
780,0.78591792796057036,0.038467910867480803,0.20584667177090132,-0.94340048979200186,0.085634739113216007,0.069181377479419881,-0.044513563953108265
781,0.65713385342984676,0.80933593522084291,-0.8071921119136618,-0.062483005011240378,0.077059801268157729,0.080467876372024821,-0.074081031604869479
782,1.2519956909088235,0.54512520261805086,-0.89636452324973526,0.80225672232306433,-0.00036657841129099367,0.077290175619831841,-0.096532336664617413
783,1.402206341586218,-0.24373823002191464,0.12847213739309327,-0.54650862058415717,0.077458452722752036,-0.005479758189534098,-0.03824782493392434
784,0.52858310391335661,0.88386001235052691,0.009929939252708575,0.48618629502321808,0.03209139241327863,0.052678111225175156,-0.096200178438510239
785,0.52056768859158131,-0.058702574104052552,-0.77567428757944601,0.13437179430389978,-0.018667662461410939,-0.029343532630513772,0.020253419793954647
786,1.0873674323142051,-0.66842347488338327,0.43723097400980149,-0.34702729822459544,-0.081787594587497986,-0.019999657865140658,0.064254426406097215
787,1.0465291649200403,0.22386845369871389,0.45595636061924716,0.28955994414133635,0.036475849992268689,0.0078304068761273077,-0.020881275205916316
788,0.86848011493431787,0.56327642783672149,-0.90621595393804921,-0.52630056732959973,-0.020756183059242955,-0.079877782932673835,-0.044403683900080537
789,0.64092862015017926,-0.33643118779438841,0.19320543780393407,0.73074507230019892,-0.055329922176767889,-0.081565404211028494,0.093752280366362795
790,0.54755920300178762,-0.98254401704398742,0.66504358984173373,-0.63500748478010371,-0.026642548755955495,0.027522215834717312,0.054729694778841154
791,1.0168790065831479,0.29190807826059073,-0.12537756100710196,-0.073773518295449758,-0.016414337527591472,-0.042480477626587201,-0.079709336538377584
792,0.93831238764185465,0.89402356170979691,-0.58835298126861146,-0.2324858740122131,-0.059884244709243875,0.026375801984592884,0.014963229672384643
793,1.4801661359027016,0.98334839523047024,0.97660690235005854,-0.88928122302713919,0.061660789524069448,-0.075131586537478229,-0.048431494382634527
794,1.2377604240801325,0.14279651752631861,0.76308828523667405,0.047604841824010702,0.02049909537928854,0.079074598168067056,-0.085387991467252067
795,0.80231160056836592,0.77157733815245488,-0.24445375665823166,0.11019717211812341,0.054490500011502713,0.042546406703889039,0.0084208777194118845
796,1.3416887290905812,0.75731649053032557,-0.88466556961648979,-0.074991548202263392,-0.029127672039427524,0.052807325066031308,0.00015281883325221624
797,1.1007253439749958,0.31897094605366738,-0.77933599855843183,0.19113564804731498,-0.009727407045067471,-0.03611816630808927,0.053166673864452035
798,0.87264313795256854,-0.18684913293544092,0.053676459253192199,-0.92832050449119641,-0.029378432714043987,-0.05576508746237039,0.032840918889063569
799,1.183947186050049,-0.67517093044670817,-0.34273226109101773,-0.82913200588490787,0.0034595377584037967,-0.027608065874920845,-0.013641206851979518
800,0.69073044859790045,-0.16073632825142092,-0.76210131078659415,-0.78633564663067079,-0.044765226493668611,-0.064861134698733974,-0.031679835115645746
801,0.80587562975179206,-0.26216213394360044,0.2122752733136537,0.83914318301585666,-0.033742416002153511,-0.001316248184940319,-0.048983026634566218
802,0.86348843379471996,-0.82412401185765716,-0.34540332705479515,-0.28535628974561167,0.081616502069349284,0.037692083148363226,-0.0086096415031379214
803,1.1247137008775099,-0.65117851742017119,-0.19758875236338613,0.60793301851117088,0.08172002400873507,0.080317127727435295,-0.03965581055138756
804,0.91031974151838468,0.85519340004158173,0.65466553651191539,-0.94328858700021101,-0.071856938564240858,0.056464163886611435,0.087234057652746028
805,0.83013132109271814,-0.50128434933266308,0.82480718119622587,0.43026957926606735,0.036653510936435652,0.093373146684643166,-0.043821601144343969
806,1.2238578491249323,0.8557148944344366,0.8375283773858615,0.60590063895003232,-0.060176945861218717,-0.008978299391311409,-0.083169696689901873
807,1.1162502774659531,-0.41802147447191951,0.65044287128125333,-0.41815209013637622,-0.057142748435582313,0.092322801183906622,-0.044367159207074396
808,1.4243966252030096,-0.59647560590440984,0.10866841981797193,0.92861381903241469,0.009235158716406372,0.034131506403860895,0.031296043846055499
809,0.95882040265155277,-0.83109914563838827,-0.37737720081663251,-0.51079591014016024,0.025905125928606915,0.054172110073119534,0.094936977295663943
810,0.9176660986477263,0.046695390390286251,-0.30747213219391534,0.31829281423947431,0.0037912382828946684,-0.015869140088844547,0.02901950038360665
811,1.160785234811943,-0.47843633316379242,-0.61010478321628603,0.31793896978697389,0.053549112119752523,-0.039188563808230596,0.025838485168513142
812,0.8249351879244472,0.83187844068647232,0.18910570334619581,0.76499166611334801,-0.032267320286060608,0.054879679053751823,-0.094226079546873398
813,1.2126887644481883,-0.38060796008971431,0.14544139399935374,-0.42666209107328501,0.048921872352982981,0.031082151365758204,-0.008184968797109976
814,0.59031334404556346,-0.76983994836650371,0.61149737045993691,0.33197424974564216,0.093765574746980995,-0.040312118546009114,0.025749004460523833
815,0.63576502481070385,-0.43253618064139543,-0.87066923275237218,-0.96089031230768795,-0.052345019243405844,-0.076945767002983168,0.044630152185880456
816,0.63972022898971836,0.21099490760962536,0.9641693470308097,0.24011691677461244,-0.014739445878267338,-0.072892425379555301,0.077515031294701137
817,0.6992159304623865,0.61324650505076939,-0.82049079368714617,-0.22416473211296939,0.09609128124661126,-0.054156041761062215,0.013187894954548349
818,1.1871665831420068,0.56606574617799188,-0.1755617999234349,0.067598856114131411,-0.098694708283335514,-0.001430970474167334,-0.048583315914928461
819,0.98133443321669667,0.1831610131438004,0.20957654866315956,-0.98337540566189374,0.04036516446331756,-0.015508352710026888,0.037805036503194056
820,0.83583154432460038,0.058476927133018775,-0.11201649830936034,-0.077236882223564951,0.098749686730244007,-0.027579046188717204,0.034243491638713763
821,0.76170956614223084,0.32616580421544072,-0.73698871312341674,-0.42968379145664781,-0.022571872399649279,0.089934642777829782,-0.01690836801828588
822,0.7488582391606039,-0.21464258252061286,-0.53688672706381868,-0.12028327815139161,-0.0064681143472882646,0.03120085738641537,0.041860839161941887
823,1.0048486661422835,-0.496259675804819,0.47184364203146512,0.351263376171421,0.08215707952940296,-0.039575204186883144,-0.081791203651864194
824,1.4490347482292303,-0.81383437015178806,-0.99223679163100464,-0.41019816943927223,-0.068467176740740265,0.06914673940614216,0.084987455551849778
825,1.4565263540749736,0.33137808913433831,0.23186066042908382,-0.46989423796065211,-0.0065565527870400792,0.00056037649632700859,0.069742360588731039
826,0.81952046827695102,0.4390888587024544,0.95560353647920504,-0.23395737324924082,0.011270316506282255,-0.062409560958113147,-0.031503876939939862
827,1.4651855544207539,0.5225778767352145,-0.8707543694079769,0.40603041080440128,0.027701001488706328,0.088575015455037487,-0.050975466955080997
828,1.2437876529335608,-0.72341030813477825,-0.64893722815951027,-0.65742448598101455,-0.040443030986530043,0.083318273547547894,-0.078352665995201839
829,0.94384831248497103,0.12522634126465548,-0.7183476768612358,0.71796173231335847,-0.051988951378007721,0.023615927717108715,0.033237899754861022
830,1.31336600030696,0.47215178472445185,0.42156558284466206,0.2280158472203313,0.056894291336507974,-0.052768085785307339,-0.012932656843217871
831,1.4008499277343489,-0.091192494895847798,0.55418856537378636,-0.22912039698579623,0.0039513708340175729,-0.045151252737426775,0.078142879590992032
832,1.2746257686595892,0.89050856785825894,-0.54010634221321863,-0.88229418597087395,0.025898055396184866,0.072127687781271321,0.078560289064065175
833,1.4113149353484142,0.41187415178902542,0.74638092832643488,0.7351643294372463,-0.0091833092885861556,0.056949492115133754,0.062106945782824441
834,1.4111298583819112,0.27407211983565216,0.81759576737838091,-0.38309788679613321,-0.021346717653926303,-0.096268176191368515,0.026580041398883675
835,1.1091413268030159,0.95101098673457796,0.3186330122045431,-0.26020650569334158,-0.067983518143689581,0.056403914851810927,0.09219261999230946
836,0.57003164979563403,0.58171002799416693,0.65197496029991453,-0.88912267602831285,-0.068285863703671373,-0.052171703698921656,0.044258166883470451
837,1.3673982126945909,-0.31741770397742575,-0.35039510939697238,-0.29104887795072987,-0.038719418580644697,0.06826885942529401,0.0073494876912842955
838,0.5894543822739523,-0.7498595965408501,-0.10559245227525804,0.73452405153192424,-0.0029522949280929855,-0.05748111750230267,0.027023610607749549
839,0.74655000794669701,-0.553348942197597,0.99481669869185874,0.026829121016221258,0.0781512559378853,0.022597815690612255,-0.014207697687203466
840,1.0522299571928797,0.028438050043637642,0.56698939949766469,0.058160889301488217,0.087102323109412655,-0.051249185037065617,-0.0036528028677949853
841,0.68770830773462222,0.97535540335443827,0.45945360593410145,-0.11246769974714188,-0.05940425577008826,0.073706967034143228,-0.048267258003569971
842,0.54107375035064731,-0.87754476563672212,0.94071187871314188,0.5957641622001113,-0.063891288285567588,-0.076752244957477775,0.064923542388924699
843,0.96681295561012925,0.11843133907493342,-0.31756768010350078,0.34492939464712791,-0.016794719037821371,-0.018540925575911332,0.049884604441002178
844,0.88116160376660202,0.67130291350646876,0.0026817173336628475,0.16663044415024908,0.017793819153649817,0.07832118325600157,-0.0050481946072884892
845,0.57700110919083658,0.65117576178296788,0.12544150255831243,0.092806876252526926,0.06107618049986227,-0.07673866200687679,-0.0023797565795527637
846,0.58895222397252722,0.93497314020000077,-0.77131196394976098,0.10356291335587997,0.07462909003157478,-0.051355695092717583,0.010740135297437087
847,0.624426052218084,0.83819964627823995,0.72005650751001915,-0.23115662912150015,-0.03039737132143315,-0.055271538540290904,-0.0076937134111140643
848,0.87274037221026235,0.27818079194939149,-0.22079670401010221,0.78509130323670573,0.007505358093040787,-0.083828032193798974,0.042681202339841129
849,1.0906851836232834,0.6224495810333146,0.24234178019078434,0.76416085249174781,-0.041381940839452153,0.074836591899199278,-0.088428676314585467
850,1.1615166967221873,-0.30712362051309428,0.87594593301666879,0.73440923777334666,-0.033898236849182362,0.082109833306615115,-0.055059776327652223
851,0.57452129471636693,-0.62761407750269882,-0.91315863674908782,0.49328668137101528,-0.068622412795796922,0.048051973458253405,-0.019367359154733269
852,1.1087986619444758,-0.63529723628261237,0.12103606878085182,-0.18588764243386069,-0.043982426542412023,0.033801779248184533,0.03238491527676951
853,1.328133430359757,-0.60588044310468558,0.10338343857197652,0.97027061973814943,-0.018774481055554709,-0.0062269362446769616,0.020748295748082193
854,0.71066093710628786,0.90458812442084047,0.43404434920735935,0.78376351201852335,-0.041840098509932026,-0.022442541118498666,-0.059100400013440441
855,0.91700256481600939,0.27448356881478153,-0.57955077355774054,0.92631819906420487,0.039243238287788251,0.09059520944456545,0.033921594303202018
856,0.81619579652434582,-0.32954253811999745,-0.74797431330068975,-0.38001382789152238,-0.009680970129770386,-0.071574115918349238,0.0034368148360776896
857,1.2540880251903086,0.75541399448933833,-0.67847054689123754,-0.79431572993619559,-0.057539652376904532,0.06295654287891847,-0.089129648509401957
858,0.88520409350751172,0.64979852905234581,-0.71537065399453059,-0.87693142668031121,-0.062933953162024936,0.004140460370190821,-0.087397081985124483
859,1.1228580668968497,0.9209181263509818,0.85630516188541272,0.26903590071078964,-0.036319572876031186,0.079379704139539098,0.092426869494174863
860,0.70425335980927262,0.55473040987829303,0.59173054488068866,-0.98909192928081491,-0.074700917045070855,-0.0012544970262992894,0.059060850390702385
861,0.86078603749317062,-0.48714486541055035,-0.39547582992202845,-0.007871011536843886,0.089965807477702747,0.0019453455381649026,-0.035638031632924227
862,1.367271190823282,0.76501058951079282,-0.27483239300685192,0.32735294482561583,0.093811600067317619,0.075446647372596265,-0.060220532805499639
863,1.0252345303107862,-0.010449029786411046,0.66780624731700677,0.87430371138695495,0.089596667099531374,0.081280766854698872,0.099302718692345776
864,0.61401645949245554,-0.71150399307076095,0.64732433223781483,0.57666470301157036,-0.064264595019536019,0.065493020151122544,0.0048388246607043994
865,0.92680602785190269,-0.66771128299921689,0.75811597959384458,0.63438821574465609,0.076793724630526111,-0.0072674569838962755,-0.043622428837832253
866,1.2821229377869745,0.29942511753633827,0.7796285666273528,-0.57102108936996898,0.094217407749058152,0.034826406466625659,-0.09178080583054625
867,0.83059645153188455,0.57143922879236442,0.45698430538581625,0.25388955650421674,0.043538953306854256,-0.046352570607899907,0.06097812420852855
868,0.83196859434300208,0.40808922258999503,0.42216877081423743,0.81622175965374111,0.017132937706494072,-0.044170992904563638,0.073248199551486315
869,1.3260108510894675,0.75084191266541489,-0.83333290236678015,-0.72436650304103622,-0.075362297600993611,0.040956803106363932,-0.097164391211130255
870,1.0939123193305944,-0.13318178913696288,-0.9699259249608978,-0.63944268809635041,-0.043887973100533606,0.011562638218035604,-0.03701402698582755
871,0.7592642443002976,0.5951819789468098,-0.44420531390288054,-0.41039517244083834,-0.048320383960468831,-0.062472178551412294,0.077917892647314885
872,0.80944110711123063,0.91923931001449599,0.64126865715906201,0.036046259291043103,-0.019328088208865515,0.052532109387656178,0.062094783933404729
873,0.94073795125533566,0.73533532846650185,0.2787652663806639,0.40260340073809053,0.085130276165061081,0.072299443317614426,0.026167103174341733
874,0.5640184153144,0.19574773203373685,0.084636041843274779,-0.44778318853035648,-0.0019283648467378345,-0.076521451518801881,0.014950281735748749
875,0.83885743060016771,-0.13960791874168055,-0.53384805733746754,-0.92036975021545775,-0.020301995445152238,-0.098685166706552571,-0.065134129584667161
876,1.1225209613876996,-0.9747275820820549,0.69105051045256638,0.090563136026375002,0.00053048750506398679,-0.043377195969313269,0.044208706731847347
877,1.1381695242812486,-0.97475016180549434,-0.4658045956096466,-0.11920625194638834,-0.0023802102078952919,0.087632889058512159,-0.020439646480079371
878,0.78265915595105395,0.87868712004300664,0.92266740852436002,-0.95356109554625323,-0.044999346355766814,0.032176795628223592,0.047489404801859147
879,0.85659227598521492,-0.97156774338156082,0.84107382775323525,0.18775853935544862,-0.085868755543500597,0.0038336045562954724,0.099590468067039972
880,0.80700163592487639,-0.98896845672830902,-0.83328846817338809,-0.72906176893261931,-0.052611731459871969,-0.028474169012666709,-0.06876890556916887
881,1.3253415327244342,-0.16119757321076134,-0.61731764999856398,-0.40011989022735506,-0.011685220392304754,-0.090951099408643876,0.098113075394650723
882,0.95458652975258551,-0.56680433364606375,0.37735809290110778,0.069884373469549788,0.040346968947782003,-0.027977721644935047,0.08369110449648684
883,1.2371374273787639,0.22439286040824946,-0.72637906786010431,-0.97403280747282994,0.050147574007009837,-0.011647586360432505,0.046291994951476567
884,0.76462426180685905,0.46737566584058099,-0.062530584545686052,-0.18197336042467649,0.032863286083854304,-0.075017345840878297,-0.0081253829802899746
885,1.3913713393371148,-0.89510627873523396,0.92043043537001457,0.40919236917936264,-0.0013263882248950309,-0.05293172346114592,0.0075665762227489636
886,0.85472959662231585,-0.68381935974015962,-0.86335193504658658,-0.085425235655601783,0.049832766817202973,-0.036185378652359185,0.012781751027063804
887,1.2815100427877772,0.61829213357799695,0.82814585884991887,-0.088834099530333166,0.074813367385261537,0.076901575534656708,0.097675851747183434
888,0.58005407021450694,-0.40680550310826691,-0.51731470176938954,0.97981827417866274,0.076397253402830961,0.054281479453256815,-0.048514686677812335
889,1.1293972525027041,0.80512874269995405,-0.11915803286695636,-0.90850557326568726,-0.098692068989555209,0.052257980230762974,-0.06799834723809714
890,0.58807027372354548,0.85025540983588899,-0.17360094159824269,0.28469198176228283,-0.039129057979733962,0.045546272288950085,0.068353061796881498
891,0.69534725552922572,0.81350056422595918,0.19013358031315697,-0.17499277194980434,-0.072934909425499808,0.0033675662341831059,0.0245774640092771
892,1.1481382556689821,0.53486721734775911,0.97525946530749485,0.028141012803565957,0.080504473393413101,-0.025337074404543317,0.083547941203914872
893,1.4095976771381937,0.77517975662223049,-0.44245855366971298,0.70665075109373343,-0.045102176951207468,0.040129801407652099,0.01783416246497968
894,1.2162030182634029,0.42355601639369489,-0.94027056103113948,-0.093026866615018244,0.0033634214355308528,-0.012566578544024876,-0.0016395331498905152
895,1.0007144441376328,0.23485502570096406,-0.99465621331705178,-0.92246106487576518,0.036492291027985485,0.053547034093369722,-0.0059253470332919222
896,1.1927780417619083,-0.72292409789616352,0.39792871692652487,0.08248551445271235,0.004938001671861425,0.036154850366540758,-0.055667558396440046
897,0.60555985335047924,0.85305700265103024,0.49648796114851801,-0.040742590103453047,0.045260231848435223,-0.013918719591204567,-0.037773430224166307
898,0.78024346149111057,-0.70778673803826231,0.50448967528754385,-0.6523590691363883,0.021697235789968253,-0.0043432051082372275,0.018396852093720412
899,1.2370637438149692,-0.85549334421375689,-0.31125544124432003,0.091068721340666237,0.09489366965936788,-0.054345983238991737,0.031959650115272742
900,0.80971490542721147,-0.062441601720828466,0.8859001561638602,0.73840773109345648,0.099365044961299137,-0.081474431559935945,0.019505011820724422
901,0.63383559199164219,-0.38523379078964237,0.9087795523076958,-0.72270669619307992,-0.021386644849993794,0.07448298663479877,0.047428266460105922
902,1.2245872061297516,-0.52022506424886195,-0.38189095421268093,0.061895061370430104,-0.041889710526266555,0.058390077904002524,-0.030200667242146692
903,1.0855484121321766,-0.44183355585197415,0.33974862503441772,0.69336073162680223,-0.06452747121657651,-0.061150009925725501,0.012820582042948558
904,1.2257060582122763,-0.21810086650173766,-0.90135180224696487,0.66777355904697178,0.046557527907995999,-0.083662712368913678,-0.076592656686523986
905,0.76299024244721325,0.62021932780548394,0.43967663393301404,0.61854271122819737,0.069319233531245222,0.06219693326424533,0.029434866726135933
906,1.3193389147222503,0.27745290469814954,-0.72119566702523352,0.66602212518696002,-0.026238483044529345,-0.032790527407920753,0.042105127715465179
907,0.66867581055689007,0.93445812999563604,-0.55035117823467306,0.70143101639595207,-0.03055282992005029,-0.034241885452902174,0.069960120608171389
908,1.283298031148955,-0.63189833376632976,0.84022239202118421,0.98815317865363639,0.076958679021949028,0.089796268056860362,0.018880215365400035
909,1.3065531118662723,0.64857028338190914,0.38906610944939013,-0.63993046912252249,0.012255029592776384,0.046769532707980094,-0.059017332647481394
910,1.0902463852536752,0.8337234493890564,-0.074164565532558013,0.069398887838756806,-0.035673715812936643,-0.034810819676155888,0.097210662256780739
911,1.4846273873470111,0.55622359600082993,-0.12407389483815923,-0.76121848724898489,-0.086298821348134228,-0.058717071722737192,-0.0017047508144862195
912,1.1911336345442654,-0.038721945693947823,0.56110271403779999,-0.9898446165259982,0.081031906385868629,0.052441829583949662,0.024731342627899888
913,1.0833703430416513,-0.13339322137909426,0.4881446563529459,-0.24652585788134695,0.086405271633135772,-0.040747140311280287,0.02484466228889512
914,0.94374336129311642,-0.2039981310554404,-0.23851384599871084,0.47858645703577429,0.046192438129327634,0.066960469632556113,0.0187688557176066
915,0.60682871410561035,0.24181072789696834,-0.37367261566772103,-0.53152510398801178,-0.002029897965359434,0.0013246134649708419,0.015971568282751217
916,0.59216659226865065,-0.29611369113958119,-0.21510170728397116,0.97961176681514539,-0.085825463365146501,0.058379074404123849,0.045322048327800263
917,1.0362056954383287,-0.1905982161952835,0.042255869620742681,0.99407486784088372,-0.076013846353305423,-0.072191599624616146,-0.098495783410991855
918,1.3884533629255744,-0.28493450954448085,0.64729111991006572,0.053624465462314808,-0.079391606191940522,-0.045971957461238833,-0.050775368263406409
919,0.8292445156034669,0.24216809755833202,-0.86393111756556196,-0.51705981476055984,-0.030075723463386161,-0.05631352650504369,0.067681686138685498
920,0.89002816632151982,0.78871206158910101,0.87917277426572493,0.84326980717404632,0.03885885881617851,0.01905345440222031,-0.090515212622413785
921,1.3470126168061822,0.96344922694171609,0.45047423324660052,0.38716561738826183,-0.056688622279628322,0.007819336590128928,-0.098653544534312188
922,1.4687342084739941,-0.028210918933003537,0.28440172798573871,-0.018770096703422778,-3.7660856151672251e-05,0.048737555533972021,-0.045911052357631557
923,1.3965752168305303,-0.58648710942849669,-0.26334009659383506,-0.29249546519919156,0.0011537484295925521,0.044721525776778209,0.025919421952378702
924,1.4285047859861237,0.22645325813315664,0.16833527774093726,-0.51325643138366095,-0.069184079923305289,0.056200171789895559,0.040335986490381115
925,0.73851754871904507,0.21047485390945253,0.53302652815882179,-0.74161349834234525,0.08288527910669341,-0.033145764657144292,0.082245374844732905
926,1.3521381473310035,-0.99259116495787314,-0.47893484332989167,0.85220590057085421,-0.036080867530911845,0.085415273163611832,-0.053935043903148787
927,1.4291126945057115,-0.55176168464592124,-0.98209165375772289,0.24469402105329308,-0.042536383233063038,-0.015648389327403173,-0.020333461589090954
928,0.51619558419718892,-0.90932134269890308,-0.91536056005744459,0.083662475410990478,0.0021188274501282578,-0.093811549264861196,0.020375467873680123
929,1.1037610299291467,0.38467231333069773,-0.29540421473042699,-0.84183966921194564,0.051710434975538011,0.003031330652310274,-0.068461847392597225
930,0.55233940343230359,0.88157844402302543,0.53222596989409121,0.89853209164358772,-0.02033433713067323,-0.082210111724706117,0.087257314820620213
931,1.4905644862074188,-0.60657419608646279,-0.61533367723948085,-0.23769462303238265,-0.084076007532053909,0.0076408513838446268,-0.020655762559851382
932,0.84544452327405339,0.81001779585450451,0.83639057630691793,0.36073957031651682,-0.041624103458551276,-0.066451983096183248,-0.059838629888525952
933,0.75125482823988476,-0.33565059631204397,0.029412253371234431,-0.13570556833905201,0.077688930577212573,0.0084859760953156227,-0.037650257980840762
934,1.1241251858717538,-0.44396538926712048,0.53193352098539726,-0.49083273648304493,-0.033420163169977354,-0.085587844020379514,0.07554311153864024
935,1.2495170070969439,0.39597493758812097,-0.025341221162910932,0.50913008338817889,0.0031442014317604183,-0.0062211299136471637,-0.088191649731806779
936,0.96129395262844264,0.0051642663801896305,0.92566392565341693,-0.61140143636867106,-0.024585664414088021,0.029917242271467137,0.023545761300384105
937,0.64932949516228144,-0.50541075688259762,-0.88284869073802774,0.91507039749462837,-0.0038749839942035791,-0.018066247730604501,-0.023651359119865933
938,0.90122574046127646,0.38038882893448633,0.70010655316666304,0.39952815235951999,0.026843017440093292,0.057286257062554136,-0.010684559525351855
939,1.4878689628121016,-0.60364710504667052,0.45200541489918367,0.95516976207815341,0.03534476598796879,-0.062668900552480311,0.031358541389271022
940,0.70219609908019698,-0.96143190940741352,0.056020417252711008,-0.68483111354280224,-0.03300169841408461,-0.024017546573030721,-0.011698990829993011
941,1.4798266443163151,0.65396895308883063,-0.21049893072370796,0.2223134492023382,-0.062256686593828485,-0.036820834791488372,0.0577097801090177
942,1.4273854122816831,0.28788276430393522,-0.34092551998847598,-0.68327959658107074,-0.043518342741930144,-0.032955837211187999,-0.012467892390546881
943,1.0766609947446848,-0.38718606875726924,0.53878731813560332,-0.1392307929973422,-0.015499520384335524,0.050578706168888793,0.072183456311359445
944,0.54174596814557063,-0.44495586506180618,0.46967170052555107,0.89341203636014255,0.085981846541395041,-0.0021870236108514768,-0.031211540925911385
945,0.77743536139799363,-0.93020326455273694,-0.85209077247073384,0.14778396796610793,0.083310893303912364,0.018048833606937029,-0.041801025613959819
946,1.4618657671032798,0.15011676619668557,0.67104272983624869,0.060906770793392129,0.030782291546742335,-0.016308069386030286,-0.00016344645859733831
947,1.2447363746786588,0.74372121401873814,-0.65404468019614859,0.97220004938617466,0.0082948922243689382,0.010196621825456775,0.00038906916417084936
948,1.008454239887155,0.42824568753794479,-0.026891804431065758,0.0031831784331877166,0.08555716365495411,-0.0013529037053816168,-0.02304747841490791
949,0.57239224289749602,-0.084755030384415786,0.6379658812096376,0.1321630797158786,-0.00031606005831837092,0.025234314097433236,-0.063023604700802663
950,0.51400369220882347,-0.53005221881577369,0.2076495347096905,-0.27117383772841364,-0.0042287619909822938,-0.0014667609442831908,-0.029854163535224895
951,0.67756707032518881,0.62508311003181971,0.46010208916294215,0.84877465096727267,0.037960381193583526,0.032578584412545519,-0.074360928181371633
952,0.57345383941122408,0.60337112422529215,0.88698151585212903,-0.13803801324491172,0.03876651716558821,0.030279492185708606,-0.072774801216772586
953,1.1109167937122162,-0.88032574854815571,-0.71942894603574548,-0.45502650468464223,-0.087570273370921145,0.085097080726746238,0.061267027092540033
954,1.4333542304551232,0.46423099129878631,0.14900499094028397,0.52607960482680838,-0.0072667605620755638,0.015038332049658626,-0.025261924117498946
955,1.41752323628656,-0.4579930180404157,0.57410974604077225,-0.66708991546397067,-0.0014499911368891782,-0.032228158800412784,0.020474908508884865
956,0.93037442440393225,0.49825963403443052,0.34174255590639069,-0.83272393363768926,0.020340921184968733,0.062189220640167908,-0.0077470193405833748
957,0.93398007664378857,0.34274881746239805,-0.45378176998043673,-0.861341012524383,0.061024869332123144,0.053574615756877331,-0.039358411469808875
958,1.0509226177639803,-0.68262960591326349,-0.89604684066655071,0.60221508488168962,-0.09342899193772175,-0.046006831781556512,-0.065041897962588857
959,0.61057539574615838,-0.71192078226332867,0.91369893074545638,0.023665264187354929,-0.050901744758011548,-0.047331494934403279,0.020024560687370602
960,1.4970195196560199,-0.38217755025273115,0.56669038684355511,0.18063810221504339,0.092570161240466409,-0.098195352478532089,0.092929780644666088
961,1.0872718266135848,-0.89133262614568132,-0.74895096040853448,-0.065201994342772851,-0.025874724759708978,0.0021797333397572949,-0.0519290492018121
962,0.59770371458384219,0.48331233289541164,-0.72772614488568865,-0.84611538391499197,0.085353475585253136,-0.057439549562551796,-0.063453587988942545
963,1.1073358084314346,0.034783006477125289,-0.68651034300794445,0.50861648356440559,-0.028237457550300049,-0.0012570061570866403,0.021779774090018383
964,0.70597248219976771,0.39921346722859097,-0.95299207908327332,0.5700887227037823,0.06720655781867993,-0.080824284073650901,-0.099237645760845872
965,1.4675293626192969,-0.6533411992047673,-0.77908036081345688,0.061398498542458269,-0.08822931053170685,0.078422248815033457,-0.036081807066975502
966,0.92609998784554082,-0.67408169037991206,-0.29880397585909568,-0.064499398137766395,0.049339032793197513,0.011502865073089466,0.090431630798636142
967,0.77855198588744012,0.28218506637016039,-0.39432970187635408,-0.83341107756960575,-0.023729471002896199,0.071548361620208834,0.068147392914830934
968,1.1964792442799628,0.092953177653735342,0.71420356511012617,-0.88986033363960537,0.063858013011837994,0.067950365181844913,-0.0527047049739926
969,0.88338111258092478,-0.86127138974736228,-0.30453597433867063,-0.72984252253050741,0.090596987655440192,-0.058446696821050553,-0.0199892632249314
970,1.2408819973212757,-0.72170805890006484,0.17207026598936559,0.81785544235039809,-0.02178380049530701,0.056736592287083915,0.015287916570119339
971,0.58978281581752545,-0.94318045015103658,-0.14721779835768123,0.59573917490558226,0.097747600360749032,0.020864037319406378,-0.022943946899177628
972,0.52334424898240228,0.98271736584192859,-0.76380998428171987,-0.11881002406933971,-0.072420583760218829,0.068477024943846942,0.040083910844521148
973,0.68359869607937185,0.78835246553173777,0.56215782184120178,-0.31103175962489615,-0.091594055569217236,0.040934384583446531,-0.07315503531217589
974,1.1527974984416809,-0.21391947957704716,-0.6299875200703442,-0.028879087029444861,0.078767175043393339,0.0072491577455539441,0.0067575143181937969
975,1.1904907001594511,0.38731892005520185,-0.16616968342116656,-0.38607798274649507,-0.021228076194567416,-0.026445014173499204,-0.032698705007242687
976,0.95274476642522754,0.25694929758808471,0.22958424631085728,-0.60997178844528888,0.065524160345027782,0.041588080051514764,-0.060762924365019622
977,0.73258452993226642,-0.68751282619981224,-0.1575851323863815,0.28824319612168492,-0.042823376899496869,-0.025778814883003404,0.016909117010627875
978,1.1366315394732203,0.66227202281265196,-0.61925358991915669,0.66701781890736322,0.01921907377183811,0.092630552157476953,-0.022547198878255029
979,1.2039103683599373,0.9813239208728266,-0.87528620596167728,-0.40473829201011768,-0.050930961751888493,0.014628592500530752,0.053130269641987499
980,0.52444983001549439,-0.64327365694541982,-0.98278114706419206,0.61703533413486777,-0.06278042017244552,-0.043401191789321072,-0.053165110120916514
981,1.1473046819425214,0.23841791839291404,0.44447119037444338,0.6989763733654939,0.036672427260910495,-0.097036672155819445,0.00092611758779739817
982,0.87518895505521777,-0.56707226588558934,-0.57659946220461333,-0.94418525291943634,-0.01052671422902865,0.0017216867396981084,0.064596824553250748
983,0.89935769845076141,0.68244839498822896,-0.21166943436018082,-0.2188904198096433,0.076145116551328773,-0.047563817234838025,0.0721883819894861
984,1.0294246773082942,-0.18515323569082587,0.80013751368461561,-0.79060533686541401,0.082847863193613813,-0.085871868875561252,0.014319656681626186
985,1.2800596477769859,-0.99444309339670411,0.85782641377574009,0.19457411971225724,-0.098759635435126031,0.0047327368954178939,0.011931860989295134
986,0.98561032786543468,0.26562774466914596,-0.86638387841696174,-0.90798136970718168,0.0037876889723873208,-0.048514435386305177,-0.094999765594299623
987,0.57517208063663539,0.59551637935891866,-0.92157561800112608,0.82190108723962951,0.054706597072301716,-0.068906659122565939,0.093522663825628127
988,1.3403050056366739,-0.60139066244851991,-0.038207206886238687,0.18400443143470202,-0.0088997169521510822,0.0033539166337438892,-0.027728369834212702
989,1.1558620504135932,-0.36545473409745743,-0.67553536520986324,-0.60285931949992499,0.053133660332456645,0.03689985945958435,-0.070668804976203037
990,0.7410231636227439,0.56644895884934887,-0.49891969241184175,-0.63191703770500118,0.0015312517345927035,-0.063588162602699061,0.094229052157027399
991,0.89359306432357755,-0.1666207619838862,0.93850116819828977,0.017016187125445725,-0.055118410105241766,0.059420495259476874,-0.065597003908706097
992,0.54139480132269679,0.72659770022939063,-0.54511371302694789,0.77774174834266785,0.052686612954130352,0.030258383428309721,0.087567711629055495
993,0.96417694439414681,0.48864584752196261,-0.90133532248278692,-0.31977261409518087,-0.029855377864334592,-0.026477194664674866,-0.041920945174699714
994,1.4919111910836471,0.53284002182881918,0.52053033962993878,0.14556875360202914,0.024070362807084925,0.013975349908780729,-0.045464414728275851
995,1.3087288863379152,0.079892617018872514,0.61140256127009684,0.73224798626771048,-0.030610724836184905,0.061781530485941677,-0.077927274283575404
996,1.2567931076554086,-0.79709709409360818,0.23257059008701964,0.031042076281199149,0.005504127389348884,-0.016860502524223817,-0.043370311044273802
997,1.3393475027822879,-0.14690221963841021,0.050131705318462449,-0.75737837809531028,0.045820399736289097,-0.025358885041162002,-0.027714415382422516
998,0.65095689296416881,-0.87132904563003755,-0.35819168353580966,0.57498773481262178,-0.068497059415500106,-0.094312485954232389,-0.058565407675146487
999,1.0105779713772578,-0.61231420040807794,0.71579834602639325,0.62318228520686092,-0.069939791130812529,0.096314601941657391,0.051316318972648711
1000,0.58976638707666507,0.48475016884689803,-0.95517712238311736,-0.13081176260360095,-0.032036640400193425,0.093771057300149369,-0.077368404167853358
1001,1.0768278822288502,0.13982573180962432,-0.70106735560990496,-0.68576418894677715,0.017417450278784358,0.028715167020542914,-0.047942904219738326
1002,0.82612181887610081,0.4872448847470483,-0.48629631856317723,0.84519749438574054,-0.070301058667470551,-0.046786695712267817,0.021160944578477281
1003,1.4003202359334295,-0.095286973992707802,-0.94816080012417725,-0.80637191398132302,0.075757346547089127,-0.036244578471057623,-0.0087353326733797393
1004,1.0270371485645029,0.98009522427554674,0.33089457647560061,-0.67998565444170755,0.027816109672641171,0.053835273665492622,-0.063310536835531173
1005,1.3071740387386417,-0.10649947458093045,0.8926559511371488,0.34213163591370632,0.086047807156038408,0.052460880355493067,0.093809343903836578
1006,0.55975354816728795,0.11063743091962719,0.26210040908734578,-0.77662813728090696,-0.092027442886161923,-0.042370687810288993,0.035488111477779583
1007,0.60608367892508674,0.11178251626848335,-0.18201910119185927,0.8423802637534703,-0.0051134530615656315,-0.082738848718431013,0.076449030372268606
1008,0.94309531406018265,-0.98531680921746378,0.90026014974639113,-0.2869525569586957,0.071658905150026875,0.014900928062440005,-0.032987623188597937
1009,0.94295021243684773,-0.067935373163273249,-0.17424230741698787,-0.72801668630147787,0.075128118804041744,-0.043782939221451378,-0.06458752702829243
1010,1.0070143917058565,-0.86021410640896057,-0.40568604691027788,-0.54293455151623804,-0.0069449006033039246,0.052176049893809584,-0.024122373607248115
1011,0.65188649843911672,-0.07075978617655343,-0.53606691696608277,-0.40931404512812408,0.067176316559657362,0.062695942147445255,0.017125558958418746
1012,0.75325092418199602,0.43135743219177858,-0.79443752747316121,0.28857813634443064,-0.029085664138414513,0.075684203224911734,-0.010467892969268131
1013,1.4050025981776653,0.23035180470839034,-0.66340412906348378,0.4876429594509839,0.057218074277544856,0.019356317031548276,-0.0080680021549761199
1014,1.4405904244133318,-0.80453056640870524,-0.85133902891911051,-0.60261162848683636,0.00990292691100772,0.021322718129731938,0.021658213785734626
1015,0.83295234873789514,-0.85447972575256448,-0.58129796130464473,-0.92296576212988235,-0.042323715621947589,-0.02598131934759855,0.052213236321457801
1016,0.6067974831557913,-0.8378386721272999,-0.24520456898617371,0.82511198051747781,-0.013167195543791782,0.013247065351569692,0.036977495399789118
1017,0.82374263330122277,0.5594085564363207,-0.042447848262884946,-0.14202414586219514,-0.080360499433550003,-0.024336966911328875,-0.044134873899052553
1018,0.722369674749331,-0.78222969600241199,-0.47531472806730535,0.26479463133032355,-0.023026861046063038,0.036900284251972143,-0.099780635552230601
1019,1.2884983021324496,-0.55393580533762043,-0.61119169833910414,0.83595166240037955,-0.023499305582626293,-0.059306835275118625,0.0089474149306768974
1020,0.98374731990889785,0.75032639349555774,0.56676550000140469,0.32671745236939653,-0.062159437750109375,-0.089710819047322685,-0.075197660662997434
1021,0.9903994227319004,-0.21862300580971827,0.39000657030025709,-0.84515868430418051,0.065182017394434744,0.052499722003956778,0.023162832215544299
1022,0.56330058418282702,-0.4115271458036196,0.84583738265658281,0.61724731519071319,-0.056084410095412367,-0.016307221665100527,-0.066248018154217853
1023,1.4077807183775755,-0.090389251756315181,-0.57303875319931641,-0.054464079831727075,-0.049215098950028319,-0.080036357637647812,0.00068291606629478085
1024,0.63570684908737385,-0.62109756435066954,-0.81066621212959089,-0.18351056743696459,0.058847801034117131,-0.041432714003696684,-0.034763346520845922
1025,1.4978271239097793,-0.48490311023577704,0.39317789554810911,-0.084216159933199197,0.093621538225851703,-0.077917812204356549,0.092655866523454589
1026,0.90726122241793816,0.26633335551313042,0.087233888813484706,-0.83210982943742695,0.005708649216410705,0.049720934355769075,0.027919521140456538
1027,1.4952276622437408,-0.19904728829308271,-0.63294547316555971,0.29396424331745186,-0.048792377268482401,-0.027099385468149745,-0.002843211353996164
1028,1.389425020908047,-0.79340340364593787,-0.7772036319890494,-0.83786331367904676,0.076690220207703969,-0.011402121476349919,-0.099157015182300245
1029,1.2667677706124754,0.10508413349417056,-0.28850660853269883,-0.52496433606496362,-0.0023721539746056897,-0.029547929101440662,0.08376132931557248
1030,0.8561080944872006,0.63678902972447227,-0.61251465993283727,0.82264715910210229,-0.056668069532589765,0.054242314683765253,0.036455185647847277
1031,1.0112271534889936,0.036899673185418091,0.17348366143853222,-0.82871938635732567,0.0010414797464359526,-0.068258177598676431,0.02789177364930745
1032,0.93499891282480907,-0.6000569704790808,-0.36182798998786359,-0.68741552673363815,0.065334983484275688,-0.098038166847536509,0.0064705287235629766
1033,1.2668172510739191,0.8147235016749752,-0.26644911199010002,0.34915769913171757,0.087871556486874197,-0.088153460859863308,0.018656627829486655
1034,0.7007436926904913,0.045499306704788856,-0.81183803917240516,-0.069994547648995598,-0.042680284035514784,0.084845525255174331,-0.082425492746945758
1035,0.77377347746218472,-0.73496417202467934,-0.47922219503040475,-0.14877455200922429,0.055997326451925872,-0.038143851530914111,0.065591962431134826
1036,0.83549262826160176,-0.60569671427132388,0.033581613069403771,-0.51846014727370116,0.092614467230377889,-0.059056660466924683,0.060301990975558412
1037,0.9801584875320436,0.47610824552556896,-0.77212906404472559,-0.011530976667176729,-0.079726574382209633,-0.0214017302766146,0.081460069413324954
1038,0.53728263438272761,0.66007589763442209,0.98316014876804925,0.36148609458106384,0.063162985922183029,-0.028628257667383222,0.017685846517411785
1039,1.46488986571695,-0.20533460462250464,0.91006457884683933,-0.75435505321216056,0.035481942002285383,-0.019237930001356915,0.065114991071778955
1040,0.92241026301051288,-0.81361213043813341,-0.025619486728500007,0.27131689374903911,-0.097721757376050988,-0.077870447943571619,0.083352361869155539
1041,0.91154142363139212,0.16921850029491603,0.36425596407674887,0.01901140492788822,-0.013149260437657698,-0.040823634200014891,-0.08448996770552282
1042,0.74401248717994828,0.82344014767108153,0.83569022279884964,0.71564913340133951,-0.022662051410254611,-0.0094425881020127056,0.040535594305585315
1043,1.1589595093848579,0.65790166005690587,0.85980896155488518,0.99034917593604477,0.044291514278407385,0.065112632247283447,-0.026675159542223811
1044,1.1444718603795483,-0.36177878120697882,0.7097963280380728,-0.47834037762110793,-0.063260309679543172,0.024569403287505759,-0.078348707259624395
1045,1.0726537966795515,0.9471841173287987,0.4047077284218088,0.11018730815228528,0.086251166219556169,-0.061619170008172436,-0.09911676564267545
1046,1.3247196075693408,-0.25313124381700791,0.45598548328515665,0.0066545471213639296,0.059890854012396105,-0.016334809311693441,0.059180541877098175
1047,0.8182533349864064,-0.78582953469357886,0.91627098831632159,0.25486242631465839,-0.075844996231630213,-0.033607459205723528,-0.0079066405931134537
1048,1.1961165528019584,0.34889000455989949,0.856801412551492,-0.19194730681926431,0.009787317436716389,0.042663899381356063,0.015427214191598135
1049,1.0895547128055365,-0.41109842473155989,-0.24495716332255668,-0.073592818474552235,0.037997172179133482,0.024750844668834995,0.0020550946154554162
1050,1.4580411597901017,0.18733254288791046,0.76130351673381491,-0.76732936594064483,-0.084835093892036945,-0.00041629446860728947,0.074736300982168991
1051,1.4805793454462473,-0.5749802348110975,0.0014100451506153799,-0.54603426939882382,0.087249189870869021,-0.001182581832323143,-0.032532338916025957
1052,0.85397776191693264,-0.96538731215433038,-0.85065869158470164,0.30185876560105518,0.0027360907241158888,0.025439930775436159,-0.08239298961605189
1053,1.4047957878828221,-0.58857880575839983,-0.39710200587118472,-0.50329567595074409,-0.063235483585727587,0.063978438934595872,0.08212661872087057
1054,1.3723526320200519,-0.19465520306788786,0.92448417628209012,-0.80360833686554134,0.065045103546370914,-0.080527559693436418,-0.029808222202697285
1055,1.4078666183623607,0.69299629224052994,0.63193548465734417,0.088418139555172637,-0.04107350378679251,0.0036956002550609518,0.07017839907976739
1056,0.59969406875697895,-0.32668630906591489,-0.34632656409445639,0.9875202768822422,-0.011125861328393133,0.063014134353923501,0.091783181490506516
1057,0.69000340067252297,0.39402896226300244,0.56827985333819298,-0.79701937086824604,0.070896915707653774,0.071711432507780393,0.085228805244441819
1058,0.66570269353597245,0.27585336059955279,0.98956423618099643,0.95271896055549465,0.042639959819312179,-0.056101471888889566,0.067861507898094281
1059,1.4807975860889682,-0.96537594924267767,-0.65171692232098666,0.42071255908100103,0.078164374678535292,0.0026260055253622683,-0.038134552137392988
1060,1.3540339747550183,0.24078176635760196,0.84083035912831794,-0.36255384317239492,0.062166163463963059,0.048596123897463261,-0.067394740787161414
1061,1.0258130518968334,-0.17565532166241882,0.84574680699980265,-0.51996761521319246,0.031830933572517484,0.067988331786450001,0.089697905434476977
1062,1.27036702417946,0.82061186461627655,0.40037699531158366,0.0077971106466476758,-0.024087598137387367,0.042187985722827059,0.013460645976258651
1063,0.5510871670600227,0.12119600269518038,-0.36766872718713794,-0.063946702912145437,-0.066993604555221659,-0.047418219450166159,0.088660283291052355
1064,1.0104714325462067,0.53555041867836195,0.10238187905086216,-0.9390023601998525,-0.028958350174139613,-0.06871111832359908,-0.069933936036130476
1065,0.86424773306410019,0.44287134037504816,0.51760219050326772,-0.59606768949731359,-0.098577646793940862,-0.086181754158035154,0.066048296226809827
1066,0.67413437763021999,0.99014083302273703,-0.91628053989463676,0.20046112267696503,0.032811825453744892,0.037997259155431257,0.069097954833698572
1067,1.2739787034791976,-0.40405302565604306,0.96714270824225723,0.74283007524867029,-0.056834310221955842,-0.089886898285218925,-0.04429949588930622
1068,1.041344998902757,0.35103141197783638,0.050875038373532799,0.60760667465923945,0.05277759133620305,0.0095546169809287845,-0.033719476359423101
1069,0.58623881082315688,-0.57698277713757595,-0.24299163937212143,0.10506100537420138,-0.051131160476530969,0.073566675056904923,-0.045257313277589861
1070,1.2086037972133277,-0.62789068526292113,-0.74914031416689508,0.61061800719247472,0.089438139301762892,-0.0016941795332820614,-0.0085286405002807236
1071,0.98264608748152094,-0.37462605591156839,0.99920482199590599,0.54094415202330115,-0.020186089352520309,0.086986522852071507,0.033130654632519796
1072,0.58315495413402552,-0.57570052726998955,0.1178521907711676,-0.32923704138215815,-0.072393030597660807,-0.091200942975374122,-0.0040494574378248382
1073,1.0302975874474201,-0.34820804954448614,-0.87011632095303271,-0.48870772819892738,-0.040050321383882627,0.046514618373918903,0.09728390330289638
1074,0.64103906114511178,-0.18286544967239848,-0.46448458054012387,0.18699089606921859,-0.022671661812707147,0.028068334928460226,-0.053892984347785937
1075,0.62446133113771529,0.40192646212208682,0.20426556685541253,-0.037130405044422998,0.046896584440940359,0.090627121773528885,0.091469192524123971
1076,1.0702535247352643,0.22838770504728334,-0.78267928921658214,0.7392015701852328,0.022069296568483693,-0.040846701074772708,-0.083728698422095793
1077,0.50226515328437626,0.84779060081949709,-0.34220900643447139,-0.095579473767829048,0.085391777119840445,-0.0075490035132556865,-0.039435054206700459
1078,0.59167962415075925,0.31867334736963904,-0.77148784712278284,-0.73009370784040151,0.063097385438234399,0.090790683701066466,0.089611482689679972
1079,0.99818717390457556,0.40114967875583596,0.37445092060990492,0.73458725540091074,-0.029809823646135089,0.011849819902920777,-0.02652389045296287
1080,1.4542299505556144,0.91001187447864651,-0.92684666807249227,-0.965663551185171,0.085021330791742983,-0.021239366394960019,6.3096053594863255e-05
1081,1.4269665260714588,-0.53687106161122777,0.5910908790687055,0.42609639575246816,-0.027897767369001833,-0.00022933162814167685,0.038767901195214755
1082,0.82047354422143626,0.70538303640223088,-0.61526409093037127,-0.05499313472542533,0.091533797067356537,0.066418804881691412,-0.0072425753847496777
1083,1.2176112636823007,-0.75656296151082203,0.28824078313660229,-0.39243708168615199,-0.056620340580292305,0.0093996756552185562,-0.045742765713391087
1084,1.0525684030162257,0.60968852376573524,-0.74649472802271299,-0.98166563226071202,0.058067973393399946,-0.07680200666476876,0.049058146225541555
1085,0.87485326667392915,0.73336505264683227,0.40415584424352979,-0.78756588358455093,-0.022928150310101647,0.088872061837201727,-0.050205156642938259
1086,0.6563697185029741,0.22567847388484052,0.67876119927185985,0.59659262228272159,0.0078953756623867388,-0.086711746489415431,0.08439533581190331
1087,1.4989528889006367,0.11980639003487203,-0.46195719854254413,0.039714139908327839,-0.048192600031896071,0.059225578487633324,-0.0096551097595513474
1088,1.2405395307427223,0.56516546144429447,-0.90381342297061562,-0.56676954678467939,-0.076533165881129406,0.04358101302572065,0.050984087566775582
1089,1.1893420661542797,-0.16670685241256811,0.83305816889967899,0.97456340611856107,0.077572560403075003,-0.041709069785339725,0.01023364463165384
1090,1.3551167939896662,0.10969066529819083,-0.50784197327856329,0.73259099118170257,-0.031919607377533396,0.056691472048892189,0.092100021578472052
1091,0.88256077411501566,-0.62412567605421043,0.49935696067025637,-0.77305211506510441,0.020378935797431441,0.066876773793254157,0.010484654910063368
1092,0.55931592457827672,0.8820223433117107,0.79972672604291617,0.15587676266215733,-0.074872404776034684,0.066448233775884241,-0.05970206930562403
1093,1.2722628243541774,0.25875251475319838,-0.58695824195769397,-0.78596155252581346,0.014451400592224092,-0.046230779845418547,0.056323161940589533
1094,1.4671148383512285,0.56427614705001461,-0.57462982517715,-0.53796039907815962,-0.017775497494053022,0.032447457721326345,-0.05889405575411355
1095,1.0618927411367378,-0.81911246018808037,-0.30934598156777393,-0.65712595801429585,-0.019305283473729923,0.092365517938750225,-0.06044313061239575
1096,0.58994849342837308,0.46298930806520455,0.014745427233758157,0.43266899843454798,-0.066696867035299312,-0.010042658435488974,-0.021576184571889076
1097,1.3562107891489252,0.89441862114626525,-0.9140746802080808,0.40102700975615679,0.060904432268845288,-0.076434403686519992,-0.079846288364703033
1098,0.97474913866245305,-0.679396317745526,-0.24212299586245911,0.6732173416061551,-0.093276446863776299,0.018758684417118296,-0.084566316793873081
1099,1.2260504854371843,0.81782078033689243,0.025008301227734231,-0.73149735261340676,0.033695846855354428,0.03049291478059124,0.086086266294983033
1100,1.2299810778467537,0.0051303136058020726,0.46664946316910028,-0.72668174393456142,0.0054155962462769935,0.056009487532360069,-0.066334771426714345
1101,0.99838316730058774,0.10443487211081193,-0.28546907746743844,-0.3486090807561768,-0.053440570045262994,0.073806630228191311,0.052800481484923834
1102,0.5040857732421925,-0.22568497034438173,-0.95784301745149825,0.76709481813223857,0.06609699721492987,-0.047386142729196702,0.035678835751811688
1103,0.97115397887661725,-0.34861717225326916,0.90497730001660903,-0.93381619818067163,0.023070103291058783,-0.094444146559661601,0.021035530669618871
1104,0.52187596110541823,0.66599742141748797,-0.52821511739192584,0.30259402305433603,0.08877836215115964,0.057434270877914029,0.0019664613344607673
1105,1.3519536671577308,0.70868734948650691,0.95221290715606544,-0.3265043286529552,0.072569095247511511,0.055675312803322052,0.045632223915848147
1106,0.51970998626189913,0.24231777304795199,-0.21110196784683555,0.1856505572209517,-0.069514301632506659,-0.035027637331262601,-0.021850293646405922
1107,0.63594260142689296,0.31878999927735685,0.63176926520951326,-0.24219046954029477,0.036077653868639342,-0.08527218712219671,0.0025120025610358143
1108,0.88102813293393933,0.24506936260387535,-0.77757030697878426,-0.35399995864737299,-0.0027157391825222976,0.07437328340572083,-0.018810723752847022
1109,1.178174354743283,-0.77221092890585585,0.54392744402065074,-0.49775785980618825,-0.048573430594609238,0.093112291797979002,-0.016385643977317815
1110,0.90903485889530666,-0.14475359425628653,0.68476996651563793,0.8519763450941058,0.088638557792978412,-0.057415312084621452,-0.044934404580220202
1111,0.78638564126685351,0.26418691225221802,-0.81675061686511352,-0.94815208795487127,0.0092556724366926468,0.025403333722524901,0.071742411888781443
1112,0.84677579524355917,0.24668393123822252,0.21757988631846481,-0.16270042178241795,-0.015533439792024345,0.082697030606589811,0.090905450120285419
1113,0.89948352056472103,-0.91851008979340953,-0.6300620524020295,0.48023313998000372,0.02322055842584532,0.0068488786903220661,0.089205219879415598
1114,0.82237325359041369,0.37997959813012283,0.38498459918712702,0.57148971301003004,0.053457243496335044,-0.07934545241818669,-0.059638186352292788
1115,0.77469580753318801,0.78125726673508167,0.98310659313571347,-0.2398689768940665,-0.095152698903032629,-0.062128465702983096,-0.091055700577374332
1116,1.4923817394568135,0.20387624403959559,-0.39202160698740784,0.69373474271515234,0.062168207022911565,-0.010586959401801183,0.099514001464518914
1117,0.60229582602192022,0.7822374987226075,-0.73463891822990113,-0.51960407449052837,-0.062154069110223059,0.0042565950799245134,-0.027140980276828638
1118,1.2614276856808062,-0.7609617158073938,-0.58578388856302022,0.071775417990643131,0.061877335585720283,-0.05379757654367974,0.097434029372499426
1119,0.78640529176223661,0.40026270461833291,0.11406816931531116,-0.82661354194273029,0.014837230611590813,-0.0077683907298848609,-0.016707701854874329
1120,0.7299002795248003,-0.9570586837920787,-0.84006078931571926,-0.70312449331682303,-0.077642826504899135,-0.070307673267471213,-0.069245411366916476
1121,0.85749572553051556,-0.3990071159196209,0.19509011816339217,-0.28991994200679461,-0.08106285819346537,-0.0067367003468204317,-0.038297192061949176
1122,0.62052775170174357,-0.51184498982810989,0.86974979706824818,-0.54604736141774857,-0.044511074710145954,-0.056344946629708639,-0.086951357880562616
1123,0.90996707432370827,-0.34790576965136122,-0.023272242399430487,-0.30256910721951291,0.077355819848404644,0.0026079961487244646,0.041042097516642895
1124,0.70460009434135473,-0.35159721839541369,0.14197210347291711,-0.030974755746821403,0.022157765079169403,0.019249120518053345,0.038016051700904774
1125,0.91627503305659985,-0.23179847759527772,-0.70750632551851189,-0.73326155435405704,0.084962354593102252,-0.0084760638910881675,-0.036469068373919861
1126,1.4202013736585468,0.73250549825341715,0.098682346944972021,0.76963539109078538,0.019030941353639114,-0.069610227569760236,0.058971711776505814
1127,1.4740847060719546,-0.76443894952341473,0.76288758970000181,0.91633718533387376,-0.065121035869396174,0.037218005353763406,-0.013712222298750909
1128,1.2078123392075049,-0.75136179539460746,-0.46123808762827223,0.70663960877826715,-0.057890575725595819,-0.030538014557879703,-0.040063277113933364
1129,0.74146901217390038,-0.30841892791760728,-0.60608515625144954,-0.41219418976535516,-0.049842985630694114,0.093070284075539883,0.096697090815887815
1130,0.82149323085096992,0.32360889196785858,0.48976425176365979,0.59825844130456352,0.085649367927703723,0.062135450675158382,-0.048716364639865728
1131,1.2581658932864603,-0.15074140515682122,0.044107787678511201,-0.84112274747046856,0.0089686528097557006,0.09632214409334941,0.0018739117602221966
1132,0.9464440852096212,0.59771104862010449,0.1600844892284754,-0.74103228696910439,-0.04954453354904334,-0.052976724372903045,-0.097042146212858518
1133,1.4160391851533136,0.38731087905998995,0.076888353818747257,0.36511015225156673,-0.036790603604353156,-0.02502816274298518,-0.087073379989923816
1134,1.097067705470943,-0.28313847508752588,0.80971599909389713,0.39227305412594538,0.079239368056575138,0.054193275546367353,0.059966739790367346
1135,1.3706326404014721,0.44098722415912084,-0.41313679690371652,0.32874637125686856,-0.096643027311725832,0.072355323850055248,0.086091006171872347
1136,1.0450721200078639,0.31840834523246087,0.71064193440814449,-0.48193194920493587,-0.032958017113521199,-0.085291027375860917,0.087191015470153066
1137,1.0703855701183977,0.98428332794122531,0.21682674480851682,-0.21325171548216781,-0.062191119012490907,0.048919697192268602,0.014233925355117999
1138,1.3210550902997844,0.70345840106737478,-0.60435663418623142,0.95125257384033479,0.032203591795575304,0.070434693728603254,-0.036958708250739478
1139,0.87067115926748673,0.32030019859080605,0.78606964894206155,-0.13828491265752585,-0.036240906673034798,-0.073049746955506797,0.095778581561454856
1140,0.84113606604567048,0.24420958062118503,0.80114123834238327,-0.42620603317169325,-0.067609186226780638,0.012116941461528905,0.021054646203215469
1141,1.1965994377866025,-0.038209269046679539,0.54335656013977851,-0.16812294272956652,-0.071056135487231914,-0.077133048771134902,0.0048293722550364765
1142,1.0222617315223594,-0.49696010505553612,-0.04969750059465694,0.59661419963367357,-0.063199938941210482,-0.020949818073272522,0.054891053045164589
1143,1.2477656707161926,0.3582220321705325,-0.71645034055316192,0.74837501541937823,0.06397960076444667,0.0059460707386916056,-0.044269835433321171
1144,1.0315129506241427,0.78266707906224298,0.58738428481766292,0.0070288412197485606,-0.035253213072191314,-0.027029442026138703,-0.092736990170081371
1145,0.52947273781653958,-0.02258082820028573,-0.3403398671673048,-0.90415024096786989,0.083029282986518071,-0.070131097990973265,-0.046724657646569259
1146,1.4381077887539919,0.32691901857254502,-0.4508590011288991,-0.99521067804781849,0.06505269383544085,-0.069478697731878314,-0.030632803455338059
1147,1.4498263561092233,0.090733972057642553,-0.23177668340067603,0.56486631223920547,-0.0029541794836379642,-0.012083253028537674,0.0099774740378872073
1148,0.91741824862653798,0.14032939990959004,0.55714260679376482,-0.056700350120848286,-0.082623231673304126,0.019616598206956409,0.050860480906008226
1149,1.0150379171269748,0.10537190618609338,0.35087705543907788,0.55604434576875295,-0.020794301771177998,0.097621356572896778,0.037739068900146611
1150,1.4033180430294374,-0.99597827255467353,0.11302708126470495,-0.63469297852522155,0.077249684276033348,-0.00050543776221437242,-0.030684517337522713
1151,1.0889368385813061,-0.17004533767906449,-0.093268053902643588,0.6396035591196525,0.0056136285015884191,-0.022358483148126496,0.059337956546702708
1152,1.0962107394819474,-0.78195634196759967,-0.91944040908234115,0.6193558997421591,0.043094254060348336,-0.041758292306898363,-0.070025969676264732
1153,0.72001787464186906,-0.98846332189435371,-0.1379357039285849,0.2650913087754978,-0.095554676136519676,-0.095059343336592217,0.019087216606030785
1154,0.71587849772931933,0.144269991037975,0.38440771678624963,-0.23934578380145877,-0.079006013319688997,0.058065484820423729,0.015836356706334057
1155,0.88970469390963924,-0.88974892861710964,-0.33182342797781983,-0.17355840132826739,0.08826656842027128,-0.09086052235531733,0.059310526672680136
1156,0.64561008503876405,0.11741237923303927,-0.34268295348356781,-0.6834254259143091,-0.065916622871805747,0.08173717860964097,-0.064600398436158904
1157,0.90104822549720964,0.9113874270944895,0.7867661611627963,-0.52569496616727784,0.0018422201234638697,-0.0004167452131763616,-0.034088857689001717
1158,1.0469916978797857,0.83872876816592856,-0.37532048051614142,0.79752123080229942,-0.066438171029658988,-0.094256374374373425,-0.074093852815656974
1159,0.96164082335002443,-0.10113273646832921,0.63293305830852731,0.80439221460594701,-0.055364762549367758,-0.022094282097860823,-0.051766599194232189
1160,0.85356959553244149,-0.50063049400789428,-0.15371112030454204,-0.43159635668692542,-0.060494703453688792,0.012613446905915968,0.064150565874700971
1161,0.61782648586408906,0.09724722421103249,0.4457385244119747,0.84295591900542477,-0.074172759623821152,0.019055916283108904,0.0089109865570833752
1162,1.0614693778056568,0.57939422871552981,0.81810875718053366,-0.033654188285807018,0.01427038157939986,0.0094645340309429393,-0.056291277401280662
1163,1.4890939111007508,0.95440365773914571,-0.34217391184194113,-0.93205353584117057,0.063749266422758993,-0.0069859662280330193,-0.0020904578147749736
1164,0.88152675727823826,-0.76775902811449237,0.80120629253106146,-0.87613870583639653,0.072566460324112292,0.089049599204152813,-0.064089487074478257
1165,1.2853051843121412,0.95907752305828309,-0.57856650067192406,-0.14060921123944303,-0.058854760674355092,0.028198583687589679,0.07890092133039861
1166,1.0367845776511233,0.76628210504765648,0.42035218576557409,-0.42766180523981756,-0.083878214110010132,-0.092692468245741427,0.076138004016143568
1167,1.0119593740233122,0.39967318187258249,-0.79765386067595578,-0.9481274506064421,0.042224493221054538,-0.048837864245260314,0.022918411836843178
1168,0.70317222485123088,0.44238841722861166,-0.77464064165580715,0.90038168465523971,-0.018853692566079522,-0.086563945044616175,0.047361781249877083
1169,1.1830040676655202,0.4804432215193839,-0.5337306476809891,0.31737488277460391,0.057700394230670776,-0.08292336847656559,-0.074470259693632329
1170,1.1883379012132607,-0.61749033127757325,0.8208655070773847,-0.5887741821040462,-0.070893576709255474,0.036016095259508552,-0.037891558899255821
1171,1.2718118927703439,0.9794537347797212,0.28453539161852937,-0.76131221635677182,-0.040960766753552806,0.038272128121348614,-0.096176603260936022
1172,1.1929732364121948,-0.30605729453990471,-0.15233006476435218,-0.549453563780822,0.044919458816532393,-0.025728870360175279,-0.021413286100797263
1173,0.67272088478752234,0.93465853101799912,0.42377103748174183,-0.16271001898676363,0.067435714600037194,-0.092411747216102152,-0.050690343513795644
1174,1.00015253531416,0.29867461924985794,0.49946265299579373,0.59443752722620169,0.017108648951661642,0.054699089654971167,-0.044440897668267379
1175,0.82450725960535409,-0.57536936243870351,0.40936067078919303,-0.32517717770586563,0.0027025126577742559,-0.033513952760528917,-0.0656741754030995
1176,0.65460264055351303,-0.086372567826687341,-0.49738207836682968,-0.088258514634065977,-0.044359183850769118,0.0209068327074102,0.015978692166901093
1177,0.7942535010947267,-0.30209045140990898,0.56804376213419139,0.57645611683017939,0.047460669032832914,-0.067228938146479733,0.037289180886609874
1178,0.79356630955209428,0.16638835974860844,0.010777133220830182,0.62897174791067356,0.059099641027679312,0.003316340784347685,-0.020692625576502463
1179,1.1961209318099817,0.44660247747686599,-0.49589312858865608,-0.96289549934543195,-0.012933681323768889,-0.095835466118086965,-0.028195423666278766
1180,1.1634761797766784,-0.84171522088219608,0.47823205958900261,-0.69170925035384023,0.032106879193087801,-0.013404168916810399,0.019893892098760163
1181,0.78934276939414827,0.18880080318298531,-0.76503598349099278,-0.81721465114351299,0.079691090591377106,0.081594331283488725,0.013330663880850802
1182,1.4474992077630913,-0.72644999349988426,-0.14375324986071192,-0.13313380496003524,-0.083049649153626393,-0.082829759865098204,0.070362842787967561
1183,1.2313077264428396,0.78780850857101181,0.74303217227916085,0.68792706405884774,0.016647391135402784,0.067010827482017643,-0.013918166131502693
1184,1.1459153487646274,-0.52498713718282541,-0.59738469480984557,0.42780811606109648,-0.04992347552836645,0.074176771342632591,-0.034408364623762608
1185,1.0420812832184509,0.75825831166816693,0.64629397845152603,-0.19420735271093803,0.07076902891814818,-0.062873150662525856,0.012997083175950275
1186,1.2460024020744029,-0.39266612964784553,0.088058740843824035,-0.14599261424528187,-0.071583727326232555,0.044736600029137347,-0.004013638030581218
1187,0.64453542781241702,-0.40827817447387638,0.20222757949175141,0.050886079502100667,0.00038814336998078958,-0.099032619719532464,-0.054670713764593405
1188,0.62214675208327941,0.93558228434080726,-0.29413451874204211,-0.60957179017006413,0.02489253530915328,-0.089530655960723848,-0.080488003839137068
1189,0.8455173746348652,-0.4885934090110029,-0.26638242901804299,-0.86071475405440045,0.091472350576780964,0.068260885936878207,0.014320093509981174
1190,0.96898092054102924,-0.35625110115890979,-0.33367011477633013,0.01582951297081947,0.072270495597565099,0.086324814651604465,0.074940856149326635
1191,1.318443445750584,0.32937590319203758,-0.31613945963488321,0.235610532686642,0.06776072874265554,0.083363482211579243,0.035776061822233279
1192,1.493607422967552,-0.11875187924314745,-0.0043243899064056013,0.18550125836352405,0.040919785200053738,-0.097135091734867104,0.02029595519298974
1193,1.3207681660482631,-0.87061885665608241,-0.82691207277882595,0.23059698884810498,-0.088335026431316951,-0.044484317267942067,0.047685214485051086
1194,0.88474353074685219,0.83969754461297197,-0.73784710672151066,0.27606063563543892,-0.031328765470096248,-0.093128927016785421,0.095881637723803037
1195,0.77295715581744118,-0.14963070662269673,0.77879029754358431,0.33247447683307252,-0.078761282695988921,0.0026932791973556941,-0.065295234353823617
1196,0.62024601663933898,-0.61589472458951366,0.88658885773243967,0.79115588956774952,0.072037013452185106,0.024869551992433153,-0.079026998336188273
1197,1.018572343694174,0.83952024829608374,0.8828181272376221,-0.41021249593405895,-0.092597330298349004,-0.072291911410879706,-0.049541136697920464
1198,1.4995811348080537,-0.23333978084001772,-0.29257520837310858,0.1061558371760345,0.0018408523262940929,0.019053916168834895,0.017152401247828603
1199,1.0669718968545649,-0.99916915362018299,-0.67526824533492502,0.27621472353038068,-0.099332877597283487,0.042022834468352477,0.023683481499660416
1200,0.53493007890073541,-0.60216856876551894,0.69843821638104386,-0.44890133632585805,0.060509149655817857,-0.087726185392737605,0.060576249045143804
1201,1.3291209054354987,0.71474394935055119,0.74842862199252713,0.13978924593188635,0.080982119320373663,0.0041396064893537005,-0.062920673446243497
1202,1.0246129499064804,0.9389958662061475,-0.35977758933173209,0.49006425831178002,0.080861412337237454,-0.081855577599554002,0.0041423908808404242
1203,0.72593399661869396,0.39664389079663187,-0.44365350688715477,0.95096420592083075,-0.064896723488414743,-0.081550174270391018,0.047232747038381678
1204,1.0183461423632414,-0.44710625544152816,0.80390095699662467,0.97549688577798888,-0.068549279598597052,-0.01975813926983197,0.026740401225268579
1205,0.83337767370557303,-0.74082240610119765,-0.94537575717580524,0.72484821961694212,-0.07600835267502784,0.0033967926362569456,0.048194244209073894
1206,0.73880339529868178,-0.69660061907834225,0.65098169283603169,-0.0099230796578420044,0.029194109999951923,-0.023936711718281975,0.018439839509447692
1207,0.63861907810670671,0.23501816275036713,0.7637448662299946,0.97781245997335131,-0.065014759075292597,-0.087943557301516401,-0.067567929544306654
1208,0.62332419262817473,0.58222108918059856,-0.54635075733005301,0.19630406213586205,-0.045095163355321093,-0.042526479572120149,0.0072977666514903311
1209,0.87463609659610242,-0.20023955526127546,0.27100819169567769,-0.87731728600286862,-0.0040969472431898329,-0.081991383401439133,0.089068019795845083
1210,0.88847444335348713,-0.12783204404640691,0.68719997591924553,0.60320358614137781,0.0015769868221287425,-0.060117056276524083,-0.094079136814491746
1211,1.2642522092495101,-0.90487150801135341,-0.70505561487863599,-0.91243030719933116,-0.095351733563100213,0.019888287851443448,0.058083848414887757
1212,1.0996411811041438,0.66611501512309723,0.70189266120857186,0.58848916926022921,0.074225683664029929,-0.059550895961074858,-0.0790174957792283
1213,0.58723604574481469,-0.21369670264254093,-0.58620456862495951,-0.49712615686695871,-0.094383604650090436,-0.083382696273906362,0.072164675840379305
1214,0.55762847434991603,0.8462053879635647,0.34570991840107301,-0.99228696470891053,-0.044053673266295348,0.071549330088854446,-0.042469785528344906
1215,0.85100815120558448,-0.57274720624311071,-0.35637461803033621,0.50282712790254314,0.021087052269976758,-0.087080507282352601,-0.0032900409740568987
1216,0.90800476795688501,0.35912279935467817,-0.90953748132639434,-0.46736189033708686,-0.010673366942412207,0.05716132479609437,-0.024689167038556878
1217,1.3647288578881756,0.021393109941917787,-0.64090063507307105,0.47355018804817961,0.0078198562783744763,-0.094574575551563483,0.014947305348971485
1218,1.0916047109999689,-0.58198274866716604,0.18751472764439381,-0.52370253450157045,0.048923462271045631,-0.019275684019934361,0.029867571396913872
1219,1.4346834023394339,0.10227526369256457,-0.70716487776568249,0.8372293282632024,0.036738989040813408,0.033573590084681026,0.050690783842920389
1220,1.3725922816093403,0.75263475733887453,-0.74036816392857618,-0.5098861236058303,-0.082976982861971596,0.099932288420430254,-0.049060022865228529
1221,0.97438337159305088,0.25534612428797487,0.40226294685063557,-0.31717125589941753,0.0021573872837921948,-0.03721147542430224,-0.054659621913364778
1222,1.1306755235280841,-0.4162086462048471,-0.95525093825635632,0.85313120434005141,0.012857293608529136,-0.041786757677233548,0.00049711232531945981
1223,1.1543014025605811,-0.6441011451462535,0.3681723927178624,-0.013688148307309689,0.082129521195755978,-0.0022080124522377564,-0.082081495234160404
1224,1.0286107124320605,-0.99821370946814936,-0.39088427731525033,0.75808864078732063,0.097558422680954021,-0.01139457608562866,-0.056097725958935057
1225,0.55611123042800159,-0.88684181243029037,-0.54851841835682302,-0.88017682710292555,0.064729415760424014,0.017153608993854014,-0.060976008808181083
1226,1.1913056088562382,-0.93584214423406098,-0.50558694952212013,-0.88582827838879186,-0.018498507096273459,0.0098791386639655865,-0.071775954919906793
1227,1.3030781422519853,0.50635421266799652,0.31090667616959378,0.50764716698143175,-0.044999594791746311,-0.019450366476057399,-0.010042144581239448
1228,0.69866164723749202,0.87274222757866426,0.66377549492292243,0.021950050047802261,-0.0091537055965055653,0.082648291014780939,0.052045747226115852
1229,0.95991949330695558,0.37018580210842367,0.97814987691434152,0.73978676474082761,0.034880617638231304,0.036667250309449395,0.026156876836300885
1230,1.1051141684523147,0.89912725680218886,0.062158929100393889,0.86753108667950163,0.025573121768525164,0.034697636216017347,0.062723061232322269
1231,1.1940939655275606,0.25271160436267581,0.3399543932011786,0.2075068727020446,-0.072003025061014858,0.0093187966103577685,0.060216208540839283
1232,1.2760545348324828,-0.27211467176148352,0.20615258502109257,0.50541690795652561,0.091134920313827666,-0.085220982697776185,-0.027049918064867548
1233,0.5121569402468148,0.66993026179131965,0.30189283164123482,-0.14405909563925512,-0.0049638498221301897,-0.029719730339076808,-0.047491298033644741
1234,1.0614189822545941,-0.2306577482348362,-0.58239512675822347,0.86233005790266981,0.075319236357095892,-0.092615887022027527,0.051584420359750999
1235,0.56076763532419927,-0.49664684374925017,0.57918756046714592,0.92602910159692065,0.099843772210714554,-0.074073749699115607,0.036013667288796236
1236,1.1093179595209393,0.49338480156111975,0.82820527891057205,0.70733090549680999,-0.099316157362479895,0.07080701046452359,-0.021811196547167039
1237,0.53316851836080303,0.016810043526108043,0.77406751454768497,0.13990333703459434,-0.037306183605511634,0.046428047098918845,-0.036770381666427862
1238,1.3766225855975818,-0.17038268859798555,0.13274295219869425,0.22043782739918094,-0.012227569410928174,-0.026006100876354132,-0.071706362809560734
1239,0.93404758159903212,0.95201990635459754,-0.1256545746112081,0.38420056172337103,0.092325284270983493,-0.073428771597647546,0.094881115762663087
1240,0.81766577129789042,-0.25832501724148216,0.13481062015313183,0.82952334776506698,-0.093611640078813577,0.065302267778857281,-0.054641311585522039
1241,0.65844188121081393,-0.57808696611539245,0.38379074345096975,-0.21373391855324742,0.099330286624055492,-0.0019222647179272939,-0.063130897438655076
1242,1.0696979481989102,-0.86132728663730251,-0.59641789341844276,0.051104277037888002,-0.058061392024380744,-0.038286264711309276,-0.084738853401728542
1243,0.52475627567364169,-0.40652249833195353,-0.43906592033045633,0.39125709781429441,-0.078731152661513745,-5.6070234735500213e-05,0.053694236675615653
1244,1.2104999565817689,-0.66552234651399589,0.66452536960409025,0.98395087623272981,0.023690572224637746,0.029658166219918236,-0.074278078991743615
1245,1.150761569263705,0.47175432493651437,-0.42914832281335391,0.8844866927997006,0.060116133898699298,-0.055777022657689496,-0.011487044991226519
1246,0.58797592008639643,0.86662238863186336,-0.30328224861574826,-0.52912133581489784,0.027877692041870822,0.051699833964637149,-0.024253151202143969
1247,1.07755956531234,-0.55878956337639174,-0.79341028855401818,-0.71374724957691194,0.0099526547795757425,0.0065523415795587514,0.012531379202405657
1248,0.68370617562424008,0.12084416618880622,-0.29702845648306542,0.65492082481741809,-0.084330882249028905,0.074521484528025095,0.019407095974634109
1249,0.62344942597087571,-0.11579000020349928,0.7283933315865796,-0.09578938106107393,0.034839847923402445,0.081034498707196423,-0.048382048322344384
1250,1.0567346235497554,-0.22390916416405116,-0.012300316145937851,-0.55220297674723584,-0.066001270821367378,-0.048880389072518932,-0.077951043861765268
1251,1.4559610692710625,-0.4660811395925335,-0.55236997287146972,0.17400128343834997,-0.0015626510847021879,-0.097109501624478789,0.059224175303877219
1252,1.1991932180065439,0.57500458504689944,-0.36850031953126861,0.67699750255941704,0.038293562054824704,-0.033649622796340248,0.0023140341720755131
1253,0.71941009623616314,-0.71196765940276996,-0.49605358313879599,-0.66264072144581232,0.026856453257106255,-0.095456650388047473,0.078939460996989536
1254,0.9917254259097148,0.10703281033007883,-0.60759745495941431,0.92224857751975686,-0.091782667096161036,0.0010471082154233508,0.030811296260820825
1255,1.2208513337598643,-0.82723880058015897,0.035095323937610168,-0.35554627311570974,-0.062084697596072741,-0.055049682099714684,-0.062086515996121722
1256,1.1352770470015094,-0.6833259679942707,-0.93923726792256645,-0.91392034701211511,-0.0095981750673076877,0.027718320940837871,0.022233474040115192
1257,0.82381171631966121,0.85559739998242001,0.78500891296683695,-0.035932607975850628,-0.072926229506173113,0.072773772066312026,-0.073799033816599968
1258,0.96572334454953446,0.28468678095045941,0.14620941890918826,-0.23964456193184502,-0.032785342963870742,-0.054983773871527711,0.016395430822014292
1259,1.3434784226190812,-0.90461511807419837,-0.089552972950125431,-0.78563012321347991,0.068948297655998081,-0.014787945902998728,0.067515268141552592
1260,0.66115615268058403,-0.86862912119493707,0.97927507981895334,0.83384832541761411,0.069012368674065766,-0.048914134417648164,-0.050333896332852457
1261,1.1282458473085555,0.49497763881237944,0.97122105033896977,-0.24329472292955723,0.08990688948428302,-0.055643671426517653,-0.017925147378208967
1262,0.76449310747103505,-0.18962145264432606,-0.11556452209359369,0.67046705692051689,-0.056222879961772249,0.020110160178472308,-0.024969663712923057
1263,1.4847666889096982,0.24051197904589383,0.82118959912578426,0.48924467426173002,0.069892868340426711,0.090656154339821743,0.0056290896282618352
1264,1.2895125840350312,-0.36350018490004654,-0.68801439011916754,0.0041227046531262523,0.02685498237300335,0.053491474482546875,0.014880237175786015
1265,1.4192854512020543,-0.50442291078211676,-0.93474828107328856,-0.13345044113664861,-0.086959564073673168,0.098426164398989158,0.041588403676096786
1266,1.4437992124322878,-0.40717203636146881,-0.67271900241216387,-0.31388514136450207,-0.091175090750834464,-0.0018294760116446263,-0.055395592971836077
1267,1.3851382615601282,-0.8933505841537519,0.83689485856725621,-0.32095744913708946,-0.069658693935618882,-0.080047869079966041,0.061989372300715412
1268,1.3292913791494851,0.27822626091946256,0.911238650513994,-0.18378044481360045,-0.060653653656756325,0.026522434123394639,0.061892530887396907
1269,1.1299056827030771,-0.3673440752268029,0.47826435738415274,0.12888169326236776,-0.065200016426857327,0.023433389552449752,-0.066227724712082769
1270,1.1953977539514795,-0.58334697047102235,-0.94484058170627394,-0.95063352947461399,0.056407911555903495,-0.07614188650401249,-0.075074318958438357
1271,0.92525263368168031,-0.72626895973408989,-0.23207020256995747,-0.73713122136468323,-0.080351259611836673,-0.054151161888024824,0.059566278781688159
1272,1.1242448281054056,-0.91283963723465544,-0.21184239174102326,0.76412205948009437,-0.040244470299845174,-0.0001615784078169008,0.028312802608877086
1273,1.2439331810540755,0.38849260636904526,0.75322336454667149,0.43010594999114593,0.054804805787183053,-0.099604520709569988,0.086228715415537061
1274,0.99155203378891943,0.71099929073745227,-0.32024991321987284,0.67775498401936152,0.046415133445172785,0.041023587385139615,0.046682678603573224
1275,1.2303549908677633,-0.45296166490300727,-0.69543481150759812,0.963887899459551,-0.095091404549276115,-0.03578477696672136,0.095548435651251429
1276,1.3512937951263524,0.28673701316420264,-0.039218295310291973,0.64408185792681172,-0.026799729361139529,-0.071268318549139467,-0.044779319105516052
1277,1.0482755134569479,-0.88171408130384976,-0.93260670034754356,-0.23912462957824565,0.070967020321324237,0.0047581376717109602,0.086614994885177876
1278,1.0111712345387209,-0.48444776851169347,0.35165439721393676,-0.17601860397312907,0.014714022322374468,0.017695710271482243,0.094262763337352173
1279,1.0937260557625021,-0.1980853142059833,0.17936302281256755,0.14046564586435295,-0.06980970520207691,-0.095420544490806461,0.040887439795751102
1280,0.8592399746508228,0.65714377900356991,-0.85790073158912072,0.15628553044482651,0.057166216895207039,-0.051275001326155548,-0.041814122104594745
1281,0.57229569488926546,0.33542827054063773,-0.59352615037008749,-0.72768014030109462,0.0047178200300262291,-0.070628700816042028,0.053461515606557042
1282,0.54759002899155196,0.87351259365999123,0.10402728384379389,-0.32282655766246227,-0.096798190613316015,-0.070470301814376857,-0.019059796848835658
1283,0.73709173436043385,0.020386081488863006,0.86217474628143131,-0.17377370457352437,0.070417213908671117,-0.021154074227866609,0.013944777946123033
1284,0.95444322090886857,0.79817606927277285,0.40228424600702795,0.43532740755696997,0.098133051402121446,-0.025224070906718701,-0.090382876017260166
1285,0.51468797815642986,-0.3321636129504919,-0.3762966277116031,-0.81718872386687624,0.0047728330689655457,-0.058935697225499788,0.017473475555092682
1286,0.8118354257332463,0.2748522245820606,-0.74473306052006083,-0.90490176477887396,-0.089723725332172571,-0.059457854458128949,-0.036936126837807476
1287,1.2388188971598553,-0.14727789722824891,-0.086019136150689901,0.90958245641901136,-0.098992230588807295,0.021833310142981871,-0.067074672275603098
1288,1.2095695244941398,0.65519720140920557,-0.15235028955544716,0.43453421240380585,0.07059551955562024,0.08501824543771222,-0.084483554782575188
1289,0.51731092243748,-0.039172060093144445,-0.80767914286533937,-0.2263200186980332,0.033526980666370304,-0.011215578577902965,0.072029075763424766
1290,1.4392255441252995,-0.4356926464251305,0.54723168263582478,-0.25413887831268922,0.068287658529405049,0.047076095189783451,-0.064522457726914451
1291,1.1581233301192682,-0.73534834735801691,0.39143905815042723,-0.85879211184363102,-0.091076729025278039,0.026809438852135881,-0.093455743724911167
1292,0.89970398413868424,-0.86359126588412449,-0.6611256964881953,0.261423777888105,-0.01301750540391089,0.019451212340751534,0.0035437916505649258
1293,1.0768207220460217,0.12928469164399958,-0.22673426920802231,0.080590888841517438,-0.043489675934017737,-0.097368999939347112,-0.077291097735255027
1294,1.2551561823917099,0.92799568966631285,-0.498779715421795,0.25028172568112872,0.027931373923829994,0.0030428809937510792,-0.055531364010973187
1295,0.54976318354514953,-0.40361926718519858,0.3566127308365914,0.24829452968585897,0.01323531454355957,-0.021898509010308542,-0.064552975537346985
1296,0.944689069940292,0.32361038120798491,0.44957815120580613,-0.16632204128839279,-0.096261543861280274,-0.034983989558936265,0.016890588897427852
1297,0.95193766173709748,-0.79575551171797021,-0.62539706626692837,0.42308788435909572,-0.085537088738383449,0.095486969673281075,-0.05724768095552988
1298,1.1316413551501661,0.60587766377369023,0.38527519569602764,0.31059128800993263,-0.034131655224193883,-0.038940848456674004,0.093994527612332401
1299,0.7943925584492979,0.10370502331044329,0.64049924534237279,0.9248021340009025,-0.079592847069718864,-0.013593439514601652,0.02630250114734628
1300,0.86776721038200744,0.89643522768762485,0.56861944323447089,-2.1630057804644665e-05,0.053166729769286908,-0.043583655107691868,0.012927592100599711
1301,1.049895955667171,0.6887042718869465,-0.92651032382104592,0.89622293493615857,-0.018425375094377222,-0.015058272974261253,-0.077492268282460419
1302,1.2999559729551367,0.2429970023091419,0.13987570545517403,-0.51345809337310966,0.073245159123838277,-0.018900785222365823,0.02639084128684116
1303,0.91063890676999604,-0.47777527109207996,0.71392287753478412,0.82571150234455981,-0.034977481144467082,-0.035468079516338499,0.025409274942217203
1304,0.64820611658419092,0.72295291825763375,0.3385300228095478,0.22313604384626418,-0.029397090736955803,0.046016221396664642,0.01653564324420613
1305,1.1334332339885154,0.31216287011861743,0.55796914033430256,0.1936316488591483,-0.091331323809268367,-0.046922324312706314,0.006357477868842179
1306,0.57609639634017418,0.92122963935899138,-0.17984232882764051,0.63548409637367431,-0.056163817763758166,-0.026491462348773975,-0.083863230126434582
1307,0.81679832734167446,0.0094525058473786672,0.3285237717447933,0.21169834457259462,0.089893801846697097,0.068314644939757224,-0.051262317377023185
1308,0.70153152192251234,0.65867686115869462,0.11002681869276798,0.79493240100990747,-0.035044057591540972,0.026726653416979718,-0.0080562581552032358
1309,0.82907822864749159,-0.41252830139080188,0.29340977084472275,-0.33970678045783131,0.020599891246977142,0.076365513431354226,-0.011804643600907411
1310,1.1354387243772621,-0.16253654280209862,-0.99724112899163631,0.96814787356085219,0.015777162817897136,0.033416011159967229,-0.055320761201095463
1311,0.90361827501566527,-0.70534414615483998,0.11061244279421412,-0.15526909695780988,0.027763250768631398,-0.093378907933908489,-0.087579974399790955
1312,0.99700402364203322,0.81621067860614649,0.98368052363723235,-0.6302069791192233,0.052721415341027311,0.045185495269309983,0.090128288796624462
1313,1.4644155928471609,0.053911304843781371,0.032244784581049846,-0.42286627544814004,-0.080243158698504069,-0.060228027667330597,0.036485382515416637
1314,0.95780320846169686,-0.38325745921773602,-0.31127498364041717,-0.98746939761640151,0.088505680770622458,-0.058035893337172052,0.012439740782303477
1315,1.1454495784320127,0.53381949911084936,0.13935171417485481,-0.031406431668518753,-0.029254901140490217,0.051870525381128324,-0.078149935943794449
1316,1.3927049430015299,-0.90785089768001659,0.64420237199871422,-0.73657608722110601,-0.081000816567440348,-0.019540052327194204,-0.019513513849084313
1317,0.68612588294627652,-0.49169194856223752,0.14524292215351298,0.68077233069010745,-0.079900849394623497,-0.032134410121367571,-0.052423450813896301
1318,1.3497607352306977,0.09112697210550702,0.26583682377052953,0.67645829490578957,-0.032207512184439957,0.023062821380863727,-0.040508276482430453
1319,0.64833916576946837,-0.16989916591228571,-0.78167239631944785,0.1218360546392292,0.048580921357067652,0.045076474360427332,-0.068532874934730773
1320,0.82426119549446097,-0.65366965077914041,0.95759036358222427,-0.13248775636365995,0.042920669476478823,0.071984590692698164,-0.066899765519924104
1321,0.78698144758505739,0.70844847857585336,0.1827030262032332,0.17570360661097606,0.025573510755636603,0.087151794580786729,0.043820365410072115
1322,1.2252606624623521,-0.92538543371027382,0.51356295034337851,0.76453887276946331,0.024391743758273313,0.087273721498212803,0.087503896392650188
1323,0.99500417029348909,0.53471629349438521,-0.37388849742302233,0.079241128884730783,0.090654548979679672,0.028625513295891719,-0.075291484792810698
1324,0.64030711862982126,0.61662729218512946,-0.90790195192856671,-0.3619478744845579,-0.05421932024896501,-0.03129315236736252,-0.03164300234387589
1325,0.95281742648621992,0.35730359214314777,-0.88897691150974767,0.94136213433455707,0.0022315392645382293,-0.024071057292932713,-0.051550491343194185
1326,0.63096608184230396,-0.38871875560268032,0.26920207431446319,0.26839349508599764,-0.074472274679413294,-0.034881240679562622,-0.083030294797640222
1327,1.1830703522199557,-0.88073247865366877,0.77601413326455315,-0.99612198309982869,-0.0020462771877728381,0.087076917681752491,0.097255512436688452
1328,0.75418381962535908,-0.2829061095535943,-0.8515407026151931,-0.34079457444600814,-0.026061013234274233,-0.072544681288535917,-0.055917264669356384
1329,0.93068388257146373,0.531076327133152,0.37915866108142349,-0.51896260924978788,0.027499768489309157,-0.072664388777430297,-0.043823438692354701
1330,0.61769528846383681,0.55876469047961419,0.29913483333245328,0.93008472354838956,0.0087942851433958635,-0.064454650754491444,-0.050723988713448388
1331,1.4567801280932631,0.62747652904624029,-0.16547290283953098,0.072858495200228468,-0.02413663097097514,-0.029079495292691701,-0.036408526303119235
1332,0.99952610996142732,0.39881783825931194,-0.89913291223384384,-0.16910562071839208,-0.093585169872603402,-0.012071551859131308,-0.037176091895576177
1333,0.54445221550177858,0.21286578170328929,0.23545539682719796,-0.3401555536712717,-0.071195270832360574,-0.098189189685899986,0.069516892113459794
1334,1.4736689371743794,-0.83398185373780831,-0.99488463580426845,0.20719348159979933,-0.04465149782431857,-0.018929235936292102,0.023386677450560778
1335,0.60728205484647968,-0.98786502659074427,0.73629542621828659,-0.52084810462635112,0.081786338784552021,0.032202730032210913,-0.088247447306268573
1336,0.81200062271573714,-0.67946185592923181,-0.073573321469042607,0.060304933376865488,0.00083571624103720432,-0.013252180298430255,-0.013846401886300291
1337,0.99309014186892808,-0.84679592822060945,0.19199930900805606,0.17600058875120905,0.037913977234910939,0.010314195365961565,-0.020470081306244878
1338,1.2030078749067092,0.70989358220610455,-0.81776734184151323,-0.69572106658118416,0.071982103271127529,0.075398663047142017,0.061650992430358514
1339,1.21494864066953,0.42091929843461195,-0.4350024182500396,-0.13542436187881979,0.034055598102466639,0.068916351045875346,-0.073097820145475501
1340,0.50719212138708925,-0.96739822084460059,0.74863298437043535,0.14670203566958384,0.099860113880100798,0.0024740139060640265,0.0033796736789195592
1341,1.0920480814807041,-0.19999700893815153,-0.65380241029404385,0.58419593109320167,-0.03565305027901082,0.061556530768490575,-0.051675550019552534
1342,1.3738040191031862,0.72469868402062065,-0.19098474612480998,0.94703727598120668,-0.08301337303326449,0.084868484162709534,0.010980069384264463
1343,0.74026941452796435,0.23224934277481335,-0.24730118606959173,0.060376639217444295,0.098476659986564491,-0.044824296027809865,-0.059227743503433766
1344,0.666371133386362,-0.1792239833563205,0.77711725517309871,-0.79507135462802814,0.0028499266613088159,-0.0053351117638392315,0.07340681987082423
1345,1.3724304434374455,0.69147851425282125,-0.34166110070441857,-0.19375642469821641,-0.01703712766866701,-0.011891756627795111,0.075884076800867589
1346,1.3321218021801557,-0.20210507625169183,0.92309013956055952,0.62905822405555667,0.010883612733017883,-0.0076847956934711636,0.078538973686697849
1347,0.55895926858161182,-0.98530763750114403,0.37536378961754768,0.67107054630273733,0.099920092531310289,0.085779189052145738,-0.064566859117508008
1348,0.81513853603396347,0.18667872686922848,-0.047390949933405757,0.33701833752544674,-0.098704711452218444,-0.06845880797830331,0.096231748911798171
1349,1.3873284426681778,0.065560719092752739,0.14995039303577773,-0.68488550611357502,0.075294724459843504,-0.021560068959943487,0.010208173391832928
1350,0.60866480751209495,-0.72320898813026768,-0.47634131073526098,0.49934440122214685,-0.04165561864822203,-0.00040089057711216458,0.032753808378323618
1351,1.4490830898807645,0.94453135059443905,0.24510370470684162,0.080739055194909426,-0.092158660156321862,-0.025440415092530963,0.058029151004979324
1352,0.87203301350619045,0.1036987427073317,0.21479911485379466,0.66820251805451858,-0.026341986340405965,0.0096616725668706993,0.045220529936797732
1353,0.77517663667617986,0.65752972432113621,-0.56700897751418333,0.70755072002488095,0.053671780512710571,0.017015714312619723,-0.078144552197422917
1354,0.80335362190986392,0.23033396996233613,0.47529057539171138,-0.3320291120409955,-0.045974351751016565,-0.008568744089558919,-0.077812805627620718
1355,1.04166954235503,-0.61241832093155968,-0.40761274262713743,0.16805393001457114,0.048049432378095697,0.073425925169781747,-0.044254339424387147
1356,0.92188115704719908,0.29116656047307932,0.44403136602861726,-0.49892241669322712,-0.091420138553163582,0.0024260528276403293,-0.010535374030209627
1357,1.0976356649206362,0.81460428354319081,-0.37028973432063461,-0.69855874129745454,0.0078289935371339825,-0.098998569218409951,-0.074423151822261918
1358,1.109750127288796,0.35434427735806029,-0.12764445412262937,0.70824395299882204,0.06672279976565354,0.088966350677044476,0.033009329578145757
1359,1.1382755642321978,0.11286981638802662,-0.98035373095934975,-0.81292952802327179,0.013648851711643498,-0.028333159829568286,0.077270700647016327
1360,1.0194528450942937,-0.57663948757916028,-0.13525577097956032,0.067063658823298677,0.028103079984691692,-0.049332565402115482,-0.055213133867342438
1361,0.72682871409130467,-0.61738108912142287,0.84680072330886547,0.08925394604033321,0.0066865947542661397,0.034520760762249331,0.051131630087756258
1362,1.0529955488744021,-0.47757283264193995,-0.85594028693904889,0.68692177584017378,-0.034684874605751786,0.028771899785277666,0.06349589243038023
1363,1.4648129247688733,-0.64197906533489246,-0.56986186056893584,-0.66310263810540859,0.021461208704682627,0.018962467503718189,0.058400845238713528
1364,0.71846865165460227,0.028552628470809527,0.65126361581255199,-0.4398078450707712,0.031201261543647413,-0.044898987549269999,-0.060812644905705905
1365,1.1834295609213425,0.87624332765631685,-0.44244502222882365,0.41655581312574252,-0.0051881046542617548,0.06804399441113293,0.037315746455029802
1366,0.73776959950888865,-0.32250093374569699,0.23183062764526174,-0.048594208616636658,-0.0020738421234427762,-0.093155001475892008,0.090563000869683802
1367,0.5975357192714269,0.10509450276587384,0.97690188794303645,0.12776032081714428,-0.012110604148368703,0.095665894279612584,-0.0639010478038054
1368,1.2259496088499158,0.17067298468019865,0.074406383335020587,-0.98247891516375319,-0.0505312940925772,0.08613522214461472,-0.072516574750194296
1369,1.1791467325735394,-0.1086724566581474,0.96655530509777243,-0.23276425657479405,-0.094903024433949254,-0.029336335459886828,-0.02493749654309696
1370,0.57429624135075441,0.88025431942311183,0.31952380685172987,0.87010301755798802,-0.065794156752983141,-0.09802646782587382,0.051560768402750645
1371,1.4200211705179182,-0.84722512395518712,0.2195294854435712,-0.56832951791165054,0.061919489852193699,-0.084404043668550241,-0.076793629444842207
1372,0.94795365673186549,-0.0037898717008306715,0.43836383010547131,-0.094579914510816598,-0.026895506107268305,-0.042774184591563215,0.050915139364363982
1373,0.5333329060441595,0.44765981238625874,-0.70568301111104859,0.213030020595113,-0.077256441448652166,-0.049508007062372572,0.0027411080371952251
1374,0.64409058433637245,-0.0065465288676804789,-0.43092963860484668,0.5416870734787913,0.032660883789891515,0.093028478022125105,0.034108936377217125
1375,1.4082044828577149,0.77649982472327772,0.13746268580222942,0.20843947080495551,0.098404771544586628,0.064890767013369349,0.060342435892693697
1376,1.0503543091446308,-0.75844233826472696,0.88045275389584732,-0.99967159999215949,0.089218099560640307,-0.047946867071414802,-0.033042873219468458
1377,1.4785003794857134,0.600773498150869,-0.70019206082686458,0.83504999032499616,-0.090263814870043188,-0.049644607640547594,0.037932744494759973
1378,1.416099307609767,0.20984465834974886,-0.41980430109131728,0.9922727463325951,0.048812366116687489,-0.066819549900931613,0.045125739093305556
1379,0.92369887059708189,0.86718228951855214,0.87400508765513862,-0.10983112731277811,-0.09645084857290287,-0.0014651932475132218,-0.073330876423917835
1380,1.09889487191534,-0.85753005192782439,0.76294730052171333,0.26446760015085613,0.057571603414037859,-0.013136125511544527,-0.034717463227579584
1381,0.9224831005039259,0.15825709355484818,0.36485837537555521,0.10644857678888409,-0.065927082514311147,-0.088962763111477799,0.092168499806079413
1382,1.0029310789140422,0.30868515150826181,-0.49182063083467553,0.39461887555070074,0.09634054301682457,-0.0032254409941790962,-0.070101493632235598
1383,1.0185350924277783,-0.25621587426713299,-0.5040785936586516,-0.70080415014362951,-0.0010761914111453719,0.046189490521877485,-0.012256230963327133
1384,0.76541330419503106,-0.4283606482776936,0.44932913401041619,0.047825307953994534,0.039031667314813723,-0.013986296676347182,-0.047330042360346949
1385,0.51244909271243466,0.58661970106109718,0.57349353840458583,0.42098735370026885,-0.020976409271545843,0.038808223885286874,0.08016061537923197
1386,0.95425537063917398,0.97253732352764599,0.76939420778568812,0.38353680071082152,0.088214789799239218,-0.00069793623298206042,0.0944020769796107
1387,1.0582574478606284,-0.68831803063960728,0.57970530329225944,0.22695922076660557,0.073394114793685655,-0.052388703330745502,0.020846890770953558
1388,0.95693382555763506,0.21938507761150028,-0.92264159925593869,0.9192615913554345,0.047469600707819332,0.023681989671741552,0.087225655803656682
1389,0.80649523744007101,0.26515986662719104,-0.36361964931574575,0.10629834095055446,-0.067794686857856251,-0.074263740917540649,-0.033846552527488541
1390,0.86687040678205873,0.3792568160366101,0.99902026648049036,0.39121509711199254,0.078038746188835384,-0.050898250347673681,0.068989200619015228
1391,1.3475735279630821,-0.52217435796803202,0.91262890891820048,0.099941744958209178,0.011788145677751397,0.040440181211645804,-0.058735780959977606
1392,1.1937882979290149,-0.37640959609228286,-0.93218778578374883,-0.1672599929958547,0.092106226279069892,-0.073753481110305441,-0.034044389118818158
1393,0.76419853503665347,-0.53336252203221513,0.88725059497049363,-0.59233162058234812,0.064225191139632209,-0.085819880815492397,0.092976610242805985
1394,1.359432279134293,0.092245566764185938,0.2987540309939607,0.99519365616507693,-0.049049947319754407,0.024665666115808407,0.092296680260544356
1395,1.4389535418704198,0.98665650315369868,-0.92449678916507105,-0.26723840086718265,0.090529336697189183,0.067974377678402281,0.076082135349437363
1396,0.63703218119500749,-0.91717934524676958,-0.6961924843635503,-0.17554235628958725,0.024453045782284993,0.052807148632006945,-0.087378321532426778
1397,1.2774004442672697,0.15994722154179319,0.092881530253201339,0.31319673526262037,-0.055797387177052474,0.026670916783385012,-0.051262394897011815
1398,0.5860307773771094,-0.50797587944383937,0.81560846223406025,0.24461625831943978,0.089825721982806833,-0.01698414529482084,-0.025343628978337154
1399,1.4387146399647821,-0.53082994637231851,-0.38770393733902009,-0.35175266683365991,0.062036735954225514,-0.085308328408525189,0.088325635978062561
1400,0.72669962438487912,0.2635427027835977,0.29657383420957206,0.017187049010036093,0.084413767586027422,-0.035998052486592963,-0.017779358809910287
1401,0.55543009281381972,-0.70793220081518404,-0.99175721594361699,-0.49473916639103765,-0.003392713857789123,0.030648474462458108,0.088842633406880339
1402,1.2760166461610445,-0.3906990087058555,0.98940929018439294,0.062862070104650725,0.051139468290801099,0.091288406271662431,-0.081377334197909448
1403,0.77535798602699668,0.84485750135381932,0.59569132297790484,0.87886055050997491,0.064465139879615135,0.05825368646222806,0.086949023829381522
1404,1.4853305615019576,-0.4101927398567955,-0.14065500972202516,0.99402550532006173,0.00040948045402258715,-0.047751559921168779,-0.048184664052056882
1405,1.4988948200869707,0.067530417851233704,0.46013264791875375,-0.086808358771110816,-0.082037020656335738,-0.0097607535394179656,-0.095624561882482098
1406,1.4783486893357194,0.89366231057423118,0.28431619493221527,-0.47777085190113056,-0.050797737425836133,0.058168243263848313,-0.083086479289557286
1407,0.69633613494887137,-0.45406530745547458,0.99264193616995389,0.24582554500979481,-0.06686217110396428,0.0146650676426405,0.095354292124347845
1408,1.2784127979754112,0.44861486258594208,-0.83248215808618031,0.45369033920132762,-0.051962313284486195,0.08496629666234326,0.081246477018009577
1409,0.93217763364851602,-0.53654844815378344,0.88588416894749389,-0.79406512864182344,-0.05243861211805121,0.090969341694626865,-0.080344472838565606
1410,1.427538794275895,-0.53720061151986354,-0.010574173733755909,-0.90304385409367383,-0.023739835864032208,0.059588786414170591,0.087212101401706904
1411,0.65525720079052752,-0.45695577684708444,0.77519918984612834,0.3983236155735117,0.01378347777204747,0.081668370905317894,0.035818905355186226
1412,1.1300451721095488,0.097778172624614523,-0.97463293912919591,0.067269801595376544,-0.0575216266946941,0.053533282318574849,-0.080040952203915494
1413,1.2794448291185212,0.19219782236819238,0.047563304479161239,-0.86838022362811307,-0.094434114125887814,0.0053543393449928117,-0.047443338864432909
1414,0.83820574867623665,0.14942068960244081,0.78757775233601657,0.39820331617263705,0.05224886155550762,-0.082540725953446401,0.017076654968654098
1415,0.77367139975589205,-0.5513419369167798,0.79984067795777891,-0.64953200187192661,0.025958897065102543,0.029799854143144261,0.092430392644341108
1416,0.77461225617274632,0.99858337072996828,0.31226876451745333,0.34980145998074774,-0.063840250372749568,-0.028004112423896929,-0.007863517046717991
1417,0.6661230128382345,-0.45677877168741743,-0.70090738805414743,-0.32637938185670246,0.033341354439144516,0.054345500261610974,0.063338318464630033
1418,1.2295992675319205,0.50911323377149409,-0.084195813768265015,0.53419085048906134,0.044163268431476776,-0.022380261890815434,-0.03601342707469582
1419,0.70219754347928631,0.71628077031036042,0.808543999087737,-0.72344638421770657,-0.098002343379774301,0.09342869253091024,0.034696842475803347
1420,0.76563539576957074,-0.84176416778345953,-0.7692362045024197,0.22500149723107277,0.00066949371678848291,0.049278978593595257,0.084732166710745238
1421,1.3171054270347324,0.13648845642276619,0.63077890718345064,-0.39081550899496609,0.018429166338580577,0.082042392468840125,-0.0095769979534832961
1422,0.88922741148269058,-0.74840979092690163,0.6411274912926499,0.54926056419052927,-0.051454183264722841,0.090672839512946329,0.077221933306040103
1423,0.58188241531240925,-0.95218613024680354,-0.99376330218864761,-0.89469539593429248,-0.00081060687928266595,0.058683482012835214,0.0025173114644243544
1424,1.0607573204571308,0.24838538198663018,0.49177138899971395,-0.57731175753015784,-0.0047574874834886566,0.011814737243486556,-0.026673781525668835
1425,1.3210914548554169,-0.28820490700423607,-0.34907731005743559,-0.25876773568557687,0.09084058742604445,0.0034969214155708278,0.042063708583465587
1426,0.81102497021643838,0.083463220500670454,0.53711865948226412,0.45037194351589283,-0.035387852768169026,0.063643802092957308,-0.00018433082076030338
1427,1.4359415723138613,0.67682631391901515,0.89934736599416043,-0.26109771825140204,0.014215026939632766,0.019188357199388967,-0.066808454363170205
1428,0.61890829286657034,0.17484676337162197,-0.29621647882030122,0.12436768413164923,0.068143644894156669,0.0045521408561885329,0.050039257472483084
1429,0.6920017419827218,0.94762960638301963,-0.77530885181986564,-0.3105113905418575,-0.06900820129947037,0.034895872065710182,-0.096573663092450079
1430,1.294665004245962,0.37476253000239379,0.32195614070455991,-0.2942210430644987,-0.017837921042366062,-0.077763760652291097,-0.039885248919492078
1431,0.8961295725551468,-0.039740279035768378,0.83730510466640529,0.37911656758193701,0.019321787387322265,0.071558172657042896,0.0037324799017483812
1432,1.2185651398114066,0.42535603428382096,0.99780061629435091,-0.020079659220722412,0.025544602454642767,-0.029712074439653319,0.088519321968997783
1433,0.85350319964584542,0.1147989274782879,-0.33368528981250956,0.20299935447217354,0.066207031659251181,-0.052610238686466818,-0.021439960287857551
1434,0.82212094257601209,0.60814539926500766,-0.12918116071002128,-0.69721998152596099,-0.06399842776863085,-0.082796384712825799,-0.077599174459882875
1435,1.4458835550707543,0.030330827044665387,-0.2639777467285529,0.89407693408503364,-0.024971500707528113,0.018359278903185741,0.098480254372805109
1436,1.1932941659666341,-0.67548669200256528,0.56859238139935364,-0.0068656036586323133,-0.079792558527142468,0.024740714239412404,0.030534640511167249
1437,0.60834356732168093,-0.90137551077754496,0.69232124081457047,0.3542389558684802,-0.022035615850654583,-0.020860477189971971,0.0681310711057104
1438,0.8326421464067687,0.22165158174717603,0.82466282068359642,0.35801368976564141,-0.05881909758977813,-0.060205045380752047,0.08273114869537207
1439,1.183494517665538,-0.41458928498976544,0.18614203471333646,0.44934617968223001,-0.021400723894267532,-0.031594303415052122,0.0082037225938239311
1440,1.2271702514343641,0.28325105528113048,0.15664586035188499,-0.10357128397888915,-0.097784656719116902,0.04494593585512538,-0.045351368069142264
1441,0.63738800485449543,0.89732496009117169,-0.78638329448032152,-0.62982437502904709,0.084396279734343743,-0.042738315593149535,-0.028163570443673083
1442,1.3427875550625001,0.15522676295310478,-0.73384812450251991,-0.69517323458298219,-0.077675820224305969,0.098094628091990294,0.092966454164776863
1443,0.58756360830430043,0.46128327711864636,0.90821474930480783,0.96196949352629857,0.063325535759674978,-0.056121566195736744,-0.084911955536124475
1444,1.4932066313689143,-0.14625749874277005,0.22285120773091327,-0.86831623785993095,-0.072680345789663009,0.092017625608417392,0.0066836068233937923
1445,0.74479964463972304,-0.52427610970004968,-0.55435843636177173,0.33065635092854295,0.012733420894995115,0.072771722560089541,-0.061523711263063913
1446,0.72737842141734688,-0.73187663053075935,0.086613293395412461,-0.30256087919773345,0.0047735934549897607,0.058090575995575683,0.056935775668055216
1447,0.87898615071847652,0.66814278389016257,0.42479832713738408,0.89171133928518387,-0.087674895876098766,0.0031430425366563985,-0.076487968300085488
1448,0.55129648805766152,0.74991812995592921,-0.69490529505545995,0.49345823359213781,0.090204222447833465,0.028177473965029121,0.05893411097439899
1449,1.1084454748676698,-0.94584452797130147,0.90745405061909268,-0.12751021479682123,0.070461746795056263,0.056267227933824382,0.00038381383871559371
1450,0.50300017886603632,0.014370197930600126,-0.49670056285461328,-0.42250373369708361,-0.058184007790506947,-0.0740047385094319,-0.095375589481096618
1451,0.95545183814682211,-0.88957370861044804,-0.087444485184264842,-0.39737156278042907,0.016462778155914376,-0.061677060327416204,0.072670472257218732
1452,0.70960134358052984,0.30474171350461665,0.69039047813009513,-0.13990171456427425,0.027916392204091478,-0.074942746174932712,-0.023214132993266579
1453,0.71561008465297749,-0.12857011545713815,-0.72526164699644702,0.68821674024873514,-0.0072007016279045793,-0.0072836265886857127,-0.08154507659885582
1454,1.0834286289025208,0.88639704219195914,-0.98835050508574573,0.84078969343908372,-0.07103133893388483,0.025942049218555363,0.054258418228560007
1455,0.53092037243693635,-0.65997097522131054,-0.25498253446856545,0.10634149506117119,0.02429743128155433,0.019833096946516957,-0.08666026751813849
1456,1.4709498175726625,0.45055874055115841,0.22720430182789353,-0.26281232323364345,0.042493905508634605,-0.091925170523291189,-0.085468982361143447
1457,0.59909776544036897,-0.85375825453360688,0.84981211522334466,-0.13031277010101872,-0.078654541046253634,-0.038907872360989318,-0.07995636663196555
1458,1.0906796399994438,0.54187431220842086,-0.38659466807418608,0.51532277155586548,0.028638084208603781,0.017057972558676721,0.016518340669792256
1459,0.92203497018727576,-0.98517483965357555,0.25379251506978728,0.26858160303408529,0.036521150023321458,0.030333931321622543,0.091304185831132811
1460,0.72690578948658191,-0.26385330091180936,-0.75844236460923131,0.39152633653404978,-0.079779352131271741,0.043411580627811031,0.038737579077061601
1461,1.4952524998885448,0.027625245631851758,0.26645783458778305,0.96969684623133556,-0.037403532802435649,0.00073260021747571791,-0.076865983196146126
1462,0.98340552058619435,0.58748556816726127,0.68978194756866484,0.38599106970906849,-0.032570401277831243,-0.027426433510975498,-0.086944405144871589
1463,1.3614485044398987,-0.51397799325811411,0.90500725087043499,-0.25505320584139923,0.04658076205474676,0.011998466065862634,-0.090512427489323158
1464,1.2762056546221019,-0.67066137516457891,-0.63391351520635064,0.55185046767159029,-0.055441257671751211,0.070392603338493093,0.040293516473031921
1465,0.64506401814380776,-0.39948791434091069,0.3933061647588818,0.45517199202448166,0.050353534684523277,0.0081524852775769763,-0.091801476117477521
1466,0.86702462417351767,0.85132044679271868,-0.54854880269939277,-0.062398336439413837,0.056301306566821335,0.086675430196166997,0.025180005904176406
1467,1.2937541950057327,-0.18111192051511393,-0.16460964139788969,-0.28931171744021444,0.079713778261345264,0.016360506665219737,0.004498557319033189
1468,0.94713733974240577,-0.20103491866133649,-0.1059324748875734,0.95284636483231533,-0.062225357998932473,-0.0094701408176853519,0.086454346905859653
1469,1.4608046000286656,-0.17824405375579899,0.76097965976008486,0.81098027741615275,-0.0093166569323901716,-0.028357716933334137,-0.0051137233542963151
1470,1.130025509663231,0.60554829508726082,-0.47739005380404609,0.65555061851174523,0.014781616928237581,-0.0029318158907618991,0.00017529854901839059
1471,0.94565081905256698,-0.86739922164231786,0.34283521545606477,0.064122908925253297,0.0096328862768714912,0.0231972684396268,0.085670065947410085
1472,1.090270970903878,-0.97529416573221095,0.02353997597858104,-0.74592253608343873,0.020154472429787892,0.032253051350957324,-0.052404130352022293
1473,0.79864923951484179,-0.021735598538207945,-0.051278595838391672,0.73397155967194672,0.055517001577444519,-0.087196710301569863,0.074603289815839413
1474,1.4444627277211941,0.97842974460451582,0.42308664648548899,-0.84584425762376281,-0.056508870185024242,-0.059167929718350346,-0.043544447760372251
1475,1.4332669191676259,0.68577976307009236,0.95403685890523104,0.62125320840595966,0.036919246479751339,-0.04205730810628943,-0.040354436487005013
1476,0.73156326187377074,0.74108129641557907,-0.1328987431477433,-0.48951533173223183,-0.0078623785105947641,-0.039961364080909251,0.032386620517278419
1477,1.331916568452288,-0.45377074202604817,-0.36364008297296668,-0.79641080032588052,0.060442486708227022,0.0055205531699397126,-0.079310106241642031
1478,1.2151250004023479,-0.27447903713518462,-0.70836578590179156,0.37452949475156427,-0.074948908610196874,0.028073554311722815,-0.0054530152163237144
1479,1.3680003282899458,0.042093248372439218,0.98319903712824241,0.9268641758135201,0.041781126686383507,-0.085059272993668,0.014555312215541252
1480,1.021688961621984,-0.33387047101426992,-0.83933336708369022,0.28857419679417662,-0.063238647552778374,0.022725480100866169,0.013359948488558926
1481,1.2470563534447998,-0.33966578546310044,-0.94079802064645635,0.18957696699718207,-0.091717473022684723,0.040111679338667577,-0.034377098064425932
1482,1.4254945898006088,-0.27117637013415119,0.49538148734262788,-0.25586185868107836,0.048529302505286476,0.017772988258725558,0.087615020003545291
1483,0.87222163036303479,0.98495335325219635,-0.90218513432362268,-0.09112552286995057,-0.048793583563919232,-0.072841262768712112,-0.056928948831002774
1484,1.4961545297059067,0.54767965995403989,0.87178741088684375,0.55535836492038571,0.0013558117519434087,-0.056167640867056882,-0.031952374022887295
1485,0.73651690795011582,0.88470642949139133,0.60743895107242274,-0.077417853459585073,0.042674380650583127,-0.035786727268111676,-0.033511411545339917
1486,1.1302107016030374,0.86761811928869714,0.18932849939424523,0.35557651239255028,-0.071711264634166202,-0.013314474305222784,-0.0016981659695621126
1487,0.74697214710593118,0.034112853597098258,-0.063946694026693507,-0.38660815472598831,-0.046222432657131135,0.053567869241950616,0.024807812198149135
1488,0.96444643730113444,0.73618915706664612,0.23700858985804141,-0.96210366527466884,0.053940750393643405,-0.061048900100036524,0.07423898010108676
1489,1.4309751333343472,0.85461045373759492,0.85566123091406654,-0.17895699484200756,0.044581153419385455,-0.069287409430232511,0.0029470936853877305
1490,0.89212295634217709,0.80873590168248333,0.30284178908613635,-0.4513907879844441,-0.015005074068057872,-0.0015937742129006061,0.062277488357720595
1491,0.75383830705430621,0.83001379473639525,0.55030428023526845,0.03748171639786535,-0.069081346954849007,0.045210605158345546,-0.092758255111241764
1492,0.83090078592725403,-0.88100020727267858,-0.50765229610861518,0.89053227466696017,-0.07179026229781571,-0.088512837595454807,0.01625417473386763
1493,1.0268507852007778,-0.20431456679118809,-0.68684727667353895,-0.70842665810067662,-0.015156133589751208,-0.010885917668348163,0.047220633604804496
1494,0.95057120013571694,-0.64920033523860021,0.12959866252964436,0.77940955479415019,-0.059751993331888187,0.009642867772683944,-0.087840531876070826
1495,1.0785579924202722,-0.40272814039364646,0.7767191904986317,0.40709946251367435,0.060265728451783102,-0.074951187027173516,-0.056727938296760774
1496,0.55278961888087685,0.72397784086685801,-0.83886367554273944,-0.97680715933839402,0.099889844941992795,0.0851678805479337,-0.09668898953995847
1497,1.3566965985894281,-0.098497708376364068,-0.54243896565118144,-0.10805087904420763,0.020864451381172211,0.0092810457159198528,0.03253432031362738
1498,1.1182797849773733,0.25524015059582017,-0.56069135307356732,0.80019495939183871,0.020401603650546357,-0.043644739144206413,0.024223601059182948
1499,0.87813910861336586,-0.88676904671689738,0.37896032298792237,-0.6346181252898031,0.019004024634892328,-0.021797185894713883,-0.056347256045041476
1500,1.1391099191609135,0.91784497750276017,-0.074859507574032591,0.2115484820187683,-0.069868225268207004,0.011632769330727433,-0.0050141140434565579
1501,1.0336794714475128,-0.59764895893708236,0.38429464909638011,0.97946378727986594,0.026611898080141305,-0.030992076410757449,0.052574398873062561
1502,1.0742155025410316,-0.17404479004748996,0.32546875932732267,0.0060385456749905142,-0.068902242928084834,0.042352704332657143,0.073163512227964078
1503,1.1971651619885297,0.92453703992163372,0.035140555402306761,0.38177990963362585,-0.006512942348541606,0.082140178489039595,-0.019075957085600032
1504,0.68275877633640847,-0.23597287325490157,-0.20205600529164891,-0.18160451734112981,0.079726515229242428,-0.070642574619281473,0.0092802805391429821
1505,0.64728005866936489,0.81499261696312519,0.43127616920388401,0.90642662506429716,-0.051188322056759564,-0.066319303827660894,0.018905557012296598
1506,0.84090500790785139,0.06261286898929419,-0.85937709893689207,0.39980558401262378,-0.013616450211519318,-0.024951754021495937,-0.08407374459255211
1507,1.0542212824840238,-0.48279214739487442,-0.35642577136556763,-0.97738720747873242,0.022121743732545746,0.085011120055842937,-0.057829099830146571
1508,0.65297514881530949,0.097684546543092221,-0.78352769331329619,0.20453913558610859,-0.017107185924006646,-0.08907639640313432,-0.096954558732228982
1509,0.69003432379304541,0.84864023116931842,0.55194279004058799,0.0022544895867122605,0.017894542082769041,-0.095332793007941397,-0.088032901292265778
1510,1.2327451402015297,0.047566133742908301,0.51444260874420555,-0.59388675734212248,0.077277006583688995,0.086920187389268516,-0.083771773301519914
1511,0.50183585787351881,-0.37198634512078832,-0.99294544881173175,-0.19961651020664295,0.012540967100264339,-0.058650237663718442,0.050861729299995551
1512,1.3639665601645197,-0.89781470876870761,-0.10418282513433708,-0.74588850841695375,-0.051233552437468147,-0.095057311224929317,-0.063770108505794634
1513,1.4687673923431701,0.060667736698421182,0.90893545163182088,-0.69549128457245768,0.021614899487540917,-0.037453822112138019,0.083979660573437559
1514,0.81333497581566749,-0.73923733780765577,0.5678388914973802,0.4875281628550634,0.01098557001109704,-0.045312309435239145,0.0089472468777116454
1515,0.67661613876118853,0.38548670871933211,0.088099582758770056,-0.087047407508663799,0.033259288647090102,-0.079941145949626827,0.03457551546546922
1516,0.56210045561645205,0.6664299477092499,-0.27415296808893919,0.13070432582102254,0.079598953148081103,0.023838405108450672,0.03075814260935511
1517,1.3703989480287937,0.65196363105753097,-0.64386576554401787,-0.92400099407343639,-0.0029459165603481496,0.093368191403641776,-0.099876571698660321
1518,1.0454603773578999,-0.055128948943719447,0.4266046373629806,-0.74343547520738884,-0.030208565086450243,0.063204909687846006,0.09900564083934757
1519,0.56933007932207513,-0.32790723035563496,-0.29935209189560075,0.49868071356962917,-0.043912669317958612,0.060685050069155949,0.025374158686062576
1520,1.2945109151624901,0.28639816236300253,-0.23603497359765568,-0.39459095909858455,-0.012303539013362425,-0.030351192531729895,0.028506717333411535
1521,1.4793058835480553,-0.50674394187761562,0.92578094029138303,-0.7646902688742101,0.071677815633547692,-0.075411689559044828,-0.099736982756456996
1522,0.52272914233292234,-0.018635322271850496,-0.99338708411148224,0.80977570688877498,-0.043245653826149671,-0.067652152147013978,-0.045947934896867638
1523,0.70544792793028666,-0.77329914407147338,-0.55670822749148896,-0.81315504578087405,-0.083622621242468831,0.0028167133409196382,0.068449060261964817
1524,1.3041393361634706,-0.31803088485779929,-0.76737592677924749,0.73634099313656987,-0.024613745770740825,-0.011671073549800307,0.053911680622358626
1525,0.60131257269198568,0.91455540783708522,0.55226259876598327,-0.31468251489805055,0.023438797777020029,-0.086577350476966269,0.012171988635413272
1526,0.83956702120694404,0.58699122555853833,0.43066864960381723,-0.6492350195744423,-0.095567645119481709,-0.095236081992539037,-0.020261297410584661
1527,1.2863312864481387,-0.71252011529087822,-0.029404863712482854,-0.53364638947093423,-0.032334648538383526,0.086197271457566477,0.012783433639210903
1528,1.1294017626231918,0.0033220108821789829,-0.40780312932810547,-0.63106906852434985,0.024491400161280125,0.019882839766304852,-0.033280999173146558
1529,1.081692625826931,-0.37348696339742604,-0.7081801841933919,0.12762690334868787,0.06548309860277543,-0.0028599490868986416,-0.05856395802451278
1530,0.54975216533517546,-0.26352562128901069,0.16992363232471197,-0.60848227551415857,-0.051624894523613879,-0.020164191603598364,0.083912865935418746
1531,0.75315394311827855,0.88857419799715376,0.66600396271602658,0.32125421558411826,0.017446835903789509,0.02390298464263807,-0.098613074538264178
1532,1.1773929863086914,-0.74107416321540032,0.27998119670440103,0.028422308094364857,0.053582124974665496,-0.013989477095206565,-0.081456221384088798
1533,1.4961785089574402,0.94750761734462507,-0.69627802776654235,-0.12064893330730397,-0.031996893998155959,-0.06821835062274903,-0.040820478835203927
1534,0.58773154994547572,-0.35392789681934511,0.89530067219509646,-0.7160920190851281,0.045517805594238597,0.0046496606504414367,0.030792506616787119
1535,1.3656347537796831,-0.70306370482559966,0.99661692694154769,0.66960424650707262,-0.057379717232409602,0.020976569187771243,0.088847429329673794
1536,0.8102170609932754,-0.43839824215882328,0.98232797059666099,-0.936845294068543,0.060740727628513708,-0.002171700271128299,0.078301346543259348
1537,1.3630848107879778,0.93887204304543626,0.62866415774950157,-0.79800965343725005,0.068140633644900833,-0.04919107203251432,-0.06478122661300556
1538,1.007584809303731,0.52223616303004183,0.37827973728375008,-0.9681417308883975,0.033407586261274991,0.051933457889801998,-0.056734476815898695
1539,1.2360117766988961,-0.058624353776257188,-0.83859966196276181,0.47846991415051932,-0.046153573348456538,0.02257122629697994,-0.098381846200795889
1540,1.0989575629851811,0.051377009795635864,-0.39478083178856993,0.19465061374658155,-0.082031115627575424,0.0035362462636977093,-0.012430286599337426
1541,0.86801910244683189,-0.66752356025966342,-0.55059155949306993,0.63425717480481869,-0.013535808854276382,-0.055146921504337136,-0.061985628617996703
1542,1.4641229612575812,-0.45973822071489789,-0.62824019165940204,0.2119519930589755,-0.096551588818662049,0.039028229639450074,0.078033369145582759
1543,0.84710534881323019,-0.15281680921235674,-0.28731061558300519,-0.41178987779258236,-0.057595611206004788,0.032447967191836596,-0.080213490207958496
1544,0.7897172845742767,0.71637059766454136,-0.4807747881549691,-0.19390624901985887,-0.030912001102954265,0.065750270232358327,-0.042374762953598433
1545,0.52358382919319491,0.20878163203284039,0.26246795678137302,-0.1668742579171627,0.061039152812982111,0.011277456319951959,0.081022980611435397
1546,1.3209809336448961,0.62161081087306114,-0.79973395296510796,-0.6859708594144216,0.060674643272288609,0.075882470973176658,-0.056418706009497659
1547,1.2022259630291254,-0.56717856007711775,0.82764416519501149,0.92878225950143922,0.068821357759792368,0.028024573512830053,-0.04277912686016519
1548,0.69759171448558865,0.58716687418667424,0.93639817938316683,-0.70249479883508936,-0.04594069690711098,0.090403722611928777,0.064540903659942722
1549,1.2262498288892183,0.41423766014304375,-0.87128116122076493,0.16946352858742464,-0.063789515083356244,0.067039253529794535,0.096182751371612779
1550,1.0941226933684689,0.92491747292931747,-0.44420697430360279,0.66515240729323821,0.017756407010789885,0.092601363719911067,-0.069016415667238706
1551,1.3414723598653933,-0.35738379659280373,0.47855626293724995,-0.55284744208552761,0.061312542370454332,0.084479970578219404,-0.088934854451468676
1552,1.1313943613415538,0.98937252217684568,0.68442000033087247,0.37797533278045026,-0.052053447086284857,-0.02628182865869684,-0.0391016686516793
1553,1.4617675091468789,-0.81713043728221235,0.30852080773790669,-0.18646888343333323,0.047294932246394333,0.060460636899472647,-0.057064055039175644
1554,0.60215865500623311,0.88600772101357395,-0.15141136400052835,-0.45814391046494363,-0.084819632791825764,-0.028640034822873806,-0.010964113395439415
1555,1.2114395267460791,-0.78246095395014126,-0.13125511774518483,-0.67573402227537382,-0.045239910269324168,-0.014745656434344376,0.061149602678792159
1556,1.059119813303335,-0.44406473817345882,0.53647973317448971,-0.43878573730614168,0.045768299972815479,0.022130622262706429,0.091525841421308457
1557,1.3897631321267774,-0.66041638425923344,-0.16362175916249266,0.083930182294166489,0.0541730552652748,0.036362124458047818,0.0051071724417548203
1558,0.80944032549785527,0.096589967385177333,-0.88009618993920213,0.27703865921273274,0.067112488322966263,-0.066758080422307867,0.046484012339900904
1559,1.3021526249945659,-0.61652549652953259,-0.67594682424608865,0.0046313940148772215,-0.01694672437505243,0.015822662448252783,-0.099285673142162481
1560,1.4005449196743396,-0.12099279538442453,0.38959834670616433,-0.36858195190695553,-0.094890702040537123,-0.033041214278064279,0.061486893339546989
1561,0.97621708692508569,-0.2008340447455601,0.47234179524458453,0.35335575803426478,-0.047641602089355306,-0.066263205117199048,-0.017283054018954053
1562,0.80249155372930248,0.91328612672851617,-0.87867316014802266,-0.80247971421934228,-0.082025759149577313,-0.048895361028506647,-0.095182746553114192
1563,1.2102812622672912,0.39722250054907837,-0.056951467727382354,0.17933146209285611,0.061682758118582592,0.042468565900787014,-0.004215950442022387
1564,1.4247412470682244,-0.60526023862752942,0.1171425405559452,0.16358729585004528,0.013235986006413597,0.022766715543944632,0.055069103501238781
1565,0.52684624645565103,0.70962707170202544,-0.28381684687469622,0.34254905040265737,0.012940307123069233,0.017394911404910007,0.025977069522742757
1566,1.4858182606649799,0.96697366106791849,0.39721136618242325,0.12597688523603368,0.023380481654136559,-0.024388067248199335,-0.086160135747161068
1567,1.239085935029169,0.23688712636765619,-0.31879678082338692,0.60375659718521413,0.075737573379573903,-0.011016750185236138,0.050768960751001097
1568,0.60356025777093103,0.31030054072743796,-0.69040841396525399,0.14496513517435305,-0.065790245304596734,-0.072722534772456188,0.017176774494386968
1569,1.4543747583168716,-0.13938116583088345,-0.12825417584727394,0.42884090870743474,0.0073391849550273197,-0.084602236856949259,-0.06568341880484363
1570,0.51671339412206463,-0.26705960995230682,-0.8723815971421558,0.9802616977088352,0.073012894955587188,-0.077989052576477397,0.052875684265540485
1571,0.60074067328625869,0.79734355606746199,0.042158869622138662,0.28531954636602652,0.0076225905607439498,-0.077358317147748046,-0.00407572155351274
1572,1.3252825293592312,0.19172783282280781,0.28803882731707353,0.099038019892565554,0.052714149653813991,0.03878466019730259,-0.078607647070906506
1573,0.73813240445048689,-0.093240202305833408,0.2621686503682974,-0.59381387667230556,-0.022234867483925336,-0.0082512447768682551,-0.050550356842921508
1574,0.70983090495798096,-0.43933555653644474,0.70936596074417047,0.22500177144849731,0.01632530214732382,0.053186165731927137,-0.074268910497191754
1575,1.400755444260233,0.46485018492859242,-0.53876296850065564,0.067406473938097955,-0.03089763679215532,0.041348582847382992,0.0054702401227791492
1576,1.0043030866571852,-0.84318863131026855,-0.89476284560242703,-0.53023593839025418,-0.075780163234422493,-0.057206600848092551,-0.042823366913648631
1577,1.428752102058082,-0.27685263399502613,0.96480875292488655,0.087076902785779176,-0.06237790213387058,-0.016982010914615459,-0.083018571287242979
1578,0.53727140139814289,-0.023586298846311582,0.55614770470683594,0.81904753720321177,0.0088774134350408929,0.029237127471570729,-0.01900567210526502
1579,1.2983372467419516,0.93802259419023604,-0.19756867532277278,0.32404878090291489,0.030239611356856128,-0.023645984359235844,-0.015863465323145712
1580,0.80536247701264208,-0.75939544797990299,0.44731315162980456,0.92647810592235369,-0.025597050880844782,-0.033993767626373517,-0.092406062260982164
1581,1.0509892788116386,-0.22181939124840921,0.91957112396658536,0.35520920059192673,0.017012265566885842,0.088357377864262759,0.064239491972454016
1582,0.96177246950200679,-0.58043661189925477,0.40140116717520002,0.9824493442135398,-0.085625536412379966,-0.062309569500471867,-0.083043721411978744
1583,0.94530021783279883,0.72498375509301005,0.1985445179519596,-0.31891690656634086,0.09649495286517748,-0.078402136226499372,-0.044962602875138181
1584,0.53551746700861069,0.51123492870605158,-0.893997472793568,0.27193416861848774,-0.030997297830467785,-0.045276865331472488,0.095160299620745237
1585,0.8379959739912457,0.98362955244782357,-0.4554996638984623,-0.43606855694032265,-0.023609760515990369,-0.08427332189090285,-0.076068111796377902
1586,0.52519196266658918,-0.94148538210665755,-0.94964256059838337,-0.086396820414898823,-0.088918756807889243,-0.024013162522419543,-0.020124441027577794
1587,0.50493843920161274,0.32270864294195456,-0.39987242985507709,0.10681860460451098,-0.086883620910975345,-0.03660750592547779,0.076965275942048272
1588,1.1062070981612417,-0.63785379310383639,-0.086892938129571773,-0.020378900242535636,-0.0017495916747700957,-0.042716107552824782,-0.059000865008944081
1589,1.2319855799889168,0.67154266344729741,-0.68555205833564226,0.64869196300097154,0.085196450363352855,-0.030377710832437746,-0.051921772002404977
1590,1.0857033975846591,-0.83379535645455483,0.1264615881104949,-0.25786981882782056,-0.035422332547761712,0.019204913004165186,0.086671848892241554
1591,1.3924164472880975,0.75306200592069716,0.59061845662837431,0.22935138185648385,-0.033842370680412542,0.013145981382029451,-0.081911096762183166
1592,0.87105175872512908,0.061015855295439625,0.54326549211378738,-0.79808995121024462,0.081945788081891291,0.022266335125827028,-0.044277127502516556
1593,1.4785620408320621,0.70876971192673799,-0.64071332905320322,-0.36210267545759822,0.018000687925223288,-0.014701531460004594,0.033815932725883679
1594,0.87113934543963789,0.18253949143797321,0.6164235700684102,0.10228104969792207,0.085262428784239258,-0.035378586993801989,-0.050634469872278487
1595,0.58087728795249993,0.002727200608714897,-0.83700579428749999,-0.1582902821626273,-0.020368612543051487,0.019303686654522909,0.075868981774922073
1596,1.4009818554543667,-0.73852379065390772,0.07058434315961204,0.36813145942923864,-0.032698960985160883,0.081802100548356099,-0.026970393035036608
1597,1.2999547081970313,0.47094394447783472,-0.8628364304003493,-0.58278515948169307,0.03419060468920998,0.050197496931028124,0.087554250066414624
1598,1.4138638318745826,0.54108074926817884,-0.9482079166014945,-0.71883468261132011,-0.091175370093598912,-0.047263276568467766,-0.016606308920550511
1599,0.51520366543180729,0.09991962263400378,0.44933746741907199,-0.19423369842716132,-0.014089826372032641,-0.094403332463091905,0.064946946802156735
1600,1.1371503929378011,-0.66813129726422149,-0.48789909504867701,-0.086529958770655169,-0.021460981566605614,0.020349743869666884,-0.072995489900947133
1601,1.4804348359306507,0.56766296611428757,-0.77617619735323307,-0.41975422205050572,0.081166627369987226,-0.087226191526759797,-0.081101767976752573
1602,0.63369191992388141,0.31190714241575801,0.12393583150635679,-0.29413468068328297,-0.042702803520102008,0.072472640508396496,0.096627450709994761
1603,1.1103349559235065,0.13508611310853658,0.53653885023011494,0.0014087971305090097,0.037536376247490427,0.092326700355399416,-0.05885463538919318
1604,1.4032388526550923,-0.30851250118506979,0.045555000390647749,-0.61837483511690428,-0.03498633818774359,-0.074394304572223652,0.098919593069279221
1605,0.53816274189103563,-0.30661231279164891,0.63791477650495865,0.69305440883578107,0.02494288494613775,-0.060598763472724998,-0.076982166493473586
1606,1.4255110631749148,0.26658958123613963,0.026498411593647964,0.83886069456373757,-0.018254031356962533,-0.048034737718428637,-0.066780843454219169
1607,0.81586980533527853,0.79993915591033193,-0.6809415088988986,0.795924400870893,-0.0077954401593311323,-0.028730747987741265,-0.037011197366019308
1608,0.50296169183071571,-0.26106672472803738,0.42530934055744107,-0.74937376709940384,0.088095628495660383,-0.075240525884441883,-0.032405342161455394
1609,1.1109409582448424,0.3021740287454886,-0.50396104022634813,-0.77520300259335051,-0.047020693982700972,-0.025451214824151983,0.018555177453373511
1610,0.96466697242841526,-0.19922570906031178,0.49186289985128884,-0.18345925223576565,0.088472039094647265,0.097893358509011208,-0.046017531103987187
1611,1.1075764028141328,-0.83409355302411603,-0.52557133948597046,0.60042637638988539,0.048617304599644112,-0.051583891627592186,-0.092742968361544109
1612,1.3444890896738326,-0.062642626014625558,0.47462371487255295,-0.62086730328047324,0.084072820869180748,-0.079214352083475936,0.02415354938762479
1613,0.54309980246916956,-0.40498736973549043,0.59702097721667746,-0.068153188072515247,-0.092200508660570835,-0.039163785809720734,-0.037626756271324328
1614,1.1610864843498527,-0.48643349120582036,-0.094093802250992731,-0.11988572664339303,0.030252115792250872,0.090554071739926772,0.0013429682861351572
1615,0.801379698939511,-0.19324368019781657,0.33089409270283143,0.92580967650313895,-0.029125774562140633,0.066908639808996168,-0.036788739449110278
1616,1.238066441057903,-0.77401265643561001,0.60695263373591612,0.835402125517831,-0.057780603612801067,0.059361895179250279,-0.018507294784750147
1617,0.55088120357366988,0.29218187028317089,-0.40883904932834603,0.68265742761000703,-0.056875681281074654,0.055455553031939886,0.079944002853399809
1618,0.61332548757063421,-0.35205169288170568,0.62513536424308902,0.90326525786312395,0.031699531677967629,0.08998891113016802,-8.8393703767675191e-07
1619,0.55540236320868075,0.30939902268161479,-0.80998760768905531,0.959745069068769,0.0468420313634694,-0.056819184334903988,-0.036401167304581761
1620,1.134941208170954,0.77787790822739722,-0.80979145684449372,0.096849743335848171,0.049796679082366901,0.068905731116114699,0.038970358974382613
1621,0.73164377292431959,-0.52515827833392281,-0.72081177859537648,0.68393508984383256,0.011502504416252474,0.060771185707430564,0.09580990860565583
1622,0.85406504231414615,-0.46544253295099658,-0.92513144354549004,0.50382246650873608,0.019853300791098843,-0.095032928581430892,-0.038473420114903983
1623,0.72332736275102782,0.88108965613539958,-0.8810495147698989,0.62334962042378628,-0.04333601587860008,-0.071941739800421498,0.083447304601227734
1624,1.3093567347519586,0.86848206648049686,0.14667423437676419,-0.14264108844101653,0.04432377254137615,-0.078561518787314821,0.0029746222223085983
1625,1.3782069665904726,0.61171363501733178,-0.1796473136260115,0.53508685913694931,-0.0066211955897011732,-0.054408476054396408,0.092990117818181256
1626,0.53342323134181335,0.17056815855804097,-0.00024373152758028205,0.42942911366197611,0.074479171932111926,-0.027433993451503422,0.075577363821258764
1627,0.52144415355710572,0.040814524933401541,0.86692458016828078,0.53660460763960871,-0.072745446934730271,-0.016874179548029347,0.0155725128652833
1628,0.52449902325686037,-0.85181295283537195,0.58625667815078053,0.87757641464852787,-0.070605498172008702,-0.046442671556040628,0.016276370555630429
1629,0.69359441725842519,0.1128679880128507,-0.24381556441017094,0.30481450119253051,0.066944860920545607,0.0099028999803872503,0.011846712036940613
1630,1.487123053465115,-0.39723443385316659,0.11424050657958484,-0.31904515418273105,0.0045837110292136496,0.072528119746690489,-0.071497973605584353
1631,0.86663085549249785,0.99602979755925425,0.33959667144249894,0.54289930600923086,0.03623428130349951,0.052716520727913607,0.092401313269629165
1632,1.3374728045440036,-0.95199499549497357,0.40214943955191274,0.52317189755145588,0.072877017175082298,0.045469871669744366,-0.025573184753520356
1633,0.58247016114686234,0.57707494974400952,0.42933914774160642,-0.77036404966133643,-0.022122812797597757,0.080981139321896517,0.036883025349867204
1634,0.65150861183190367,-0.13054559570327129,-0.61587184758138935,0.90398818348050591,0.059324077295554251,0.0091202826650729207,-0.090221158330429194
1635,0.79552229267597097,0.66632261123829495,-0.032082569068536682,-0.43537047467743606,0.072919920578582292,0.031977134581880118,-0.0073389701383280992
1636,1.0001591820222639,0.0025423680502030255,-0.015152629972909004,0.45068473827169364,0.042574702591487879,0.070963257695758231,0.046312912740904599
1637,0.52605740290470138,0.18932051643048453,-0.36496310207429006,0.53125921053914449,-0.0069644316725211153,0.089522808945162152,-0.05056397616288151
1638,1.0479992752814846,0.066752476040252251,-0.73023004717203777,-0.38970732272315911,0.035847934999910458,-0.020562423953246034,0.056920750399128944
1639,0.69614990856906489,-0.61813883390326585,0.29163058392349339,0.12256834029348607,-0.08795032040142059,-0.052099838603835297,0.0063830527406194965
1640,1.2094502050752389,0.0065429129912710771,-0.89814954164385097,-0.13656197422155336,-0.057436586537081794,-0.049060985889150956,-0.018952644697791232
1641,1.1786765165259023,-0.40177521068526434,0.36519366721999802,0.49576639094103947,-0.026666949855551514,0.03423825391852281,-0.08897182463614127
1642,1.4866995125423172,0.22318528520576497,-0.50694354991736179,-0.50249543046073009,0.06452215281283738,0.077108440276581119,0.03830344229934643
1643,0.94193591298528834,0.72514228004474313,-0.79995773434103401,-0.054768329517375314,0.021707735839331471,0.0031478646726557091,0.028406202016847903
1644,0.98314869765638357,0.57742084966407536,0.98120486828955111,0.082992741442699636,0.089162926050801172,-0.050618431236852349,0.086936650487224348
1645,0.90504645866571531,-0.95647781349092864,-0.32974941688368142,-0.52268290352310176,0.079768553443415657,-0.044578509173175497,0.034942244859346133
1646,0.99398356546453182,0.31602226471173323,0.44816148375740461,0.22850639516611682,0.062842824034624684,-0.071820033060329913,-0.060232838778670451
1647,1.1421058114645248,-0.13994694502497862,-0.64619691226550513,0.72697536752765557,-0.04599684272872169,0.017471842442336433,-0.097333506083248936
1648,1.4588109239928932,-0.51410266226083445,0.76991155388094601,-0.79278169179813962,0.043362894364832733,-0.092126642731873098,-0.074740946914623241
1649,0.70566964678531974,-0.9139774390516433,0.0081771785882427395,-0.71607203178260836,0.092727290653739886,0.069015180503768425,-0.0025902969865842368
1650,0.70036443597141118,0.60197410153105646,0.85622632579475733,-0.72474465849940328,0.050315098782197559,0.059722412356364052,-0.0057585724514507691
1651,1.2242120816143398,-0.6339051746818456,0.60653504599849506,-0.18756625807096827,0.052075022792046982,-0.093291185283272585,0.026759597272950908
1652,1.1594489446963916,0.069281120935067442,0.94421145830246189,-0.66546488448749974,-0.00032583680263979786,-0.037227395092437582,0.034482882448551883
1653,1.2140933551492992,-0.57471567474337482,0.27619263302696329,0.77227304347359715,0.018563359141714961,0.053953300957356065,-0.00082357478303556053
1654,0.9729093533123484,0.31398274507539492,-0.87654226075891217,-0.083334529148199277,0.060823063035661568,-0.097831232067228949,0.091277055129305562
1655,1.158894115779975,-0.42711521581233325,0.98378822336213689,-0.92006327534228949,-0.040660725246899412,-0.055670608731993858,0.055180798708734907
1656,1.3772527825139842,-0.23440716903308179,0.74796705045620882,0.58312450912962221,-0.029365146838178688,-0.008657124761145038,-0.021564645948445385
1657,0.93091138093638559,0.50005884283650293,0.73092690453171505,-0.75125731290179609,0.063983961257838201,-0.053343286814290548,-0.029167328632365513
1658,1.3801036986196991,-0.14062000704147781,0.25568221313195383,-0.90544098434137132,-0.052973224113983912,-0.072061065407169972,-0.017201424322296544
1659,1.4672164350719425,0.21178761889384612,-0.038498038945929958,-0.61560029701017149,-0.050978551852031845,0.010292479857886547,-0.089447351341147743
1660,0.55080810836200567,0.11618381004530898,0.66033591506091049,-0.31952170077721531,-0.024259498338340957,0.062045130297478851,-0.08333569338658571
1661,0.76923676432736443,-0.44498730745026172,0.69099876116806236,0.79178791761705081,6.1073199386862953e-05,-0.067155981763770939,0.059007197309007692
1662,0.63595348542162111,-0.34836534204582859,-0.97624240553027852,0.011241694589700479,-0.035540212002489066,0.030233945731816814,0.093471090461789141
1663,1.0384313662321221,-0.31823379609490177,0.62292441020399658,-0.49643814528986563,0.097153005030774037,0.092220929778654898,0.049571592113751506
1664,1.4362385441627397,0.78982164125874599,-0.69362462175993023,0.32762021342803149,0.052336347531237976,-0.097879839441213909,0.01172469597913206
1665,0.75275977893825896,0.54791487728219157,0.24122339809583071,0.59537643994716549,-0.0017846554096375977,-0.082481842474195488,-0.099571504181889939
1666,0.73134059408339325,0.86958233310281186,-0.88340594864645006,-0.12187138637537243,-0.0426420130557182,-0.074509078609969803,-0.062760105682534151
1667,0.72486566739060565,0.97746800700235537,-0.33441968077191975,-0.71493697294426539,0.079818782573944203,0.031225149065642721,0.069742650752119717
1668,1.0884847273075202,-0.43123559048614868,0.032814639823441016,0.076761383866591704,-0.091093632702543476,-0.024076959063535866,-0.093097533724283782
1669,1.4547919602546089,-0.62780655278326059,-0.66988751745971387,-0.43926669676916474,-0.079646171586726294,-0.030348601233692762,-0.07982635139313575
1670,1.2583164379705507,0.30048850035674302,-0.58739427289778301,-0.96418085924654906,0.010892406831177939,-0.016897031458501119,0.023509210064714028
1671,1.4811148071781934,0.57978830991265284,-0.35569166236847516,-0.726413391763153,0.074577733196647261,0.097637388044653994,-0.058204468799901092
1672,1.46892688961977,0.24812475842246751,0.23580684634865157,-0.39906445906776855,-0.074479422143933688,0.058687091179379425,0.079145971978247909
1673,0.74730688836032089,0.10065060126011538,0.45807424797585661,0.50187694368502034,0.037537262902199608,-0.0082456499093519764,-0.0059548593593029137
1674,0.79787514742930166,-0.6968135447630841,-0.30863131251053755,-0.66399116389699264,-0.084122212764162499,0.035481341630650726,-0.054573907571085489
1675,0.65274634169625856,0.71073398340127425,-0.12657798778041074,0.41502217294537602,0.034923772807340575,-0.0053911226712320681,0.089104846454383491
1676,1.3329264610893659,-0.13020280846111465,-0.89815719933082061,-0.7521448457432871,-0.038870927431079075,-0.085786065762966393,0.036142722694510937
1677,0.921427845264573,0.46886004238936496,0.66422567696016555,0.59674690795476115,0.029212438988653722,0.0023130119395682602,0.030526816685889219
1678,0.82810494153465553,-0.52446940155157851,0.3593893697531485,-0.042476582844150901,0.053170153326782127,0.082184704473213771,0.028175349836428554
1679,1.2500237481375018,-0.11535803144198065,-0.89854148254284971,-0.3225808634973939,-0.0018199740248409785,0.048849628274151957,0.044252091199087323
1680,1.0401696003626442,0.068428142294311822,-0.038857841856143827,0.27631820692944964,0.091402035880650462,0.0066645297462969155,-0.047059794195178563
1681,0.9131468302949225,-0.72995642536249861,-0.50878045202836653,-0.96935697723566672,-0.074667341472857349,-0.094090776509790017,0.034364605594482234
1682,1.4178410453669417,0.28650239933624677,0.36291220704341298,0.27965736226793636,-0.077900057723758243,-0.069440615462966301,0.027281937290347003
1683,1.4619487213198568,0.56376522718358513,-0.5560510245694299,0.76117769640045441,0.043797677635883298,-0.048122799179849012,0.021522434052629061
1684,0.82373720453380506,-0.24508480953668021,-0.69071670860901468,-0.15828597361997088,0.091554289772221464,-0.021706547533371007,0.017703364272585537
1685,0.87648532589825445,-0.67042000803743229,-0.90870343752543414,-0.076112293685832499,0.019641056155546038,-0.0037500693304221289,-0.098155598563012578
1686,1.1833177436751856,-0.73843873948702488,-0.066201875238762309,-0.63058815264667434,0.087869579841842377,0.082238427703704042,0.058300997527465037
1687,0.60453368569228128,0.20677643655353117,0.31175473914865437,0.20959364446443729,0.054739496176440333,-0.050694742110623685,0.057168000083762632
1688,0.95498269680650483,0.94455114753978098,-0.43438657249287171,0.64849278802637311,-0.060753809353547732,-0.022970235367928457,0.0034266596845938802
1689,0.8967723219097653,0.045124601410769793,0.26968435584399275,-0.75506862359683669,-0.084301893804953121,0.091046842363329911,-0.064363429654079402
1690,0.53132548081534514,-0.21754860704136281,0.07785760304995093,-0.84251451102052144,-0.067371693017707485,0.06697726035188023,0.012101510542220487
1691,1.3045769000131888,-0.36709900676390417,0.2568539701617647,0.62275344302136237,-0.026811393758510937,0.082136662269918503,0.075046844641691812
1692,1.3965839149180028,0.7811411695890258,-0.24635548752813397,0.38749461869160395,0.032253728886928401,-0.083163944246426882,-0.014629372912979791
1693,0.72883862567664526,0.57925281019553299,0.32200599380109485,-0.41963428265685843,-0.014291975231278203,0.004142791084480707,0.055426576231862479
1694,1.2120816975805166,-0.39798299680277327,0.46496923933949952,0.81495197550189302,-0.075844979050661038,0.013918526927947039,0.09786960010389209
1695,1.4913764377096441,-0.53085410171227099,0.80632674972802731,0.94390295089878307,-0.023656745149996161,0.022786471170942499,0.023062370361618109
1696,1.0669499330957564,0.94243234507706375,-0.55073961646671643,0.31023212263593991,0.070892612125286275,0.096462915980342678,0.092666327924529418
1697,0.61210537386157826,0.62520074851472796,0.78622888540197811,0.22189259141792284,0.05656589405916268,-0.042897929853684215,0.039441336184239256
1698,0.77593556993831836,-0.017965159574290457,-0.76560162075718607,0.25921420357268343,0.027393838674899973,0.055396858491137124,0.047822560612491821
1699,0.98957659096604955,0.11023468348234267,-0.18322298072310783,-0.58145006962836687,-0.087408118032250667,-0.07189007252397378,0.043922030304627296
1700,1.033655330534637,-0.056665694711849124,0.34533773849568838,0.21078141998327515,-0.092819641093266625,-0.043623391014486451,0.045737277054216097
1701,1.3490643857744822,-0.37482458871141477,-0.15540120477840946,-0.73215732432009228,0.090491231841584502,-0.0098901724907468208,0.047791326238976861
1702,0.50977027693942145,-0.75476791153540534,0.57118864829430249,-0.78370496491040242,0.004063241854182581,0.033246945196621885,-0.047496125333700359
1703,1.4907074762228507,0.004599693673535743,-0.33932386702507955,-0.66532864857451313,0.027428018237180884,-0.096045851550728867,0.080997076967222137
1704,0.68898168707619067,-0.89402883876747197,-0.91600457971992344,0.087563108134518952,0.075844693248793449,0.023711271922704252,-0.042140197780869443
1705,0.80528721407690684,-0.56768517371787541,-0.11922161112807927,-0.85821426013662561,0.026412448506428432,-0.026701311977259362,-0.089795599251478508
1706,1.1062524712882116,-0.14850718281876718,-0.3703467324955223,-0.68970648303075222,0.099453028776422286,-0.063315979334122391,-0.097526803946359583
1707,0.92367004997765623,0.62142371181242861,0.38332807775348532,-0.22529855635508111,-0.026145290657901971,0.0079190507218177275,-0.078366587879580465
1708,0.55918295574646582,-0.58711934532991417,-0.55703972723993922,0.65841752584845747,-0.022958312829577721,-0.012628570746633039,-0.053317305827831653
1709,0.57576130872312925,-0.20696500453692024,0.015309629774114208,-0.59124185936936824,-0.065340564149276997,-0.047399779011103149,-0.031955179544145534
1710,1.4007266984550772,-0.85138354198468869,-0.19247159630622868,-0.81986544502459546,-0.028831240812598788,-0.064371039417311621,-0.092687228200576691
1711,0.83557904178141373,0.79613391876515993,0.98127710314801897,-0.01201040435714007,0.011047895909862299,-0.029737435349289951,0.049116352556170917
1712,0.83039118318746097,-0.72261593007892255,-0.93182997060013761,-0.73731773140139323,0.030250602233882401,0.099812281079607046,-0.029341196734953529
1713,0.59773110748943969,-0.29441315127010337,-0.59914269011756716,-0.57062189136324881,-0.086851250919609657,-0.026919728015874875,-0.036556933528652594
1714,0.87972375570450689,0.01474005791067845,-0.52242522009352754,0.79942948900396438,0.024033500012700021,0.022954523356768688,0.071371153534586645
1715,0.54082394201080963,-0.84455043621468961,-0.56162156295581389,0.88111944784723661,0.0083881566198765467,0.021922168027240979,-0.03638439224222878
1716,1.4890293071896448,0.066162360820380073,-0.9027343975802431,0.83268661207550476,-0.088756734478917257,0.016841494736284671,0.016309948519030601
1717,0.98910956000612338,-0.29850317914266999,-0.087791370471858254,-0.15705670165648633,0.044053467040366084,-0.064816283292010696,-0.0027605298243323917
1718,0.76631385113710904,-0.5523183380858665,-0.043074734015392746,0.24600436951251203,0.064720359464933236,-0.051727942915978486,0.040304076557786506
1719,1.0693768052914576,-0.37693133011817537,-0.60943198981479063,0.98606060402707341,-0.091503089852793526,-0.027761146334021977,-0.076495731949514451
1720,1.1332962348777182,0.37038245453040886,-0.66250577797393473,0.86851268527566838,0.061262801395129046,-0.098640649199757888,0.013619467770507265
1721,1.2823575331769259,0.40909204302718671,-0.28546642110196907,0.77548452957199299,-0.0013897643883269833,0.021163980874555538,-0.094486776845890533
1722,0.5362183917538178,-0.82048267251287643,0.21800667643825111,-0.23551795351596794,0.084366187523652159,0.098123317529581783,0.023239355419017144
1723,0.8565023025731674,-0.042062859960092958,-0.95738774317071318,0.49187588872296817,0.063059842267785604,0.0084896270136251284,0.039930751894198868
1724,0.61937625078371827,-0.45371185320909602,0.24591845912382926,-0.48397854280959218,-0.00046969490978139572,0.029182814841003768,-0.013732739788608422
1725,0.7085071973378847,-0.94808124708281771,-0.44946712672753208,0.92631044153676467,0.0075373838907056429,0.068634958295818144,0.012905212675700037
1726,0.91203896783320426,-0.92162319043776986,0.067045448786053452,0.51613301079488938,0.068894140269038395,-0.039215786749984632,-0.045052607569673532
1727,1.0799982193890036,0.10021435226202513,-0.12546398812626447,0.56531927585436992,0.05445470662868987,-0.075120277761718215,0.00060517518300733097
1728,1.2228036506189239,-0.28955075153331467,-0.34128816655993188,0.62344474987550491,-0.040704586957038519,0.077925257352724098,0.065615162463641186
1729,0.78207253632980933,0.81514414337375829,0.29708970337078,-0.55730920244890614,-0.021763405180834194,-0.036619140717624912,0.065411625021998654
1730,0.57179897579878203,0.86062649921179024,0.082542728462219106,0.88070443407437304,0.031934712725963488,0.079353576414461141,-0.012425866361037305
1731,1.3165431209062883,0.2354191741931313,0.85633433361596878,-0.95756026805806571,0.015022755289104087,-0.013095569482878933,0.024308701090071189
1732,0.98420384624096713,-0.99665005189624711,-0.44210855485512579,-0.62579100440746971,-0.03002723763131053,-0.013188201246350381,-0.075918975070602371
1733,1.1612028536909431,-0.045537797811034286,-0.29520525411766907,-0.51151167180760138,-0.053176507341320713,0.04802432671595408,0.069410803917946018
1734,1.3412491300683296,0.47381629085591936,0.9174733419697747,0.19229526632704319,0.044220835776252493,-0.036323818136789421,-0.0065832605295876173
1735,1.332971262934517,-0.3281500118159566,-0.82461482560078347,0.164292292049389,0.047906578067745065,0.018479201659237707,0.077524288343180786
1736,1.3240065007323452,-0.69510476603393911,-0.54195209882431961,0.35174728040338099,-0.057071333091391056,-0.094115211944355417,-0.041734266520713929
1737,0.6290831877416081,-0.10681284279779368,0.35934639471732432,-0.58146126832168887,-0.092240449951030756,0.05389656637191384,-0.074304966820077686
1738,1.2012971635115726,0.72930625473443644,0.5290145008304985,0.1211250646580877,-8.5835638707676409e-05,-0.05925506917482562,0.055045872099140802
1739,1.3566696274429946,0.38745953899137597,-0.62841860097946767,0.3729001145720614,0.081056273517881972,-0.023406668512791634,-0.03608115719685992
1740,0.73886302449723229,-0.87962021902563947,0.51364247635046834,-0.038613566685781864,-0.00064608316934940124,0.091078980694120543,0.028406190417019139
1741,1.2391914588829511,0.414337142289815,-0.80395198853038341,0.80590594937302473,-0.030197263027557583,-0.090036427376160466,-0.046385905003119038
1742,1.44460597787527,0.93789916248829419,0.53959419240405615,0.96586748149626955,0.089300362966715369,-0.023805750248334395,0.013674241625625985
1743,0.98031390097753413,-0.18957514577076817,-0.063022914479304859,0.80964397520668041,0.018812265601210118,-0.025091510435865882,-0.09115089756062858
1744,1.2249594507137376,-0.711942355456336,-0.039503539544172517,0.37165805798255103,0.029412380148368833,-0.042603699670293184,-0.0018793406209330898
1745,0.82187190056361503,0.029637286845834332,0.82079952319504179,0.6792658217464016,-0.074612263656253355,-0.031804045304236736,0.077027302909734779
1746,1.4016591316213178,-0.61270257372126147,-0.98837459304727826,-0.90314267213072541,0.086664632503322764,-0.041259498106966212,0.039722273259905128
1747,0.98556082001303713,-0.21183671822908789,0.52582218624179267,-0.070018506378185963,0.0095951009751027161,-0.052810699202312565,0.086770454097143734
1748,1.020951389526271,0.26646772984671885,0.070118083967122269,0.54555358645387986,0.098822228699931236,-0.092551656281611203,-0.016412525622848867
1749,0.68965180990304065,-0.4038406128983314,-0.04219986663491393,-0.81733749262966127,0.092390558933947126,-0.038584077298319253,0.056931408742383699
1750,0.67856552118596258,0.50615516212566547,0.56985803539964075,0.70440472452446401,-0.069799325630108697,-0.033428477105944363,0.065053635212505567
1751,1.2994633167299297,0.63771179578619042,0.23557673871973916,-0.15228180213558429,-0.029414856331947098,-0.011623183232881362,-0.041627210660166482
1752,0.84675791735248651,-0.25255321127031771,0.13164354380377374,0.072972957419487727,-0.058124616902312055,-0.077146516533914189,-0.018273275876148548
1753,0.8002802062197254,0.27547369260799082,0.042640944813857828,-0.83494851010405169,0.085001704781333481,0.044722266257074872,-0.0035938191829300442
1754,1.3407943712172541,-0.96847590364019087,-0.71816869026380425,0.18450394998061848,0.066265402049252159,-0.03114308160473192,0.013906515807394257
1755,1.0740777023671522,0.56346080651379915,0.036006812604216121,0.059371006303452489,0.042346647565419893,0.037672422152312091,-0.067586554301369284
1756,1.1989311191188496,-0.1461978376156774,0.96825997369855799,-0.45326953265430081,0.039408951380667967,-0.023377137280880755,-0.081542118031727978
1757,1.0003984882188934,0.35790460132964097,-0.046517313207572686,0.83157078162459741,0.029152552081578853,0.012081922831910827,0.0028208369041137216
1758,0.62008971455981821,0.18672273465630784,0.3629144954638257,-0.52335477809778741,-0.053221638704600394,0.082654603900957607,-0.053654427657800242
1759,1.3978706183476395,0.084268717335038712,-0.4387333766039585,-0.87931604896169047,0.040988086606268126,0.096899129143071555,-0.0032775220670573646
1760,1.1328515965458346,-0.59467627077125185,0.32396115119569924,0.44569371205657449,-0.081981903508523801,0.076968402685973436,0.064493449683570792
1761,0.80730384156823731,-0.76317203771707209,0.13737484152662227,-0.80385079091624179,-0.08525340839686453,0.018927185964014145,-0.065420501452779722
1762,0.91307859148011739,0.32068241820861898,-0.94701544991728626,-0.94697785411403856,0.033369205142793235,-0.081363756086985636,-0.010251649439011176
1763,1.3588150756016311,-0.1775005745198428,0.041351745128652917,0.4024310941500655,-0.03107675538464548,0.017936498904824322,0.02935923660179024
1764,1.1172957434993975,0.99235038443203516,0.45428014840006803,-0.13517687308222448,0.00096287870128219932,-0.088929141679621029,-0.046967625091021419
1765,0.85179121062775731,-0.88867130150475471,-0.78498459296149514,0.037839027817673454,-0.0036689588933767475,-0.051204192742848244,-0.081978564469858684
1766,0.78547047612806409,0.78091278964981115,0.47769424335813571,-0.49213688773193742,0.0070087770436383645,-0.027163500829517892,-0.038604509104867152
1767,0.51519817523646727,0.89809979360178316,0.89212657602291978,0.57426524982122329,0.073599234888826415,-0.027055676964911513,0.035392887829770514
1768,1.4018831659624398,-0.33628388172106849,-0.50078980439755694,-0.82439558467943463,-0.063187256959128135,-0.05247574094132279,0.025369329521251871
1769,0.89938043957413394,-0.20253197711792237,-0.66194709353377479,0.39140330795940281,-0.0054626027989650022,-0.051659185619860271,0.030760091677130397
1770,0.8126534414114267,-0.42941348460740469,0.69467168664696555,0.32563007238443542,-0.011085794086944656,0.059384334691288593,0.01867277740960957
1771,0.95854576591665475,0.31049617154582831,0.88837544590049133,0.32926110821790311,0.070817994687202429,-0.070017140103404943,-0.057927735853801288
1772,0.73202751359533058,0.91444329339778108,-0.11869278464405952,0.76481963252136032,0.095175917974212959,0.025394945264744007,-0.056103989142957382
1773,1.0489709937668099,0.71009559835184177,0.23235386031639949,-0.9737718752017015,-0.042644404389826085,-0.014969495758098833,-0.044797974917236541
1774,1.0966566712521901,-0.71984942188545364,0.039225625576659873,0.68512755525372793,-0.099104131589441383,0.023399274080369528,-0.074937508897613303
1775,0.73342910886904733,-0.4291826811851398,-0.43396917100824428,-0.23868844731872541,-0.037290250630395996,0.078992682648500401,-0.022513280333971972
1776,1.1207306543664268,0.58869723820476749,0.13617323881048971,-0.90036492001694213,-0.034583174366714806,-0.081995176987026255,-0.096985413796948833
1777,1.2409020472231451,0.89250229509480916,-0.72495818211443441,0.48806349595118337,0.016340218269774498,-0.088312011614314373,0.042200108307324652
1778,1.4806844232554826,-0.95318178831615996,0.4039746447719601,0.92420687084029196,0.056806494496116938,-0.071387958334788532,0.035858883963226396
1779,0.92090760848413544,-0.32919793873157932,-0.20313563057406259,0.84183243834400479,0.091318695140478107,-0.02873972436609569,-0.06093594912234146
1780,0.79550941919489893,0.63877081966269667,0.88826909135619236,0.43340945050169899,0.052140185567148167,0.081844801526186423,0.073629963300879092
1781,1.4405441939161521,0.97595582330772146,0.98255425299279264,0.40222068596689486,0.077656446441321691,-3.4141419307937015e-05,-0.086411187908125131
1782,0.5413165698366138,-0.63133940725173243,0.16152865336630895,-0.29009401930820333,-0.061291788094020833,0.046262855817389398,0.052610830638721212
1783,0.814668616600837,-0.15126658725299902,0.52019815459496876,-0.13626897295619456,-0.089318124344821059,0.069805554394367503,0.08162679656571345
1784,0.89965614929680326,-0.34899871610458422,-0.42682261218303452,0.05963142621790718,0.0064573044922526107,-0.034617705863908332,0.024952711291673729
1785,0.99318457165942353,-0.019366637695303668,0.53799864284655796,0.30414085080544062,0.034682854327972912,0.096527194091412083,-0.016261471499166874
1786,1.3220633262653774,0.41359816876965594,0.2327519177896511,-0.054026203943127848,-0.087812086075880341,0.051962982597315882,0.015942720574121938
1787,1.0541997658418834,-0.38775365167546849,-0.12072241426324837,0.86281668317314408,0.0074508129768850601,0.016593195767472091,0.01435180045942544
1788,0.61126607566850366,0.20754374435163125,0.53534456645094219,0.13051312284240502,-0.0758039079951109,-0.020007026194780481,-0.011027057182067646
1789,0.71315356274026465,-0.059092869194243836,0.064190109178384747,0.71465670799464154,-0.079645055398118045,-0.04240060362227014,-0.024307654000316342
1790,1.0432401174932711,-0.45724622405474835,0.14238575800461328,-0.049713184159458246,0.0025466852842950249,0.098643241061557307,0.098406468151360421
1791,0.94249319491232253,0.019452863458694569,-0.016018486912789731,0.6645907279025034,0.0054350097818555848,-0.018051468913523647,-0.081921308820576078
1792,0.6144788268103939,0.53604036208626504,-0.19105923381296308,0.77583080656941839,-0.085150433861321914,-0.081341072145169169,0.035699148345736009
1793,1.1383480929572871,-0.34964359125873035,-0.06314975108605414,0.86588098809580782,-0.038485723791384152,-0.098344940662499547,0.084933715711105723
1794,0.63102759441739087,-0.15026956474974096,-0.52019323499399994,0.8175098256583273,0.018268002637344266,-0.047202086417015759,-0.099136245839706219
1795,0.79753883033969108,0.29703132786118847,0.45407286661678081,0.34069867167579315,-0.057861819394844118,0.05497441725514815,-0.089622672152557092
1796,1.3377947837600108,0.27221384317469388,0.018093343057763001,0.65665321578195868,-0.012669357885132973,0.039329077691741376,-0.087815835709261658
1797,0.80362791849006743,0.34173792873981568,-0.24427167727754173,0.45952230123250803,0.036196547188334594,-0.038681719328759592,-0.085162178456433799
1798,1.2708839867362762,0.64255296088543079,-0.36430157988367884,0.12195960581073195,-0.011944986364511398,-0.0046101670041462511,0.045143021305665026
1799,1.3141750930122518,0.28713147125161109,0.214157630184864,-0.85077075528070067,0.067957724113821477,-0.014156218070732238,-0.054252296381406273
1800,1.1583661762508637,-0.57758645340865056,0.55254919132214542,-0.63899155597367741,-0.032133430353528891,-0.074055029171947451,-0.094185359362704585
1801,1.45922924255582,0.15298795069044258,-0.60716030733179371,-0.68017844588170728,-0.080368197128949437,-0.014193041104262075,0.076199417013539356
1802,1.4453298457677806,0.67860228904361608,-0.38286485128703696,-0.1108059297897237,-0.063925246443833933,-0.080681347615938426,0.0950075497175909
1803,0.53453176593004315,-0.95948680661545138,-0.8920076023790422,0.76056111641324597,0.096984411150590172,-0.018899640024911332,-0.056447149199840729
1804,1.103737656365662,-0.5495250072451292,-0.86649521301758936,-0.94743772155867734,0.012037413298084346,-0.044194193893957318,0.066798796617898087
1805,0.54986609091126737,-0.042099857537094554,0.43975845369341804,-0.22955825828151655,0.091790590776058639,-0.054918365937371184,-0.01748135128507626
1806,0.93482035462743385,-0.38415888680919186,-0.70696357963906853,-0.34810514019295402,0.096812060113595083,0.059282755066481063,-0.088417176277547194
1807,0.60122799120479864,-0.17694074081738154,-0.69317220844156702,-0.54749676828047789,-0.060745397593042851,0.037509097151218584,-0.0018318862027567329
1808,0.5933855013352507,-0.76389260030640282,0.11006512952116854,-0.25000615322320652,-0.047920370156505521,-0.044145911720226062,0.040245488619223474
1809,0.91212179193133658,0.28575057554725225,-0.80495225914158586,0.02374377639257319,0.085218547792390131,-0.087268892770924339,-0.066960623648213397
1810,1.1780510797270534,0.31150476817136918,0.036671952916119466,-0.8676464918463529,0.072160479485486401,0.074196110957982453,0.069239204928830594
1811,1.4527116319456237,0.22732185660817694,-0.71761798213790007,0.25406570874323897,0.098611781969141499,-0.079966784722112605,-0.0067606822980198905
1812,0.76636703477944901,0.49370254497187527,0.9367496554687762,0.66120518937775219,-0.090732762232778957,-0.08429146896150555,-0.026069407280920359
1813,0.78550853515660246,-0.77715430311001521,-0.16407197030280973,0.49407783664309224,0.048966500626706988,0.095608591139740767,-0.07219963324578399
1814,1.33337296331444,-0.19861208862795521,0.9873435483610955,0.98717086361765993,-0.05867970994190197,-0.038595096838355207,0.052885420666027722
1815,0.68172385685293857,-0.10789202467911063,-0.23933340728387109,-0.24484058714233359,-0.094091344482547509,-0.072877500424002636,0.0046671671372251061
1816,0.82414033331195125,-0.67077397434684838,0.1876605956960018,-0.14134078665715544,-0.0023165235559236275,0.020568539357254334,0.096821334292034128
1817,1.3721556151208274,0.46366699078776086,0.53102930157728623,-0.99371935959663871,0.063685878889977759,0.0027320090031606875,-0.079689680921468553
1818,1.2234852657188164,0.79238732499347275,0.72801349714549701,0.11963834832839204,0.031349208282568125,-0.073611459443511607,0.08409497425801557
1819,1.4230636186080581,0.76572698469735401,0.74680993065658652,-0.30685314644955453,-0.032552724035781563,0.06709795797751536,0.046153128224318357
1820,1.3011368965625234,-0.9892623340034532,-0.082629994057171308,-0.64246280630417663,-0.03467340508172885,-0.085497172756166404,0.029059721494767932
1821,0.60445299060591084,0.42127362431917681,0.1022674098499281,-0.22815050521152958,-0.014465869096248252,0.036706852968153486,0.048864571272547952
1822,0.7622511632698854,-0.7106175594145101,-0.33291986500651749,0.60844841587246146,-0.075541470378000505,-0.032968578716618915,-0.0048618206750100923
1823,1.4226549988557839,-0.65115465159190911,-0.14791898741430387,0.62651183128210652,0.020204607107739303,-0.085247934051431232,-0.010864580340392171
1824,0.94589348399609763,0.88411172207720701,-0.47876326920472523,0.92772417489077341,-0.013922642719287254,-0.011977214230117036,0.0017322484857165144
1825,1.1552921428645115,0.33830804076930043,0.7659377496162636,0.85818364596232644,0.089181562592940272,-0.053762747673174086,0.075352820729045838
1826,0.5686087550971014,0.0095101521003766454,0.72268673119031046,-0.0028240892881705726,-0.071323146656817993,0.010582434689382442,0.082126599796796373
1827,1.4077635087321321,-0.11197751706939596,0.16226897750223812,0.81221165751964342,0.058339522376424646,0.020882555544913056,-0.013883183184572753
1828,1.1803587519892478,-0.11430479761167489,0.033239334531407261,0.27757705424551027,0.07813010859423461,0.039236095289374578,0.074920983532860252
1829,1.2116073091689135,0.99447732186175486,0.60261212311801948,-0.67425511521157011,0.019026700800180346,0.069022277097933904,0.079011356416614137
1830,1.0373250133120382,-0.00079260342855258514,0.57258238835667319,-0.23023075460799647,0.025217526802220086,0.067237138134491642,-0.015212557604738802
1831,0.84304074318951516,0.90259523264832842,0.1009235789394709,0.23572967104385922,-0.0043495344108143152,0.091247928449426557,-0.092964576166655793
1832,0.55307069063625347,0.081639872626471099,0.85990402286416345,-0.99938527863212356,0.012580937427800643,0.048707771413937173,0.08261237380258471
1833,0.93385370486009611,-0.57348627397111573,-0.59838485718109613,-0.90869347996450656,0.075169390698758026,-0.092873163075976595,-0.039301572794064835
1834,0.77580397967297099,0.89069542364304444,0.38771770087189239,-0.79409693409286297,0.036113567661486934,0.08773447637848325,-0.026631522933678139
1835,0.99942459417218421,0.019147077754960051,0.83110096426197377,0.48238876518403884,0.046646528111781077,-0.075863838070995573,0.021319532308417183
1836,0.80011539731814152,0.87154026376043015,-0.44739127571387916,-0.79981117547818248,-0.091172750768480915,-0.050688287227414565,0.084956781935014741
1837,1.0109890946794002,-0.86067662044966164,-0.80620921614862651,-0.27636252250368787,-0.09484236843664802,-0.054968397678856397,-0.047836140179587844
1838,0.7784901184196259,0.24412038701071315,-0.12286729264085472,-0.6110781890157071,-0.055601154123447107,0.034725742646516233,-0.099576025896380288
1839,1.077079366040095,-0.34162937887551847,-0.34363472677729745,0.16169722799581421,0.038335741283109487,-0.073205910320512921,0.022189075372479189
1840,1.1763906035764413,-0.22874804135614268,-0.67769884138736525,0.34384212211225629,0.018127164067407803,-0.071126364580621784,-0.015534466248861789
1841,1.2750721931498257,-0.11912310912858382,-0.20162431252889457,0.63153211002841902,0.075909413091654443,-0.089929354900427333,0.040261610659370339
1842,1.2570754900227827,0.97899403426678377,-0.95085710147052516,-0.85818820271259399,-0.026446640976632282,-0.035795563309269127,-0.023711144207324258
1843,0.93132441516476816,-0.37963884438659501,0.14283036059888321,-0.77693303338679742,0.032638888954398981,-0.036538971997266592,0.043309720033259058
1844,0.77915603832369296,-0.0029922884830784202,0.15332517672979962,-0.76480918394330644,0.032303477466089331,-0.0092398134089271,0.010556140264989008
1845,1.1401471895745838,-0.46239945623274314,0.42930710768437419,-0.88441946904239455,-0.020266300240616347,-0.042928612641442855,-0.088222297216562259
1846,1.2147495114628009,-0.40761413471985541,-0.88301171741480067,0.53484649678703033,-0.055309890034897571,-0.067354037204214373,-0.044147369720998066
1847,0.76893620305187305,0.3695324097508188,-0.020676062152515051,-0.29816141579494793,0.052220469556098909,0.098966449420892805,-0.078763568322380725
1848,0.95336876315263308,-0.75318527748069708,0.64672058271584976,-0.068541264589003559,0.016408296487061907,-0.094823392290755648,0.061317451006624196
1849,1.3121810002037462,0.13169899170324273,0.24838035152168625,-0.03042224631043311,-0.070937546485866948,0.061689645053613767,-0.023373726879580323
1850,1.469956799338332,0.61803859170381381,-0.42994552454712487,-0.41800181796581404,0.087197998788143577,0.054342208702930522,0.017555642949919098
1851,1.1217146219984548,0.30271358616712463,0.77394311098651003,-0.38748027663576035,-0.0038118570913301397,0.048866342208436608,-0.077316379248386399
1852,0.91219581707231234,0.84695365253716703,0.11483302706140686,0.99874840066860182,0.060826295635397154,0.0086358686287967973,0.073386272218524645
1853,0.63242200526415249,0.41025287755574302,-0.76164896393219728,0.30028078167548822,-0.073236285181742702,0.089673678544163776,0.024183391730197817
1854,0.93402019257796243,-0.32022413299692487,-0.62628786663334424,-0.30570750289302873,-0.0035476037101556807,-0.094660021479215539,-0.080299202475233644
1855,0.73600539910568996,-0.48428436475552372,0.36666511392875578,0.52353216098265443,0.066745679819785103,-0.0067707593311227277,-0.059688694821669677
1856,0.59809562112496983,0.66297977049142509,0.20274046587773276,0.2619321783243862,0.010813638553962404,0.0044174592606006924,-0.077982720529034974
1857,1.111857519537983,0.24627510267438346,0.39511700752096468,-0.020625893526018402,-0.034193269889570013,-0.014239694992989688,0.055550310908203865
1858,1.3419113640013971,-0.44716644507724812,0.43132061301428171,-0.804573636763801,-0.047480548187205998,0.080692872414204142,-0.0064471452496976944
1859,1.1832050612660907,0.36987657373337357,-0.92476303463067477,0.49308294776930106,0.057463778447070929,0.039851712559376862,0.026161727984227667
1860,0.99577851185290445,0.67804915606593275,0.60094894412202771,-0.58517093022302569,-0.081633823769946948,0.012890880187098747,0.024654840553444621
1861,1.3577779245951593,-0.87427692172824312,0.53371989623965188,-0.90258890496593569,-0.09104750122587249,0.093962702163351564,-0.027916023200883364
1862,0.66482608499261742,0.25761447846904462,-0.10304087156832797,0.27426361950746547,-0.029956904076044552,0.035852955367469269,-0.061744565903868481
1863,0.76078734439137974,0.31180122217880757,0.65155681280661759,-0.51911649358561229,-0.018023493367455484,-0.074111013721221711,0.088809768984671827
1864,0.58934338476304282,-0.44682275501238533,-0.49899357205222072,-0.053908267607695848,-0.084905068284169313,-0.035730023413751574,-0.019337863275520811
1865,0.84329167100747693,-0.70481523308518845,-0.48191405852831126,0.89438829580127277,-0.010352097311352157,-0.060710735497234519,0.093970191770826272
1866,0.50264488638311067,-0.87901167177451933,0.20698396481470249,0.084122666526316392,-0.032361556699826433,-0.0063692172216182064,-0.0012037270262387628
1867,1.0244506449585642,0.36293142016784019,0.69773790504471855,0.14898228052361984,0.026171397612240799,-0.048809343004857557,-0.054091637413478472
1868,0.63456316398828072,0.76738791487935765,0.024149089664874834,-0.20909622727537802,0.096041504389066584,0.073366405416609964,-0.050806146035877769
1869,0.91256198575335268,0.58418104888922451,-0.63486548056987102,-0.42075560941515633,0.0028000993309501149,-0.04443408972685059,-0.098394497949909288
1870,1.0252208225183725,0.41306261549437973,0.67592304474619058,-0.22355981585313955,0.089502110395577122,-0.091863411498636513,0.039190395179333981
1871,0.74954978732692068,0.95037419153338099,-0.28706344702430542,0.086435577142374154,0.0055350455011743821,-0.058081560813517098,0.01061366487075896
1872,1.1095341943879342,-0.6701189728477841,-0.91604982355713593,0.92122486788153068,-0.052653741038282978,-0.018721996203056174,-0.04695182525725268
1873,1.4903016710588974,-0.93299177535630906,0.011489905657355637,-0.62530830528771975,0.074906872454447798,-0.031919572564380147,0.06198949286922481
1874,0.82148392264196557,-0.1567988535266962,-0.67196743465474373,0.75388302482894431,0.0055808976781536873,-0.082554628647643472,-0.022070408893872323
1875,1.4438002799638807,0.58795820294019285,-0.66277740657400486,0.0065734052217067962,0.075938469030117889,0.05643477999900981,-0.018431150289202794
1876,0.98450069043492117,-0.44964945436418136,-0.7764824749289847,-0.82873445520728661,-0.082149033370772312,-0.0066073822174345931,-0.04073772314616067
1877,1.1810863724028129,0.094225051499041923,0.15781918180170407,-0.10143668839948594,0.041577919110490136,0.092677792875920706,-0.04136070330381561
1878,0.86428973521655106,0.63701007435636381,-0.66369346240120519,0.062042115750911675,0.098714192089214892,-0.06205071057144438,-0.0085243863011921911
1879,1.2428186622439328,0.080097771983628219,-0.15191649633886772,0.38429151041944487,0.012229820529031904,-0.082427371857517862,0.095123112476203142
1880,0.72796636518290248,-0.93067657380988034,0.90485885823377843,-0.8196184205607242,-0.023975879245682521,0.0023282458412070967,0.0046868932297536581
1881,1.4352071668055157,-0.60541133699951666,-0.46461732858662796,-0.99862822656194461,-0.0779061864405029,0.024425626727714644,-0.069678889662044677
1882,1.1644369209297154,0.15200576510871722,-0.9090537293136296,0.37303693487271272,0.06933348039943707,-0.0089354366532856944,0.020712824055430873
1883,0.51385477039247685,-0.83521859616591199,-0.91235610697691527,-0.50866656961832746,-0.025471162656000912,-0.00031794001122689708,-0.028150534864138682
1884,0.74367010905390663,0.69147538125472763,0.055847178157503397,-0.36854056619490616,0.045272312754917526,0.07648825303603396,0.080206135285724012
1885,0.84867604606221692,0.15609583974472363,0.22653805582257025,0.58200995927046639,0.011905248238771815,0.097242730093157426,0.04175797436743936
1886,1.1080253617268525,-0.23495325165575531,0.47654383632076081,0.67183564957932496,-0.044748897146415126,-0.057738542105779049,-0.026027983766913884
1887,0.72362033958083483,0.20694893121345737,0.5923296030367633,0.27763184666647001,-0.010344441496267676,0.066160646534821038,0.0067507099845263568
1888,0.53341339674988464,-0.50085403428111808,-0.73676414895443298,0.18433244318382691,-0.0087774839388645998,-0.06354482394875656,0.077750832085209914
1889,1.0642565625463418,-0.67795669980799644,0.11162564635615957,-0.41088072572780843,-0.049820827638934743,0.00088779123131647875,-0.05295529109660875
1890,1.4506231178553564,-0.99055975237462635,-0.94090826865720811,-0.15258884052610289,0.035882282197591431,-0.064660373750471956,0.021975996615687582
1891,0.85515799477269161,0.46892528667506994,-0.061085605193675674,-0.95660207819100895,-0.027954867422754645,-0.074569797519524403,0.063601943461872951
1892,0.79073185092056031,-0.77807098826304899,-0.98301901337946496,0.13946882474002709,-0.012797312634882416,0.026253399527634197,-0.047230177777193516
1893,1.2877864247080903,0.22069841004272539,-0.31553893637743546,0.71354014614915484,0.076204972962701456,-0.016332174327050877,-0.097006977974266273
1894,0.75863144841344443,0.31726165874212287,0.72932993311413008,0.73925104045822687,-0.019519032297725253,0.097998975671958755,0.085490084221590074
1895,0.68424496070787977,-0.11403386687862094,0.12146706920662331,-0.9612904232356505,0.035701884891115226,-0.0047861356241468977,0.011722832834156982
1896,0.84136716971277614,-0.052230081196242395,-0.57842283680562634,0.69352925980463009,-0.093631491394605637,0.055595388966703102,0.046261232779574557
1897,1.2004715157691574,0.24435237797772191,-0.72768099982351964,-0.67057275050059517,-0.001053912904950563,-0.016640471526178202,0.042005818605692746
1898,1.0673470736831925,0.30450735616728397,-0.04129487163135015,-0.45103594532376157,-0.088512925837233303,-0.090786239702118771,-0.05520490883196965
1899,1.3921285603042728,-0.085212718558019152,-0.77744585186105897,-0.013563385290296992,-0.077376710102488477,0.083761828267626209,0.055011207751637509
1900,0.61432326607389698,-0.37946811217219811,0.41689090553089025,-0.89600748604472025,-0.036950877525026279,-0.071806981434175701,-0.083963250894818986
1901,0.93481433688570847,-0.8416050732848086,0.10479407062361035,0.66852444684344747,-0.030400482434269058,-0.088029750495502712,0.033420050618223479
1902,0.50690374659807425,0.69793503049895755,0.13986242738718913,-0.85658889145915462,0.065432787414696797,-0.061347297605794361,-0.023749856045848339
1903,1.1425096469056193,0.41048603594934829,-0.75429569628234883,-0.31436239998060378,-0.012438763811103648,0.05541713682378821,0.001023618146425237
1904,0.60825572486685064,0.16876471412247884,-0.6929746227363629,-0.77421724782538481,0.0025547246893172365,0.0068925515327883102,0.036995587491119697
1905,0.67668405931445053,0.35062434797697639,-0.12555783940228982,0.99199049277288487,0.00076745876135737856,-0.052822773399520177,0.053794326252280533
1906,0.65161199556323413,-0.24276237180583582,0.26109075153172401,0.54952683815457948,0.091522270852213594,-0.012667743341863227,0.048824006655897229
1907,0.84960208675574633,0.027435776973132819,0.35286329635631697,-0.2704642300486082,-0.081627352321123059,0.040671740042238669,-0.011256613509870214
1908,0.76830888791367635,0.27461372046103683,-0.78007114384740173,0.70372655073453738,0.031283491779778266,0.012565968081321405,-0.071549556429219396
1909,0.8571038695462303,0.17209392980806637,-0.94512065200012962,0.64517821964150701,-0.065933565239080172,-0.013883519923259716,-0.070715079519245605
1910,0.94985269544366679,0.054767594057108404,0.47716371896066945,0.8793659756913057,0.065649462875923742,0.05472025733991237,0.035231729934548928
1911,0.66512903205397045,0.35889871873335211,-0.57736810154511997,-0.92506189905139102,0.047462243401519943,-0.03423011291248737,-0.026396654550393486
1912,1.229408854457565,0.67567594257355301,0.097775461658532681,-0.66893472129322973,-0.049370278446436933,0.090051240128938476,-0.0027767015141692414
1913,1.0408825847764998,-0.22686473300603072,0.047614897146556201,0.22957098362495998,0.049903445181257278,-0.012711932184632027,-0.095694896690770942
1914,1.039720563590568,0.28974797609681269,-0.95328321624258283,0.18916305373852182,0.019602071459130038,-0.098821404587856446,0.012417769796308306
1915,1.0280408717129128,-0.19827555211157111,-0.5561065415015074,0.7515977042639157,-0.037810430800672659,0.047027958908325701,0.0065503631772205057
1916,0.66235444181701542,0.46692215091144207,0.9239645133462322,0.49974042591266454,0.01421187982892258,-0.071941883030817083,-0.07710499238083357
1917,0.73878817507821681,0.78117386278151879,0.37296409691228316,0.036320650545279998,0.0044710564986266271,0.079065953249860405,0.07311269788830288
1918,1.0505500292930265,-0.42247770975736909,-0.26532258359725547,-0.40602097075475352,-0.051355532538758068,-0.062100815604607368,-0.044268829527853937
1919,1.341699303581239,0.90065714681539299,-0.0046128876569038191,-0.78721745011255417,-0.089414185029819446,-0.040262457708751878,-0.029047686070887355
1920,1.4217187917410687,0.72719050417029862,0.11074697758067331,-0.91294675240341361,0.090845334107743592,0.047541466229390816,0.088396643855828488
1921,1.4068127470100402,0.63179654161145216,0.54430953718985853,0.3716586977631906,0.043381386464519389,-0.098598994701593889,-0.04021023226895111
1922,1.2405272467517179,0.56674365339249322,0.65025198324013656,-0.10981730741776419,-0.060146606984797929,0.031770113396601074,-0.091241282962726933
1923,1.0954908038768123,-0.39350501492385059,0.29739419184886029,-0.52102280484763264,-0.046266839529106957,-0.045200842995422486,-0.0086815184569618981
1924,1.2016604147109531,-0.87370168722698383,-0.58506639632785351,-0.54206837614657966,0.080037816327960781,-0.042401881181834924,0.008382062360991524
1925,1.182966012468496,0.29330326011263241,0.27583923323637527,-0.019884855162539017,-0.013411952510902103,-0.085842612945585428,-0.038203775552716347
1926,0.59584371913840783,0.88859955767924559,0.062596138117252176,-0.51605174777555218,0.072457565827840686,0.057562195450185538,0.0064397142015018699
1927,1.2025730762674158,-0.99667458969545963,-0.11564824085586922,0.54439591794255038,0.023492863324587734,0.028880262431508485,-0.005140115700320913
1928,1.4635144063188994,-0.95893401820639745,0.94544109788635522,0.83334644057901097,-0.071663751721588329,-0.077714273628992178,0.046097414079796173
1929,0.73576793376300664,0.73224878556512163,-0.11424786172863,0.66957197842904126,-0.02780733263184354,-0.049073090330698468,-0.044784452191379859
1930,1.4230897668310341,-0.21421012969732556,-0.34015322412615934,-0.31444154535722268,-0.026900383750493556,0.014692801641521397,0.067748780597572722
1931,0.67517290541402686,-0.26065754290214871,0.62688578188312016,-0.1268782501065413,0.027952555052790873,0.031536908359364291,-0.054960509389500901
1932,1.4016947839050089,0.06939257407033983,0.99377018760111491,0.58955863932296504,-0.05113167291552783,0.059983539889230109,0.06976358250722961
1933,1.0350628007844951,-0.13402692631099078,-0.9041771573606876,0.54870809438663004,0.085701938762203722,-0.077057829082825283,-0.071490899597181079
1934,1.1928128330349113,-0.34634437391893935,-0.05506062722913696,-0.77425503900408454,0.050552505034454437,-0.073915494536365034,0.087127585842867894
1935,1.0877646069946492,-0.78494575275097445,-0.11136500491267465,0.91282984838849268,0.085169161750828087,-0.0077390875865515907,0.0051246962340233682
1936,0.91338170705377186,-0.70395427085991313,0.53782579835501676,0.81707219915223694,-0.085833921242048125,0.073044612625903088,-0.017748882158113169
1937,1.1508754444296458,0.42034950422978157,0.13453137351317102,-0.38871214544679233,-0.075830249552007817,0.072849372754567793,0.091859530136312512
1938,0.60368697649572123,0.67710994666757207,0.5391248180447028,0.058811272468973108,0.056633472788441913,0.050487479520929551,0.042613047379108648
1939,1.3478961684607895,0.68898711872493568,0.47010945230532153,-0.43894442160592861,-0.082244803292482696,-0.068751669735116983,-0.070227574240684099
1940,0.62647083260340042,-0.18432400452149245,0.97542179703216059,-0.64872610116092289,-0.079263882922247134,0.078964801924262751,-0.039918595299353821
1941,1.457195066321638,0.57957936906025287,0.72928075216924948,0.86572228806698859,-0.057503642549584136,0.017025620868060171,0.042971328883348231
1942,0.57838189182384026,0.93860711511500261,0.024382276593648333,-0.81811239601265839,0.01764447151312927,0.084850899847977779,0.074124064766429298
1943,0.80941227721175169,0.33682560787056404,0.48074798681638664,0.32313931134241081,0.098600714112291959,-0.078412215244707498,0.060342391770802611
1944,0.90945807864248029,-0.23455307158737471,-0.84308159022736961,0.86969770816461911,-0.0707888181649792,0.007380503429900015,-0.040129443396744208
1945,0.7842968598336244,-0.74192351032980852,-0.012989426259111703,0.73233451278478401,0.055950115643483067,0.06103017690608642,0.092017363807470137
1946,1.3957062290202606,-0.14460837510687541,0.27597802953619821,0.26609950346515165,0.0019140427185294212,0.069223505087718129,-0.035716032565471956
1947,1.1951600861749208,-0.85614032674654883,-0.68356856376460029,-0.88323469022692147,0.001283332942292853,-0.095961256223542374,0.024724310588986345
1948,0.97494534516905729,0.41484097280273313,0.30314370654310219,-0.59268484823614109,0.083670088570513279,0.093732280412925723,0.076670710269451575
1949,0.97294500435828657,0.96721318480097906,0.35540618783648914,-0.70812808257942939,-0.062077012885956157,-0.01066575077557122,0.080084449758585113
1950,0.79868456847222613,0.6502808942860776,0.66062161980188794,0.25965896171309999,0.087663576410194261,0.0024898129676585307,-0.06625552724771433
1951,0.93309578319469055,0.51022265755747909,-0.94337044529540459,0.34918100234681537,0.016968428124417165,0.068902406456457038,-0.061367250676956586
1952,0.53155113485085947,0.99603619077576155,0.86821259542899965,-0.88518558687674442,-0.092948239129999929,0.017970016591658131,-0.037618920700078801
1953,0.54386596206531979,-0.37853770694282374,-0.25671417641276228,-0.34920942394867005,-0.068547537275716677,-0.06758482319515087,-0.035653219392072541
1954,1.0690714308431413,-0.581710180372498,0.37998083862190746,0.1712036467216731,0.071269741920281182,0.060415574442794495,0.087726791373266805
1955,0.66243226677651734,-0.77911217393466736,-0.15339377283359323,-0.31255776742944641,-0.040844658940731415,0.04513184535089082,-0.022213637934067693
1956,1.1728239552882265,-0.45878050152946481,-0.90822975139555018,-0.84635414222567729,-0.073032455171775021,-0.04416577083144968,-0.053904237264861404
1957,1.1728693981007448,0.33201101638248809,0.33652816850603928,0.029489261739565897,-0.079010083949965101,0.067348469009653938,0.02410380362701206
1958,0.56633805524939562,0.94516214055059256,0.026525649949074692,0.074733708685157829,-0.022396447841450159,-0.0063701527040563172,0.036938189552780665
1959,0.8040178405905728,0.38945540703024029,-0.73154331857903432,-0.67036803757458019,0.020111589892170545,-0.092404384919361121,-0.0076406891439839281
1960,0.94181162222061809,0.93541652714959378,0.66493920845404242,-0.62117417650133211,-0.0066053550444465925,0.0020752698394589653,0.0056761279977992213
1961,1.050834852265591,0.41392612576657184,-0.9073440658869909,-0.42070337073080832,0.083645763043066229,0.047004024026998381,-0.039940618278615836
1962,1.1290963486462353,0.46698927203238028,0.95493952664060289,-0.39494251107174749,0.010718586974528876,-0.091869736688395098,0.034158627683713
1963,0.50951468273192735,-0.32439513113279528,-0.21116153136103022,0.62032251478405498,-0.098698889747305174,-0.071674820117350213,0.082306386580051988
1964,1.2931089196203107,-0.950957385205909,0.46039865280325709,0.26921640349658738,-0.043308187332719399,0.036909002948614378,-0.088611893703562622
1965,0.73788888963323984,0.66024896828602064,-0.86040736152051878,-0.11463593915509573,-0.0023844948815005679,-0.051277325385293442,-0.081190363552675018
1966,0.70995184383704812,-0.58013048499795339,0.75683722913893181,-0.94404646263287484,0.0052265155654491469,-0.014756689126298392,0.029441862358434157
1967,1.4611042217774735,-0.91194006269450756,0.53533384959486852,-0.087188008394124772,0.07340884713533144,-0.06066294432912727,0.019966531301092355
1968,1.1059053560702676,-0.82589522112701186,-0.018920295641379425,0.67114772593570859,0.02254275433583619,-0.04945639995583373,-0.088748504918131382
1969,0.88133271753631615,0.6669144678438379,-0.39226221732568667,0.97088022186416034,-0.024650783938163709,0.079336889662781268,0.087802871039736607
1970,1.1570752827618467,-0.40141045292296473,0.67366682831053315,0.96193955697359912,0.088094878086762113,-0.054846699259860479,0.098945312572405381
1971,0.91706188867051441,0.89629502672700379,0.25161898500173363,0.22140960039002411,-0.007907665821856355,-0.045360240491793657,-0.024005241260079441
1972,1.4377065860804001,0.98776709300783949,0.10548738873417496,0.028299398462387604,-0.015681644538597661,0.0075377017655416934,-0.040634578065365128
1973,0.73769410732355423,-0.074382920040826583,-0.29373920843453671,0.59974282982969895,0.056345286051794119,-0.048469337251592193,0.078984150063546865
1974,0.61467616351338694,0.086452282625496535,0.52500815451538085,0.41176298729467176,-0.036971619304408607,-0.055410803238653952,-0.099462874586649541
1975,0.83019431716166048,0.43369284862908342,0.2489422443563134,-0.18064879506573006,-0.085426242337206998,-0.018326833962854255,0.0040051814830968369
1976,1.0896090741247937,-0.58827821589290341,0.47168186300147585,0.21805288620622565,-0.064932958117924169,-0.078493869537017341,0.015185765866298606
1977,1.0508611238871408,-0.85863445288486262,-0.87723519080910428,0.11589686352807527,-0.027048877891822684,0.013434717219261968,-0.073551307529548082
1978,1.0585322706017581,-0.73687315758420779,-0.44916918961060315,0.080938323375411514,0.023389843208031877,-0.047057321396911572,0.0090957432626163903
1979,1.3669562433094606,0.97500679519733491,0.92602000437063903,-0.37827389882592288,0.05021789907417476,0.094674367653936164,0.048589653204240302
1980,1.2649896935411706,-0.68496347957127002,0.71865235533906957,0.2690256837869669,0.040888109219570201,0.033526728195336031,0.076350761369280679
1981,1.3798952901205386,0.66763167923468436,0.74300165470496649,-0.11778761467106036,0.077717165835362451,-0.082285795591255109,0.017091315128957535
1982,0.84555109719747146,-0.62376215982664429,0.71294660844709012,0.59382886977689142,0.016432179167786873,-0.02037410399565398,-0.014994474039664696
1983,0.83686200634583807,-0.29312505139262557,-0.30282305832734702,-0.30462445082868239,-0.063592025509664057,0.002069407746981472,-0.05326717914700152
1984,1.282585569226347,-0.94066650016887432,-0.92000532377026079,-0.067196317791182736,0.011714929993985157,0.069013677842155147,-0.074410956868909472
1985,0.87100414064701714,-0.45972783971890907,0.011548367028915374,0.2978140152244364,0.048677117420971527,0.086450502407410229,-0.05308247082701905
1986,1.1390521928235282,0.4862842401120786,-0.5956946339872522,-0.4030510542431156,-0.064869666401336581,-0.079304143375913572,-0.038601009358088745
1987,1.0610439978466584,0.94000791883267154,0.12750119715676655,0.37598765369531661,0.044645258397984333,-0.065073002714749112,-0.057507462497165852
1988,1.4206068003181223,-0.1188878503756583,-0.84659712040402746,0.56684110607756266,0.028555252423133004,-0.0093293841784817533,0.025104532304542182
1989,1.05636933920966,0.45249014985833647,-0.86163113210266196,-0.90627201979079475,-0.04357366000730372,0.050999035953061267,-0.033828236354180599
1990,0.66749851617364275,-0.87434762642008823,-0.54993172696823911,-0.0048528272118020244,0.0084505113799223236,0.016725576902745898,0.042981805149124253
1991,1.0585222233981191,-0.93262062751817054,0.90493366776803241,0.65246059056618155,0.054536941864310573,0.084294196982396735,-0.037953531767830034
1992,0.50238382050914343,0.59236936778248928,-0.33024622934392722,0.51391589587382414,-0.092705879442176037,0.061288461805437427,-0.030044143894202846
1993,1.3408684291606505,0.72329283459743721,-0.51045921043117137,-0.9688027937688668,-0.094514851536124156,-0.079154189621388482,0.072772981436033252
1994,0.77724530966592231,-0.79783285844962704,0.31675455916378659,-0.14049226826293615,0.028843511037211,0.010200349389451274,0.0033433504202190489
1995,0.63323061105338707,0.22782895861291674,0.11631016485748025,-0.4535593933923967,0.067577454269199061,0.035198559978790511,0.026225818121740602
1996,0.83025428797272127,0.41982354187575099,0.040773575995697087,0.012941148948621972,-0.045183788284518349,-0.0165642667782189,0.048634313059728124
1997,1.0247021574531969,0.29144395597674522,-0.061630144509576379,-0.44976394251346563,0.056776838195946006,0.094621739825927753,0.03235283491162308
1998,0.95191685761410638,0.70273896235794164,0.99523756302466548,-0.85865200993861435,-0.0099039306894737333,0.08462922036917242,-0.021424961607637558
1999,0.53055410745075315,-0.6452304882814266,0.6342416512008564,-0.027700156791224728,-0.052027399759052843,-0.069947283324530179,0.017850050274478349
2000,1.4326937546877718,0.7749903070701365,-0.17014118621427299,0.40564728527306815,0.091778638061255163,-0.070926159157490148,0.0011885976932753256
2001,1.4262923090468225,-0.84477762404644974,0.06149122169873622,0.78216195837958935,-0.062510311479076125,-0.016221373192972566,-0.011488024320657625
2002,1.3488601417234232,0.37583009209977547,0.72560373028138914,-0.37540451000079189,0.083211800791194723,-0.032899053140798773,0.016758614800948535
2003,0.61145290328332147,-0.0031145887734664868,-0.70353284972123964,0.73500738377176988,0.066014052628486114,-0.02879422810083454,-0.0081004989263156191
2004,0.74443458948443353,-0.23033931609759861,-0.75190805137729111,0.65421705042817213,0.025106184950119015,0.020540768947803795,-0.050477196890346132
2005,1.2704006265143468,-0.90882426657763937,-0.53233237181031146,0.43445198343258884,0.020078849499096399,0.059742043925229249,-0.032413412313964024
2006,0.94785817362533753,0.73322801399604809,-0.53059989778753369,0.17026462698221945,-0.011414167981156423,-0.093902836097082637,-0.046249914009171472
2007,1.4562226652434311,0.70414153933105217,-0.39120562471340148,-0.95330940840823475,-0.0046463566129189005,0.011186959936580657,0.034314802478295686
2008,0.67829119713063202,0.38142520162474125,0.3786578045382174,-0.065085962985468537,-0.020203886873277385,0.084764109092050094,0.05804343047220975
2009,0.86321150075154074,-0.75357787060992876,0.8193969218674575,-0.81508917212109688,-0.068335701081240818,-0.067618192596350241,0.068534779900258552
2010,1.1621323890482391,0.71513601344909317,-0.83710655791379418,-0.45303814331661418,-0.045186539642974123,-0.011196071261929119,-0.094193847351525972
2011,0.73298841593299058,0.10194284475056525,0.90302772208159543,-0.80339201641029678,-0.085039613766982713,-0.044979413462747211,0.0043934852922866419
2012,1.2598809028961657,-0.36545158049883475,0.37745779617796904,-0.45208220247243136,-0.028131283278106239,-0.059628225183751771,0.0881467179975646
2013,0.64868006417474844,-0.5349230048124809,0.85607797965051002,0.47437745929976116,-0.029460728445554016,0.0038734783547531987,0.034912176400138439
2014,0.83937631084754705,0.383048104768001,-0.49412348301797171,-0.8988163133110747,0.0535356611187153,0.094330304654423297,0.093900068640137085
2015,0.68714290073125817,-0.52024937034599472,-0.91308148637416564,-0.94811595956668104,0.097694161005501406,-0.020737458508099688,0.070521622299425657
2016,1.1362122299043358,0.59247241586623112,-0.89090640639519814,0.79570178122612023,0.027144624849240628,-0.074354321769600176,-0.050512335846955227
2017,1.2116380605947707,0.71277773699762248,0.038026453656403447,0.9163673749302792,0.092279596829684035,-0.077846996580256358,-0.032411583341814806
2018,0.96605519286896679,0.36420561359277404,-0.3177532771297964,0.8216954020906897,0.080947066414126634,-0.057278137136948654,0.066232999140491827
2019,1.2427629763428132,0.12758552811072055,0.4086575184921255,-0.037367179806794271,-0.042713569888712916,-0.043216722696848821,-0.085936135347658898
2020,1.3308735378257226,-0.44124230134751397,0.62486100535582279,0.79881072007479625,0.051393064058056298,-0.024363471714886925,-0.081998574874372107
2021,1.1458796108497791,0.10902332725524366,-0.6794758159663552,0.30095561209716259,0.055431882182305825,0.064711726337088465,-0.076419526043128683
2022,0.9739508849006161,0.87465083147149447,-0.68708624655972717,0.52646791819754379,-0.083081561339097373,-0.02824568603112379,-0.080621745609729067
2023,0.93778047495237316,-0.79117312226019632,-0.17959037649588083,0.76966463452919842,-0.075770265139573731,-0.084294759161393132,0.028117655865213032
2024,1.4523357916692721,-0.5205466897329929,0.041964866873340778,-0.61027255843476436,0.082660362269426635,0.05119906140277386,-0.039503632512510524
2025,1.4174438338968289,0.9860611789981244,-0.24428155984167255,-0.18313172081966123,-0.059973875528707345,0.0031788705281176055,0.092860393029603389
2026,1.4897636505853238,-0.59636963847305724,0.43050719318129338,0.017455413493407512,0.074264799620686744,-0.037016098101981171,0.075624158630313743
2027,1.0612380679171842,0.26542890574024836,0.21986128038793895,-0.77358800596156629,-0.094786660052278968,-0.03571888819293105,0.038327770832716351
2028,1.1232562435712863,0.38898766156191633,0.52976740881857709,-0.69400785407861076,-0.05246280239918244,-0.0020507918916783108,0.084151458616109898
2029,0.51805478015854389,-0.6983537156039632,-0.089394366904173017,0.50578307558957136,-0.022494172578433849,0.050512335189016933,0.050365852453715054
2030,0.60016014741338264,0.9087611190109941,-0.24883017347584802,-0.93054364036429549,0.010090057952110404,-0.055774677451330891,0.009972039967537219
2031,0.9646500825640989,-0.3568454948213029,-0.66688951186579404,-0.018998022582891849,0.0096453904093788401,-0.051123655932081749,-0.068871621127470473
2032,1.0480939285031585,0.73539862357888253,0.13937675159613727,-0.038140671286336358,-0.083203332305307506,0.0087552823937302182,-0.041277095967144198
2033,0.95683190901551085,-0.075607978236482243,0.82410385529235386,0.042597190174320287,0.082613619779320108,-0.095787609046795827,-0.073970961728972648
2034,1.4195307229378742,0.52897946532717222,0.69443998573952448,-0.20389379946134278,-0.049184132744432299,-0.099764852208091837,-0.031936652086492573
2035,0.81474229358975003,0.77222001295733977,0.20467178928065644,-0.51973159728268903,0.056446180007652863,-0.016052427847928999,0.040484958339221111
2036,1.0883152496727984,-0.59245800794159709,-0.2402673818232941,-0.38445804904558711,0.050091486539727031,-0.043194303247130118,-0.077058221897175469
2037,0.90428302385711257,-0.032268736310388402,0.76980526820680861,-0.31260559825074519,0.060445057978833261,-0.02324849673556087,-0.064384873420931757
2038,0.85948503512716146,-0.59850826332292617,-0.38384253532592205,-0.76388526485036268,0.078309389749516206,-0.036223721262293701,0.090413455450291669
2039,0.5887473117669203,0.1707892917349183,0.41729918192568438,-0.59601407343518087,-0.01753255790556521,-0.059731194028090441,-0.059214131539966242
2040,0.83455424431796277,0.030015943939227352,-0.13536014825570852,0.72083977225998774,0.071529198215986661,-0.023441950566243014,-0.03860316102121937
2041,1.3532600508985031,-0.066337068260505339,0.94679761333249557,0.091130688729563314,0.0015816112907312274,0.0060999373155300463,-0.077432079974020782
2042,1.3017840584536557,0.70778670037581004,-0.099671635990163931,0.9015651118366399,0.025279494331320096,-0.013821623493152191,0.099981896400184372
2043,0.53981200598875323,0.76211591210454221,-0.75657223549190245,-0.8604911336555332,0.046207477739329761,-0.073058642433590018,0.050942087882048764
2044,1.1123599499778503,0.074222649221893811,0.70121053379087539,-0.16141373008833626,0.027878476406129671,0.062752510883108459,0.061629340092817619
2045,1.4321025967857859,0.59632483438452955,-0.98441088031512658,-0.34948904571363903,-0.03804118197211475,0.042004743078234485,-0.0010381449690192862
2046,1.1227363098455265,0.93275979060893977,0.9840911245274413,-0.64384436841440817,-0.073079290612081238,-0.076908220521708814,0.0039264734583098065
2047,0.58913609586013382,-0.56194517541972133,0.43204284835369444,0.52105605826048729,-0.06098728364194899,0.019827380650875109,-0.036521022791294877
