step,time,energy,px,py,pz,lx,ly,lz
0,0,-0.50002499437578141,0,0,0,0,0,0.70705375281792138
1,0.0086781565433861306,-0.49987442725274345,0,0,0,0,0,0.707160233848662
2,0.017356313086772261,-0.49972388846372895,0,0,0,0,0,0.70726670686478643
3,0.026034469630158392,-0.49957337801428386,0,0,0,0,0,0.70737317186327708
4,0.034712626173544522,-0.49942289593297046,0,0,0,0,0,0.70747962883026216
5,0.043390782716930656,-0.49927244227133183,0,0,0,0,0,0.70758607774103
6,0.052068939260316784,-0.49912201710385601,0,0,0,0,0,0.70769251856004389
7,0.060747095803702911,-0.49897162052793392,0,0,0,0,0,0.7077989512409596
8,0.069425252347089045,-0.49882125266381361,0,0,0,0,0,0.70790537572664436
9,0.078103408890475179,-0.49867091365455279,0,0,0,0,0,0.7080117919491975
10,0.086781565433861313,-0.4985206036659664,0,0,0,0,0,0.70811819982997259
11,0.095459721977247433,-0.49837032288656941,0,0,0,0,0,0.70822459927960191
12,0.10413787852063357,-0.4982200715275179,0,0,0,0,0,0.70833099019802137
13,0.1128160350640197,-0.49806984982254476,0,0,0,0,0,0.70843737247449934
14,0.12149419160740582,-0.49791965802789262,0,0,0,0,0,0.70854374598766501
15,0.13017234815079196,-0.49776949642224083,0,0,0,0,0,0.70865011060553962
16,0.13885050469417809,-0.49761936530663131,0,0,0,0,0,0.70875646618556987
17,0.14752866123756422,-0.49746926500438804,0,0,0,0,0,0.70886281257466188
18,0.15620681778095036,-0.49731919586103307,0,0,0,0,0,0.70896914960921886
19,0.16488497432433649,-0.49716915824419966,0,0,0,0,0,0.70907547711517804
20,0.17356313086772263,-0.49701915254353929,0,0,0,0,0,0.70918179490805189
21,0.18224128741110873,-0.49686917917062656,0,0,0,0,0,0.70928810279296961
22,0.19091944395449487,-0.4967192385588578,0,0,0,0,0,0.70939440056472158
23,0.199597600497881,-0.49656933116334728,0,0,0,0,0,0.7095006880078043
24,0.20827575704126713,-0.49641945746081911,0,0,0,0,0,0.70960696489646891
25,0.21695391358465327,-0.49626961794949254,0,0,0,0,0,0.70971323099476991
26,0.2256320701280394,-0.49611981314896547,0,0,0,0,0,0.70981948605661704
27,0.23431022667142554,-0.49597004360009378,0,0,0,0,0,0.70992572982582813
28,0.24298838321481164,-0.49582030986486358,0,0,0,0,0,0.7100319620361849
29,0.2516665397581978,-0.49567061252626265,0,0,0,0,0,0.7101381824114894
30,0.26034469630158391,-0.4955209521881449,0,0,0,0,0,0.71024439066562317
31,0.26902285284497007,-0.49537132947509033,0,0,0,0,0,0.71035058650260818
32,0.27770100938835618,-0.49522174503226424,0,0,0,0,0,0.71045676961666937
33,0.28637916593174229,-0.49507219952526615,0,0,0,0,0,0.71056293969229978
34,0.29505732247512845,-0.49492269363998087,0,0,0,0,0,0.71066909640432663
35,0.30373547901851455,-0.49477322808241919,0,0,0,0,0,0.71077523941797982
36,0.31241363556190072,-0.49462380357855734,0,0,0,0,0,0.71088136838896299
37,0.32109179210528682,-0.49447442087417348,0,0,0,0,0,0.71098748296352521
38,0.32976994864867298,-0.49432508073467391,0,0,0,0,0,0.71109358277853507
39,0.33844810519205909,-0.49417578394492262,0,0,0,0,0,0.71119966746155716
40,0.34712626173544525,-0.49402653130906032,0,0,0,0,0,0.71130573663093022
41,0.35580441827883136,-0.49387732365032105,0,0,0,0,0,0.7114117898958463
42,0.36448257482221746,-0.4937281618108465,0,0,0,0,0,0.71151782685643328
43,0.37316073136560363,-0.49357904665149138,0,0,0,0,0,0.7116238471038383
44,0.38183888790898973,-0.49342997905162955,0,0,0,0,0,0.71172985022031288
45,0.39051704445237589,-0.49328095990895104,0,0,0,0,0,0.7118358357793011
46,0.399195200995762,-0.49313199013925885,0,0,0,0,0,0.71194180334552792
47,0.40787335753914816,-0.49298307067625813,0,0,0,0,0,0.71204775247509122
48,0.41655151408253427,-0.49283420247134363,0,0,0,0,0,0.71215368271555379
49,0.42522967062592038,-0.49268538649338056,0,0,0,0,0,0.71225959360603874
50,0.43390782716930654,-0.49253662372848306,0,0,0,0,0,0.71236548467732574
51,0.44258598371269264,-0.49238791517978808,0,0,0,0,0,0.71247135545194973
52,0.45126414025607881,-0.49223926186722367,0,0,0,0,0,0.71257720544430025
53,0.45994229679946491,-0.49209066482727487,0,0,0,0,0,0.71268303416072432
54,0.46862045334285107,-0.49194212511274493,0,0,0,0,0,0.71278884109962926
55,0.47729860988623718,-0.49179364379251234,0,0,0,0,0,0.71289462575158891
56,0.48597676642962329,-0.49164522195128252,0,0,0,0,0,0.71300038759944973
57,0.49465492297300945,-0.4914968606893389,0,0,0,0,0,0.71310612611844038
58,0.50333307951639561,-0.49134856112228642,0,0,0,0,0,0.71321184077628208
59,0.51201123605978172,-0.49120032438079386,0,0,0,0,0,0.71331753103330053
60,0.52068939260316782,-0.49105215161032995,0,0,0,0,0,0.7134231963425397
61,0.52936754914655393,-0.49090404397089721,0,0,0,0,0,0.71352883614987728
62,0.53804570568994015,-0.49075600263676356,0,0,0,0,0,0.71363444989414204
63,0.54672386223332625,-0.49060802879618537,0,0,0,0,0,0.71374003700723132
64,0.55540201877671236,-0.4904601236511329,0,0,0,0,0,0.71384559691423288
65,0.56408017532009846,-0.49031228841700691,0,0,0,0,0,0.71395112903354452
66,0.57275833186348457,-0.49016452432235619,0,0,0,0,0,0.71405663277699882
67,0.58143648840687079,-0.49001683260858853,0,0,0,0,0,0.7141621075499871
68,0.59011464495025689,-0.48986921452968024,0,0,0,0,0,0.71426755275158471
69,0.598792801493643,-0.48972167135188083,0,0,0,0,0,0.7143729677746804
70,0.60747095803702911,-0.48957420435341559,0,0,0,0,0,0.71447835200610288
71,0.61614911458041532,-0.4894268148241856,0,0,0,0,0,0.71458370482675271
72,0.62482727112380143,-0.4892795040654635,0,0,0,0,0,0.71468902561173309
73,0.63350542766718754,-0.48913227338958531,0,0,0,0,0,0.71479431373048263
74,0.64218358421057364,-0.48898512411964318,0,0,0,0,0,0.7148995685469095
75,0.65086174075395975,-0.48883805758917193,0,0,0,0,0,0.71500478941952683
76,0.65953989729734597,-0.48869107514183346,0,0,0,0,0,0.71510997570158885
77,0.66821805384073207,-0.48854417813109924,0,0,0,0,0,0.715215126741229
78,0.67689621038411818,-0.48839736791993138,0,0,0,0,0,0.71532024188159826
79,0.68557436692750429,-0.4882506458804583,0,0,0,0,0,0.71542532046100515
80,0.6942525234708905,-0.48810401339364995,0,0,0,0,0,0.71553036181305685
81,0.70293068001427661,-0.48795747184899241,0,0,0,0,0,0.71563536526680049
82,0.71160883655766272,-0.48781102264415604,0,0,0,0,0,0.71574033014686689
83,0.72028699310104882,-0.48766466718466633,0,0,0,0,0,0.71584525577361335
84,0.72896514964443493,-0.48751840688356901,0,0,0,0,0,0.7159501414632693
85,0.73764330618782115,-0.48737224316109612,0,0,0,0,0,0.71605498652808142
86,0.74632146273120725,-0.48722617744432817,0,0,0,0,0,0.71615979027646026
87,0.75499961927459336,-0.48708021116685701,0,0,0,0,0,0.71626455201312678
88,0.76367777581797947,-0.48693434576844469,0,0,0,0,0,0.71636927103926151
89,0.77235593236136557,-0.48678858269468256,0,0,0,0,0,0.71647394665265207
90,0.78103408890475179,-0.48664292339664916,0,0,0,0,0,0.71657857814784243
91,0.7897122454481379,-0.48649736933056531,0,0,0,0,0,0.71668316481628391
92,0.798390401991524,-0.4863519219574497,0,0,0,0,0,0.71678770594648467
93,0.80706855853491011,-0.48620658274277445,0,0,0,0,0,0.71689220082416061
94,0.81574671507829632,-0.48606135315611609,0,0,0,0,0,0.71699664873238755
95,0.82442487162168243,-0.48591623467080952,0,0,0,0,0,0.71710104895175264
96,0.83310302816506854,-0.48577122876360013,0,0,0,0,0,0.71720540076050732
97,0.84178118470845464,-0.48562633691429519,0,0,0,0,0,0.71730970343471856
98,0.85045934125184075,-0.48548156060541431,0,0,0,0,0,0.71741395624842397
99,0.85913749779522697,-0.48533690132184065,0,0,0,0,0,0.71751815847378275
100,0.86781565433861307,-0.48519236055047282,0,0,0,0,0,0.71762230938123117
101,0.87649381088199918,-0.48504793977987365,0,0,0,0,0,0.71772640823963507
102,0.88517196742538529,-0.48490364049992202,0,0,0,0,0,0.71783045431644377
103,0.8938501239687715,-0.48475946420146465,0,0,0,0,0,0.71793444687784413
104,0.90252828051215761,-0.48461541237596495,0,0,0,0,0,0.71803838518891505
105,0.91120643705554372,-0.48447148651515776,0,0,0,0,0,0.7181422685137796
106,0.91988459359892982,-0.48432768811069998,0,0,0,0,0,0.71824609611576118
107,0.92856275014231593,-0.48418401865382388,0,0,0,0,0,0.71834986725753514
108,0.93724090668570215,-0.48404047963499108,0,0,0,0,0,0.71845358120128422
109,0.94591906322908825,-0.48389707254354714,0,0,0,0,0,0.71855723720885034
110,0.95459721977247436,-0.48375379886737796,0,0,0,0,0,0.71866083454188912
111,0.96327537631586047,-0.48361066009256559,0,0,0,0,0,0.71876437246202218
112,0.97195353285924657,-0.48346765770304773,0,0,0,0,0,0.71886785023098965
113,0.98063168940263279,-0.48332479318027655,0,0,0,0,0,0.7189712671108025
114,0.9893098459460189,-0.48318206800287999,0,0,0,0,0,0.71907462236389463
115,0.997988002489405,-0.4830394836463246,0,0,0,0,0,0.71917791525327368
116,1.0066661590327912,-0.48289704158257979,0,0,0,0,0,0.71928114504267249
117,1.0153443155761772,-0.48275474327978479,0,0,0,0,0,0.71938431099669886
118,1.0240224721195634,-0.48261259020191594,0,0,0,0,0,0.71948741238098557
119,1.0327006286629496,-0.4824705838084577,0,0,0,0,0,0.71959044846233944
120,1.0413787852063356,-0.48232872555407513,0,0,0,0,0,0.71969341850888968
121,1.0500569417497219,-0.48218701688828786,0,0,0,0,0,0.71979632179023523
122,1.0587350982931079,-0.48204545925514969,0,0,0,0,0,0.71989915757759249
123,1.0674132548364941,-0.48190405409292503,0,0,0,0,0,0.72000192514394046
124,1.0760914113798803,-0.48176280283377315,0,0,0,0,0,0.72010462376416662
125,1.0847695679232663,-0.48162170690343309,0,0,0,0,0,0.72020725271521135
126,1.0934477244666525,-0.48148076772091131,0,0,0,0,0,0.72030981127621097
127,1.1021258810100385,-0.4813399866981723,0,0,0,0,0,0.72041229872864021
128,1.1108040375534247,-0.48119936523983264,0,0,0,0,0,0.72051471435645409
129,1.1194821940968109,-0.48105890474285634,0,0,0,0,0,0.72061705744622817
130,1.1281603506401969,-0.48091860659625774,0,0,0,0,0,0.72071932728729715
131,1.1368385071835831,-0.48077847218080261,0,0,0,0,0,0.72082152317189419
132,1.1455166637269691,-0.48063850286871534,0,0,0,0,0,0.72092364439528744
133,1.1541948202703554,-0.48049870002338979,0,0,0,0,0,0.72102569025591545
134,1.1628729768137416,-0.48035906499910208,0,0,0,0,0,0.72112766005552242
135,1.1715511333571276,-0.48021959914072876,0,0,0,0,0,0.72122955309929093
136,1.1802292899005138,-0.48008030378346844,0,0,0,0,0,0.72133136869597414
137,1.1889074464438998,-0.47994118025256449,0,0,0,0,0,0.72143310615802669
138,1.197585602987286,-0.47980222986303711,0,0,0,0,0,0.72153476480173329
139,1.2062637595306722,-0.47966345391941334,0,0,0,0,0,0.72163634394733756
140,1.2149419160740582,-0.4795248537154656,0,0,0,0,0,0.72173784291916743
141,1.2236200726174444,-0.47938643053395158,0,0,0,0,0,0.72183926104576046
142,1.2322982291608306,-0.4792481856463609,0,0,0,0,0,0.72194059765998775
143,1.2409763857042166,-0.47911012031266198,0,0,0,0,0,0.72204185209917482
144,1.2496545422476029,-0.47897223578105907,0,0,0,0,0,0.72214302370522276
145,1.2583326987909889,-0.47883453328774722,0,0,0,0,0,0.7222441118247267
146,1.2670108553343751,-0.47869701405667686,0,0,0,0,0,0.72234511580909222
147,1.2756890118777613,-0.47855967929932008,0,0,0,0,0,0.72244603501465221
148,1.2843671684211473,-0.47842253021444198,0,0,0,0,0,0.72254686880277941
149,1.2930453249645335,-0.47828556798787752,0,0,0,0,0,0.72264761653999887
150,1.3017234815079195,-0.47814879379231168,0,0,0,0,0,0.72274827759809823
151,1.3104016380513057,-0.47801220878706596,0,0,0,0,0,0.7228488513542366
152,1.3190797945946919,-0.47787581411788727,0,0,0,0,0,0.72294933719105092
153,1.3277579511380779,-0.47773961091674433,0,0,0,0,0,0.72304973449676124
154,1.3364361076814641,-0.4776036003016268,0,0,0,0,0,0.72315004266527394
155,1.3451142642248501,-0.47746778337635054,0,0,0,0,0,0.72325026109628254
156,1.3537924207682364,-0.47733216123036704,0,0,0,0,0,0.72335038919536854
157,1.3624705773116226,-0.47719673493857762,0,0,0,0,0,0.7234504263740974
158,1.3711487338550086,-0.4770615055611539,0,0,0,0,0,0.72355037205011541
159,1.3798268903983948,-0.47692647414336181,0,0,0,0,0,0.72365022564724302
160,1.388505046941781,-0.4767916417153909,0,0,0,0,0,0.72374998659556744
161,1.397183203485167,-0.4766570092921899,0,0,0,0,0,0.72384965433153159
162,1.4058613600285532,-0.4765225778733051,0,0,0,0,0,0.72394922829802266
163,1.4145395165719392,-0.47638834844272671,0,0,0,0,0,0.72404870794445841
164,1.4232176731153254,-0.47625432196873696,0,0,0,0,0,0.72414809272687097
165,1.4318958296587116,-0.47612049940376577,0,0,0,0,0,0.72424738210798878
166,1.4405739862020976,-0.47598688168425146,0,0,0,0,0,0.7243465755573173
167,1.4492521427454839,-0.47585346973050496,0,0,0,0,0,0.72444567255121639
168,1.4579302992888699,-0.47572026444657978,0,0,0,0,0,0.72454467257297694
169,1.4666084558322561,-0.47558726672014906,0,0,0,0,0,0.72464357511289457
170,1.4752866123756423,-0.47545447742238361,0,0,0,0,0,0.7247423796683421
171,1.4839647689190283,-0.47532189740784014,0,0,0,0,0,0.72484108574383899
172,1.4926429254624145,-0.47518952751434979,0,0,0,0,0,0.72493969285111981
173,1.5013210820058005,-0.47505736856291458,0,0,0,0,0,0.72503820050920043
174,1.5099992385491867,-0.47492542135760896,0,0,0,0,0,0.72513660824444071
175,1.5186773950925729,-0.47479368668548522,0,0,0,0,0,0.72523491559060749
176,1.5273555516359589,-0.47466216531648509,0,0,0,0,0,0.72533312208893419
177,1.5360337081793451,-0.47453085800335387,0,0,0,0,0,0.72543122728817799
178,1.5447118647227311,-0.47439976548156443,0,0,0,0,0,0.72552923074467635
179,1.5533900212661174,-0.47426888846924059,0,0,0,0,0,0.7256271320223997
180,1.5620681778095036,-0.47413822766709024,0,0,0,0,0,0.72572493069300437
181,1.5707463343528896,-0.4740077837583398,0,0,0,0,0,0.72582262633588068
182,1.5794244908962758,-0.4738775574086761,0,0,0,0,0,0.72592021853820177
183,1.588102647439662,-0.47374754926619222,0,0,0,0,0,0.72601770689496792
184,1.596780803983048,-0.47361775996133726,0,0,0,0,0,0.72611509100905114
185,1.6054589605264342,-0.47348819010687265,0,0,0,0,0,0.72621237049123599
186,1.6141371170698202,-0.47335884029783226,0,0,0,0,0,0.72630954496025912
187,1.6228152736132064,-0.47322971111148748,0,0,0,0,0,0.72640661404284668
188,1.6314934301565926,-0.47310080310731706,0,0,0,0,0,0.72650357737375015
189,1.6401715866999786,-0.47297211682698098,0,0,0,0,0,0.72660043459577905
190,1.6488497432433649,-0.47284365279430018,0,0,0,0,0,0.72669718535983296
191,1.6575278997867509,-0.47271541151524016,0,0,0,0,0,0.72679382932493108
192,1.6662060563301371,-0.47258739347789847,0,0,0,0,0,0.72689036615823954
193,1.6748842128735233,-0.47245959915249836,0,0,0,0,0,0.72698679553509682
194,1.6835623694169093,-0.47233202899138527,0,0,0,0,0,0.72708311713903806
195,1.6922405259602955,-0.47220468342902838,0,0,0,0,0,0.72717933066181617
196,1.7009186825036815,-0.47207756288202662,0,0,0,0,0,0.72727543580342169
197,1.7095968390470677,-0.47195066774911931,0,0,0,0,0,0.72737143227210133
198,1.7182749955904539,-0.47182399841119937,0,0,0,0,0,0.7274673197843734
199,1.7269531521338399,-0.4716975552313325,0,0,0,0,0,0.72756309806504249
200,1.7356313086772261,-0.47157133855478056,0,0,0,0,0,0.72765876684721142
201,1.7443094652206121,-0.47144534870902743,0,0,0,0,0,0.72775432587229183
202,1.7529876217639984,-0.47131958600380891,0,0,0,0,0,0.72784977489001357
203,1.7616657783073846,-0.47119405073114973,0,0,0,0,0,0.72794511365843073
204,1.7703439348507706,-0.47106874316540087,0,0,0,0,0,0.72804034194392675
205,1.7790220913941568,-0.47094366356328116,0,0,0,0,0,0.72813545952121883
206,1.787700247937543,-0.47081881216392435,0,0,0,0,0,0.72823046617335896
207,1.796378404480929,-0.4706941891889293,0,0,0,0,0,0.72832536169173312
208,1.8050565610243152,-0.47056979484241246,0,0,0,0,0,0.72842014587606108
209,1.8137347175677012,-0.47044562931106526,0,0,0,0,0,0.72851481853439126
210,1.8224128741110874,-0.47032169276421587,0,0,0,0,0,0.72860937948309712
211,1.8310910306544737,-0.47019798535389107,0,0,0,0,0,0.72870382854686921
212,1.8397691871978596,-0.47007450721488497,0,0,0,0,0,0.72879816555870736
213,1.8484473437412459,-0.46995125846482971,0,0,0,0,0,0.72889239035991094
214,1.8571255002846319,-0.46982823920426836,0,0,0,0,0,0.7289865028000666
215,1.8658036568280181,-0.46970544951673288,0,0,0,0,0,0.72908050273703584
216,1.8744818133714043,-0.46958288946882404,0,0,0,0,0,0.72917439003694007
217,1.8831599699147903,-0.46946055911029461,0,0,0,0,0,0.72926816457414423
218,1.8918381264581765,-0.46933845847413463,0,0,0,0,0,0.7293618262312398
219,1.9005162830015625,-0.46921658757666179,0,0,0,0,0,0.72945537489902523
220,1.9091944395449487,-0.46909494641761318,0,0,0,0,0,0.72954881047648534
221,1.9178725960883349,-0.46897353498023775,0,0,0,0,0,0.72964213287076995
222,1.9265507526317209,-0.46885235323139662,0,0,0,0,0,0.72973534199717016
223,1.9352289091751071,-0.4687314011216609,0,0,0,0,0,0.72982843777909312
224,1.9439070657184931,-0.46861067858541461,0,0,0,0,0,0.72992142014803718
225,1.9525852222618794,-0.46849018554095984,0,0,0,0,0,0.73001428904356347
226,1.9612633788052656,-0.46836992189062349,0,0,0,0,0,0.73010704441326824
227,1.9699415353486516,-0.46824988752086777,0,0,0,0,0,0.73019968621275178
228,1.9786196918920378,-0.46813008230240039,0,0,0,0,0,0.73029221440558834
229,1.987297848435424,-0.46801050609029121,0,0,0,0,0,0.73038462896329281
230,1.99597600497881,-0.46789115872408604,0,0,0,0,0,0.73047692986528812
231,2.004654161522196,-0.46777204002792611,0,0,0,0,0,0.73056911709886962
232,2.0133323180655824,-0.4676531498106673,0,0,0,0,0,0.73066119065916979
233,2.0220104746089684,-0.46753448786600438,0,0,0,0,0,0.73075315054912082
234,2.0306886311523544,-0.46741605397259245,0,0,0,0,0,0.73084499677941672
235,2.0393667876957409,-0.46729784789417411,0,0,0,0,0,0.7309367293684742
236,2.0480449442391269,-0.46717986937970696,0,0,0,0,0,0.73102834834239228
237,2.0567231007825129,-0.46706211816349247,0,0,0,0,0,0.73111985373491117
238,2.0654012573258993,-0.46694459396530646,0,0,0,0,0,0.73121124558736972
239,2.0740794138692853,-0.46682729649053228,0,0,0,0,0,0.7313025239486628
240,2.0827575704126713,-0.46671022543029334,0,0,0,0,0,0.73139368887519662
241,2.0914357269560573,-0.46659338046158827,0,0,0,0,0,0.7314847404308441
242,2.1001138834994437,-0.46647676124742898,0,0,0,0,0,0.73157567868689855
243,2.1087920400428297,-0.46636036743697634,0,0,0,0,0,0.73166650372202668
244,2.1174701965862157,-0.46624419866567968,0,0,0,0,0,0.73175721562222151
245,2.1261483531296022,-0.46612825455541834,0,0,0,0,0,0.7318478144807532
246,2.1348265096729881,-0.46601253471463933,0,0,0,0,0,0.73193830039812047
247,2.1435046662163741,-0.4658970387385033,0,0,0,0,0,0.73202867348199963
248,2.1521828227597606,-0.46578176620902456,0,0,0,0,0,0.73211893384719451
249,2.1608609793031466,-0.46566671669521742,0,0,0,0,0,0.7322090816155844
250,2.1695391358465326,-0.46555188975323897,0,0,0,0,0,0.73229911691607197
251,2.1782172923899186,-0.46543728492653591,0,0,0,0,0,0.73238903988453052
252,2.186895448933305,-0.46532290174599034,0,0,0,0,0,0.73247885066374996
253,2.195573605476691,-0.46520873973006716,0,0,0,0,0,0.73256854940338301
254,2.204251762020077,-0.46509479838496137,0,0,0,0,0,0.73265813625988963
255,2.2129299185634634,-0.46498107720474596,0,0,0,0,0,0.73274761139648259
256,2.2216080751068494,-0.46486757567152054,0,0,0,0,0,0.73283697498307099
257,2.2302862316502354,-0.46475429325556167,0,0,0,0,0,0.73292622719620282
258,2.2389643881936219,-0.46464122941547037,0,0,0,0,0,0.7330153682190097
259,2.2476425447370079,-0.46452838359832394,0,0,0,0,0,0.73310439824114804
260,2.2563207012803939,-0.46441575523982503,0,0,0,0,0,0.73319331745874083
261,2.2649988578237803,-0.46430334376445159,0,0,0,0,0,0.73328212607432031
262,2.2736770143671663,-0.46419114858560862,0,0,0,0,0,0.73337082429676781
263,2.2823551709105523,-0.46407916910577862,0,0,0,0,0,0.733459412341255
264,2.2910333274539383,-0.46396740471667275,0,0,0,0,0,0.73354789042918389
265,2.2997114839973247,-0.46385585479937985,0,0,0,0,0,0.73363625878812744
266,2.3083896405407107,-0.46374451872452016,0,0,0,0,0,0.73372451765176749
267,2.3170677970840967,-0.4636333958523951,0,0,0,0,0,0.73381266725983596
268,2.3257459536274832,-0.46352248553313752,0,0,0,0,0,0.73390070785805173
269,2.3344241101708691,-0.46341178710686304,0,0,0,0,0,0.73398863969806105
270,2.3431022667142551,-0.46330129990382118,0,0,0,0,0,0.73407646303737428
271,2.3517804232576416,-0.46319102324454509,0,0,0,0,0,0.73416417813930523
272,2.3604585798010276,-0.46308095644000213,0,0,0,0,0,0.73425178527290758
273,2.3691367363444136,-0.46297109879174303,0,0,0,0,0,0.73433928471291388
274,2.3778148928877996,-0.46286144959205322,0,0,0,0,0,0.7344266767396721
275,2.386493049431186,-0.46275200812410044,0,0,0,0,0,0.73451396163908278
276,2.395171205974572,-0.46264277366208462,0,0,0,0,0,0.73460113970253649
277,2.403849362517958,-0.46253374547138615,0,0,0,0,0,0.73468821122685024
278,2.4125275190613444,-0.46242492280871411,0,0,0,0,0,0.73477517651420476
279,2.4212056756047304,-0.46231630492225406,0,0,0,0,0,0.73486203587208032
280,2.4298838321481164,-0.46220789105181437,0,0,0,0,0,0.73494878961319399
281,2.4385619886915029,-0.46209968042897387,0,0,0,0,0,0.7350354380554357
282,2.4472401452348889,-0.46199167227722732,0,0,0,0,0,0.73512198152180463
283,2.4559183017782749,-0.4618838658121307,0,0,0,0,0,0.73520842034034561
284,2.4645964583216613,-0.4617762602414463,0,0,0,0,0,0.73529475484408524
285,2.4732746148650473,-0.46166885476528674,0,0,0,0,0,0.7353809853709683
286,2.4819527714084333,-0.46156164857625936,0,0,0,0,0,0.73546711226379347
287,2.4906309279518193,-0.4614546408596073,0,0,0,0,0,0.73555313587015014
288,2.4993090844952057,-0.46134783079335273,0,0,0,0,0,0.73563905654235417
289,2.5079872410385917,-0.46124121754843855,0,0,0,0,0,0.73572487463738467
290,2.5166653975819777,-0.46113480028886789,0,0,0,0,0,0.73581059051681985
291,2.5253435541253642,-0.46102857817184417,0,0,0,0,0,0.73589620454677329
292,2.5340217106687501,-0.46092255034791096,0,0,0,0,0,0.73598171709783056
293,2.5426998672121361,-0.46081671596108897,0,0,0,0,0,0.73606712854498568
294,2.5513780237555226,-0.4607110741490138,0,0,0,0,0,0.73615243926757812
295,2.5600561802989086,-0.46060562404307315,0,0,0,0,0,0.73623764964922855
296,2.5687343368422946,-0.46050036476854034,0,0,0,0,0,0.73632276007777586
297,2.5774124933856806,-0.46039529544471103,0,0,0,0,0,0.73640777094521503
298,2.586090649929067,-0.46029041518503594,0,0,0,0,0,0.73649268264763312
299,2.594768806472453,-0.46018572309725331,0,0,0,0,0,0.73657749558514662
300,2.603446963015839,-0.46008121828352161,0,0,0,0,0,0.73666221016183908
301,2.6121251195592254,-0.45997689984054974,0,0,0,0,0,0.73674682678569847
302,2.6208032761026114,-0.45987276685972756,0,0,0,0,0,0.73683134586855503
303,2.6294814326459974,-0.45976881842725359,0,0,0,0,0,0.73691576782601886
304,2.6381595891893839,-0.45966505362426435,0,0,0,0,0,0.73700009307741776
305,2.6468377457327699,-0.45956147152695964,0,0,0,0,0,0.73708432204573615
306,2.6555159022761559,-0.45945807120673077,0,0,0,0,0,0.73716845515755303
307,2.6641940588195423,-0.45935485173028179,0,0,0,0,0,0.73725249284298067
308,2.6728722153629283,-0.45925181215975758,0,0,0,0,0,0.73733643553560357
309,2.6815503719063143,-0.459148951552863,0,0,0,0,0,0.73742028367241763
310,2.6902285284497003,-0.45904626896298639,0,0,0,0,0,0.7375040376937696
311,2.6989066849930867,-0.45894376343931975,0,0,0,0,0,0.73758769804329605
312,2.7075848415364727,-0.45884143402697786,0,0,0,0,0,0.7376712651678643
313,2.7162629980798587,-0.45873927976711792,0,0,0,0,0,0.73775473951751169
314,2.7249411546232452,-0.45863729969705558,0,0,0,0,0,0.73783812154538586
315,2.7336193111666311,-0.45853549285038175,0,0,0,0,0,0.73792141170768621
316,2.7422974677100171,-0.45843385825707822,0,0,0,0,0,0.73800461046360399
317,2.7509756242534036,-0.45833239494363109,0,0,0,0,0,0.7380877182752642
318,2.7596537807967896,-0.4582311019331442,0,0,0,0,0,0.73817073560766633
319,2.7683319373401756,-0.45812997824545099,0,0,0,0,0,0.7382536629286266
320,2.777010093883562,-0.4580290228972248,0,0,0,0,0,0.73833650070872026
321,2.785688250426948,-0.45792823490208934,0,0,0,0,0,0.73841924942122339
322,2.794366406970334,-0.45782761327072707,0,0,0,0,0,0.73850190954205575
323,2.80304456351372,-0.45772715701098599,0,0,0,0,0,0.738584481549724
324,2.8117227200571064,-0.45762686512798723,0,0,0,0,0,0.73866696592526482
325,2.8204008766004924,-0.45752673662422927,0,0,0,0,0,0.73874936315218864
326,2.8290790331438784,-0.45742677049969221,0,0,0,0,0,0.73883167371642344
327,2.8377571896872649,-0.45732696575194148,0,0,0,0,0,0.73891389810625896
328,2.8464353462306509,-0.4572273213762299,0,0,0,0,0,0.73899603681229142
329,2.8551135027740369,-0.45712783636559673,0,0,0,0,0,0.7390780903273686
330,2.8637916593174233,-0.45702850971097064,0,0,0,0,0,0.7391600591465346
331,2.8724698158608093,-0.45692934040126454,0,0,0,0,0,0.73924194376697594
332,2.8811479724041953,-0.45683032742347679,0,0,0,0,0,0.73932374468796702
333,2.8898261289475813,-0.45673146976278489,0,0,0,0,0,0.73940546241081662
334,2.8985042854909677,-0.45663276640264272,0,0,0,0,0,0.73948709743881458
335,2.9071824420343537,-0.45653421632487373,0,0,0,0,0,0.73956865027717855
336,2.9158605985777397,-0.45643581850976511,0,0,0,0,0,0.73965012143300113
337,2.9245387551211262,-0.45633757193615926,0,0,0,0,0,0.73973151141519788
338,2.9332169116645121,-0.4562394755815451,0,0,0,0,0,0.7398128207344552
339,2.9418950682078981,-0.45614152842214839,0,0,0,0,0,0.73989404990317809
340,2.9505732247512846,-0.4560437294330203,0,0,0,0,0,0.73997519943543977
341,2.9592513812946706,-0.45594607758812578,0,0,0,0,0,0.74005626984692985
342,2.9679295378380566,-0.45584857186043037,0,0,0,0,0,0.74013726165490401
343,2.976607694381443,-0.4557512112219862,0,0,0,0,0,0.74021817537813384
344,2.985285850924829,-0.45565399464401607,0,0,0,0,0,0.7402990115368564
345,2.993964007468215,-0.45555692109699897,0,0,0,0,0,0.74037977065272531
346,3.002642164011601,-0.45545998955075068,0,0,0,0,0,0.74046045324876109
347,3.0113203205549874,-0.45536319897450761,0,0,0,0,0,0.7405410598493023
348,3.0199984770983734,-0.45526654833700692,0,0,0,0,0,0.74062159097995695
349,3.0286766336417594,-0.45517003660656535,0,0,0,0,0,0.74070204716755428
350,3.0373547901851459,-0.45507366275116068,0,0,0,0,0,0.74078242894009727
351,3.0460329467285319,-0.45497742573850625,0,0,0,0,0,0.74086273682671444
352,3.0547111032719179,-0.45488132453613078,0,0,0,0,0,0.74094297135761344
353,3.0633892598153043,-0.45478535811145243,0,0,0,0,0,0.74102313306403378
354,3.0720674163586903,-0.45468952543185587,0,0,0,0,0,0.74110322247820015
355,3.0807455729020763,-0.45459382546476373,0,0,0,0,0,0.74118324013327697
356,3.0894237294454623,-0.45449825717771275,0,0,0,0,0,0.74126318656332213
357,3.0981018859888487,-0.45440281953842293,0,0,0,0,0,0.74134306230324154
358,3.1067800425322347,-0.45430751151487198,0,0,0,0,0,0.7414228678887439
359,3.1154581990756207,-0.45421233207536332,0,0,0,0,0,0.74150260385629641
360,3.1241363556190072,-0.45411728018859765,0,0,0,0,0,0.74158227074307981
361,3.1328145121623932,-0.4540223548237402,0,0,0,0,0,0.74166186908694465
362,3.1414926687057791,-0.45392755495048898,0,0,0,0,0,0.7417413994263673
363,3.1501708252491656,-0.45383287953914248,0,0,0,0,0,0.74182086230040634
364,3.1588489817925516,-0.45373832756066523,0,0,0,0,0,0.74190025824865991
365,3.1675271383359376,-0.45364389798675275,0,0,0,0,0,0.74197958781122242
366,3.176205294879324,-0.45354958978989707,0,0,0,0,0,0.74205885152864237
367,3.18488345142271,-0.45345540194344974,0,0,0,0,0,0.74213804994188004
368,3.193561607966096,-0.45336133342168516,0,0,0,0,0,0.74221718359226574
369,3.202239764509482,-0.45326738319986182,0,0,0,0,0,0.74229625302145852
370,3.2109179210528684,-0.45317355025428485,0,0,0,0,0,0.74237525877140431
371,3.2195960775962544,-0.45307983356236586,0,0,0,0,0,0.74245420138429541
372,3.2282742341396404,-0.45298623210268252,0,0,0,0,0,0.74253308140253016
373,3.2369523906830269,-0.45289274485503883,0,0,0,0,0,0.74261189936867256
374,3.2456305472264129,-0.45279937080052213,0,0,0,0,0,0.74269065582541138
375,3.2543087037697989,-0.45270610892156105,0,0,0,0,0,0.74276935131552224
376,3.2629868603131853,-0.45261295820198316,0,0,0,0,0,0.74284798638182614
377,3.2716650168565713,-0.45251991762707033,0,0,0,0,0,0.74292656156715209
378,3.2803431733999573,-0.45242698618361454,0,0,0,0,0,0.74300507741429744
379,3.2890213299433433,-0.4523341628599733,0,0,0,0,0,0.7430835344659894
380,3.2976994864867297,-0.45224144664612242,0,0,0,0,0,0.74316193326484736
381,3.3063776430301157,-0.45214883653371074,0,0,0,0,0,0.74324027435334428
382,3.3150557995735017,-0.45205633151611335,0,0,0,0,0,0.74331855827376903
383,3.3237339561168882,-0.45196393058848228,0,0,0,0,0,0.74339678556818978
384,3.3324121126602742,-0.45187163274779907,0,0,0,0,0,0.74347495677841602
385,3.3410902692036601,-0.45177943699292655,0,0,0,0,0,0.74355307244596225
386,3.3497684257470466,-0.45168734232465779,0,0,0,0,0,0.74363113311201079
387,3.3584465822904326,-0.45159534774576704,0,0,0,0,0,0.74370913931737614
388,3.3671247388338186,-0.45150345226105826,0,0,0,0,0,0.74378709160246859
389,3.375802895377205,-0.45141165487741453,0,0,0,0,0,0.74386499050725841
390,3.384481051920591,-0.45131995460384522,0,0,0,0,0,0.74394283657124016
391,3.393159208463977,-0.45122835045153509,0,0,0,0,0,0.74402063033339794
392,3.401837365007363,-0.45113684143388971,0,0,0,0,0,0.74409837233216947
393,3.4105155215507494,-0.45104542656658303,0,0,0,0,0,0.74417606310541207
394,3.4191936780941354,-0.45095410486760351,0,0,0,0,0,0.74425370319036743
395,3.4278718346375214,-0.45086287535729946,0,0,0,0,0,0.744331293123628
396,3.4365499911809079,-0.45077173705842338,0,0,0,0,0,0.74440883344110187
397,3.4452281477242939,-0.45068068899617786,0,0,0,0,0,0.74448632467798026
398,3.4539063042676799,-0.45058973019825854,0,0,0,0,0,0.74456376736870244
399,3.4625844608110663,-0.450498859694899,0,0,0,0,0,0.74464116204692321
400,3.4712626173544523,-0.45040807651891279,0,0,0,0,0,0.74471850924547955
401,3.4799407738978383,-0.45031737970573699,0,0,0,0,0,0.74479580949635715
402,3.4886189304412243,-0.4502267682934743,0,0,0,0,0,0.74487306333065817
403,3.4972970869846107,-0.45013624132293489,0,0,0,0,0,0.74495027127856872
404,3.5059752435279967,-0.45004579783767884,0,0,0,0,0,0.74502743386932602
405,3.5146534000713827,-0.44995543688405581,0,0,0,0,0,0.74510455163118605
406,3.5233315566147692,-0.44986515751124717,0,0,0,0,0,0.74518162509139285
407,3.5320097131581552,-0.44977495877130547,0,0,0,0,0,0.74525865477614539
408,3.5406878697015411,-0.44968483971919576,0,0,0,0,0,0.74533564121056639
409,3.5493660262449276,-0.44959479941283376,0,0,0,0,0,0.74541258491867157
410,3.5580441827883136,-0.44950483691312626,0,0,0,0,0,0.74548948642333734
411,3.5667223393316996,-0.44941495128401027,0,0,0,0,0,0.74556634624627083
412,3.575400495875086,-0.44932514159249093,0,0,0,0,0,0.74564316490797811
413,3.584078652418472,-0.44923540690868019,0,0,0,0,0,0.74571994292773447
414,3.592756808961858,-0.44914574630583609,0,0,0,0,0,0.7457966808235531
415,3.601434965505244,-0.44905615886039879,0,0,0,0,0,0.74587337911215545
416,3.6101131220486304,-0.44896664365202904,0,0,0,0,0,0.74595003830894036
417,3.6187912785920164,-0.44887719976364582,0,0,0,0,0,0.74602665892795483
418,3.6274694351354024,-0.44878782628146197,0,0,0,0,0,0.7461032414818638
419,3.6361475916787889,-0.44869852229502283,0,0,0,0,0,0.74617978648192029
420,3.6448257482221749,-0.44860928689724133,0,0,0,0,0,0.74625629443793629
421,3.6535039047655609,-0.44852011918443446,0,0,0,0,0,0.74633276585825281
422,3.6621820613089473,-0.44843101825636,0,0,0,0,0,0.74640920124971188
423,3.6708602178523333,-0.44834198321625146,0,0,0,0,0,0.74648560111762585
424,3.6795383743957193,-0.44825301317085386,0,0,0,0,0,0.74656196596574964
425,3.6882165309391053,-0.44816410723045996,0,0,0,0,0,0.74663829629625178
426,3.6968946874824917,-0.44807526450894464,0,0,0,0,0,0.7467145926096852
427,3.7055728440258777,-0.44798648412379971,0,0,0,0,0,0.74679085540495926
428,3.7142510005692637,-0.44789776519616958,0,0,0,0,0,0.74686708517931122
429,3.7229291571126502,-0.44780910685088521,0,0,0,0,0,0.74694328242827768
430,3.7316073136560362,-0.44772050821649856,0,0,0,0,0,0.74701944764566763
431,3.7402854701994221,-0.44763196842531849,0,0,0,0,0,0.74709558132353238
432,3.7489636267428086,-0.44754348661344218,0,0,0,0,0,0.7471716839521394
433,3.7576417832861946,-0.44745506192079132,0,0,0,0,0,0.7472477560199442
434,3.7663199398295806,-0.44736669349114533,0,0,0,0,0,0.7473237980135623
435,3.774998096372967,-0.44727838047217561,0,0,0,0,0,0.74739981041774162
436,3.783676252916353,-0.44719012201547836,0,0,0,0,0,0.74747579371533601
437,3.792354409459739,-0.44710191727660831,0,0,0,0,0,0.74755174838727667
438,3.801032566003125,-0.44701376541511273,0,0,0,0,0,0.74762767491254578
439,3.8097107225465114,-0.44692566559456459,0,0,0,0,0,0.74770357376814944
440,3.8183888790898974,-0.44683761698259494,0,0,0,0,0,0.74777944542909003
441,3.8270670356332834,-0.44674961875092734,0,0,0,0,0,0.74785529036833986
442,3.8357451921766699,-0.44666167007541052,0,0,0,0,0,0.74793110905681404
443,3.8444233487200559,-0.44657377013605071,0,0,0,0,0,0.74800690196334407
444,3.8531015052634419,-0.44648591811704486,0,0,0,0,0,0.74808266955465141
445,3.8617796618068283,-0.44639811320681455,0,0,0,0,0,0.74815841229532032
446,3.8704578183502143,-0.44631035459803664,0,0,0,0,0,0.748234130647772
447,3.8791359748936003,-0.4462226414876786,0,0,0,0,0,0.7483098250722382
448,3.8878141314369863,-0.44613497307702876,0,0,0,0,0,0.74838549602673454
449,3.8964922879803727,-0.44604734857173056,0,0,0,0,0,0.748461143967035
450,3.9051704445237587,-0.4459597671818144,0,0,0,0,0,0.74853676934664537
451,3.9138486010671447,-0.44587222812173055,0,0,0,0,0,0.74861237261677771
452,3.9225267576105312,-0.44578473061038137,0,0,0,0,0,0.74868795422632395
453,3.9312049141539172,-0.44569727387115421,0,0,0,0,0,0.74876351462183022
454,3.9398830706973031,-0.44560985713195378,0,0,0,0,0,0.74883905424747155
455,3.9485612272406896,-0.44552247962523372,0,0,0,0,0,0.74891457354502544
456,3.9572393837840756,-0.44543514058803102,0,0,0,0,0,0.74899007295384701
457,3.9659175403274616,-0.44534783926199628,0,0,0,0,0,0.7490655529108432
458,3.974595696870848,-0.44526057489342735,0,0,0,0,0,0.74914101385044729
459,3.983273853414234,-0.44517334673330117,0,0,0,0,0,0.74921645620459354
460,3.99195200995762,-0.44508615403730789,0,0,0,0,0,0.74929188040269168
461,4.000630166501006,-0.44499899606588011,0,0,0,0,0,0.7493672868716027
462,4.009308323044392,-0.444911872084228,0,0,0,0,0,0.74944267603561232
463,4.0179864795877789,-0.44482478136237097,0,0,0,0,0,0.74951804831640667
464,4.0266646361311649,-0.44473772317517007,0,0,0,0,0,0.74959340413304754
465,4.0353427926745509,-0.44465069680235952,0,0,0,0,0,0.74966874390194693
466,4.0440209492179369,-0.44456370152858077,0,0,0,0,0,0.74974406803684235
467,4.0526991057613229,-0.44447673664341392,0,0,0,0,0,0.74981937694877232
468,4.0613772623047089,-0.4443898014414106,0,0,0,0,0,0.74989467104605112
469,4.0700554188480949,-0.44430289522212629,0,0,0,0,0,0.74996995073424477
470,4.0787335753914817,-0.44421601729015325,0,0,0,0,0,0.75004521641614552
471,4.0874117319348677,-0.44412916695515237,0,0,0,0,0,0.75012046849174896
472,4.0960898884782537,-0.44404234353188687,0,0,0,0,0,0.7501957073582276
473,4.1047680450216397,-0.44395554634025364,0,0,0,0,0,0.75027093340990803
474,4.1134462015650257,-0.44386877470531627,0,0,0,0,0,0.75034614703824598
475,4.1221243581084117,-0.44378202795733879,0,0,0,0,0,0.75042134863180188
476,4.1308025146517986,-0.44369530543181668,0,0,0,0,0,0.75049653857621734
477,4.1394806711951846,-0.44360860646951067,0,0,0,0,0,0.75057171725419081
478,4.1481588277385706,-0.44352193041647925,0,0,0,0,0,0.75064688504545307
479,4.1568369842819566,-0.4434352766241112,0,0,0,0,0,0.750722042326744
480,4.1655151408253426,-0.44334864444915884,0,0,0,0,0,0.7507971894717882
481,4.1741932973687286,-0.44326203325377045,0,0,0,0,0,0.75087232685127137
482,4.1828714539121146,-0.44317544240552298,0,0,0,0,0,0.75094745483281677
483,4.1915496104555015,-0.4430888712774555,0,0,0,0,0,0.75102257378096127
484,4.2002277669988874,-0.4430023192481013,0,0,0,0,0,0.75109768405713195
485,4.2089059235422734,-0.44291578570152179,0,0,0,0,0,0.75117278601962267
486,4.2175840800856594,-0.44282927002733868,0,0,0,0,0,0.75124788002357012
487,4.2262622366290454,-0.44274277162076681,0,0,0,0,0,0.75132296642093133
488,4.2349403931724314,-0.44265628988264794,0,0,0,0,0,0.75139804556045942
489,4.2436185497158174,-0.44256982421948304,0,0,0,0,0,0.75147311778768178
490,4.2522967062592043,-0.44248337404346538,0,0,0,0,0,0.7515481834448754
491,4.2609748628025903,-0.44239693877251363,0,0,0,0,0,0.75162324287104487
492,4.2696530193459763,-0.44231051783030528,0,0,0,0,0,0.75169829640189922
493,4.2783311758893623,-0.44222411064630873,0,0,0,0,0,0.75177334436982912
494,4.2870093324327483,-0.44213771665581658,0,0,0,0,0,0.75184838710388402
495,4.2956874889761343,-0.44205133529997981,0,0,0,0,0,0.75192342492974951
496,4.3043656455195212,-0.44196496602583918,0,0,0,0,0,0.75199845816972477
497,4.3130438020629072,-0.44187860828635861,0,0,0,0,0,0.75207348714270017
498,4.3217219586062932,-0.44179226154045953,0,0,0,0,0,0.75214851216413514
499,4.3304001151496792,-0.44170592525305186,0,0,0,0,0,0.75222353354603522
500,4.3390782716930651,-0.44161959889506824,0,0,0,0,0,0.75229855159693049
501,4.3477564282364511,-0.44153328194349672,0,0,0,0,0,0.75237356662185351
502,4.3564345847798371,-0.44144697388141318,0,0,0,0,0,0.75244857892231676
503,4.365112741323224,-0.44136067419801495,0,0,0,0,0,0.75252358879629178
504,4.37379089786661,-0.44127438238865302,0,0,0,0,0,0.75259859653818673
505,4.382469054409996,-0.4411880979548653,0,0,0,0,0,0.75267360243882464
506,4.391147210953382,-0.4411018204044086,0,0,0,0,0,0.75274860678542277
507,4.399825367496768,-0.44101554925129238,0,0,0,0,0,0.75282360986157026
508,4.408503524040154,-0.440929284015811,0,0,0,0,0,0.75289861194720753
509,4.4171816805835409,-0.44084302422457539,0,0,0,0,0,0.75297361331860491
510,4.4258598371269269,-0.44075676941054637,0,0,0,0,0,0.75304861424834213
511,4.4345379936703129,-0.44067051911306776,0,0,0,0,0,0.75312361500528624
512,4.4432161502136989,-0.44058427287789648,0,0,0,0,0,0.75319861585457248
513,4.4518943067570849,-0.44049803025723766,0,0,0,0,0,0.75327361705758233
514,4.4605724633004709,-0.44041179080977411,0,0,0,0,0,0.75334861887192395
515,4.4692506198438569,-0.4403255541007004,0,0,0,0,0,0.75342362155141163
516,4.4779287763872437,-0.44023931970175301,0,0,0,0,0,0.75349862534604561
517,4.4866069329306297,-0.44015308719124369,0,0,0,0,0,0.75357363050199233
518,4.4952850894740157,-0.44006685615409058,0,0,0,0,0,0.75364863726156406
519,4.5039632460174017,-0.4399806261818488,0,0,0,0,0,0.75372364586319962
520,4.5126414025607877,-0.43989439687274401,0,0,0,0,0,0.75379865654144518
521,4.5213195591041737,-0.43980816783170085,0,0,0,0,0,0.75387366952693413
522,4.5299977156475606,-0.43972193867037668,0,0,0,0,0,0.75394868504636903
523,4.5386758721909466,-0.43963570900719084,0,0,0,0,0,0.75402370332250124
524,4.5473540287343326,-0.4395494784673557,0,0,0,0,0,0.75409872457411375
525,4.5560321852777186,-0.43946324668290804,0,0,0,0,0,0.7541737490160012
526,4.5647103418211046,-0.43937701329273793,0,0,0,0,0,0.75424877685895209
527,4.5733884983644906,-0.4392907779426205,0,0,0,0,0,0.75432380830973045
528,4.5820666549078766,-0.43920454028524519,0,0,0,0,0,0.7543988435710578
529,4.5907448114512635,-0.43911829998024482,0,0,0,0,0,0.75447388284159567
530,4.5994229679946494,-0.43903205669422646,0,0,0,0,0,0.75454892631592729
531,4.6081011245380354,-0.43894581010079925,0,0,0,0,0,0.75462397418454097
532,4.6167792810814214,-0.43885955988060499,0,0,0,0,0,0.75469902663381205
533,4.6254574376248074,-0.43877330572134532,0,0,0,0,0,0.75477408384598732
534,4.6341355941681934,-0.43868704731781161,0,0,0,0,0,0.7548491459991663
535,4.6428137507115803,-0.43860078437191186,0,0,0,0,0,0.75492421326728665
536,4.6514919072549663,-0.43851451659269941,0,0,0,0,0,0.754999285820107
537,4.6601700637983523,-0.43842824369640143,0,0,0,0,0,0.75507436382319071
538,4.6688482203417383,-0.43834196540644332,0,0,0,0,0,0.75514944743789103
539,4.6775263768851243,-0.43825568145347954,0,0,0,0,0,0.75522453682133439
540,4.6862045334285103,-0.43816939157541712,0,0,0,0,0,0.75529963212640605
541,4.6948826899718963,-0.43808309551744307,0,0,0,0,0,0.75537473350173512
542,4.7035608465152832,-0.43799679303205158,0,0,0,0,0,0.75544984109167868
543,4.7122390030586692,-0.43791048387906695,0,0,0,0,0,0.75552495503630857
544,4.7209171596020552,-0.43782416782567168,0,0,0,0,0,0.7556000754713974
545,4.7295953161454412,-0.43773784464642851,0,0,0,0,0,0.75567520252840303
546,4.7382734726888271,-0.43765151412330749,0,0,0,0,0,0.75575033633445632
547,4.7469516292322131,-0.43756517604570788,0,0,0,0,0,0.75582547701234781
548,4.7556297857755991,-0.43747883021048284,0,0,0,0,0,0.75590062468051389
549,4.764307942318986,-0.4373924764219615,0,0,0,0,0,0.75597577945302474
550,4.772986098862372,-0.43730611449197387,0,0,0,0,0,0.75605094143957163
551,4.781664255405758,-0.4372197442398702,0,0,0,0,0,0.7561261107454551
552,4.790342411949144,-0.43713336549254483,0,0,0,0,0,0.75620128747157278
553,4.79902056849253,-0.43704697808445603,0,0,0,0,0,0.75627647171440848
554,4.807698725035916,-0.43696058185764841,0,0,0,0,0,0.75635166356602035
555,4.8163768815793029,-0.43687417666177097,0,0,0,0,0,0.75642686311403085
556,4.8250550381226889,-0.43678776235409911,0,0,0,0,0,0.75650207044161633
557,4.8337331946660749,-0.43670133879955197,0,0,0,0,0,0.75657728562749593
558,4.8424113512094609,-0.43661490587071228,0,0,0,0,0,0.75665250874592327
559,4.8510895077528469,-0.43652846344784274,0,0,0,0,0,0.75672773986667596
560,4.8597676642962329,-0.43644201141890626,0,0,0,0,0,0.75680297905504723
561,4.8684458208396189,-0.43635554967958068,0,0,0,0,0,0.75687822637183699
562,4.8771239773830057,-0.43626907813327515,0,0,0,0,0,0.75695348187334344
563,4.8858021339263917,-0.43618259669114645,0,0,0,0,0,0.75702874561135636
564,4.8944802904697777,-0.43609610527211451,0,0,0,0,0,0.75710401763314761
565,4.9031584470131637,-0.43600960380287557,0,0,0,0,0,0.75717929798146599
566,4.9118366035565497,-0.43592309221791681,0,0,0,0,0,0.75725458669452916
567,4.9205147600999357,-0.43583657045952884,0,0,0,0,0,0.7573298838060184
568,4.9291929166433226,-0.43575003847781879,0,0,0,0,0,0.75740518934507217
569,4.9378710731867086,-0.43566349623072104,0,0,0,0,0,0.75748050333628059
570,4.9465492297300946,-0.43557694368400957,0,0,0,0,0,0.75755582579968084
571,4.9552273862734806,-0.43549038081130664,0,0,0,0,0,0.7576311567507521
572,4.9639055428168666,-0.43540380759409347,0,0,0,0,0,0.75770649620041164
573,4.9725836993602526,-0.43531722402171924,0,0,0,0,0,0.75778184415501137
574,4.9812618559036386,-0.43523063009140761,0,0,0,0,0,0.75785720061633355
575,4.9899400124470255,-0.43514402580826567,0,0,0,0,0,0.75793256558158928
576,4.9986181689904114,-0.43505741118528918,0,0,0,0,0,0.75800793904341535
577,5.0072963255337974,-0.43497078624336916,0,0,0,0,0,0.75808332098987241
578,5.0159744820771834,-0.43488415101129607,0,0,0,0,0,0.75815871140444313
579,5.0246526386205694,-0.43479750552576402,0,0,0,0,0,0.75823411026603249
580,5.0333307951639554,-0.43471084983137442,0,0,0,0,0,0.75830951754896581
581,5.0420089517073423,-0.43462418398063785,0,0,0,0,0,0.75838493322298961
582,5.0506871082507283,-0.43453750803397539,0,0,0,0,0,0.75846035725327166
583,5.0593652647941143,-0.43445082205971985,0,0,0,0,0,0.75853578960040191
584,5.0680434213375003,-0.43436412613411518,0,0,0,0,0,0.75861123022039489
585,5.0767215778808863,-0.43427742034131489,0,0,0,0,0,0.75868667906469001
586,5.0853997344242723,-0.43419070477338073,0,0,0,0,0,0.75876213608015541
587,5.0940778909676583,-0.4341039795302794,0,0,0,0,0,0.75883760120909016
588,5.1027560475110452,-0.43401724471987818,0,0,0,0,0,0.75891307438922806
589,5.1114342040544312,-0.43393050045794074,0,0,0,0,0,0.75898855555374189
590,5.1201123605978172,-0.43384374686812055,0,0,0,0,0,0.7590640446312471
591,5.1287905171412032,-0.43375698408195507,0,0,0,0,0,0.75913954154580798
592,5.1374686736845891,-0.43367021223885704,0,0,0,0,0,0.75921504621694225
593,5.1461468302279751,-0.43358343148610612,0,0,0,0,0,0.75929055855962757
594,5.1548249867713611,-0.43349664197883853,0,0,0,0,0,0.75936607848430882
595,5.163503143314748,-0.43340984388003728,0,0,0,0,0,0.75944160589690446
596,5.172181299858134,-0.43332303736052025,0,0,0,0,0,0.7595171406988146
597,5.18085945640152,-0.43323622259892614,0,0,0,0,0,0.75959268278692937
598,5.189537612944906,-0.43314939978170158,0,0,0,0,0,0.75966823205363754
599,5.198215769488292,-0.43306256910308649,0,0,0,0,0,0.75974378838683676
600,5.206893926031678,-0.43297573076509688,0,0,0,0,0,0.75981935166994252
601,5.2155720825750649,-0.4328888849775086,0,0,0,0,0,0.75989492178189966
602,5.2242502391184509,-0.43280203195783962,0,0,0,0,0,0.75997049859719257
603,5.2329283956618369,-0.43271517193132919,0,0,0,0,0,0.76004608198585788
604,5.2416065522052229,-0.43262830513091977,0,0,0,0,0,0.76012167181349655
605,5.2502847087486089,-0.43254143179723314,0,0,0,0,0,0.76019726794128606
606,5.2589628652919949,-0.43245455217855011,0,0,0,0,0,0.76027287022599466
607,5.2676410218353809,-0.43236766653078523,0,0,0,0,0,0.76034847851999465
608,5.2763191783787677,-0.4322807751174626,0,0,0,0,0,0.76042409267127831
609,5.2849973349221537,-0.43219387820968919,0,0,0,0,0,0.76049971252347237
610,5.2936754914655397,-0.43210697608613025,0,0,0,0,0,0.76057533791585308
611,5.3023536480089257,-0.43202006903297713,0,0,0,0,0,0.76065096868336401
612,5.3110318045523117,-0.43193315734392118,0,0,0,0,0,0.76072660465663255
613,5.3197099610956977,-0.43184624132012223,0,0,0,0,0,0.76080224566198729
614,5.3283881176390846,-0.4317593212701758,0,0,0,0,0,0.76087789152147667
615,5.3370662741824706,-0.43167239751008196,0,0,0,0,0,0.76095354205288723
616,5.3457444307258566,-0.4315854703632096,0,0,0,0,0,0.76102919706976413
617,5.3544225872692426,-0.43149854016026234,0,0,0,0,0,0.76110485638142999
618,5.3631007438126286,-0.43141160723924199,0,0,0,0,0,0.7611805197930066
619,5.3717789003560146,-0.43132467194541041,0,0,0,0,0,0.76125618710543519
620,5.3804570568994006,-0.43123773463125054,0,0,0,0,0,0.7613318581154993
621,5.3891352134427875,-0.43115079565642778,0,0,0,0,0,0.76140753261584648
622,5.3978133699861734,-0.43106385538774733,0,0,0,0,0,0.76148321039501199
623,5.4064915265295594,-0.4309769141991116,0,0,0,0,0,0.76155889123744214
624,5.4151696830729454,-0.43088997247147864,0,0,0,0,0,0.76163457492351871
625,5.4238478396163314,-0.43080303059281466,0,0,0,0,0,0.7617102612295843
626,5.4325259961597174,-0.43071608895805036,0,0,0,0,0,0.76178594992796711
627,5.4412041527031043,-0.43062914796903196,0,0,0,0,0,0.76186164078700735
628,5.4498823092464903,-0.43054220803447418,0,0,0,0,0,0.76193733357108473
629,5.4585604657898763,-0.43045526956990909,0,0,0,0,0,0.76201302804064497
630,5.4672386223332623,-0.43036833299763655,0,0,0,0,0,0.76208872395222815
631,5.4759167788766483,-0.43028139874667248,0,0,0,0,0,0.76216442105849702
632,5.4845949354200343,-0.43019446725269334,0,0,0,0,0,0.76224011910826694
633,5.4932730919634203,-0.43010753895798448,0,0,0,0,0,0.7623158178465349
634,5.5019512485068072,-0.43002061431138294,0,0,0,0,0,0.76239151701451013
635,5.5106294050501932,-0.42993369376822094,0,0,0,0,0,0.76246721634964543
636,5.5193075615935792,-0.4298467777902677,0,0,0,0,0,0.76254291558566845
637,5.5279857181369652,-0.42975986684567047,0,0,0,0,0,0.76261861445261392
638,5.5366638746803511,-0.42967296140889444,0,0,0,0,0,0.76269431267685639
639,5.5453420312237371,-0.42958606196066035,0,0,0,0,0,0.7627700099811443
640,5.554020187767124,-0.42949916898788248,0,0,0,0,0,0.76284570608463298
641,5.56269834431051,-0.42941228298360429,0,0,0,0,0,0.76292140070291947
642,5.571376500853896,-0.42932540444693401,0,0,0,0,0,0.76299709354807832
643,5.580054657397282,-0.42923853388297717,0,0,0,0,0,0.76307278432869641
644,5.588732813940668,-0.42915167180277092,0,0,0,0,0,0.76314847274990982
645,5.597410970484054,-0.42906481872321384,0,0,0,0,0,0.7632241585134405
646,5.60608912702744,-0.42897797516699732,0,0,0,0,0,0.76329984131763384
647,5.6147672835708269,-0.42889114166253461,0,0,0,0,0,0.76337552085749638
648,5.6234454401142129,-0.42880431874388858,0,0,0,0,0,0.76345119682473461
649,5.6321235966575989,-0.42871750695069921,0,0,0,0,0,0.76352686890779387
650,5.6408017532009849,-0.42863070682810922,0,0,0,0,0,0.76360253679189838
651,5.6494799097443709,-0.42854391892668886,0,0,0,0,0,0.76367820015909071
652,5.6581580662877569,-0.42845714380235994,0,0,0,0,0,0.76375385868827361
653,5.6668362228311429,-0.42837038201631811,0,0,0,0,0,0.76382951205525007
654,5.6755143793745297,-0.42828363413495468,0,0,0,0,0,0.7639051599327662
655,5.6841925359179157,-0.42819690072977729,0,0,0,0,0,0.76398080199055252
656,5.6928706924613017,-0.42811018237732906,0,0,0,0,0,0.76405643789536748
657,5.7015488490046877,-0.4280234796591082,0,0,0,0,0,0.76413206731104055
658,5.7102270055480737,-0.42793679316148431,0,0,0,0,0,0.76420768989851617
659,5.7189051620914597,-0.42785012347561518,0,0,0,0,0,0.76428330531589794
660,5.7275833186348466,-0.42776347119736285,0,0,0,0,0,0.76435891321849381
661,5.7362614751782326,-0.42767683692720804,0,0,0,0,0,0.76443451325886047
662,5.7449396317216186,-0.42759022127016361,0,0,0,0,0,0.76451010508685036
663,5.7536177882650046,-0.42750362483568793,0,0,0,0,0,0.76458568834965657
664,5.7622959448083906,-0.42741704823759558,0,0,0,0,0,0.76466126269186085
665,5.7709741013517766,-0.42733049209396906,0,0,0,0,0,0.76473682775548002
666,5.7796522578951626,-0.42724395702706897,0,0,0,0,0,0.76481238318001343
667,5.7883304144385495,-0.42715744366324271,0,0,0,0,0,0.76488792860249144
668,5.7970085709819354,-0.42707095263283334,0,0,0,0,0,0.76496346365752377
669,5.8056867275253214,-0.42698448457008653,0,0,0,0,0,0.76503898797734826
670,5.8143648840687074,-0.42689804011305765,0,0,0,0,0,0.76511450119187996
671,5.8230430406120934,-0.42681161990351801,0,0,0,0,0,0.76519000292876105
672,5.8317211971554794,-0.42672522458685863,0,0,0,0,0,0.7652654928134115
673,5.8403993536988663,-0.42663885481199643,0,0,0,0,0,0.76534097046907823
674,5.8490775102422523,-0.42655251123127719,0,0,0,0,0,0.76541643551688709
675,5.8577556667856383,-0.42646619450037782,0,0,0,0,0,0.76549188757589337
676,5.8664338233290243,-0.42637990527820979,0,0,0,0,0,0.76556732626313362
677,5.8751119798724103,-0.42629364422681959,0,0,0,0,0,0.76564275119367797
678,5.8837901364157963,-0.42620741201129114,0,0,0,0,0,0.76571816198068154
679,5.8924682929591823,-0.42612120929964453,0,0,0,0,0,0.76579355823543738
680,5.9011464495025692,-0.42603503676273702,0,0,0,0,0,0.76586893956742952
681,5.9098246060459552,-0.42594889507416123,0,0,0,0,0,0.76594430558438609
682,5.9185027625893412,-0.42586278491014462,0,0,0,0,0,0.76601965589233267
683,5.9271809191327272,-0.42577670694944653,0,0,0,0,0,0.76609499009564586
684,5.9358590756761132,-0.4256906618732571,0,0,0,0,0,0.76617030779710793
685,5.9445372322194991,-0.42560465036509276,0,0,0,0,0,0.76624560859796054
686,5.953215388762886,-0.42551867311069458,0,0,0,0,0,0.76632089209795962
687,5.961893545306272,-0.42543273079792265,0,0,0,0,0,0.76639615789542981
688,5.970571701849658,-0.42534682411665298,0,0,0,0,0,0.76647140558732008
689,5.979249858393044,-0.42526095375867229,0,0,0,0,0,0.76654663476925822
690,5.98792801493643,-0.42517512041757394,0,0,0,0,0,0.76662184503560682
691,5.996606171479816,-0.42508932478865119,0,0,0,0,0,0.7666970359795191
692,6.005284328023202,-0.42500356756879204,0,0,0,0,0,0.76677220719299399
693,6.0139624845665889,-0.42491784945637456,0,0,0,0,0,0.76684735826693262
694,6.0226406411099749,-0.42483217115115857,0,0,0,0,0,0.76692248879119473
695,6.0313187976533609,-0.42474653335418,0,0,0,0,0,0.76699759835465442
696,6.0399969541967469,-0.42466093676764582,0,0,0,0,0,0.76707268654525684
697,6.0486751107401329,-0.42457538209482398,0,0,0,0,0,0.76714775295007487
698,6.0573532672835189,-0.42448987003993904,0,0,0,0,0,0.76722279715536579
699,6.0660314238269049,-0.42440440130806406,0,0,0,0,0,0.76729781874662795
700,6.0747095803702917,-0.42431897660501339,0,0,0,0,0,0.76737281730865792
701,6.0833877369136777,-0.42423359663723481,0,0,0,0,0,0.76744779242560712
702,6.0920658934570637,-0.42414826211170326,0,0,0,0,0,0.76752274368103879
703,6.1007440500004497,-0.42406297373581248,0,0,0,0,0,0.76759767065798601
704,6.1094222065438357,-0.42397773221726742,0,0,0,0,0,0.76767257293900715
705,6.1181003630872217,-0.42389253826397794,0,0,0,0,0,0.76774745010624501
706,6.1267785196306086,-0.42380739258395012,0,0,0,0,0,0.76782230174148192
707,6.1354566761739946,-0.42372229588517973,0,0,0,0,0,0.76789712742619898
708,6.1441348327173806,-0.4236372488755451,0,0,0,0,0,0.76797192674163162
709,6.1528129892607666,-0.42355225226269944,0,0,0,0,0,0.76804669926882752
710,6.1614911458041526,-0.42346730675396438,0,0,0,0,0,0.76812144458870391
711,6.1701693023475386,-0.42338241305622359,0,0,0,0,0,0.76819616228210374
712,6.1788474588909246,-0.4232975718758154,0,0,0,0,0,0.76827085192985378
713,6.1875256154343115,-0.42321278391842676,0,0,0,0,0,0.76834551311282107
714,6.1962037719776974,-0.423128049888988,0,0,0,0,0,0.76842014541196968
715,6.2048819285210834,-0.42304337049156648,0,0,0,0,0,0.76849474840841758
716,6.2135600850644694,-0.42295874642926096,0,0,0,0,0,0.76856932168349368
717,6.2222382416078554,-0.42287417840409658,0,0,0,0,0,0.76864386481879365
718,6.2309163981512414,-0.42278966711692101,0,0,0,0,0,0.76871837739623738
719,6.2395945546946283,-0.42270521326729887,0,0,0,0,0,0.76879285899812455
720,6.2482727112380143,-0.42262081755340897,0,0,0,0,0,0.76886730920719071
721,6.2569508677814003,-0.42253648067193961,0,0,0,0,0,0.76894172760666368
722,6.2656290243247863,-0.42245220331798705,0,0,0,0,0,0.76901611378031887
723,6.2743071808681723,-0.42236798618495225,0,0,0,0,0,0.76909046731253572
724,6.2829853374115583,-0.42228382996443858,0,0,0,0,0,0.76916478778835218
725,6.2916634939549443,-0.42219973534615085,0,0,0,0,0,0.76923907479352061
726,6.3003416504983312,-0.42211570301779433,0,0,0,0,0,0.76931332791456208
727,6.3090198070417172,-0.42203173366497504,0,0,0,0,0,0.76938754673882181
728,6.3176979635851032,-0.4219478279710987,0,0,0,0,0,0.7694617308545233
729,6.3263761201284892,-0.42186398661727326,0,0,0,0,0,0.76953587985082295
730,6.3350542766718752,-0.4217802102822098,0,0,0,0,0,0.76960999331786306
731,6.3437324332152611,-0.42169649964212452,0,0,0,0,0,0.76968407084682677
732,6.352410589758648,-0.4216128553706428,0,0,0,0,0,0.76975811202999078
733,6.361088746302034,-0.42152927813870239,0,0,0,0,0,0.76983211646077832
734,6.36976690284542,-0.42144576861445765,0,0,0,0,0,0.76990608373381264
735,6.378445059388806,-0.42136232746318536,0,0,0,0,0,0.76998001344496869
736,6.387123215932192,-0.42127895534719068,0,0,0,0,0,0.7700539051914258
737,6.395801372475578,-0.42119565292571426,0,0,0,0,0,0.770127758571719
738,6.404479529018964,-0.4211124208548398,0,0,0,0,0,0.77020157318579097
739,6.4131576855623509,-0.42102925978740247,0,0,0,0,0,0.7702753486350431
740,6.4218358421057369,-0.42094617037289939,0,0,0,0,0,0.77034908452238526
741,6.4305139986491229,-0.4208631532573982,0,0,0,0,0,0.77042278045228774
742,6.4391921551925089,-0.42078020908345132,0,0,0,0,0,0.7704964360308294
743,6.4478703117358949,-0.42069733849000468,0,0,0,0,0,0.77057005086574859
744,6.4565484682792809,-0.42061454211231408,0,0,0,0,0,0.7706436245664916
745,6.4652266248226669,-0.42053182058185806,0,0,0,0,0,0.77071715674426133
746,6.4739047813660537,-0.42044917452625219,0,0,0,0,0,0.77079064701206579
747,6.4825829379094397,-0.42036660456916763,0,0,0,0,0,0.77086409498476571
748,6.4912610944528257,-0.42028411133024629,0,0,0,0,0,0.77093750027912233
749,6.4999392509962117,-0.42020169542502028,0,0,0,0,0,0.77101086251384343
750,6.5086174075395977,-0.42011935746483059,0,0,0,0,0,0.77108418130963063
751,6.5172955640829837,-0.4200370980567486,0,0,0,0,0,0.77115745628922516
752,6.5259737206263706,-0.41995491780349659,0,0,0,0,0,0.77123068707745257
753,6.5346518771697566,-0.41987281730337078,0,0,0,0,0,0.77130387330126904
754,6.5433300337131426,-0.4197907971501651,0,0,0,0,0,0.77137701458980512
755,6.5520081902565286,-0.41970885793309642,0,0,0,0,0,0.77145011057440938
756,6.5606863467999146,-0.41962700023673005,0,0,0,0,0,0.77152316088869277
757,6.5693645033433006,-0.41954522464090771,0,0,0,0,0,0.77159616516857121
758,6.5780426598866866,-0.4194635317206748,0,0,0,0,0,0.77166912305230739
759,6.5867208164300735,-0.41938192204621205,0,0,0,0,0,0.77174203418055332
760,6.5953989729734595,-0.41930039618276366,0,0,0,0,0,0.77181489819639204
761,6.6040771295168454,-0.41921895469057197,0,0,0,0,0,0.77188771474537754
762,6.6127552860602314,-0.41913759812480866,0,0,0,0,0,0.77196048347557567
763,6.6214334426036174,-0.4190563270355101,0,0,0,0,0,0.77203320403760345
764,6.6301115991470034,-0.41897514196751401,0,0,0,0,0,0.7721058760846683
765,6.6387897556903903,-0.41889404346039405,0,0,0,0,0,0.77217849927260696
766,6.6474679122337763,-0.41881303204840081,0,0,0,0,0,0.7722510732599227
767,6.6561460687771623,-0.41873210826039897,0,0,0,0,0,0.77232359770782366
768,6.6648242253205483,-0.41865127261981,0,0,0,0,0,0.7723960722802593
769,6.6735023818639343,-0.41857052564455322,0,0,0,0,0,0.77246849664395556
770,6.6821805384073203,-0.41848986784698888,0,0,0,0,0,0.77254087046845288
771,6.6908586949507063,-0.41840929973386376,0,0,0,0,0,0.77261319342613866
772,6.6995368514940932,-0.41832882180625652,0,0,0,0,0,0.77268546519228365
773,6.7082150080374792,-0.41824843455952548,0,0,0,0,0,0.77275768544507439
774,6.7168931645808652,-0.41816813848325629,0,0,0,0,0,0.77282985386564718
775,6.7255713211242512,-0.41808793406121292,0,0,0,0,0,0.77290197013812079
776,6.7342494776676372,-0.41800782177128848,0,0,0,0,0,0.7729740339496276
777,6.7429276342110231,-0.41792780208545788,0,0,0,0,0,0.7730460449903459
778,6.75160579075441,-0.41784787546973079,0,0,0,0,0,0.77311800295353006
779,6.760283947297796,-0.41776804238410881,0,0,0,0,0,0.77318990753554084
780,6.768962103841182,-0.41768830328254003,0,0,0,0,0,0.77326175843587441
781,6.777640260384568,-0.4176086586128781,0,0,0,0,0,0.77333355535719228
782,6.786318416927954,-0.41752910881684124,0,0,0,0,0,0.77340529800534819
783,6.79499657347134,-0.41744965432997294,0,0,0,0,0,0.77347698608941629
784,6.803674730014726,-0.4173702955816031,0,0,0,0,0,0.77354861932171837
785,6.8123528865581129,-0.41729103299481224,0,0,0,0,0,0.77362019741784982
786,6.8210310431014989,-0.41721186698639562,0,0,0,0,0,0.77369172009670506
787,6.8297091996448849,-0.41713279796682873,0,0,0,0,0,0.77376318708050262
788,6.8383873561882709,-0.41705382634023586,0,0,0,0,0,0.77383459809481026
789,6.8470655127316569,-0.41697495250435712,0,0,0,0,0,0.77390595286856756
790,6.8557436692750429,-0.41689617685051922,0,0,0,0,0,0.77397725113410942
791,6.8644218258184297,-0.41681749976360638,0,0,0,0,0,0.77404849262718911
792,6.8730999823618157,-0.41673892162203358,0,0,0,0,0,0.77411967708699891
793,6.8817781389052017,-0.41666044279771902,0,0,0,0,0,0.77419080425619224
794,6.8904562954485877,-0.41658206365606071,0,0,0,0,0,0.77426187388090351
795,6.8991344519919737,-0.41650378455591219,0,0,0,0,0,0.77433288571076864
796,6.9078126085353597,-0.41642560584956045,0,0,0,0,0,0.7744038394989432
797,6.9164907650787457,-0.41634752788270496,0,0,0,0,0,0.77447473500212238
798,6.9251689216221326,-0.41626955099443841,0,0,0,0,0,0.77454557198055729
799,6.9338470781655186,-0.41619167551722802,0,0,0,0,0,0.77461635019807384
800,6.9425252347089046,-0.41611390177689833,0,0,0,0,0,0.7746870694220882
801,6.9512033912522906,-0.41603623009261598,0,0,0,0,0,0.77475772942362342
802,6.9598815477956766,-0.4159586607768746,0,0,0,0,0,0.77482832997732454
803,6.9685597043390626,-0.41588119413548186,0,0,0,0,0,0.77489887086147324
804,6.9772378608824486,-0.41580383046754776,0,0,0,0,0,0.77496935185800242
805,6.9859160174258355,-0.41572657006547281,0,0,0,0,0,0.7750397727525089
806,6.9945941739692215,-0.41564941321494026,0,0,0,0,0,0.77511013333426715
807,7.0032723305126074,-0.41557236019490529,0,0,0,0,0,0.77518043339624065
808,7.0119504870559934,-0.41549541127759049,0,0,0,0,0,0.77525067273509385
809,7.0206286435993794,-0.41541856672847821,0,0,0,0,0,0.77532085115120375
810,7.0293068001427654,-0.41534182680630671,0,0,0,0,0,0.77539096844866862
811,7.0379849566861523,-0.4152651917630662,0,0,0,0,0,0.77546102443531961
812,7.0466631132295383,-0.4151886618439965,0,0,0,0,0,0.77553101892272891
813,7.0553412697729243,-0.41511223728758639,0,0,0,0,0,0.77560095172621812
814,7.0640194263163103,-0.41503591832557291,0,0,0,0,0,0.77567082266486653
815,7.0726975828596963,-0.41495970518294262,0,0,0,0,0,0.77574063156151851
816,7.0813757394030823,-0.41488359807793446,0,0,0,0,0,0.77581037824278976
817,7.0900538959464683,-0.41480759722204197,0,0,0,0,0,0.77588006253907427
818,7.0987320524898552,-0.41473170282001875,0,0,0,0,0,0.77594968428454858
819,7.1074102090332412,-0.41465591506988386,0,0,0,0,0,0.77601924331717798
820,7.1160883655766272,-0.41458023416292727,0,0,0,0,0,0.77608873947872037
821,7.1247665221200132,-0.41450466028371941,0,0,0,0,0,0.77615817261472997
822,7.1334446786633992,-0.41442919361011871,0,0,0,0,0,0.77622754257456061
823,7.1421228352067851,-0.41435383431328188,0,0,0,0,0,0.77629684921136821
824,7.150800991750172,-0.41427858255767414,0,0,0,0,0,0.7763660923821134
825,7.159479148293558,-0.41420343850108166,0,0,0,0,0,0.77643527194756268
826,7.168157304836944,-0.41412840229462416,0,0,0,0,0,0.77650438777228925
827,7.17683546138033,-0.4140534740827686,0,0,0,0,0,0.77657343972467419
828,7.185513617923716,-0.41397865400334455,0,0,0,0,0,0.77664242767690506
829,7.194191774467102,-0.41390394218755899,0,0,0,0,0,0.77671135150497661
830,7.202869931010488,-0.4138293387600141,0,0,0,0,0,0.776780211088689
831,7.2115480875538749,-0.41375484383872346,0,0,0,0,0,0.77684900631164555
832,7.2202262440972609,-0.41368045753513272,0,0,0,0,0,0.77691773706125211
833,7.2289044006406469,-0.41360617995413668,0,0,0,0,0,0.7769864032287126
834,7.2375825571840329,-0.4135320111941006,0,0,0,0,0,0.77705500470902666
835,7.2462607137274189,-0.4134579513468829,0,0,0,0,0,0.77712354140098561
836,7.2549388702708049,-0.41338400049785473,0,0,0,0,0,0.77719201320716891
837,7.2636170268141917,-0.4133101587259238,0,0,0,0,0,0.77726042003393814
838,7.2722951833575777,-0.4132364261035591,0,0,0,0,0,0.77732876179143284
839,7.2809733399009637,-0.41316280269681432,0,0,0,0,0,0.77739703839356478
840,7.2896514964443497,-0.41308928856535326,0,0,0,0,0,0.77746524975801112
841,7.2983296529877357,-0.41301588376247667,0,0,0,0,0,0.77753339580620806
842,7.3070078095311217,-0.41294258833514796,0,0,0,0,0,0.77760147646334432
843,7.3156859660745077,-0.41286940232402231,0,0,0,0,0,0.77766949165835253
844,7.3243641226178946,-0.41279632576347375,0,0,0,0,0,0.77773744132390221
845,7.3330422791612806,-0.41272335868162541,0,0,0,0,0,0.77780532539639036
846,7.3417204357046666,-0.41265050110037765,0,0,0,0,0,0.77787314381593409
847,7.3503985922480526,-0.41257775303544053,0,0,0,0,0,0.77794089652635945
848,7.3590767487914386,-0.41250511449636351,0,0,0,0,0,0.77800858347519286
849,7.3677549053348246,-0.41243258548656808,0,0,0,0,0,0.7780762046136509
850,7.3764330618782106,-0.41236016600337966,0,0,0,0,0,0.77814375989662921
851,7.3851112184215975,-0.41228785603806117,0,0,0,0,0,0.77821124928269225
852,7.3937893749649835,-0.41221565557584616,0,0,0,0,0,0.77827867273406126
853,7.4024675315083694,-0.41214356459597401,0,0,0,0,0,0.77834603021660298
854,7.4111456880517554,-0.41207158307172398,0,0,0,0,0,0.77841332169981692
855,7.4198238445951414,-0.41199971097045074,0,0,0,0,0,0.7784805471568238
856,7.4285020011385274,-0.411927948253621,0,0,0,0,0,0.77854770656435179
857,7.4371801576819143,-0.41185629487684933,0,0,0,0,0,0.77861479990272364
858,7.4458583142253003,-0.41178475078993571,0,0,0,0,0,0.778681827155843
859,7.4545364707686863,-0.41171331593690297,0,0,0,0,0,0.77874878831118088
860,7.4632146273120723,-0.41164199025603398,0,0,0,0,0,0.77881568335976037
861,7.4718927838554583,-0.41157077367991202,0,0,0,0,0,0.77888251229614291
862,7.4805709403988443,-0.41149966613545863,0,0,0,0,0,0.77894927511841305
863,7.4892490969422303,-0.41142866754397206,0,0,0,0,0,0.77901597182816318
864,7.4979272534856172,-0.41135777782116956,0,0,0,0,0,0.77908260243047756
865,7.5066054100290032,-0.41128699687722597,0,0,0,0,0,0.77914916693391667
866,7.5152835665723892,-0.41121632461681423,0,0,0,0,0,0.77921566535050146
867,7.5239617231157752,-0.41114576093914756,0,0,0,0,0,0.77928209769569579
868,7.5326398796591612,-0.41107530573802009,0,0,0,0,0,0.77934846398839086
869,7.5413180362025471,-0.4110049589018494,0,0,0,0,0,0.77941476425088674
870,7.549996192745934,-0.41093472031371747,0,0,0,0,0,0.77948099850887642
871,7.55867434928932,-0.41086458985141505,0,0,0,0,0,0.77954716679142677
872,7.567352505832706,-0.41079456738748255,0,0,0,0,0,0.77961326913096163
873,7.576030662376092,-0.41072465278925396,0,0,0,0,0,0.77967930556324339
874,7.584708818919478,-0.41065484591890078,0,0,0,0,0,0.77974527612735411
875,7.593386975462864,-0.41058514663347523,0,0,0,0,0,0.77981118086567747
876,7.60206513200625,-0.41051555478495388,0,0,0,0,0,0.7798770198238798
877,7.6107432885496369,-0.41044607022028168,0,0,0,0,0,0.77994279305089032
878,7.6194214450930229,-0.41037669278141803,0,0,0,0,0,0.78000850059888227
879,7.6280996016364089,-0.41030742230537975,0,0,0,0,0,0.78007414252325369
880,7.6367777581797949,-0.41023825862428615,0,0,0,0,0,0.78013971888260647
881,7.6454559147231809,-0.41016920156540526,0,0,0,0,0,0.78020522973872752
882,7.6541340712665669,-0.41010025095119745,0,0,0,0,0,0.78027067515656789
883,7.6628122278099537,-0.4100314065993631,0,0,0,0,0,0.78033605520422222
884,7.6714903843533397,-0.40996266832288503,0,0,0,0,0,0.78040136995290932
885,7.6801685408967257,-0.40989403593007778,0,0,0,0,0,0.7804666194769494
886,7.6888466974401117,-0.40982550922463079,0,0,0,0,0,0.78053180385374499
887,7.6975248539834977,-0.40975708800565591,0,0,0,0,0,0.78059692316375873
888,7.7062030105268837,-0.4096887720677328,0,0,0,0,0,0.78066197749049249
889,7.7148811670702697,-0.4096205612009558,0,0,0,0,0,0.78072696692046573
890,7.7235593236136566,-0.40955245519097977,0,0,0,0,0,0.78079189154319395
891,7.7322374801570426,-0.40948445381906695,0,0,0,0,0,0.78085675145116651
892,7.7409156367004286,-0.40941655686213252,0,0,0,0,0,0.78092154673982606
893,7.7495937932438146,-0.40934876409279264,0,0,0,0,0,0.78098627750754479
894,7.7582719497872006,-0.40928107527941016,0,0,0,0,0,0.78105094385560303
895,7.7669501063305866,-0.40921349018614062,0,0,0,0,0,0.78111554588816723
896,7.7756282628739726,-0.40914600857298067,0,0,0,0,0,0.78118008371226733
897,7.7843064194173595,-0.40907863019581325,0,0,0,0,0,0.78124455743777377
898,7.7929845759607455,-0.40901135480645462,0,0,0,0,0,0.78130896717737541
899,7.8016627325041314,-0.40894418215270223,0,0,0,0,0,0.78137331304655644
900,7.8103408890475174,-0.40887711197837928,0,0,0,0,0,0.78143759516357414
901,7.8190190455909034,-0.40881014402338367,0,0,0,0,0,0.78150181364943461
902,7.8276972021342894,-0.40874327802373278,0,0,0,0,0,0.7815659686278712
903,7.8363753586776763,-0.4086765137116114,0,0,0,0,0,0.78163006022532056
904,7.8450535152210623,-0.4086098508154179,0,0,0,0,0,0.78169408857089917
905,7.8537316717644483,-0.40854328905981019,0,0,0,0,0,0.78175805379638141
906,7.8624098283078343,-0.40847682816575337,0,0,0,0,0,0.78182195603617466
907,7.8710879848512203,-0.40841046785056478,0,0,0,0,0,0.78188579542729642
908,7.8797661413946063,-0.40834420782796077,0,0,0,0,0,0.78194957210935168
909,7.8884442979379923,-0.40827804780810412,0,0,0,0,0,0.78201328622450772
910,7.8971224544813792,-0.40821198749764842,0,0,0,0,0,0.78207693791747235
911,7.9058006110247652,-0.40814602659978477,0,0,0,0,0,0.78214052733546846
912,7.9144787675681512,-0.40808016481428844,0,0,0,0,0,0.78220405462821208
913,7.9231569241115372,-0.40801440183756355,0,0,0,0,0,0.78226751994788746
914,7.9318350806549232,-0.407948737362689,0,0,0,0,0,0.78233092344912381
915,7.9405132371983091,-0.40788317107946437,0,0,0,0,0,0.78239426528897149
916,7.949191393741696,-0.40781770267445561,0,0,0,0,0,0.78245754562687786
917,7.957869550285082,-0.4077523318310397,0,0,0,0,0,0.78252076462466436
918,7.966547706828468,-0.40768705822944962,0,0,0,0,0,0.78258392244650143
919,7.975225863371854,-0.40762188154682011,0,0,0,0,0,0.78264701925888547
920,7.98390401991524,-0.40755680145723205,0,0,0,0,0,0.78271005523061521
921,7.992582176458626,-0.40749181763175646,0,0,0,0,0,0.78277303053276692
922,8.001260333002012,-0.40742692973850048,0,0,0,0,0,0.78283594533867118
923,8.009938489545398,-0.40736213744264999,0,0,0,0,0,0.7828987998238891
924,8.018616646088784,-0.40729744040651494,0,0,0,0,0,0.78296159416618782
925,8.02729480263217,-0.4072328382895728,0,0,0,0,0,0.78302432854551729
926,8.0359729591755578,-0.40716833074851178,0,0,0,0,0,0.78308700314398627
927,8.0446511157189438,-0.40710391743727542,0,0,0,0,0,0.78314961814583817
928,8.0533292722623298,-0.40703959800710476,0,0,0,0,0,0.78321217373742769
929,8.0620074288057157,-0.4069753721065823,0,0,0,0,0,0.78327467010719676
930,8.0706855853491017,-0.40691123938167451,0,0,0,0,0,0.78333710744565088
931,8.0793637418924877,-0.40684719947577441,0,0,0,0,0,0.78339948594533526
932,8.0880418984358737,-0.40678325202974441,0,0,0,0,0,0.78346180580081115
933,8.0967200549792597,-0.40671939668195783,0,0,0,0,0,0.78352406720863232
934,8.1053982115226457,-0.4066556330683414,0,0,0,0,0,0.78358627036732142
935,8.1140763680660317,-0.40659196082241766,0,0,0,0,0,0.78364841547734587
936,8.1227545246094177,-0.40652837957534449,0,0,0,0,0,0.78371050274109511
937,8.1314326811528037,-0.40646488895595878,0,0,0,0,0,0.78377253236285649
938,8.1401108376961897,-0.40640148859081515,0,0,0,0,0,0.78383450454879233
939,8.1487889942395775,-0.40633817810422895,0,0,0,0,0,0.7838964195069158
940,8.1574671507829635,-0.40627495711831518,0,0,0,0,0,0.78395827744706825
941,8.1661453073263495,-0.4062118252530294,0,0,0,0,0,0.78402007858089506
942,8.1748234638697355,-0.40614878212620742,0,0,0,0,0,0.78408182312182384
943,8.1835016204131215,-0.40608582735360554,0,0,0,0,0,0.7841435112850399
944,8.1921797769565075,-0.40602296054893966,0,0,0,0,0,0.78420514328746349
945,8.2008579334998934,-0.40596018132392464,0,0,0,0,0,0.78426671934772685
946,8.2095360900432794,-0.4058974892883136,0,0,0,0,0,0.78432823968615151
947,8.2182142465866654,-0.40583488404993551,0,0,0,0,0,0.78438970452472501
948,8.2268924031300514,-0.40577236521473548,0,0,0,0,0,0.78445111408707757
949,8.2355705596734374,-0.40570993238681097,0,0,0,0,0,0.78451246859846069
950,8.2442487162168234,-0.40564758516845079,0,0,0,0,0,0.78457376828572312
951,8.2529268727602094,-0.4055853231601721,0,0,0,0,0,0.78463501337728891
952,8.2616050293035972,-0.40552314596075889,0,0,0,0,0,0.78469620410313445
953,8.2702831858469832,-0.40546105316729814,0,0,0,0,0,0.78475734069476666
954,8.2789613423903692,-0.40539904437521557,0,0,0,0,0,0.7848184233851998
955,8.2876394989337552,-0.40533711917831439,0,0,0,0,0,0.78487945240893375
956,8.2963176554771412,-0.40527527716881007,0,0,0,0,0,0.78494042800193142
957,8.3049958120205272,-0.40521351793736615,0,0,0,0,0,0.78500135040159724
958,8.3136739685639132,-0.40515184107313124,0,0,0,0,0,0.78506221984675406
959,8.3223521251072992,-0.40509024616377198,0,0,0,0,0,0.7851230365776225
960,8.3310302816506852,-0.40502873279551088,0,0,0,0,0,0.78518380083579742
961,8.3397084381940711,-0.40496730055315905,0,0,0,0,0,0.78524451286422836
962,8.3483865947374571,-0.4049059490201522,0,0,0,0,0,0.78530517290719559
963,8.3570647512808431,-0.40484467777858302,0,0,0,0,0,0.78536578121028999
964,8.3657429078242291,-0.40478348640923734,0,0,0,0,0,0.78542633802039119
965,8.3744210643676169,-0.4047223744916254,0,0,0,0,0,0.78548684358564613
966,8.3830992209110029,-0.40466134160401712,0,0,0,0,0,0.78554729815544777
967,8.3917773774543889,-0.40460038732347459,0,0,0,0,0,0.78560770198041352
968,8.4004555339977749,-0.40453951122588439,0,0,0,0,0,0.78566805531236494
969,8.4091336905411609,-0.40447871288599063,0,0,0,0,0,0.78572835840430599
970,8.4178118470845469,-0.40441799187742633,0,0,0,0,0,0.78578861151040291
971,8.4264900036279329,-0.40435734777274718,0,0,0,0,0,0.78584881488596225
972,8.4351681601713189,-0.40429678014346038,0,0,0,0,0,0.78590896878741168
973,8.4438463167147049,-0.40423628856005878,0,0,0,0,0,0.78596907347227796
974,8.4525244732580909,-0.40417587259205046,0,0,0,0,0,0.78602912919916756
975,8.4612026298014769,-0.40411553180798898,0,0,0,0,0,0.78608913622774557
976,8.4698807863448629,-0.40405526577550593,0,0,0,0,0,0.78614909481871575
977,8.4785589428882489,-0.40399507406133839,0,0,0,0,0,0.78620900523380022
978,8.4872370994316348,-0.403934956231362,0,0,0,0,0,0.78626886773571969
979,8.4959152559750226,-0.40387491185061719,0,0,0,0,0,0.78632868258817312
980,8.5045934125184086,-0.40381494048334166,0,0,0,0,0,0.78638845005581792
981,8.5132715690617946,-0.40375504169299753,0,0,0,0,0,0.78644817040425052
982,8.5219497256051806,-0.40369521504230088,0,0,0,0,0,0.78650784389998651
983,8.5306278821485666,-0.40363546009325019,0,0,0,0,0,0.78656747081044087
984,8.5393060386919526,-0.40357577640715392,0,0,0,0,0,0.78662705140390909
985,8.5479841952353386,-0.40351616354466047,0,0,0,0,0,0.78668658594954743
986,8.5566623517787246,-0.40345662106578306,0,0,0,0,0,0.78674607471735392
987,8.5653405083221106,-0.40339714852992997,0,0,0,0,0,0.78680551797814913
988,8.5740186648654966,-0.4033377454959296,0,0,0,0,0,0.78686491600355724
989,8.5826968214088826,-0.40327841152205879,0,0,0,0,0,0.78692426906598723
990,8.5913749779522686,-0.40321914616606774,0,0,0,0,0,0.78698357743861402
991,8.6000531344956546,-0.40315994898520924,0,0,0,0,0,0.78704284139535974
992,8.6087312910390423,-0.40310081953626131,0,0,0,0,0,0.78710206121087567
993,8.6174094475824283,-0.40304175737555636,0,0,0,0,0,0.78716123716052266
994,8.6260876041258143,-0.40298276205900402,0,0,0,0,0,0.78722036952035424
995,8.6347657606692003,-0.4029238331421181,0,0,0,0,0,0.78727945856709725
996,8.6434439172125863,-0.40286497018004125,0,0,0,0,0,0.78733850457813426
997,8.6521220737559723,-0.40280617272756997,0,0,0,0,0,0.78739750783148554
998,8.6608002302993583,-0.40274744033917875,0,0,0,0,0,0.78745646860579088
999,8.6694783868427443,-0.40268877256904462,0,0,0,0,0,0.78751538718029201
1000,8.6781565433861303,-0.40263016897107112,0,0,0,0,0,0.78757426383481499
1001,8.6868346999295163,-0.40257162909891225,0,0,0,0,0,0.7876330988497523
1002,8.6955128564729023,-0.40251315250599629,0,0,0,0,0,0.78769189250604577
1003,8.7041910130162883,-0.40245473874554838,0,0,0,0,0,0.78775064508516868
1004,8.7128691695596743,-0.40239638737061473,0,0,0,0,0,0.78780935686910913
1005,8.721547326103062,-0.4023380979340842,0,0,0,0,0,0.78786802814035228
1006,8.730225482646448,-0.40227986998871246,0,0,0,0,0,0.78792665918186366
1007,8.738903639189834,-0.40222170308714228,0,0,0,0,0,0.78798525027707234
1008,8.74758179573322,-0.40216359678192781,0,0,0,0,0,0.78804380170985333
1009,8.756259952276606,-0.40210555062555536,0,0,0,0,0,0.78810231376451179
1010,8.764938108819992,-0.4020475641704655,0,0,0,0,0,0.78816078672576606
1011,8.773616265363378,-0.4019896369690738,0,0,0,0,0,0.78821922087873042
1012,8.782294421906764,-0.40193176857379315,0,0,0,0,0,0.78827761650889971
1013,8.79097257845015,-0.40187395853705482,0,0,0,0,0,0.7883359739021325
1014,8.799650734993536,-0.40181620641132743,0,0,0,0,0,0.78839429334463484
1015,8.808328891536922,-0.40175851174914001,0,0,0,0,0,0.78845257512294387
1016,8.817007048080308,-0.40170087410310107,0,0,0,0,0,0.78851081952391233
1017,8.825685204623694,-0.40164329302591895,0,0,0,0,0,0.78856902683469232
1018,8.8343633611670818,-0.4015857680704214,0,0,0,0,0,0.78862719734271935
1019,8.8430415177104678,-0.40152829878957674,0,0,0,0,0,0.78868533133569685
1020,8.8517196742538538,-0.40147088473651138,0,0,0,0,0,0.78874342910158057
1021,8.8603978307972397,-0.40141352546453107,0,0,0,0,0,0.78880149092856233
1022,8.8690759873406257,-0.40135622052713887,0,0,0,0,0,0.78885951710505575
1023,8.8777541438840117,-0.40129896947805488,0,0,0,0,0,0.78891750791967974
1024,8.8864323004273977,-0.40124177187123428,0,0,0,0,0,0.78897546366124349
1025,8.8951104569707837,-0.40118462726088688,0,0,0,0,0,0.78903338461873196
1026,8.9037886135141697,-0.40112753520149425,0,0,0,0,0,0.78909127108129051
1027,8.9124667700575557,-0.40107049524782956,0,0,0,0,0,0.78914912333820886
1028,8.9211449266009417,-0.40101350695497351,0,0,0,0,0,0.78920694167890781
1029,8.9298230831443277,-0.40095656987833483,0,0,0,0,0,0.78926472639292355
1030,8.9385012396877137,-0.4008996835736654,0,0,0,0,0,0.78932247776989262
1031,8.9471793962311015,-0.400842847597079,0,0,0,0,0,0.78938019609953813
1032,8.9558575527744875,-0.40078606150506951,0,0,0,0,0,0.78943788167165441
1033,8.9645357093178735,-0.40072932485452573,0,0,0,0,0,0.78949553477609313
1034,8.9732138658612595,-0.40067263720275081,0,0,0,0,0,0.78955315570274842
1035,8.9818920224046455,-0.40061599810747717,0,0,0,0,0,0.78961074474154325
1036,8.9905701789480315,-0.40055940712688465,0,0,0,0,0,0.78966830218241424
1037,8.9992483354914174,-0.40050286381961653,0,0,0,0,0,0.78972582831529836
1038,9.0079264920348034,-0.4004463677447952,0,0,0,0,0,0.78978332343011848
1039,9.0166046485781894,-0.40038991846203881,0,0,0,0,0,0.7898407878167697
1040,9.0252828051215754,-0.40033351553147795,0,0,0,0,0,0.78989822176510482
1041,9.0339609616649614,-0.40027715851377105,0,0,0,0,0,0.78995562556492127
1042,9.0426391182083474,-0.40022084697011973,0,0,0,0,0,0.79001299950594706
1043,9.0513172747517334,-0.40016458046228498,0,0,0,0,0,0.79007034387782704
1044,9.0599954312951212,-0.40010835855260279,0,0,0,0,0,0.79012765897010895
1045,9.0686735878385072,-0.40005218080399851,0,0,0,0,0,0.79018494507223125
1046,9.0773517443818932,-0.39999604678000322,0,0,0,0,0,0.79024220247350818
1047,9.0860299009252792,-0.39993995604476779,0,0,0,0,0,0.79029943146311676
1048,9.0947080574686652,-0.39988390816307934,0,0,0,0,0,0.79035663233008424
1049,9.1033862140120512,-0.39982790270037372,0,0,0,0,0,0.79041380536327399
1050,9.1120643705554372,-0.39977193922275223,0,0,0,0,0,0.79047095085137298
1051,9.1207425270988232,-0.39971601729699591,0,0,0,0,0,0.7905280690828782
1052,9.1294206836422092,-0.3996601364905783,0,0,0,0,0,0.79058516034608395
1053,9.1380988401855952,-0.39960429637168204,0,0,0,0,0,0.79064222492906877
1054,9.1467769967289811,-0.39954849650921165,0,0,0,0,0,0.79069926311968264
1055,9.1554551532723671,-0.39949273647280803,0,0,0,0,0,0.79075627520553426
1056,9.1641333098157531,-0.3994370158328624,0,0,0,0,0,0.79081326147397779
1057,9.1728114663591409,-0.39938133416053045,0,0,0,0,0,0.79087022221210068
1058,9.1814896229025269,-0.39932569102774579,0,0,0,0,0,0.79092715770671096
1059,9.1901677794459129,-0.39927008600723357,0,0,0,0,0,0.79098406824432443
1060,9.1988459359892989,-0.39921451867252444,0,0,0,0,0,0.79104095411115261
1061,9.2075240925326849,-0.39915898859796756,0,0,0,0,0,0.79109781559308945
1062,9.2162022490760709,-0.39910349535874423,0,0,0,0,0,0.79115465297569998
1063,9.2248804056194569,-0.39904803853088189,0,0,0,0,0,0.79121146654420704
1064,9.2335585621628429,-0.39899261769126515,0,0,0,0,0,0.79126825658347988
1065,9.2422367187062289,-0.398937232417652,0,0,0,0,0,0.79132502337802124
1066,9.2509148752496149,-0.39888188228868393,0,0,0,0,0,0.79138176721195497
1067,9.2595930317930009,-0.39882656688390089,0,0,0,0,0,0.79143848836901509
1068,9.2682711883363869,-0.39877128578375293,0,0,0,0,0,0.79149518713253253
1069,9.2769493448797729,-0.3987160385696138,0,0,0,0,0,0.79155186378542397
1070,9.2856275014231606,-0.39866082482379334,0,0,0,0,0,0.791608518610179
1071,9.2943056579665466,-0.39860564412954985,0,0,0,0,0,0.79166515188884878
1072,9.3029838145099326,-0.39855049607110271,0,0,0,0,0,0.7917217639030345
1073,9.3116619710533186,-0.39849538023364561,0,0,0,0,0,0.79177835493387461
1074,9.3203401275967046,-0.3984402962033583,0,0,0,0,0,0.7918349252620337
1075,9.3290182841400906,-0.39838524356741867,0,0,0,0,0,0.79189147516769098
1076,9.3376964406834766,-0.3983302219140159,0,0,0,0,0,0.79194800493052786
1077,9.3463745972268626,-0.39827523083236199,0,0,0,0,0,0.79200451482971668
1078,9.3550527537702486,-0.39822026991270454,0,0,0,0,0,0.79206100514390965
1079,9.3637309103136346,-0.39816533874633836,0,0,0,0,0,0.79211747615122619
1080,9.3724090668570206,-0.39811043692561787,0,0,0,0,0,0.79217392812924214
1081,9.3810872234004066,-0.39805556404396863,0,0,0,0,0,0.79223036135497871
1082,9.3897653799437926,-0.39800071969590012,0,0,0,0,0,0.79228677610488973
1083,9.3984435364871786,-0.39794590347701747,0,0,0,0,0,0.79234317265485121
1084,9.4071216930305663,-0.39789111498403218,0,0,0,0,0,0.79239955128015016
1085,9.4157998495739523,-0.39783635381477567,0,0,0,0,0,0.79245591225547252
1086,9.4244780061173383,-0.39778161956821007,0,0,0,0,0,0.79251225585489227
1087,9.4331561626607243,-0.39772691184444048,0,0,0,0,0,0.79256858235186012
1088,9.4418343192041103,-0.3976722302447257,0,0,0,0,0,0.79262489201919251
1089,9.4505124757474963,-0.39761757437149137,0,0,0,0,0,0.79268118512906016
1090,9.4591906322908823,-0.39756294382834056,0,0,0,0,0,0.79273746195297679
1091,9.4678687888342683,-0.39750833822006587,0,0,0,0,0,0.79279372276178828
1092,9.4765469453776543,-0.39745375715266096,0,0,0,0,0,0.79284996782566175
1093,9.4852251019210403,-0.39739920023333108,0,0,0,0,0,0.79290619741407375
1094,9.4939032584644263,-0.39734466707050742,0,0,0,0,0,0.79296241179580007
1095,9.5025814150078123,-0.39729015727385486,0,0,0,0,0,0.79301861123890416
1096,9.5112595715511983,-0.39723567045428676,0,0,0,0,0,0.79307479601072661
1097,9.519937728094586,-0.39718120622397435,0,0,0,0,0,0.79313096637787361
1098,9.528615884637972,-0.39712676419635912,0,0,0,0,0,0.79318712260620672
1099,9.537294041181358,-0.39707234398616409,0,0,0,0,0,0.79324326496083142
1100,9.545972197724744,-0.39701794520940492,0,0,0,0,0,0.79329939370608626
1101,9.55465035426813,-0.39696356748340189,0,0,0,0,0,0.79335550910553265
1102,9.563328510811516,-0.39690921042679089,0,0,0,0,0,0.79341161142194294
1103,9.572006667354902,-0.39685487365953476,0,0,0,0,0,0.79346770091729091
1104,9.580684823898288,-0.3968005568029353,0,0,0,0,0,0.79352377785273975
1105,9.589362980441674,-0.3967462594796437,0,0,0,0,0,0.79357984248863211
1106,9.59804113698506,-0.39669198131367267,0,0,0,0,0,0.79363589508447907
1107,9.606719293528446,-0.39663772193040747,0,0,0,0,0,0.79369193589894937
1108,9.615397450071832,-0.39658348095661711,0,0,0,0,0,0.79374796518985868
1109,9.624075606615218,-0.39652925802046646,0,0,0,0,0,0.79380398321415957
1110,9.6327537631586058,-0.3964750527515265,0,0,0,0,0,0.79385999022792952
1111,9.6414319197019918,-0.39642086478078686,0,0,0,0,0,0.79391598648636186
1112,9.6501100762453778,-0.39636669374066624,0,0,0,0,0,0.79397197224375349
1113,9.6587882327887638,-0.39631253926502463,0,0,0,0,0,0.7940279477534955
1114,9.6674663893321497,-0.39625840098917342,0,0,0,0,0,0.79408391326806216
1115,9.6761445458755357,-0.39620427854988882,0,0,0,0,0,0.79413986903900036
1116,9.6848227024189217,-0.39615017158542082,0,0,0,0,0,0.79419581531691907
1117,9.6935008589623077,-0.39609607973550642,0,0,0,0,0,0.79425175235147838
1118,9.7021790155056937,-0.39604200264138084,0,0,0,0,0,0.79430768039137978
1119,9.7108571720490797,-0.3959879399457879,0,0,0,0,0,0.79436359968435477
1120,9.7195353285924657,-0.3959338912929925,0,0,0,0,0,0.79441951047715487
1121,9.7282134851358517,-0.39587985632879219,0,0,0,0,0,0.79447541301554114
1122,9.7368916416792377,-0.39582583470052735,0,0,0,0,0,0.79453130754427326
1123,9.7455697982226255,-0.39577182605709404,0,0,0,0,0,0.79458719430709956
1124,9.7542479547660115,-0.39571783004895489,0,0,0,0,0,0.79464307354674601
1125,9.7629261113093975,-0.39566384632815105,0,0,0,0,0,0.79469894550490616
1126,9.7716042678527835,-0.39560987454831298,0,0,0,0,0,0.79475481042223084
1127,9.7802824243961695,-0.39555591436467319,0,0,0,0,0,0.79481066853831717
1128,9.7889605809395555,-0.39550196543407679,0,0,0,0,0,0.79486652009169845
1129,9.7976387374829415,-0.39544802741499335,0,0,0,0,0,0.79492236531983396
1130,9.8063168940263274,-0.395394099967529,0,0,0,0,0,0.79497820445909806
1131,9.8149950505697134,-0.39534018275343752,0,0,0,0,0,0.79503403774477022
1132,9.8236732071130994,-0.39528627543613293,0,0,0,0,0,0.79508986541102455
1133,9.8323513636564854,-0.39523237768069958,0,0,0,0,0,0.79514568769091909
1134,9.8410295201998714,-0.39517848915390574,0,0,0,0,0,0.79520150481638574
1135,9.8497076767432574,-0.39512460952421424,0,0,0,0,0,0.79525731701821989
1136,9.8583858332866452,-0.39507073846179491,0,0,0,0,0,0.79531312452607028
1137,9.8670639898300312,-0.39501687563853549,0,0,0,0,0,0.7953689275684277
1138,9.8757421463734172,-0.39496302072805478,0,0,0,0,0,0.79542472637261585
1139,9.8844203029168032,-0.39490917340571369,0,0,0,0,0,0.79548052116478041
1140,9.8930984594601892,-0.39485533334862688,0,0,0,0,0,0.79553631216987875
1141,9.9017766160035752,-0.39480150023567573,0,0,0,0,0,0.79559209961166966
1142,9.9104547725469612,-0.39474767374751957,0,0,0,0,0,0.79564788371270301
1143,9.9191329290903472,-0.39469385356660835,0,0,0,0,0,0.7957036646943092
1144,9.9278110856337332,-0.39464003937719339,0,0,0,0,0,0.7957594427765895
1145,9.9364892421771192,-0.39458623086534106,0,0,0,0,0,0.7958152181784055
1146,9.9451673987205051,-0.39453242771894365,0,0,0,0,0,0.79587099111736825
1147,9.9538455552638911,-0.3944786296277325,0,0,0,0,0,0.79592676180982891
1148,9.9625237118072771,-0.3944248362832895,0,0,0,0,0,0.79598253047086764
1149,9.9712018683506649,-0.39437104737905948,0,0,0,0,0,0.7960382973142841
1150,9.9798800248940509,-0.39431726261036315,0,0,0,0,0,0.79609406255258641
1151,9.9885581814374369,-0.39426348167440756,0,0,0,0,0,0.79614982639698184
1152,9.9972363379808229,-0.39420970427030078,0,0,0,0,0,0.7962055890573656
1153,10.005914494524209,-0.39415593009906241,0,0,0,0,0,0.7962613507423113
1154,10.014592651067595,-0.39410215886363725,0,0,0,0,0,0.79631711165906049
1155,10.023270807610981,-0.39404839026890626,0,0,0,0,0,0.79637287201351237
1156,10.031948964154367,-0.39399462402170043,0,0,0,0,0,0.79642863201021385
1157,10.040627120697753,-0.39394085983081317,0,0,0,0,0,0.79648439185234909
1158,10.049305277241139,-0.39388709740701155,0,0,0,0,0,0.79654015174172943
1159,10.057983433784525,-0.39383333646305013,0,0,0,0,0,0.79659591187878309
1160,10.066661590327911,-0.39377957671368335,0,0,0,0,0,0.79665167246254542
1161,10.075339746871297,-0.39372581787567729,0,0,0,0,0,0.79670743369064789
1162,10.084017903414685,-0.39367205966782354,0,0,0,0,0,0.79676319575930932
1163,10.092696059958071,-0.39361830181095114,0,0,0,0,0,0.79681895886332432
1164,10.101374216501457,-0.39356454402793939,0,0,0,0,0,0.79687472319605379
1165,10.110052373044843,-0.39351078604373069,0,0,0,0,0,0.79693048894941498
1166,10.118730529588229,-0.39345702758534357,0,0,0,0,0,0.79698625631387121
1167,10.127408686131615,-0.393403268381885,0,0,0,0,0,0.79704202547842185
1168,10.136086842675001,-0.39334950816456349,0,0,0,0,0,0.79709779663059188
1169,10.144764999218387,-0.39329574666670231,0,0,0,0,0,0.79715356995642228
1170,10.153443155761773,-0.39324198362375162,0,0,0,0,0,0.79720934564046009
1171,10.162121312305159,-0.39318821877330185,0,0,0,0,0,0.79726512386574788
1172,10.170799468848545,-0.39313445185509727,0,0,0,0,0,0.7973209048138139
1173,10.179477625391931,-0.39308068261104756,0,0,0,0,0,0.79737668866466227
1174,10.188155781935317,-0.3930269107852421,0,0,0,0,0,0.797432475596763
1175,10.196833938478704,-0.39297313612396206,0,0,0,0,0,0.79748826578704179
1176,10.20551209502209,-0.39291935837569469,0,0,0,0,0,0.79754405941087014
1177,10.214190251565476,-0.39286557729114452,0,0,0,0,0,0.79759985664205568
1178,10.222868408108862,-0.39281179262324839,0,0,0,0,0,0.79765565765283208
1179,10.231546564652248,-0.39275800412718764,0,0,0,0,0,0.79771146261384873
1180,10.240224721195634,-0.39270421156040125,0,0,0,0,0,0.79776727169416173
1181,10.24890287773902,-0.39265041468259881,0,0,0,0,0,0.79782308506122357
1182,10.257581034282406,-0.39259661325577455,0,0,0,0,0,0.79787890288087315
1183,10.266259190825792,-0.39254280704421973,0,0,0,0,0,0.79793472531732612
1184,10.274937347369178,-0.39248899581453617,0,0,0,0,0,0.7979905525331652
1185,10.283615503912564,-0.39243517933564914,0,0,0,0,0,0.79804638468933042
1186,10.29229366045595,-0.39238135737882129,0,0,0,0,0,0.79810222194510938
1187,10.300971816999336,-0.39232752971766544,0,0,0,0,0,0.79815806445812743
1188,10.309649973542722,-0.39227369612815771,0,0,0,0,0,0.79821391238433792
1189,10.31832813008611,-0.39221985638865098,0,0,0,0,0,0.79826976587801279
1190,10.327006286629496,-0.3921660102798884,0,0,0,0,0,0.79832562509173288
1191,10.335684443172882,-0.39211215758501589,0,0,0,0,0,0.79838149017637838
1192,10.344362599716268,-0.3920582980895968,0,0,0,0,0,0.79843736128111908
1193,10.353040756259654,-0.39200443158162357,0,0,0,0,0,0.79849323855340515
1194,10.36171891280304,-0.39195055785153238,0,0,0,0,0,0.79854912213895712
1195,10.370397069346426,-0.39189667669221545,0,0,0,0,0,0.79860501218175717
1196,10.379075225889812,-0.39184278789903504,0,0,0,0,0,0.79866090882403884
1197,10.387753382433198,-0.3917888912698364,0,0,0,0,0,0.79871681220627844
1198,10.396431538976584,-0.39173498660496087,0,0,0,0,0,0.79877272246718545
1199,10.40510969551997,-0.39168107370725935,0,0,0,0,0,0.79882863974369278
1200,10.413787852063356,-0.39162715238210566,0,0,0,0,0,0.79888456417094844
1201,10.422466008606742,-0.39157322243740977,0,0,0,0,0,0.79894049588230509
1202,10.43114416515013,-0.39151928368363087,0,0,0,0,0,0.79899643500931172
1203,10.439822321693516,-0.3914653359337904,0,0,0,0,0,0.79905238168170456
1204,10.448500478236902,-0.39141137900348549,0,0,0,0,0,0.79910833602739717
1205,10.457178634780288,-0.39135741271090285,0,0,0,0,0,0.79916429817247259
1206,10.465856791323674,-0.39130343687682972,0,0,0,0,0,0.79922026824117287
1207,10.47453494786706,-0.39124945132467004,0,0,0,0,0,0.79927624635589178
1208,10.483213104410446,-0.39119545588045457,0,0,0,0,0,0.79933223263716446
1209,10.491891260953832,-0.39114145037285636,0,0,0,0,0,0.79938822720365943
1210,10.500569417497218,-0.39108743463320211,0,0,0,0,0,0.79944423017216948
1211,10.509247574040604,-0.39103340849548596,0,0,0,0,0,0.79950024165760281
1212,10.51792573058399,-0.39097937179638254,0,0,0,0,0,0.79955626177297456
1213,10.526603887127376,-0.39092532437525929,0,0,0,0,0,0.79961229062939831
1214,10.535282043670762,-0.39087126607419009,0,0,0,0,0,0.79966832833607715
1215,10.543960200214149,-0.39081719673796711,0,0,0,0,0,0.79972437500029547
1216,10.552638356757535,-0.39076311621411475,0,0,0,0,0,0.79978043072741012
1217,10.561316513300921,-0.39070902435290106,0,0,0,0,0,0.79983649562084269
1218,10.569994669844307,-0.390654921007352,0,0,0,0,0,0.79989256978207057
1219,10.578672826387693,-0.39060080603326264,0,0,0,0,0,0.79994865331061904
1220,10.587350982931079,-0.39054667928921072,0,0,0,0,0,0.80000474630405261
1221,10.596029139474465,-0.39049254063656802,0,0,0,0,0,0.80006084885796747
1222,10.604707296017851,-0.39043838993951463,0,0,0,0,0,0.80011696106598373
1223,10.613385452561237,-0.39038422706504872,0,0,0,0,0,0.80017308301973611
1224,10.622063609104623,-0.39033005188300174,0,0,0,0,0,0.80022921480886766
1225,10.630741765648009,-0.39027586426604838,0,0,0,0,0,0.80028535652102062
1226,10.639419922191395,-0.3902216640897197,0,0,0,0,0,0.8003415082418297
1227,10.648098078734781,-0.39016745123241559,0,0,0,0,0,0.80039767005491314
1228,10.656776235278169,-0.39011322557541567,0,0,0,0,0,0.80045384204186687
1229,10.665454391821555,-0.39005898700289199,0,0,0,0,0,0.80051002428225593
1230,10.674132548364941,-0.39000473540192082,0,0,0,0,0,0.80056621685360663
1231,10.682810704908327,-0.389950470662494,0,0,0,0,0,0.80062241983140026
1232,10.691488861451713,-0.38989619267753078,0,0,0,0,0,0.80067863328906541
1233,10.700167017995099,-0.38984190134288943,0,0,0,0,0,0.80073485729797078
1234,10.708845174538485,-0.38978759655737838,0,0,0,0,0,0.80079109192741793
1235,10.717523331081871,-0.38973327822276799,0,0,0,0,0,0.80084733724463486
1236,10.726201487625257,-0.38967894624380167,0,0,0,0,0,0.80090359331476901
1237,10.734879644168643,-0.38962460052820624,0,0,0,0,0,0.8009598602008795
1238,10.743557800712029,-0.3895702409867044,0,0,0,0,0,0.80101613796393223
1239,10.752235957255415,-0.38951586753302403,0,0,0,0,0,0.80107242666279177
1240,10.760914113798801,-0.38946148008391013,0,0,0,0,0,0.80112872635421584
1241,10.769592270342189,-0.3894070785591347,0,0,0,0,0,0.80118503709284827
1242,10.778270426885575,-0.38935266288150749,0,0,0,0,0,0.80124135893121362
1243,10.786948583428961,-0.38929823297688626,0,0,0,0,0,0.8012976919197099
1244,10.795626739972347,-0.38924378877418775,0,0,0,0,0,0.80135403610660361
1245,10.804304896515733,-0.3891893302053967,0,0,0,0,0,0.80141039153802307
1246,10.812983053059119,-0.38913485720557656,0,0,0,0,0,0.80146675825795277
1247,10.821661209602505,-0.38908036971287818,0,0,0,0,0,0.80152313630822847
1248,10.830339366145891,-0.38902586766855146,0,0,0,0,0,0.80157952572853031
1249,10.839017522689277,-0.38897135101695246,0,0,0,0,0,0.80163592655637828
1250,10.847695679232663,-0.38891681970555508,0,0,0,0,0,0.80169233882712654
1251,10.856373835776049,-0.38886227368495851,0,0,0,0,0,0.80174876257395855
1252,10.865051992319435,-0.38880771290889654,0,0,0,0,0,0.80180519782788151
1253,10.873730148862821,-0.38875313733424732,0,0,0,0,0,0.80186164461772169
1254,10.882408305406209,-0.38869854692104072,0,0,0,0,0,0.80191810297011967
1255,10.891086461949595,-0.38864394163246818,0,0,0,0,0,0.80197457290952567
1256,10.899764618492981,-0.38858932143488978,0,0,0,0,0,0.80203105445819456
1257,10.908442775036367,-0.38853468629784321,0,0,0,0,0,0.80208754763618229
1258,10.917120931579753,-0.38848003619405114,0,0,0,0,0,0.80214405246134057
1259,10.925799088123139,-0.38842537109942976,0,0,0,0,0,0.80220056894931357
1260,10.934477244666525,-0.38837069099309496,0,0,0,0,0,0.80225709711353344
1261,10.943155401209911,-0.3883159958573717,0,0,0,0,0,0.80231363696521674
1262,10.951833557753297,-0.38826128567779877,0,0,0,0,0,0.80237018851336084
1263,10.960511714296683,-0.38820656044313784,0,0,0,0,0,0.80242675176473988
1264,10.969189870840069,-0.38815182014537858,0,0,0,0,0,0.80248332672390155
1265,10.977868027383455,-0.3880970647797467,0,0,0,0,0,0.80253991339316411
1266,10.986546183926841,-0.38804229434470849,0,0,0,0,0,0.80259651177261304
1267,10.995224340470228,-0.38798750884197891,0,0,0,0,0,0.8026531218600983
1268,11.003902497013614,-0.3879327082765251,0,0,0,0,0,0.80270974365123116
1269,11.012580653557,-0.38787789265657435,0,0,0,0,0,0.8027663771393817
1270,11.021258810100386,-0.3878230619936176,0,0,0,0,0,0.80282302231567693
1271,11.029936966643772,-0.38776821630241581,0,0,0,0,0,0.8028796791689975
1272,11.038615123187158,-0.38771335560100417,0,0,0,0,0,0.80293634768597644
1273,11.047293279730544,-0.3876584799106968,0,0,0,0,0,0.80299302785099658
1274,11.05597143627393,-0.3876035892560914,0,0,0,0,0,0.80304971964618888
1275,11.064649592817316,-0.3875486836650735,0,0,0,0,0,0.80310642305143121
1276,11.073327749360702,-0.38749376316882006,0,0,0,0,0,0.80316313804434625
1277,11.082005905904088,-0.3874388278018035,0,0,0,0,0,0.80321986460030048
1278,11.090684062447474,-0.38738387760179371,0,0,0,0,0,0.80327660269240375
1279,11.09936221899086,-0.38732891260986352,0,0,0,0,0,0.80333335229150704
1280,11.108040375534248,-0.38727393287038908,0,0,0,0,0,0.80339011336620281
1281,11.116718532077634,-0.38721893843105409,0,0,0,0,0,0.80344688588282365
1282,11.12539668862102,-0.3871639293428511,0,0,0,0,0,0.80350366980544263
1283,11.134074845164406,-0.38710890566008405,0,0,0,0,0,0.80356046509587253
1284,11.142753001707792,-0.38705386744036979,0,0,0,0,0,0.80361727171366604
1285,11.151431158251178,-0.38699881474463943,0,0,0,0,0,0.80367408961611608
1286,11.160109314794564,-0.38694374763713935,0,0,0,0,0,0.80373091875825586
1287,11.16878747133795,-0.38688866618543194,0,0,0,0,0,0.80378775909285993
1288,11.177465627881336,-0.38683357046039646,0,0,0,0,0,0.8038446105704441
1289,11.186143784424722,-0.38677846053622911,0,0,0,0,0,0.80390147313926763
1290,11.194821940968108,-0.38672333649044294,0,0,0,0,0,0.80395834674533284
1291,11.203500097511494,-0.38666819840386629,0,0,0,0,0,0.80401523133238806
1292,11.21217825405488,-0.38661304636064475,0,0,0,0,0,0.80407212684192786
1293,11.220856410598266,-0.38655788044823713,0,0,0,0,0,0.80412903321319562
1294,11.229534567141654,-0.38650270075741577,0,0,0,0,0,0.80418595038318519
1295,11.23821272368504,-0.38644750738226447,0,0,0,0,0,0.80424287828664331
1296,11.246890880228426,-0.3863923004201763,0,0,0,0,0,0.80429981685607121
1297,11.255569036771812,-0.38633707997185129,0,0,0,0,0,0.80435676602172834
1298,11.264247193315198,-0.38628184614129429,0,0,0,0,0,0.80441372571163394
1299,11.272925349858584,-0.38622659903581014,0,0,0,0,0,0.80447069585157116
1300,11.28160350640197,-0.38617133876600296,0,0,0,0,0,0.80452767636508971
1301,11.290281662945356,-0.38611606544576971,0,0,0,0,0,0.80458466717350918
1302,11.298959819488742,-0.38606077919229881,0,0,0,0,0,0.80464166819592275
1303,11.307637976032128,-0.38600548012606251,0,0,0,0,0,0.80469867934920147
1304,11.316316132575514,-0.38595016837081503,0,0,0,0,0,0.80475570054799783
1305,11.3249942891189,-0.38589484405358643,0,0,0,0,0,0.80481273170475032
1306,11.333672445662286,-0.38583950730467598,0,0,0,0,0,0.80486977272968763
1307,11.342350602205673,-0.38578415825764789,0,0,0,0,0,0.80492682353083389
1308,11.351028758749059,-0.38572879704932411,0,0,0,0,0,0.80498388401401333
1309,11.359706915292445,-0.38567342381977809,0,0,0,0,0,0.80504095408285548
1310,11.368385071835831,-0.38561803871232808,0,0,0,0,0,0.80509803363880017
1311,11.377063228379217,-0.3855626418735294,0,0,0,0,0,0.80515512258110433
1312,11.385741384922603,-0.38550723345316645,0,0,0,0,0,0.80521222080684662
1313,11.394419541465989,-0.38545181360424519,0,0,0,0,0,0.80526932821093411
1314,11.403097698009375,-0.38539638248298458,0,0,0,0,0,0.80532644468610826
1315,11.411775854552761,-0.38534094024880755,0,0,0,0,0,0.80538357012295225
1316,11.420454011096147,-0.38528548706433174,0,0,0,0,0,0.80544070440989657
1317,11.429132167639533,-0.38523002309536025,0,0,0,0,0,0.80549784743322683
1318,11.437810324182919,-0.3851745485108713,0,0,0,0,0,0.80555499907709116
1319,11.446488480726305,-0.38511906348300773,0,0,0,0,0,0.80561215922350671
1320,11.455166637269693,-0.38506356818706688,0,0,0,0,0,0.80566932775236855
1321,11.463844793813079,-0.38500806280148825,0,0,0,0,0,0.80572650454145678
1322,11.472522950356465,-0.38495254750784325,0,0,0,0,0,0.80578368946644474
1323,11.481201106899851,-0.38489702249082253,0,0,0,0,0,0.80584088240090801
1324,11.489879263443237,-0.38484148793822376,0,0,0,0,0,0.80589808321633249
1325,11.498557419986623,-0.3847859440409388,0,0,0,0,0,0.80595529178212311
1326,11.507235576530009,-0.38473039099294071,0,0,0,0,0,0.80601250796561363
1327,11.515913733073395,-0.38467482899126987,0,0,0,0,0,0.80606973163207574
1328,11.524591889616781,-0.384619258236021,0,0,0,0,0,0.80612696264472794
1329,11.533270046160167,-0.38456367893032728,0,0,0,0,0,0.80618420086474663
1330,11.541948202703553,-0.3845080912803468,0,0,0,0,0,0.80624144615127469
1331,11.550626359246939,-0.38445249549524718,0,0,0,0,0,0.80629869836143309
1332,11.559304515790325,-0.38439689178719028,0,0,0,0,0,0.8063559573503305
1333,11.567982672333713,-0.38434128037131465,0,0,0,0,0,0.80641322297107498
1334,11.576660828877099,-0.38428566146572146,0,0,0,0,0,0.80647049507478352
1335,11.585338985420485,-0.38423003529145655,0,0,0,0,0,0.80652777351059501
1336,11.594017141963871,-0.38417440207249304,0,0,0,0,0,0.80658505812568004
1337,11.602695298507257,-0.38411876203571416,0,0,0,0,0,0.80664234876525431
1338,11.611373455050643,-0.38406311541089533,0,0,0,0,0,0.80669964527258897
1339,11.620051611594029,-0.38400746243068595,0,0,0,0,0,0.80675694748902349
1340,11.628729768137415,-0.38395180333058992,0,0,0,0,0,0.80681425525397865
1341,11.637407924680801,-0.38389613834894704,0,0,0,0,0,0.80687156840496788
1342,11.646086081224187,-0.38384046772691333,0,0,0,0,0,0.80692888677761165
1343,11.654764237767573,-0.38378479170844093,0,0,0,0,0,0.80698621020564909
1344,11.663442394310959,-0.38372911054025793,0,0,0,0,0,0.80704353852095256
1345,11.672120550854345,-0.38367342447184716,0,0,0,0,0,0.80710087155354027
1346,11.680798707397733,-0.38361773375542552,0,0,0,0,0,0.80715820913159075
1347,11.689476863941119,-0.38356203864592175,0,0,0,0,0,0.80721555108145693
1348,11.698155020484505,-0.38350633940095519,0,0,0,0,0,0.80727289722767948
1349,11.706833177027891,-0.38345063628081311,0,0,0,0,0,0.80733024739300252
1350,11.715511333571277,-0.38339492954842769,0,0,0,0,0,0.80738760139838761
1351,11.724189490114663,-0.38333921946935273,0,0,0,0,0,0.80744495906302882
1352,11.732867646658049,-0.38328350631174113,0,0,0,0,0,0.80750232020436807
1353,11.741545803201435,-0.38322779034631926,0,0,0,0,0,0.80755968463811034
1354,11.750223959744821,-0.38317207184636404,0,0,0,0,0,0.80761705217823931
1355,11.758902116288207,-0.38311635108767828,0,0,0,0,0,0.80767442263703337
1356,11.767580272831593,-0.3830606283485638,0,0,0,0,0,0.80773179582508159
1357,11.776258429374979,-0.38300490390979836,0,0,0,0,0,0.80778917155129992
1358,11.784936585918365,-0.38294917805460793,0,0,0,0,0,0.80784654962294788
1359,11.793614742461752,-0.38289345106864092,0,0,0,0,0,0.80790392984564519
1360,11.802292899005138,-0.3828377232399422,0,0,0,0,0,0.80796131202338861
1361,11.810971055548524,-0.38278199485892561,0,0,0,0,0,0.80801869595856912
1362,11.81964921209191,-0.38272626621834649,0,0,0,0,0,0.80807608145198939
1363,11.828327368635296,-0.38267053761327402,0,0,0,0,0,0.80813346830288157
1364,11.837005525178682,-0.38261480934106329,0,0,0,0,0,0.8081908563089244
1365,11.845683681722068,-0.38255908170132702,0,0,0,0,0,0.80824824526626182
1366,11.854361838265454,-0.38250335499590582,0,0,0,0,0,0.80830563496952068
1367,11.86303999480884,-0.38244762952884059,0,0,0,0,0,0.80836302521182968
1368,11.871718151352226,-0.38239190560634145,0,0,0,0,0,0.80842041578483759
1369,11.880396307895612,-0.38233618353675897,0,0,0,0,0,0.80847780647873191
1370,11.889074464438998,-0.38228046363055301,0,0,0,0,0,0.80853519708225852
1371,11.897752620982384,-0.38222474620026331,0,0,0,0,0,0.80859258738273987
1372,11.906430777525772,-0.38216903156047777,0,0,0,0,0,0.80864997716609543
1373,11.915108934069158,-0.38211332002780174,0,0,0,0,0,0.80870736621686024
1374,11.923787090612544,-0.38205761192082577,0,0,0,0,0,0.80876475431820549
1375,11.93246524715593,-0.38200190756009444,0,0,0,0,0,0.80882214125195795
1376,11.941143403699316,-0.3819462072680746,0,0,0,0,0,0.80887952679862041
1377,11.949821560242702,-0.38189051136912111,0,0,0,0,0,0.80893691073739193
1378,11.958499716786088,-0.38183482018944648,0,0,0,0,0,0.80899429284618773
1379,11.967177873329474,-0.38177913405708541,0,0,0,0,0,0.8090516729016608
1380,11.97585602987286,-0.3817234533018633,0,0,0,0,0,0.80910905067922201
1381,11.984534186416246,-0.38166777825536125,0,0,0,0,0,0.80916642595306154
1382,11.993212342959632,-0.38161210925088312,0,0,0,0,0,0.80922379849616988
1383,12.001890499503018,-0.38155644662341992,0,0,0,0,0,0.8092811680803591
1384,12.010568656046404,-0.38150079070961684,0,0,0,0,0,0.80933853447628401
1385,12.01924681258979,-0.38144514184773715,0,0,0,0,0,0.80939589745346485
1386,12.027924969133178,-0.38138950037762803,0,0,0,0,0,0.80945325678030811
1387,12.036603125676564,-0.38133386664068458,0,0,0,0,0,0.80951061222412857
1388,12.04528128221995,-0.38127824097981478,0,0,0,0,0,0.80956796355117189
1389,12.053959438763336,-0.38122262373940269,0,0,0,0,0,0.80962531052663667
1390,12.062637595306722,-0.38116701526527369,0,0,0,0,0,0.80968265291469654
1391,12.071315751850108,-0.38111141590465702,0,0,0,0,0,0.80973999047852319
1392,12.079993908393494,-0.38105582600614951,0,0,0,0,0,0.80979732298030882
1393,12.08867206493688,-0.38100024591967929,0,0,0,0,0,0.80985465018128866
1394,12.097350221480266,-0.38094467599646809,0,0,0,0,0,0.80991197184176444
1395,12.106028378023652,-0.38088911658899427,0,0,0,0,0,0.80996928772112686
1396,12.114706534567038,-0.38083356805095531,0,0,0,0,0,0.81002659757787954
1397,12.123384691110424,-0.38077803073723049,0,0,0,0,0,0.81008390116966145
1398,12.13206284765381,-0.3807225050038428,0,0,0,0,0,0.81014119825327113
1399,12.140741004197197,-0.38066699120792014,0,0,0,0,0,0.81019848858468979
1400,12.149419160740583,-0.38061148970765879,0,0,0,0,0,0.81025577191910469
1401,12.158097317283969,-0.38055600086228347,0,0,0,0,0,0.81031304801093385
1402,12.166775473827355,-0.38050052503200971,0,0,0,0,0,0.81037031661384884
1403,12.175453630370741,-0.38044506257800453,0,0,0,0,0,0.81042757748079941
1404,12.184131786914127,-0.38038961386234793,0,0,0,0,0,0.81048483036403718
1405,12.192809943457513,-0.38033417924799406,0,0,0,0,0,0.81054207501514008
1406,12.201488100000899,-0.38027875909873088,0,0,0,0,0,0.81059931118503648
1407,12.210166256544285,-0.38022335377914235,0,0,0,0,0,0.81065653862402931
1408,12.218844413087671,-0.38016796365456862,0,0,0,0,0,0.8107137570818207
1409,12.227522569631057,-0.38011258909106532,0,0,0,0,0,0.8107709663075362
1410,12.236200726174443,-0.38005723045536544,0,0,0,0,0,0.81082816604974983
1411,12.244878882717829,-0.38000188811483865,0,0,0,0,0,0.81088535605650813
1412,12.253557039261217,-0.37994656243745151,0,0,0,0,0,0.81094253607535494
1413,12.262235195804603,-0.37989125379172839,0,0,0,0,0,0.81099970585335646
1414,12.270913352347989,-0.37983596254670948,0,0,0,0,0,0.81105686513712572
1415,12.279591508891375,-0.37978068907191292,0,0,0,0,0,0.81111401367284763
1416,12.288269665434761,-0.37972543373729323,0,0,0,0,0,0.81117115120630379
1417,12.296947821978147,-0.37967019691320125,0,0,0,0,0,0.81122827748289761
1418,12.305625978521533,-0.37961497897034402,0,0,0,0,0,0.8112853922476787
1419,12.314304135064919,-0.37955978027974424,0,0,0,0,0,0.81134249524536872
1420,12.322982291608305,-0.37950460121270035,0,0,0,0,0,0.81139958622038599
1421,12.331660448151691,-0.37944944214074583,0,0,0,0,0,0.81145666491687041
1422,12.340338604695077,-0.37939430343560798,0,0,0,0,0,0.81151373107870906
1423,12.349016761238463,-0.37933918546916878,0,0,0,0,0,0.81157078444956099
1424,12.357694917781849,-0.37928408861342366,0,0,0,0,0,0.81162782477288242
1425,12.366373074325237,-0.379229013240441,0,0,0,0,0,0.81168485179195193
1426,12.375051230868623,-0.37917395972232187,0,0,0,0,0,0.81174186524989567
1427,12.383729387412009,-0.3791189284311598,0,0,0,0,0,0.8117988648897122
1428,12.392407543955395,-0.37906391973899983,0,0,0,0,0,0.81185585045429853
1429,12.401085700498781,-0.37900893401779834,0,0,0,0,0,0.81191282168647427
1430,12.409763857042167,-0.37895397163938249,0,0,0,0,0,0.81196977832900741
1431,12.418442013585553,-0.37889903297541089,0,0,0,0,0,0.81202672012463928
1432,12.427120170128939,-0.37884411839733201,0,0,0,0,0,0.81208364681610967
1433,12.435798326672325,-0.37878922827634409,0,0,0,0,0,0.81214055814618225
1434,12.444476483215711,-0.3787343629833565,0,0,0,0,0,0.81219745385766895
1435,12.453154639759097,-0.37867952288894763,0,0,0,0,0,0.81225433369345601
1436,12.461832796302483,-0.37862470836332696,0,0,0,0,0,0.81231119739652813
1437,12.470510952845869,-0.37856991977629306,0,0,0,0,0,0.81236804470999402
1438,12.479189109389257,-0.37851515749719566,0,0,0,0,0,0.81242487537711106
1439,12.487867265932643,-0.37846042189489471,0,0,0,0,0,0.81248168914131047
1440,12.496545422476029,-0.37840571333772133,0,0,0,0,0,0.81253848574622178
1441,12.505223579019415,-0.37835103219343869,0,0,0,0,0,0.81259526493569822
1442,12.513901735562801,-0.37829637882920197,0,0,0,0,0,0.81265202645384083
1443,12.522579892106187,-0.37824175361152002,0,0,0,0,0,0.81270877004502384
1444,12.531258048649573,-0.37818715690621491,0,0,0,0,0,0.81276549545391874
1445,12.539936205192959,-0.3781325890783851,0,0,0,0,0,0.81282220242551906
1446,12.548614361736345,-0.37807805049236448,0,0,0,0,0,0.81287889070516473
1447,12.557292518279731,-0.37802354151168577,0,0,0,0,0,0.81293556003856693
1448,12.565970674823117,-0.37796906249904116,0,0,0,0,0,0.81299221017183187
1449,12.574648831366503,-0.37791461381624369,0,0,0,0,0,0.81304884085148532
1450,12.583326987909889,-0.37786019582419039,0,0,0,0,0,0.81310545182449678
1451,12.592005144453276,-0.37780580888282311,0,0,0,0,0,0.81316204283830362
1452,12.600683300996662,-0.37775145335109206,0,0,0,0,0,0.81321861364083492
1453,12.609361457540048,-0.37769712958691815,0,0,0,0,0,0.81327516398053512
1454,12.618039614083434,-0.37764283794715459,0,0,0,0,0,0.81333169360638857
1455,12.62671777062682,-0.3775885787875517,0,0,0,0,0,0.81338820226794217
1456,12.635395927170206,-0.37753435246271871,0,0,0,0,0,0.8134446897153299
1457,12.644074083713592,-0.37748015932608847,0,0,0,0,0,0.8135011556992956
1458,12.652752240256978,-0.37742599972987956,0,0,0,0,0,0.81355759997121635
1459,12.661430396800364,-0.37737187402506178,0,0,0,0,0,0.81361402228312629
1460,12.67010855334375,-0.37731778256131987,0,0,0,0,0,0.81367042238773879
1461,12.678786709887136,-0.3772637256870176,0,0,0,0,0,0.81372680003847031
1462,12.687464866430522,-0.3772097037491623,0,0,0,0,0,0.81378315498946252
1463,12.696143022973908,-0.37715571709337126,0,0,0,0,0,0.81383948699560538
1464,12.704821179517296,-0.37710176606383539,0,0,0,0,0,0.81389579581255955
1465,12.713499336060682,-0.37704785100328531,0,0,0,0,0,0.81395208119677886
1466,12.722177492604068,-0.37699397225295811,0,0,0,0,0,0.81400834290553248
1467,12.730855649147454,-0.37694013015256167,0,0,0,0,0,0.81406458069692722
1468,12.73953380569084,-0.37688632504024361,0,0,0,0,0,0.8141207943299289
1469,12.748211962234226,-0.37683255725255516,0,0,0,0,0,0.81417698356438539
1470,12.756890118777612,-0.37677882712442057,0,0,0,0,0,0.81423314816104686
1471,12.765568275320998,-0.37672513498910309,0,0,0,0,0,0.81428928788158839
1472,12.774246431864384,-0.37667148117817351,0,0,0,0,0,0.81434540248863041
1473,12.78292458840777,-0.37661786602147773,0,0,0,0,0,0.8144014917457606
1474,12.791602744951156,-0.37656428984710494,0,0,0,0,0,0.81445755541755416
1475,12.800280901494542,-0.37651075298135761,0,0,0,0,0,0.81451359326959527
1476,12.808959058037928,-0.37645725574871863,0,0,0,0,0,0.81456960506849763
1477,12.817637214581316,-0.37640379847182137,0,0,0,0,0,0.81462559058192441
1478,12.826315371124702,-0.37635038147142064,0,0,0,0,0,0.81468154957860928
1479,12.834993527668088,-0.37629700506636099,0,0,0,0,0,0.81473748182837569
1480,12.843671684211474,-0.37624366957354893,0,0,0,0,0,0.81479338710215732
1481,12.85234984075486,-0.37619037530792143,0,0,0,0,0,0.81484926517201806
1482,12.861027997298246,-0.37613712258241994,0,0,0,0,0,0.81490511581117064
1483,12.869706153841632,-0.37608391170795907,0,0,0,0,0,0.814960938793997
1484,12.878384310385018,-0.37603074299340111,0,0,0,0,0,0.81501673389606644
1485,12.887062466928404,-0.37597761674552643,0,0,0,0,0,0.81507250089415539
1486,12.89574062347179,-0.37592453326900738,0,0,0,0,0,0.81512823956626568
1487,12.904418780015176,-0.37587149286638055,0,0,0,0,0,0.81518394969164321
1488,12.913096936558562,-0.37581849583802118,0,0,0,0,0,0.81523963105079611
1489,12.921775093101948,-0.37576554248211569,0,0,0,0,0,0.81529528342551316
1490,12.930453249645334,-0.37571263309463732,0,0,0,0,0,0.81535090659888176
1491,12.939131406188721,-0.3756597679693201,0,0,0,0,0,0.81540650035530482
1492,12.947809562732107,-0.37560694739763389,0,0,0,0,0,0.81546206448051939
1493,12.956487719275493,-0.37555417166876004,0,0,0,0,0,0.81551759876161312
1494,12.965165875818879,-0.37550144106956718,0,0,0,0,0,0.81557310298704166
1495,12.973844032362265,-0.37544875588458776,0,0,0,0,0,0.81562857694664548
1496,12.982522188905651,-0.37539611639599435,0,0,0,0,0,0.8156840204316661
1497,12.991200345449037,-0.37534352288357731,0,0,0,0,0,0.81573943323476295
1498,12.999878501992423,-0.37529097562472158,0,0,0,0,0,0.81579481515002972
1499,13.008556658535809,-0.37523847489438544,0,0,0,0,0,0.81585016597300908
1500,13.017234815079195,-0.37518602096507847,0,0,0,0,0,0.81590548550070974
1501,13.025912971622581,-0.37513361410684026,0,0,0,0,0,0.81596077353162155
1502,13.034591128165967,-0.37508125458722019,0,0,0,0,0,0.81601602986573019
1503,13.043269284709353,-0.37502894267125625,0,0,0,0,0,0.8160712543045332
1504,13.051947441252741,-0.37497667862145645,0,0,0,0,0,0.81612644665105316
1505,13.060625597796127,-0.37492446269777746,0,0,0,0,0,0.81618160670985407
1506,13.069303754339513,-0.37487229515760745,0,0,0,0,0,0.81623673428705457
1507,13.077981910882899,-0.3748201762557466,0,0,0,0,0,0.81629182919034204
1508,13.086660067426285,-0.3747681062443885,0,0,0,0,0,0.81634689122898707
1509,13.095338223969671,-0.37471608537310347,0,0,0,0,0,0.81640192021385616
1510,13.104016380513057,-0.37466411388882054,0,0,0,0,0,0.81645691595742576
1511,13.112694537056443,-0.37461219203581059,0,0,0,0,0,0.81651187827379523
1512,13.121372693599829,-0.37456032005567019,0,0,0,0,0,0.81656680697869932
1513,13.130050850143215,-0.3745084981873058,0,0,0,0,0,0.81662170188952121
1514,13.138729006686601,-0.37445672666691776,0,0,0,0,0,0.81667656282530521
1515,13.147407163229987,-0.37440500572798463,0,0,0,0,0,0.81673138960676805
1516,13.156085319773373,-0.3743533356012505,0,0,0,0,0,0.81678618205631126
1517,13.164763476316761,-0.37430171651470878,0,0,0,0,0,0.81684093999803287
1518,13.173441632860147,-0.37425014869358919,0,0,0,0,0,0.81689566325773844
1519,13.182119789403533,-0.37419863236034412,0,0,0,0,0,0.81695035166295316
1520,13.190797945946919,-0.3741471677346363,0,0,0,0,0,0.81700500504293116
1521,13.199476102490305,-0.37409575503332543,0,0,0,0,0,0.81705962322866799
1522,13.208154259033691,-0.37404439447045712,0,0,0,0,0,0.81711420605290952
1523,13.216832415577077,-0.37399308625725042,0,0,0,0,0,0.81716875335016304
1524,13.225510572120463,-0.37394183060208741,0,0,0,0,0,0.81722326495670694
1525,13.234188728663849,-0.3738906277105013,0,0,0,0,0,0.81727774071060022
1526,13.242866885207235,-0.37383947778516763,0,0,0,0,0,0.81733218045169209
1527,13.251545041750621,-0.37378838102589262,0,0,0,0,0,0.81738658402163122
1528,13.260223198294007,-0.37373733762960576,0,0,0,0,0,0.8174409512638745
1529,13.268901354837393,-0.37368634779034932,0,0,0,0,0,0.81749528202369559
1530,13.277579511380781,-0.37363541169926962,0,0,0,0,0,0.81754957614819412
1531,13.286257667924167,-0.3735845295446103,0,0,0,0,0,0.81760383348630272
1532,13.294935824467553,-0.37353370151170301,0,0,0,0,0,0.81765805388879609
1533,13.303613981010939,-0.37348292778296077,0,0,0,0,0,0.81771223720829833
1534,13.312292137554325,-0.37343220853787146,0,0,0,0,0,0.81776638329928952
1535,13.320970294097711,-0.3733815439529905,0,0,0,0,0,0.81782049201811446
1536,13.329648450641097,-0.3733309342019353,0,0,0,0,0,0.81787456322298857
1537,13.338326607184483,-0.37328037945537984,0,0,0,0,0,0.81792859677400509
1538,13.347004763727869,-0.37322987988104861,0,0,0,0,0,0.81798259253314143
1539,13.355682920271255,-0.3731794356437127,0,0,0,0,0,0.81803655036426548
1540,13.364361076814641,-0.37312904690518428,0,0,0,0,0,0.81809047013314118
1541,13.373039233358027,-0.37307871382431401,0,0,0,0,0,0.81814435170743516
1542,13.381717389901413,-0.37302843655698659,0,0,0,0,0,0.8181981949567213
1543,13.3903955464448,-0.37297821525611707,0,0,0,0,0,0.81825199975248686
1544,13.399073702988186,-0.37292805007164892,0,0,0,0,0,0.81830576596813676
1545,13.407751859531572,-0.37287794115055178,0,0,0,0,0,0.81835949347899917
1546,13.416430016074958,-0.37282788863681815,0,0,0,0,0,0.81841318216232939
1547,13.425108172618344,-0.372777892671463,0,0,0,0,0,0.81846683189731451
1548,13.43378632916173,-0.37272795339252218,0,0,0,0,0,0.81852044256507761
1549,13.442464485705116,-0.37267807093505101,0,0,0,0,0,0.81857401404868124
1550,13.451142642248502,-0.37262824543112488,0,0,0,0,0,0.81862754623313161
1551,13.459820798791888,-0.37257847700983776,0,0,0,0,0,0.81868103900538158
1552,13.468498955335274,-0.37252876579730393,0,0,0,0,0,0.81873449225433403
1553,13.47717711187866,-0.37247911191665778,0,0,0,0,0,0.81878790587084449
1554,13.485855268422046,-0.37242951548805447,0,0,0,0,0,0.81884127974772447
1555,13.494533424965432,-0.37237997662867217,0,0,0,0,0,0.81889461377974326
1556,13.50321158150882,-0.37233049545271307,0,0,0,0,0,0.81894790786363081
1557,13.511889738052206,-0.37228107207140654,0,0,0,0,0,0.81900116189807937
1558,13.520567894595592,-0.37223170659301014,0,0,0,0,0,0.81905437578374563
1559,13.529246051138978,-0.37218239912281315,0,0,0,0,0,0.8191075494232517
1560,13.537924207682364,-0.3721331497631401,0,0,0,0,0,0.81916068272118769
1561,13.54660236422575,-0.37208395861335308,0,0,0,0,0,0.81921377558411157
1562,13.555280520769136,-0.37203482576985725,0,0,0,0,0,0.81926682792055094
1563,13.563958677312522,-0.37198575132610345,0,0,0,0,0,0.81931983964100352
1564,13.572636833855908,-0.3719367353725932,0,0,0,0,0,0.81937281065793766
1565,13.581314990399294,-0.37188777799688388,0,0,0,0,0,0.81942574088579301
1566,13.58999314694268,-0.37183887928359333,0,0,0,0,0,0.81947863024097989
1567,13.598671303486066,-0.37179003931440596,0,0,0,0,0,0.81953147864188003
1568,13.607349460029452,-0.37174125816807752,0,0,0,0,0,0.81958428600884559
1569,13.61602761657284,-0.3716925359204426,0,0,0,0,0,0.81963705226419903
1570,13.624705773116226,-0.37164387264441895,0,0,0,0,0,0.81968977733223281
1571,13.633383929659612,-0.37159526841001722,0,0,0,0,0,0.81974246113920723
1572,13.642062086202998,-0.37154672328434413,0,0,0,0,0,0.81979510361335084
1573,13.650740242746384,-0.37149823733161341,0,0,0,0,0,0.81984770468485801
1574,13.65941839928977,-0.37144981061315124,0,0,0,0,0,0.81990026428588769
1575,13.668096555833156,-0.37140144318740409,0,0,0,0,0,0.81995278235056268
1576,13.676774712376542,-0.37135313510994788,0,0,0,0,0,0.82000525881496611
1577,13.685452868919928,-0.3713048864334963,0,0,0,0,0,0.82005769361714076
1578,13.694131025463314,-0.37125669720790877,0,0,0,0,0,0.82011008669708596
1579,13.7028091820067,-0.3712085674801992,0,0,0,0,0,0.82016243799675581
1580,13.711487338550086,-0.37116049729454687,0,0,0,0,0,0.82021474746005651
1581,13.720165495093472,-0.37111248669230401,0,0,0,0,0,0.82026701503284238
1582,13.728843651636859,-0.37106453571200676,0,0,0,0,0,0.82031924066291473
1583,13.737521808180245,-0.37101664438938531,0,0,0,0,0,0.82037142430001742
1584,13.746199964723631,-0.37096881275737253,0,0,0,0,0,0.82042356589583387
1585,13.754878121267017,-0.37092104084611643,0,0,0,0,0,0.82047566540398398
1586,13.763556277810403,-0.37087332868298972,0,0,0,0,0,0.82052772278001984
1587,13.772234434353789,-0.37082567629260105,0,0,0,0,0,0.82057973798142203
1588,13.780912590897175,-0.37077808369680687,0,0,0,0,0,0.82063171096759624
1589,13.789590747440561,-0.37073055091472101,0,0,0,0,0,0.82068364169986852
1590,13.798268903983947,-0.37068307796272926,0,0,0,0,0,0.8207355301414806
1591,13.806947060527333,-0.3706356648544975,0,0,0,0,0,0.82078737625758658
1592,13.815625217070719,-0.37058831160098754,0,0,0,0,0,0.82083918001524725
1593,13.824303373614105,-0.37054101821046692,0,0,0,0,0,0.82089094138342567
1594,13.832981530157491,-0.37049378468852223,0,0,0,0,0,0.82094266033298235
1595,13.841659686700877,-0.37044661103807147,0,0,0,0,0,0.82099433683666989
1596,13.850337843244265,-0.37039949725937754,0,0,0,0,0,0.82104597086912801
1597,13.859015999787651,-0.3703524433500609,0,0,0,0,0,0.82109756240687815
1598,13.867694156331037,-0.37030544930511272,0,0,0,0,0,0.82114911142831737
1599,13.876372312874423,-0.37025851511690838,0,0,0,0,0,0.82120061791371368
1600,13.885050469417809,-0.3702116407752214,0,0,0,0,0,0.82125208184519938
1601,13.893728625961195,-0.37016482626723707,0,0,0,0,0,0.82130350320676548
1602,13.902406782504581,-0.37011807157756599,0,0,0,0,0,0.82135488198425555
1603,13.911084939047967,-0.37007137668825896,0,0,0,0,0,0.8214062181653593
1604,13.919763095591353,-0.37002474157882054,0,0,0,0,0,0.8214575117396069
1605,13.928441252134739,-0.3699781662262242,0,0,0,0,0,0.82150876269836159
1606,13.937119408678125,-0.36993165060492628,0,0,0,0,0,0.82155997103481371
1607,13.945797565221511,-0.36988519468688075,0,0,0,0,0,0.8216111367439739
1608,13.954475721764897,-0.36983879844155493,0,0,0,0,0,0.82166225982266627
1609,13.963153878308285,-0.36979246183594339,0,0,0,0,0,0.8217133402695207
1610,13.971832034851671,-0.36974618483458388,0,0,0,0,0,0.82176437808496705
1611,13.980510191395057,-0.36969996739957267,0,0,0,0,0,0.82181537327122667
1612,13.989188347938443,-0.36965380949057902,0,0,0,0,0,0.82186632583230657
1613,13.997866504481829,-0.36960771106486223,0,0,0,0,0,0.82191723577399012
1614,14.006544661025215,-0.3695616720772858,0,0,0,0,0,0.82196810310383117
1615,14.015222817568601,-0.369515692480334,0,0,0,0,0,0.82201892783114583
1616,14.023900974111987,-0.36946977222412813,0,0,0,0,0,0.82206970996700401
1617,14.032579130655373,-0.36942391125644158,0,0,0,0,0,0.82212044952422303
1618,14.041257287198759,-0.36937810952271644,0,0,0,0,0,0.82217114651735834
1619,14.049935443742145,-0.36933236696608007,0,0,0,0,0,0.82222180096269615
1620,14.058613600285531,-0.36928668352736038,0,0,0,0,0,0.8222724128782456
1621,14.067291756828917,-0.36924105914510297,0,0,0,0,0,0.82232298228372935
1622,14.075969913372305,-0.36919549375558769,0,0,0,0,0,0.82237350920057661
1623,14.084648069915691,-0.36914998729284509,0,0,0,0,0,0.82242399365191377
1624,14.093326226459077,-0.36910453968867274,0,0,0,0,0,0.8224744356625564
1625,14.102004383002463,-0.36905915087265184,0,0,0,0,0,0.82252483525900055
1626,14.110682539545849,-0.36901382077216516,0,0,0,0,0,0.82257519246941402
1627,14.119360696089235,-0.36896854931241196,0,0,0,0,0,0.82262550732362782
1628,14.128038852632621,-0.36892333641642694,0,0,0,0,0,0.82267577985312679
1629,14.136717009176007,-0.36887818200509626,0,0,0,0,0,0.8227260100910414
1630,14.145395165719393,-0.3688330859971739,0,0,0,0,0,0.82277619807213842
1631,14.154073322262779,-0.36878804830930034,0,0,0,0,0,0.82282634383281184
1632,14.162751478806165,-0.36874306885601832,0,0,0,0,0,0.82287644741107413
1633,14.171429635349551,-0.36869814754979147,0,0,0,0,0,0.82292650884654606
1634,14.180107791892937,-0.36865328430101962,0,0,0,0,0,0.82297652818044886
1635,14.188785948436324,-0.36860847901805782,0,0,0,0,0,0.82302650545559375
1636,14.19746410497971,-0.36856373160723294,0,0,0,0,0,0.8230764407163732
1637,14.206142261523096,-0.36851904197286101,0,0,0,0,0,0.82312633400875101
1638,14.214820418066482,-0.36847441001726494,0,0,0,0,0,0.82317618538025328
1639,14.223498574609868,-0.36842983564079196,0,0,0,0,0,0.82322599487995873
1640,14.232176731153254,-0.36838531874183039,0,0,0,0,0,0.82327576255848844
1641,14.24085488769664,-0.36834085921682747,0,0,0,0,0,0.82332548846799725
1642,14.249533044240026,-0.36829645696030799,0,0,0,0,0,0.82337517266216342
1643,14.258211200783412,-0.36825211186488982,0,0,0,0,0,0.82342481519617883
1644,14.266889357326798,-0.36820782382130274,0,0,0,0,0,0.82347441612673933
1645,14.275567513870184,-0.36816359271840554,0,0,0,0,0,0.82352397551203504
1646,14.28424567041357,-0.36811941844320406,0,0,0,0,0,0.82357349341174002
1647,14.292923826956956,-0.36807530088086815,0,0,0,0,0,0.82362296988700245
1648,14.301601983500344,-0.3680312399147494,0,0,0,0,0,0.82367240500043482
1649,14.31028014004373,-0.36798723542639911,0,0,0,0,0,0.82372179881610386
1650,14.318958296587116,-0.36794328729558473,0,0,0,0,0,0.8237711513995204
1651,14.327636453130502,-0.36789939540030903,0,0,0,0,0,0.82382046281762933
1652,14.336314609673888,-0.36785555961682592,0,0,0,0,0,0.82386973313879963
1653,14.344992766217274,-0.36781177981965951,0,0,0,0,0,0.82391896243281348
1654,14.35367092276066,-0.36776805588162093,0,0,0,0,0,0.82396815077085683
1655,14.362349079304046,-0.36772438767382537,0,0,0,0,0,0.82401729822550884
1656,14.371027235847432,-0.3676807750657104,0,0,0,0,0,0.82406640487073168
1657,14.379705392390818,-0.36763721792505294,0,0,0,0,0,0.82411547078186076
1658,14.388383548934204,-0.36759371611798664,0,0,0,0,0,0.82416449603559339
1659,14.39706170547759,-0.36755026950902003,0,0,0,0,0,0.82421348070997902
1660,14.405739862020976,-0.36750687796105291,0,0,0,0,0,0.82426242488440904
1661,14.414418018564364,-0.36746354133539455,0,0,0,0,0,0.82431132863960621
1662,14.42309617510775,-0.36742025949177992,0,0,0,0,0,0.82436019205761424
1663,14.431774331651136,-0.36737703228838814,0,0,0,0,0,0.82440901522178744
1664,14.440452488194522,-0.36733385958185949,0,0,0,0,0,0.82445779821678056
1665,14.449130644737908,-0.36729074122731181,0,0,0,0,0,0.82450654112853772
1666,14.457808801281294,-0.36724767707835881,0,0,0,0,0,0.82455524404428249
1667,14.46648695782468,-0.36720466698712662,0,0,0,0,0,0.8246039070525073
1668,14.475165114368066,-0.36716171080427024,0,0,0,0,0,0.82465253024296314
1669,14.483843270911452,-0.36711880837899225,0,0,0,0,0,0.82470111370664867
1670,14.492521427454838,-0.36707595955905814,0,0,0,0,0,0.82474965753580054
1671,14.501199583998224,-0.36703316419081422,0,0,0,0,0,0.82479816182388122
1672,14.50987774054161,-0.36699042211920441,0,0,0,0,0,0.82484662666557085
1673,14.518555897084996,-0.36694773318778628,0,0,0,0,0,0.82489505215675474
1674,14.527234053628383,-0.36690509723874865,0,0,0,0,0,0.82494343839451423
1675,14.535912210171769,-0.36686251411292892,0,0,0,0,0,0.82499178547711494
1676,14.544590366715155,-0.36681998364982815,0,0,0,0,0,0.82504009350399787
1677,14.553268523258541,-0.36677750568762868,0,0,0,0,0,0.82508836257576723
1678,14.561946679801927,-0.36673508006321004,0,0,0,0,0,0.82513659279418106
1679,14.570624836345313,-0.36669270661216696,0,0,0,0,0,0.82518478426214059
1680,14.579302992888699,-0.36665038516882376,0,0,0,0,0,0.82523293708367929
1681,14.587981149432085,-0.36660811556625172,0,0,0,0,0,0.82528105136395291
1682,14.596659305975471,-0.36656589763628561,0,0,0,0,0,0.82532912720922846
1683,14.605337462518857,-0.36652373120953963,0,0,0,0,0,0.8253771647268745
1684,14.614015619062243,-0.36648161611542329,0,0,0,0,0,0.82542516402535027
1685,14.622693775605629,-0.3664395521821584,0,0,0,0,0,0.8254731252141948
1686,14.631371932149015,-0.36639753923679319,0,0,0,0,0,0.8255210484040173
1687,14.640050088692403,-0.3663555771052206,0,0,0,0,0,0.82556893370648654
1688,14.648728245235789,-0.36631366561219247,0,0,0,0,0,0.82561678123431992
1689,14.657406401779175,-0.3662718045813359,0,0,0,0,0,0.8256645911012741
1690,14.666084558322561,-0.36622999383516963,0,0,0,0,0,0.82571236342213306
1691,14.674762714865947,-0.36618823319511795,0,0,0,0,0,0.8257600983126997
1692,14.683440871409333,-0.3661465224815279,0,0,0,0,0,0.8258077958897837
1693,14.692119027952719,-0.3661048615136841,0,0,0,0,0,0.82585545627119261
1694,14.700797184496105,-0.36606325010982421,0,0,0,0,0,0.82590307957572051
1695,14.709475341039491,-0.36602168808715407,0,0,0,0,0,0.82595066592313848
1696,14.718153497582877,-0.36598017526186333,0,0,0,0,0,0.82599821543418384
1697,14.726831654126263,-0.36593871144913992,0,0,0,0,0,0.82604572823055045
1698,14.735509810669649,-0.36589729646318564,0,0,0,0,0,0.82609320443487755
1699,14.744187967213035,-0.36585593011723166,0,0,0,0,0,0.82614064417074096
1700,14.752866123756421,-0.36581461222355238,0,0,0,0,0,0.82618804756264164
1701,14.761544280299809,-0.36577334259348016,0,0,0,0,0,0.82623541473599604
1702,14.770222436843195,-0.3657321210374217,0,0,0,0,0,0.82628274581712602
1703,14.778900593386581,-0.36569094736487057,0,0,0,0,0,0.82633004093324913
1704,14.787578749929967,-0.36564982138442276,0,0,0,0,0,0.82637730021246769
1705,14.796256906473353,-0.36560874290379186,0,0,0,0,0,0.82642452378375941
1706,14.804935063016739,-0.36556771172982205,0,0,0,0,0,0.82647171177696732
1707,14.813613219560125,-0.36552672766850286,0,0,0,0,0,0.82651886432278943
1708,14.822291376103511,-0.36548579052498387,0,0,0,0,0,0.82656598155276928
1709,14.830969532646897,-0.36544490010358832,0,0,0,0,0,0.82661306359928566
1710,14.839647689190283,-0.36540405620782734,0,0,0,0,0,0.82666011059554279
1711,14.848325845733669,-0.36536325864041336,0,0,0,0,0,0.82670712267556057
1712,14.857004002277055,-0.3653225072032748,0,0,0,0,0,0.82675409997416471
1713,14.865682158820441,-0.36528180169756952,0,0,0,0,0,0.82680104262697673
1714,14.874360315363829,-0.36524114192369728,0,0,0,0,0,0.82684795077040474
1715,14.883038471907215,-0.36520052768131545,0,0,0,0,0,0.82689482454163321
1716,14.891716628450601,-0.36515995876935059,0,0,0,0,0,0.82694166407861336
1717,14.900394784993987,-0.36511943498601296,0,0,0,0,0,0.82698846952005367
1718,14.909072941537373,-0.36507895612880914,0,0,0,0,0,0.82703524100540993
1719,14.917751098080759,-0.36503852199455522,0,0,0,0,0,0.82708197867487643
1720,14.926429254624145,-0.36499813237939049,0,0,0,0,0,0.82712868266937534
1721,14.935107411167531,-0.36495778707878984,0,0,0,0,0,0.82717535313054813
1722,14.943785567710917,-0.36491748588757722,0,0,0,0,0,0.82722199020074516
1723,14.952463724254303,-0.36487722859993732,0,0,0,0,0,0.82726859402301722
1724,14.961141880797689,-0.36483701500942994,0,0,0,0,0,0.82731516474110545
1725,14.969820037341075,-0.36479684490900099,0,0,0,0,0,0.82736170249943219
1726,14.978498193884461,-0.36475671809099602,0,0,0,0,0,0.82740820744309174
1727,14.987176350427848,-0.36471663434717194,0,0,0,0,0,0.8274546797178407
1728,14.995854506971234,-0.36467659346871062,0,0,0,0,0,0.82750111947008942
1729,15.00453266351462,-0.3646365952462296,0,0,0,0,0,0.8275475268468917
1730,15.013210820058006,-0.36459663946979454,0,0,0,0,0,0.82759390199593685
1731,15.021888976601392,-0.36455672592893268,0,0,0,0,0,0.82764024506553968
1732,15.030567133144778,-0.36451685441264264,0,0,0,0,0,0.82768655620463183
1733,15.039245289688164,-0.36447702470940835,0,0,0,0,0,0.82773283556275201
1734,15.04792344623155,-0.36443723660720906,0,0,0,0,0,0.82777908329003813
1735,15.056601602774936,-0.36439748989353227,0,0,0,0,0,0.82782529953721751
1736,15.065279759318322,-0.36435778435538424,0,0,0,0,0,0.82787148445559788
1737,15.073957915861708,-0.36431811977930328,0,0,0,0,0,0.82791763819705921
1738,15.082636072405094,-0.36427849595136857,0,0,0,0,0,0.82796376091404378
1739,15.09131422894848,-0.36423891265721353,0,0,0,0,0,0.82800985275954853
1740,15.099992385491868,-0.36419936968203642,0,0,0,0,0,0.82805591388711508
1741,15.108670542035254,-0.36415986681061102,0,0,0,0,0,0.82810194445082219
1742,15.11734869857864,-0.36412040382729816,0,0,0,0,0,0.82814794460527619
1743,15.126026855122026,-0.36408098051605653,0,0,0,0,0,0.82819391450560254
1744,15.134705011665412,-0.3640415966604536,0,0,0,0,0,0.82823985430743752
1745,15.143383168208798,-0.3640022520436762,0,0,0,0,0,0.82828576416691924
1746,15.152061324752184,-0.36396294644854083,0,0,0,0,0,0.8283316442406794
1747,15.16073948129557,-0.36392367965750538,0,0,0,0,0,0.82837749468583455
1748,15.169417637838956,-0.36388445145267828,0,0,0,0,0,0.82842331565997795
1749,15.178095794382342,-0.36384526161582975,0,0,0,0,0,0.82846910732117096
1750,15.186773950925728,-0.36380610992840218,0,0,0,0,0,0.82851486982793443
1751,15.195452107469114,-0.36376699617151953,0,0,0,0,0,0.82856060333924098
1752,15.2041302640125,-0.36372792012599814,0,0,0,0,0,0.8286063080145063
1753,15.212808420555888,-0.36368888157235635,0,0,0,0,0,0.82865198401358109
1754,15.221486577099274,-0.36364988029082529,0,0,0,0,0,0.82869763149674247
1755,15.23016473364266,-0.3636109160613572,0,0,0,0,0,0.82874325062468623
1756,15.238842890186046,-0.36357198866363721,0,0,0,0,0,0.82878884155851873
1757,15.247521046729432,-0.36353309787709098,0,0,0,0,0,0.82883440445974865
1758,15.256199203272818,-0.36349424348089615,0,0,0,0,0,0.82887993949027905
1759,15.264877359816204,-0.36345542525399055,0,0,0,0,0,0.8289254468123991
1760,15.27355551635959,-0.36341664297508203,0,0,0,0,0,0.82897092658877658
1761,15.282233672902976,-0.36337789642265828,0,0,0,0,0,0.8290163789824494
1762,15.290911829446362,-0.36333918537499532,0,0,0,0,0,0.82906180415681852
1763,15.299589985989748,-0.36330050961016724,0,0,0,0,0,0.82910720227563939
1764,15.308268142533134,-0.36326186890605539,0,0,0,0,0,0.82915257350301452
1765,15.31694629907652,-0.36322326304035663,0,0,0,0,0,0.82919791800338571
1766,15.325624455619907,-0.36318469179059348,0,0,0,0,0,0.82924323594152594
1767,15.334302612163293,-0.36314615493412172,0,0,0,0,0,0.82928852748253279
1768,15.342980768706679,-0.36310765224814029,0,0,0,0,0,0.82933379279181951
1769,15.351658925250065,-0.36306918350969908,0,0,0,0,0,0.82937903203510788
1770,15.360337081793451,-0.36303074849570821,0,0,0,0,0,0.82942424537842119
1771,15.369015238336837,-0.36299234698294625,0,0,0,0,0,0.82946943298807607
1772,15.377693394880223,-0.36295397874806901,0,0,0,0,0,0.82951459503067571
1773,15.386371551423609,-0.36291564356761707,0,0,0,0,0,0.8295597316731016
1774,15.395049707966995,-0.36287734121802578,0,0,0,0,0,0.82960484308250626
1775,15.403727864510381,-0.36283907147563138,0,0,0,0,0,0.82964992942630722
1776,15.412406021053767,-0.36280083411668079,0,0,0,0,0,0.82969499087217768
1777,15.421084177597153,-0.36276262891733957,0,0,0,0,0,0.82974002758804077
1778,15.429762334140539,-0.36272445565369876,0,0,0,0,0,0.82978503974206164
1779,15.438440490683927,-0.36268631410178426,0,0,0,0,0,0.82983002750264045
1780,15.447118647227313,-0.36264820403756387,0,0,0,0,0,0.82987499103840534
1781,15.455796803770699,-0.36261012523695502,0,0,0,0,0,0.82991993051820478
1782,15.464474960314085,-0.36257207747583314,0,0,0,0,0,0.82996484611110133
1783,15.473153116857471,-0.36253406053003906,0,0,0,0,0,0.8300097379863639
1784,15.481831273400857,-0.36249607417538637,0,0,0,0,0,0.83005460631346106
1785,15.490509429944243,-0.36245811818766904,0,0,0,0,0,0.83009945126205409
1786,15.499187586487629,-0.36242019234266931,0,0,0,0,0,0.8301442730019899
1787,15.507865743031015,-0.36238229641616415,0,0,0,0,0,0.83018907170329426
1788,15.516543899574401,-0.3623444301839337,0,0,0,0,0,0.83023384753616503
1789,15.525222056117787,-0.36230659342176796,0,0,0,0,0,0.83027860067096482
1790,15.533900212661173,-0.36226878590547384,0,0,0,0,0,0.83032333127821512
1791,15.542578369204559,-0.36223100741088282,0,0,0,0,0,0.83036803952858873
1792,15.551256525747945,-0.36219325771385735,0,0,0,0,0,0.83041272559290336
1793,15.559934682291333,-0.36215553659029842,0,0,0,0,0,0.83045738964211513
1794,15.568612838834719,-0.3621178438161522,0,0,0,0,0,0.83050203184731175
1795,15.577290995378105,-0.36208017916741742,0,0,0,0,0,0.83054665237970571
1796,15.585969151921491,-0.36204254242015155,0,0,0,0,0,0.83059125141062773
1797,15.594647308464877,-0.36200493335047756,0,0,0,0,0,0.83063582911152112
1798,15.603325465008263,-0.36196735173459127,0,0,0,0,0,0.83068038565393421
1799,15.612003621551649,-0.36192979734876785,0,0,0,0,0,0.8307249212095138
1800,15.620681778095035,-0.36189226996936774,0,0,0,0,0,0.83076943594999975
1801,15.629359934638421,-0.36185476937284378,0,0,0,0,0,0.83081393004721771
1802,15.638038091181807,-0.36181729533574786,0,0,0,0,0,0.83085840367307295
1803,15.646716247725193,-0.3617798476347367,0,0,0,0,0,0.83090285699954447
1804,15.655394404268579,-0.36174242604657869,0,0,0,0,0,0.83094729019867786
1805,15.664072560811965,-0.36170503034816026,0,0,0,0,0,0.83099170344257955
1806,15.672750717355353,-0.361667660316492,0,0,0,0,0,0.83103609690341063
1807,15.681428873898739,-0.36163031572871451,0,0,0,0,0,0.83108047075338032
1808,15.690107030442125,-0.36159299636210529,0,0,0,0,0,0.83112482516474018
1809,15.698785186985511,-0.36155570199408438,0,0,0,0,0,0.8311691603097775
1810,15.707463343528897,-0.36151843240222031,0,0,0,0,0,0.83121347636080978
1811,15.716141500072283,-0.36148118736423651,0,0,0,0,0,0.83125777349017771
1812,15.724819656615669,-0.36144396665801753,0,0,0,0,0,0.83130205187023964
1813,15.733497813159055,-0.36140677006161404,0,0,0,0,0,0.83134631167336615
1814,15.742175969702441,-0.36136959735324881,0,0,0,0,0,0.83139055307193321
1815,15.750854126245827,-0.36133244831132388,0,0,0,0,0,0.83143477623831619
1816,15.759532282789213,-0.3612953227144251,0,0,0,0,0,0.83147898134488396
1817,15.768210439332599,-0.36125822034132737,0,0,0,0,0,0.831523168563994
1818,15.776888595875985,-0.36122114097100205,0,0,0,0,0,0.83156733806798466
1819,15.785566752419372,-0.36118408438262151,0,0,0,0,0,0.8316114900291709
1820,15.794244908962758,-0.36114705035556449,0,0,0,0,0,0.83165562461983789
1821,15.802923065506144,-0.36111003866942271,0,0,0,0,0,0.83169974201223473
1822,15.81160122204953,-0.36107304910400517,0,0,0,0,0,0.83174384237856924
1823,15.820279378592916,-0.36103608143934451,0,0,0,0,0,0.83178792589100214
1824,15.828957535136302,-0.36099913545570239,0,0,0,0,0,0.8318319927216411
1825,15.837635691679688,-0.3609622109335745,0,0,0,0,0,0.83187604304253471
1826,15.846313848223074,-0.36092530765369635,0,0,0,0,0,0.83192007702566784
1827,15.85499200476646,-0.36088842539704802,0,0,0,0,0,0.83196409484295464
1828,15.863670161309846,-0.36085156394486018,0,0,0,0,0,0.83200809666623421
1829,15.872348317853232,-0.36081472307861889,0,0,0,0,0,0.83205208266726394
1830,15.881026474396618,-0.36077790258007136,0,0,0,0,0,0.83209605301771428
1831,15.889704630940004,-0.36074110223123029,0,0,0,0,0,0.83214000788916342
1832,15.898382787483392,-0.3607043218143795,0,0,0,0,0,0.83218394745309121
1833,15.907060944026778,-0.36066756111207898,0,0,0,0,0,0.83222787188087399
1834,15.915739100570164,-0.36063081990717116,0,0,0,0,0,0.83227178134377922
1835,15.92441725711355,-0.36059409798278308,0,0,0,0,0,0.83231567601295975
1836,15.933095413656936,-0.36055739512233498,0,0,0,0,0,0.832359556059448
1837,15.941773570200322,-0.36052071110954265,0,0,0,0,0,0.83240342165415093
1838,15.950451726743708,-0.36048404572842341,0,0,0,0,0,0.83244727296784538
1839,15.959129883287094,-0.36044739876330117,0,0,0,0,0,0.83249111017117083
1840,15.96780803983048,-0.36041076999881128,0,0,0,0,0,0.83253493343462548
1841,15.976486196373866,-0.36037415921990534,0,0,0,0,0,0.83257874292856016
1842,15.985164352917252,-0.36033756621185598,0,0,0,0,0,0.83262253882317394
1843,15.993842509460638,-0.36030099076026167,0,0,0,0,0,0.83266632128850737
1844,16.002520666004024,-0.36026443265105201,0,0,0,0,0,0.83271009049443812
1845,16.01119882254741,-0.36022789167049213,0,0,0,0,0,0.83275384661067564
1846,16.019876979090796,-0.3601913676051875,0,0,0,0,0,0.83279758980675522
1847,16.028555135634182,-0.36015486024208904,0,0,0,0,0,0.83284132025203383
1848,16.037233292177568,-0.36011836936849662,0,0,0,0,0,0.83288503811568404
1849,16.045911448720954,-0.36008189477206637,0,0,0,0,0,0.83292874356668878
1850,16.05458960526434,-0.3600454362408122,0,0,0,0,0,0.83297243677383626
1851,16.063267761807726,-0.36000899356311306,0,0,0,0,0,0.83301611790571528
1852,16.071945918351116,-0.35997256652771603,0,0,0,0,0,0.83305978713070949
1853,16.080624074894502,-0.3599361549237412,0,0,0,0,0,0.83310344461699215
1854,16.089302231437888,-0.35989975854068756,0,0,0,0,0,0.83314709053252123
1855,16.097980387981274,-0.35986337716843608,0,0,0,0,0,0.83319072504503433
1856,16.10665854452466,-0.35982701059725453,0,0,0,0,0,0.83323434832204346
1857,16.115336701068045,-0.35979065861780274,0,0,0,0,0,0.83327796053082992
1858,16.124014857611431,-0.35975432102113702,0,0,0,0,0,0.83332156183843908
1859,16.132693014154817,-0.35971799759871426,0,0,0,0,0,0.83336515241167519
1860,16.141371170698203,-0.35968168814239637,0,0,0,0,0,0.8334087324170969
1861,16.150049327241589,-0.35964539244445581,0,0,0,0,0,0.83345230202101195
1862,16.158727483784975,-0.35960911029757908,0,0,0,0,0,0.83349586138947129
1863,16.167405640328361,-0.3595728414948714,0,0,0,0,0,0.83353941068826554
1864,16.176083796871747,-0.35953658582986159,0,0,0,0,0,0.83358295008291827
1865,16.184761953415133,-0.35950034309650641,0,0,0,0,0,0.8336264797386832
1866,16.193440109958519,-0.35946411308919457,0,0,0,0,0,0.83366999982053624
1867,16.202118266501905,-0.35942789560275201,0,0,0,0,0,0.83371351049317344
1868,16.210796423045291,-0.35939169043244562,0,0,0,0,0,0.83375701192100404
1869,16.219474579588677,-0.3593554973739882,0,0,0,0,0,0.83380050426814611
1870,16.228152736132063,-0.35931931622354241,0,0,0,0,0,0.83384398769842205
1871,16.236830892675449,-0.35928314677772544,0,0,0,0,0,0.83388746237535272
1872,16.245509049218835,-0.35924698883361372,0,0,0,0,0,0.83393092846215333
1873,16.254187205762221,-0.35921084218874677,0,0,0,0,0,0.83397438612172792
1874,16.262865362305607,-0.3591747066411321,0,0,0,0,0,0.83401783551666508
1875,16.271543518848993,-0.35913858198924947,0,0,0,0,0,0.83406127680923148
1876,16.280221675392379,-0.35910246803205531,0,0,0,0,0,0.83410471016136956
1877,16.288899831935765,-0.35906636456898677,0,0,0,0,0,0.83414813573469004
1878,16.297577988479155,-0.35903027139996646,0,0,0,0,0,0.8341915536904686
1879,16.306256145022541,-0.35899418832540742,0,0,0,0,0,0.83423496418964027
1880,16.314934301565927,-0.35895811514621601,0,0,0,0,0,0.83427836739279504
1881,16.323612458109313,-0.35892205166379781,0,0,0,0,0,0.83432176346017228
1882,16.332290614652699,-0.35888599768006146,0,0,0,0,0,0.83436515255165666
1883,16.340968771196085,-0.35884995299742273,0,0,0,0,0,0.83440853482677269
1884,16.349646927739471,-0.3588139174188093,0,0,0,0,0,0.83445191044468037
1885,16.358325084282857,-0.35877789074766508,0,0,0,0,0,0.83449527956416947
1886,16.367003240826243,-0.358741872787955,0,0,0,0,0,0.83453864234365582
1887,16.375681397369629,-0.35870586334416776,0,0,0,0,0,0.83458199894117557
1888,16.384359553913015,-0.35866986222132313,0,0,0,0,0,0.83462534951438072
1889,16.393037710456401,-0.35863386922497387,0,0,0,0,0,0.83466869422053425
1890,16.401715866999787,-0.35859788416121063,0,0,0,0,0,0.83471203321650511
1891,16.410394023543173,-0.35856190683666767,0,0,0,0,0,0.83475536665876349
1892,16.419072180086559,-0.35852593705852553,0,0,0,0,0,0.83479869470337631
1893,16.427750336629945,-0.35848997463451704,0,0,0,0,0,0.83484201750600151
1894,16.436428493173331,-0.3584540193729302,0,0,0,0,0,0.83488533522188457
1895,16.445106649716717,-0.35841807108261392,0,0,0,0,0,0.83492864800585231
1896,16.453784806260103,-0.35838212957298188,0,0,0,0,0,0.834971956012309
1897,16.462462962803489,-0.35834619465401696,0,0,0,0,0,0.83501525939523102
1898,16.471141119346875,-0.3583102661362757,0,0,0,0,0,0.83505855830816267
1899,16.479819275890261,-0.3582743438308934,0,0,0,0,0,0.83510185290421024
1900,16.488497432433647,-0.35823842754958757,0,0,0,0,0,0.83514514333603851
1901,16.497175588977033,-0.35820251710466305,0,0,0,0,0,0.83518842975586516
1902,16.505853745520419,-0.3581666123090167,0,0,0,0,0,0.83523171231545557
1903,16.514531902063805,-0.35813071297614107,0,0,0,0,0,0.8352749911661197
1904,16.523210058607194,-0.35809481892012973,0,0,0,0,0,0.83531826645870511
1905,16.53188821515058,-0.35805892995568134,0,0,0,0,0,0.83536153834359395
1906,16.540566371693966,-0.35802304589810469,0,0,0,0,0,0.83540480697069697
1907,16.549244528237352,-0.35798716656332275,0,0,0,0,0,0.83544807248944886
1908,16.557922684780738,-0.35795129176787704,0,0,0,0,0,0.83549133504880446
1909,16.566600841324124,-0.35791542132893306,0,0,0,0,0,0.83553459479723269
1910,16.57527899786751,-0.35787955506428415,0,0,0,0,0,0.83557785188271261
1911,16.583957154410896,-0.35784369279235639,0,0,0,0,0,0.83562110645272791
1912,16.592635310954282,-0.35780783433221308,0,0,0,0,0,0.8356643586542627
1913,16.601313467497668,-0.35777197950355943,0,0,0,0,0,0.83570760863379645
1914,16.609991624041054,-0.35773612812674699,0,0,0,0,0,0.8357508565372993
1915,16.61866978058444,-0.35770028002277865,0,0,0,0,0,0.83579410251022712
1916,16.627347937127826,-0.35766443501331352,0,0,0,0,0,0.83583734669751664
1917,16.636026093671212,-0.3576285929206704,0,0,0,0,0,0.83588058924358066
1918,16.644704250214598,-0.35759275356783415,0,0,0,0,0,0.83592383029230366
1919,16.653382406757984,-0.35755691677845891,0,0,0,0,0,0.8359670699870364
1920,16.66206056330137,-0.35752108237687413,0,0,0,0,0,0.83601030847059143
1921,16.670738719844756,-0.35748525018808808,0,0,0,0,0,0.83605354588523828
1922,16.679416876388142,-0.35744942003779351,0,0,0,0,0,0.83609678237269813
1923,16.688095032931528,-0.35741359175237225,0,0,0,0,0,0.83614001807414007
1924,16.696773189474914,-0.35737776515889913,0,0,0,0,0,0.83618325313017516
1925,16.7054513460183,-0.35734194008514852,0,0,0,0,0,0.83622648768085228
1926,16.714129502561686,-0.3573061163595973,0,0,0,0,0,0.83626972186565318
1927,16.722807659105072,-0.35727029381143083,0,0,0,0,0,0.8363129558234873
1928,16.731485815648458,-0.35723447227054805,0,0,0,0,0,0.83635618969268755
1929,16.740163972191844,-0.35719865156756464,0,0,0,0,0,0.83639942361100483
1930,16.748842128735234,-0.35716283153382061,0,0,0,0,0,0.83644265771560378
1931,16.75752028527862,-0.35712701200138253,0,0,0,0,0,0.83648589214305757
1932,16.766198441822006,-0.35709119280304991,0,0,0,0,0,0.8365291270293429
1933,16.774876598365392,-0.35705537377235996,0,0,0,0,0,0.83657236250983602
1934,16.783554754908778,-0.35701955474359298,0,0,0,0,0,0.83661559871930702
1935,16.792232911452164,-0.35698373555177598,0,0,0,0,0,0.83665883579191513
1936,16.80091106799555,-0.35694791603268899,0,0,0,0,0,0.8367020738612041
1937,16.809589224538936,-0.35691209602286939,0,0,0,0,0,0.83674531306009736
1938,16.818267381082322,-0.35687627535961786,0,0,0,0,0,0.83678855352089299
1939,16.826945537625708,-0.35684045388100166,0,0,0,0,0,0.83683179537525876
1940,16.835623694169094,-0.35680463142586183,0,0,0,0,0,0.83687503875422786
1941,16.84430185071248,-0.3567688078338167,0,0,0,0,0,0.83691828378819344
1942,16.852980007255866,-0.35673298294526767,0,0,0,0,0,0.83696153060690393
1943,16.861658163799252,-0.35669715660140455,0,0,0,0,0,0.83700477933945816
1944,16.870336320342638,-0.3566613286442103,0,0,0,0,0,0.83704803011430062
1945,16.879014476886024,-0.35662549891646605,0,0,0,0,0,0.83709128305921643
1946,16.88769263342941,-0.35658966726175689,0,0,0,0,0,0.83713453830132656
1947,16.896370789972796,-0.35655383352447667,0,0,0,0,0,0.83717779596708297
1948,16.905048946516182,-0.3565179975498336,0,0,0,0,0,0.83722105618226395
1949,16.913727103059568,-0.35648215918385462,0,0,0,0,0,0.83726431907196852
1950,16.922405259602954,-0.35644631827339218,0,0,0,0,0,0.83730758476061218
1951,16.93108341614634,-0.3564104746661278,0,0,0,0,0,0.83735085337192205
1952,16.939761572689726,-0.35637462821057886,0,0,0,0,0,0.83739412502893185
1953,16.948439729233112,-0.35633877875610293,0,0,0,0,0,0.8374373998539768
1954,16.957117885776498,-0.35630292615290349,0,0,0,0,0,0.83748067796868908
1955,16.965796042319884,-0.3562670702520358,0,0,0,0,0,0.8375239594939925
1956,16.97447419886327,-0.35623121090541143,0,0,0,0,0,0.83756724455009834
1957,16.983152355406659,-0.35619534796580404,0,0,0,0,0,0.8376105332564997
1958,16.991830511950045,-0.35615948128685471,0,0,0,0,0,0.83765382573196689
1959,17.000508668493431,-0.35612361072307797,0,0,0,0,0,0.83769712209454283
1960,17.009186825036817,-0.35608773612986622,0,0,0,0,0,0.83774042246153768
1961,17.017864981580203,-0.35605185736349615,0,0,0,0,0,0.8377837269495243
1962,17.026543138123589,-0.3560159742811338,0,0,0,0,0,0.83782703567433336
1963,17.035221294666975,-0.35598008674084031,0,0,0,0,0,0.83787034875104771
1964,17.043899451210361,-0.35594419460157689,0,0,0,0,0,0.83791366629399899
1965,17.052577607753747,-0.35590829772321159,0,0,0,0,0,0.83795698841676103
1966,17.061255764297133,-0.35587239596652309,0,0,0,0,0,0.83800031523214624
1967,17.069933920840519,-0.35583648919320798,0,0,0,0,0,0.83804364685220012
1968,17.078612077383905,-0.35580057726588599,0,0,0,0,0,0.83808698338819632
1969,17.087290233927291,-0.35576466004810436,0,0,0,0,0,0.83813032495063222
1970,17.095968390470677,-0.35572873740434524,0,0,0,0,0,0.83817367164922341
1971,17.104646547014063,-0.35569280920003044,0,0,0,0,0,0.83821702359289962
1972,17.113324703557449,-0.35565687530152706,0,0,0,0,0,0.83826038088979848
1973,17.122002860100835,-0.35562093557615365,0,0,0,0,0,0.83830374364726223
1974,17.130681016644221,-0.35558498989218551,0,0,0,0,0,0.83834711197183176
1975,17.139359173187607,-0.35554903811886085,0,0,0,0,0,0.83839048596924237
1976,17.148037329730993,-0.35551308012638538,0,0,0,0,0,0.83843386574441803
1977,17.156715486274379,-0.35547711578594032,0,0,0,0,0,0.83847725140146756
1978,17.165393642817765,-0.35544114496968571,0,0,0,0,0,0.83852064304367901
1979,17.174071799361151,-0.3554051675507679,0,0,0,0,0,0.83856404077351487
1980,17.182749955904537,-0.35536918340332446,0,0,0,0,0,0.83860744469260773
1981,17.191428112447923,-0.35533319240249067,0,0,0,0,0,0.83865085490175484
1982,17.200106268991309,-0.35529719442440444,0,0,0,0,0,0.83869427150091325
1983,17.208784425534699,-0.35526118934621342,0,0,0,0,0,0.83873769458919534
1984,17.217462582078085,-0.35522517704607981,0,0,0,0,0,0.83878112426486395
1985,17.226140738621471,-0.35518915740318657,0,0,0,0,0,0.83882456062532673
1986,17.234818895164857,-0.3551531302977432,0,0,0,0,0,0.83886800376713266
1987,17.243497051708243,-0.35511709561099203,0,0,0,0,0,0.83891145378596632
1988,17.252175208251629,-0.35508105322521377,0,0,0,0,0,0.83895491077664264
1989,17.260853364795015,-0.35504500302373376,0,0,0,0,0,0.83899837483310336
1990,17.269531521338401,-0.35500894489092732,0,0,0,0,0,0.83904184604841126
1991,17.278209677881787,-0.35497287871222644,0,0,0,0,0,0.83908532451474516
1992,17.286887834425173,-0.35493680437412467,0,0,0,0,0,0.83912881032339626
1993,17.295565990968559,-0.35490072176418458,0,0,0,0,0,0.83917230356476236
1994,17.304244147511945,-0.35486463077104224,0,0,0,0,0,0.83921580432834308
1995,17.312922304055331,-0.35482853128441444,0,0,0,0,0,0.83925931270273568
1996,17.321600460598717,-0.35479242319510362,0,0,0,0,0,0.83930282877563001
1997,17.330278617142103,-0.35475630639500433,0,0,0,0,0,0.83934635263380331
1998,17.338956773685489,-0.35472018077711004,0,0,0,0,0,0.83938988436311623
1999,17.347634930228875,-0.35468404623551708,0,0,0,0,0,0.8394334240485074
2000,17.356313086772261,-0.354647902665433,0,0,0,0,0,0.83947697177398939
2001,17.364991243315647,-0.35461174996318073,0,0,0,0,0,0.83952052762264329
2002,17.373669399859033,-0.35457558802620592,0,0,0,0,0,0.83956409167661461
2003,17.382347556402419,-0.35453941675308209,0,0,0,0,0,0.83960766401710785
2004,17.391025712945805,-0.35450323604351702,0,0,0,0,0,0.83965124472438291
2005,17.399703869489191,-0.35446704579835886,0,0,0,0,0,0.83969483387774924
2006,17.408382026032577,-0.35443084591960167,0,0,0,0,0,0.83973843155556183
2007,17.417060182575963,-0.35439463631039214,0,0,0,0,0,0.83978203783521699
2008,17.425738339119349,-0.35435841687503511,0,0,0,0,0,0.83982565279314636
2009,17.434416495662738,-0.35432218751899985,0,0,0,0,0,0.83986927650481369
2010,17.443094652206124,-0.35428594814892583,0,0,0,0,0,0.83991290904470961
2011,17.45177280874951,-0.35424969867262907,0,0,0,0,0,0.8399565504863471
2012,17.460450965292896,-0.35421343899910807,0,0,0,0,0,0.84000020090225669
2013,17.469129121836282,-0.35417716903854957,0,0,0,0,0,0.84004386036398282
2014,17.477807278379668,-0.35414088870233473,0,0,0,0,0,0.84008752894207772
2015,17.486485434923054,-0.35410459790304516,0,0,0,0,0,0.84013120670609887
2016,17.49516359146644,-0.35406829655446886,0,0,0,0,0,0.84017489372460274
2017,17.503841748009826,-0.35403198457160673,0,0,0,0,0,0.84021859006514155
2018,17.512519904553212,-0.35399566187067738,0,0,0,0,0,0.84026229579425782
2019,17.521198061096598,-0.35395932836912458,0,0,0,0,0,0.84030601097748103
2020,17.529876217639984,-0.35392298398562139,0,0,0,0,0,0.84034973567932203
2021,17.53855437418337,-0.35388662864007825,0,0,0,0,0,0.8403934699632698
2022,17.547232530726756,-0.35385026225364746,0,0,0,0,0,0.84043721389178594
2023,17.555910687270142,-0.35381388474872943,0,0,0,0,0,0.8404809675263013
2024,17.564588843813528,-0.35377749604897873,0,0,0,0,0,0.84052473092721125
2025,17.573267000356914,-0.35374109607931015,0,0,0,0,0,0.84056850415387119
2026,17.5819451569003,-0.35370468476590428,0,0,0,0,0,0.84061228726459258
2027,17.590623313443686,-0.35366826203621321,0,0,0,0,0,0.84065608031663819
2028,17.599301469987072,-0.35363182781896751,0,0,0,0,0,0.84069988336621915
2029,17.607979626530458,-0.35359538204418006,0,0,0,0,0,0.84074369646848912
2030,17.616657783073844,-0.35355892464315408,0,0,0,0,0,0.84078751967754106
2031,17.62533593961723,-0.35352245554848771,0,0,0,0,0,0.84083135304640277
2032,17.634014096160616,-0.35348597469407966,0,0,0,0,0,0.84087519662703336
2033,17.642692252704002,-0.35344948201513537,0,0,0,0,0,0.84091905047031812
2034,17.651370409247388,-0.35341297744817352,0,0,0,0,0,0.84096291462606532
2035,17.660048565790778,-0.35337646093102965,0,0,0,0,0,0.84100678914300186
2036,17.668726722334164,-0.3533399324028641,0,0,0,0,0,0.84105067406876921
2037,17.67740487887755,-0.35330339180416626,0,0,0,0,0,0.84109456944992
2038,17.686083035420936,-0.3532668390767606,0,0,0,0,0,0.84113847533191288
2039,17.694761191964322,-0.35323027416381275,0,0,0,0,0,0.84118239175911014
2040,17.703439348507708,-0.35319369700983444,0,0,0,0,0,0.84122631877477272
2041,17.712117505051094,-0.35315710756068919,0,0,0,0,0,0.84127025642105635
2042,17.720795661594479,-0.35312050576359827,0,0,0,0,0,0.84131420473900875
2043,17.729473818137865,-0.35308389156714542,0,0,0,0,0,0.84135816376856509
2044,17.738151974681251,-0.35304726492128291,0,0,0,0,0,0.84140213354854443
2045,17.746830131224637,-0.35301062577733733,0,0,0,0,0,0.84144611411664605
2046,17.755508287768023,-0.35297397408801318,0,0,0,0,0,0.8414901055094457
2047,17.764186444311409,-0.35293730980740068,0,0,0,0,0,0.84153410776239213
2048,17.772864600854795,-0.3529006328909795,0,0,0,0,0,0.84157812090980355
2049,17.781542757398181,-0.35286394329562426,0,0,0,0,0,0.84162214498486376
2050,17.790220913941567,-0.35282724097960994,0,0,0,0,0,0.84166618001961924
2051,17.798899070484953,-0.35279052590261728,0,0,0,0,0,0.84171022604497547
2052,17.807577227028339,-0.35275379802573736,0,0,0,0,0,0.841754283090693
2053,17.816255383571725,-0.3527170573114774,0,0,0,0,0,0.8417983511853846
2054,17.824933540115111,-0.35268030372376563,0,0,0,0,0,0.84184243035651241
2055,17.833611696658497,-0.35264353722795494,0,0,0,0,0,0.84188652063038349
2056,17.842289853201883,-0.35260675779083084,0,0,0,0,0,0.84193062203214752
2057,17.850968009745269,-0.35256996538061336,0,0,0,0,0,0.84197473458579308
2058,17.859646166288655,-0.35253315996696338,0,0,0,0,0,0.84201885831414525
2059,17.868324322832041,-0.35249634152098719,0,0,0,0,0,0.84206299323886147
2060,17.877002479375427,-0.35245951001524173,0,0,0,0,0,0.84210713938042914
2061,17.885680635918813,-0.35242266542373824,0,0,0,0,0,0.84215129675816291
2062,17.894358792462203,-0.35238580772194772,0,0,0,0,0,0.84219546539020107
2063,17.903036949005589,-0.3523489368868058,0,0,0,0,0,0.84223964529350293
2064,17.911715105548975,-0.35231205289671585,0,0,0,0,0,0.84228383648384642
2065,17.920393262092361,-0.3522751557315551,0,0,0,0,0,0.84232803897582442
2066,17.929071418635747,-0.35223824537267845,0,0,0,0,0,0.84237225278284245
2067,17.937749575179133,-0.35220132180292235,0,0,0,0,0,0.84241647791711649
2068,17.946427731722519,-0.35216438500660963,0,0,0,0,0,0.84246071438966985
2069,17.955105888265905,-0.35212743496955379,0,0,0,0,0,0.84250496221033011
2070,17.963784044809291,-0.35209047167906293,0,0,0,0,0,0.8425492213877277
2071,17.972462201352677,-0.3520534951239439,0,0,0,0,0,0.84259349192929289
2072,17.981140357896063,-0.3520165052945059,0,0,0,0,0,0.84263777384125305
2073,17.989818514439449,-0.35197950218256535,0,0,0,0,0,0.84268206712863125
2074,17.998496670982835,-0.35194248578144971,0,0,0,0,0,0.84272637179524257
2075,18.007174827526221,-0.35190545608599988,0,0,0,0,0,0.84277068784369358
2076,18.015852984069607,-0.35186841309257577,0,0,0,0,0,0.84281501527537861
2077,18.024531140612993,-0.35183135679905903,0,0,0,0,0,0.84285935409047896
2078,18.033209297156379,-0.35179428720485617,0,0,0,0,0,0.84290370428795958
2079,18.041887453699765,-0.35175720431090363,0,0,0,0,0,0.84294806586556825
2080,18.050565610243151,-0.35172010811966947,0,0,0,0,0,0.84299243881983332
2081,18.059243766786537,-0.35168299863515834,0,0,0,0,0,0.84303682314606121
2082,18.067921923329923,-0.35164587586291296,0,0,0,0,0,0.84308121883833564
2083,18.076600079873309,-0.351608739810019,0,0,0,0,0,0.84312562588951545
2084,18.085278236416695,-0.35157159048510778,0,0,0,0,0,0.84317004429123243
2085,18.093956392960081,-0.35153442789835787,0,0,0,0,0,0.84321447403389083
2086,18.102634549503467,-0.3514972520614999,0,0,0,0,0,0.8432589151066654
2087,18.111312706046853,-0.35146006298781912,0,0,0,0,0,0.84330336749749946
2088,18.119990862590242,-0.35142286069215634,0,0,0,0,0,0.84334783119310408
2089,18.128669019133628,-0.35138564519091364,0,0,0,0,0,0.84339230617895666
2090,18.137347175677014,-0.3513484165020539,0,0,0,0,0,0.84343679243929959
2091,18.1460253322204,-0.35131117464510486,0,0,0,0,0,0.84348128995713967
2092,18.154703488763786,-0.35127391964116206,0,0,0,0,0,0.84352579871424593
2093,18.163381645307172,-0.35123665151288913,0,0,0,0,0,0.84357031869114962
2094,18.172059801850558,-0.35119937028452264,0,0,0,0,0,0.84361484986714297
2095,18.180737958393944,-0.35116207598187177,0,0,0,0,0,0.84365939222027786
2096,18.18941611493733,-0.35112476863232106,0,0,0,0,0,0.8437039457273664
2097,18.198094271480716,-0.35108744826483324,0,0,0,0,0,0.84374851036397835
2098,18.206772428024102,-0.35105011490994975,0,0,0,0,0,0.84379308610444204
2099,18.215450584567488,-0.35101276859979313,0,0,0,0,0,0.8438376729218432
2100,18.224128741110874,-0.3509754093680687,0,0,0,0,0,0.84388227078802447
2101,18.23280689765426,-0.35093803725006512,0,0,0,0,0,0.84392687967358504
2102,18.241485054197646,-0.3509006522826571,0,0,0,0,0,0.84397149954788064
2103,18.250163210741032,-0.35086325450430517,0,0,0,0,0,0.8440161303790229
2104,18.258841367284418,-0.35082584395505767,0,0,0,0,0,0.84406077213387987
2105,18.267519523827804,-0.35078842067655203,0,0,0,0,0,0.84410542477807526
2106,18.27619768037119,-0.35075098471201538,0,0,0,0,0,0.84415008827598836
2107,18.284875836914576,-0.35071353610626477,0,0,0,0,0,0.84419476259075499
2108,18.293553993457962,-0.35067607490570857,0,0,0,0,0,0.84423944768426729
2109,18.302232150001348,-0.35063860115834689,0,0,0,0,0,0.84428414351717385
2110,18.310910306544734,-0.35060111491377177,0,0,0,0,0,0.84432885004888014
2111,18.31958846308812,-0.35056361622316778,0,0,0,0,0,0.84437356723754897
2112,18.328266619631506,-0.35052610513931215,0,0,0,0,0,0.84441829504010157
2113,18.336944776174892,-0.3504885817165746,0,0,0,0,0,0.8444630334122174
2114,18.345622932718282,-0.35045104601091792,0,0,0,0,0,0.84450778230833479
2115,18.354301089261668,-0.35041349807989675,0,0,0,0,0,0.84455254168165317
2116,18.362979245805054,-0.35037593798265843,0,0,0,0,0,0.84459731148413242
2117,18.37165740234844,-0.35033836577994171,0,0,0,0,0,0.84464209166649462
2118,18.380335558891826,-0.35030078153407718,0,0,0,0,0,0.84468688217822485
2119,18.389013715435212,-0.35026318530898504,0,0,0,0,0,0.84473168296757262
2120,18.397691871978598,-0.35022557717017594,0,0,0,0,0,0.84477649398155286
2121,18.406370028521984,-0.35018795718474899,0,0,0,0,0,0.84482131516594783
2122,18.41504818506537,-0.35015032542139102,0,0,0,0,0,0.84486614646530767
2123,18.423726341608756,-0.35011268195037559,0,0,0,0,0,0.84491098782295304
2124,18.432404498152142,-0.35007502684356062,0,0,0,0,0,0.84495583918097572
2125,18.441082654695528,-0.35003736017438924,0,0,0,0,0,0.84500070048024123
2126,18.449760811238914,-0.34999968201788478,0,0,0,0,0,0.84504557166038996
2127,18.4584389677823,-0.34996199245065229,0,0,0,0,0,0.84509045265983995
2128,18.467117124325686,-0.34992429155087462,0,0,0,0,0,0.84513534341578755
2129,18.475795280869072,-0.34988657939831075,0,0,0,0,0,0.8451802438642112
2130,18.484473437412458,-0.34984885607429483,0,0,0,0,0,0.84522515393987263
2131,18.493151593955844,-0.34981112166173167,0,0,0,0,0,0.84527007357631934
2132,18.50182975049923,-0.34977337624509641,0,0,0,0,0,0.84531500270588722
2133,18.510507907042616,-0.34973561991043067,0,0,0,0,0,0.84535994125970271
2134,18.519186063586002,-0.34969785274534049,0,0,0,0,0,0.84540488916768608
2135,18.527864220129388,-0.34966007483899242,0,0,0,0,0,0.84544984635855336
2136,18.536542376672774,-0.34962228628211189,0,0,0,0,0,0.84549481275981986
2137,18.54522053321616,-0.34958448716697876,0,0,0,0,0,0.84553978829780263
2138,18.553898689759546,-0.34954667758742514,0,0,0,0,0,0.84558477289762357
2139,18.562576846302932,-0.34950885763883083,0,0,0,0,0,0.84562976648321286
2140,18.571255002846321,-0.34947102741812064,0,0,0,0,0,0.84567476897731164
2141,18.579933159389707,-0.34943318702375942,0,0,0,0,0,0.8457197803014761
2142,18.588611315933093,-0.34939533655574989,0,0,0,0,0,0.84576480037608004
2143,18.597289472476479,-0.34935747611562634,0,0,0,0,0,0.84580982912031899
2144,18.605967629019865,-0.34931960580645299,0,0,0,0,0,0.84585486645221386
2145,18.614645785563251,-0.34928172573281724,0,0,0,0,0,0.84589991228861428
2146,18.623323942106637,-0.34924383600082637,0,0,0,0,0,0.84594496654520279
2147,18.632002098650023,-0.34920593671810274,0,0,0,0,0,0.84599002913649857
2148,18.640680255193409,-0.34916802799377877,0,0,0,0,0,0.84603509997586168
2149,18.649358411736795,-0.34913010993849225,0,0,0,0,0,0.84608017897549725
2150,18.658036568280181,-0.34909218266438047,0,0,0,0,0,0.84612526604645932
2151,18.666714724823567,-0.34905424628507598,0,0,0,0,0,0.84617036109865551
2152,18.675392881366953,-0.34901630091570002,0,0,0,0,0,0.84621546404085202
2153,18.684071037910339,-0.34897834667285765,0,0,0,0,0,0.84626057478067696
2154,18.692749194453725,-0.34894038367463204,0,0,0,0,0,0.84630569322462612
2155,18.701427350997111,-0.34890241204057748,0,0,0,0,0,0.84635081927806732
2156,18.710105507540497,-0.34886443189171534,0,0,0,0,0,0.84639595284524516
2157,18.718783664083883,-0.34882644335052559,0,0,0,0,0,0.84644109382928612
2158,18.727461820627269,-0.34878844654094165,0,0,0,0,0,0.84648624213220414
2159,18.736139977170655,-0.34875044158834378,0,0,0,0,0,0.84653139765490504
2160,18.744818133714041,-0.3487124286195521,0,0,0,0,0,0.84657656029719219
2161,18.753496290257427,-0.34867440776281966,0,0,0,0,0,0.84662172995777185
2162,18.762174446800813,-0.3486363791478253,0,0,0,0,0,0.84666690653425891
2163,18.770852603344199,-0.34859834290566771,0,0,0,0,0,0.84671208992318225
2164,18.779530759887585,-0.348560299168856,0,0,0,0,0,0.84675728001999062
2165,18.788208916430971,-0.34852224807130361,0,0,0,0,0,0.84680247671905828
2166,18.796887072974357,-0.34848418974832091,0,0,0,0,0,0.84684767991369103
2167,18.805565229517747,-0.34844612433660566,0,0,0,0,0,0.84689288949613217
2168,18.814243386061133,-0.34840805197423735,0,0,0,0,0,0.84693810535756908
2169,18.822921542604519,-0.34836997280066728,0,0,0,0,0,0.84698332738813864
2170,18.831599699147905,-0.34833188695671069,0,0,0,0,0,0.84702855547693456
2171,18.840277855691291,-0.34829379458453907,0,0,0,0,0,0.84707378951201284
2172,18.848956012234677,-0.34825569582767102,0,0,0,0,0,0.84711902938039874
2173,18.857634168778063,-0.34821759083096232,0,0,0,0,0,0.8471642749680941
2174,18.866312325321449,-0.34817947974059987,0,0,0,0,0,0.84720952616008294
2175,18.874990481864835,-0.34814136270408946,0,0,0,0,0,0.84725478284033895
2176,18.883668638408221,-0.34810323987024872,0,0,0,0,0,0.84730004489183264
2177,18.892346794951607,-0.34806511138919682,0,0,0,0,0,0.84734531219653775
2178,18.901024951494993,-0.34802697741234523,0,0,0,0,0,0.84739058463543893
2179,18.909703108038379,-0.34798883809238734,0,0,0,0,0,0.84743586208853905
2180,18.918381264581765,-0.34795069358329028,0,0,0,0,0,0.84748114443486622
2181,18.927059421125151,-0.3479125440402826,0,0,0,0,0,0.84752643155248131
2182,18.935737577668537,-0.34787438961984607,0,0,0,0,0,0.84757172331848585
2183,18.944415734211923,-0.34783623047970463,0,0,0,0,0,0.84761701960902947
2184,18.953093890755309,-0.34779806677881309,0,0,0,0,0,0.84766232029931743
2185,18.961772047298695,-0.34775989867734858,0,0,0,0,0,0.84770762526361909
2186,18.970450203842081,-0.34772172633669751,0,0,0,0,0,0.84775293437527499
2187,18.979128360385467,-0.3476835499194465,0,0,0,0,0,0.84779824750670618
2188,18.987806516928853,-0.34764536958936992,0,0,0,0,0,0.84784356452942078
2189,18.996484673472239,-0.34760718551141989,0,0,0,0,0,0.8478888853140234
2190,19.005162830015625,-0.34756899785171391,0,0,0,0,0,0.84793420973022338
2191,19.013840986559011,-0.34753080677752379,0,0,0,0,0,0.84797953764684275
2192,19.022519143102397,-0.34749261245726432,0,0,0,0,0,0.84802486893182505
2193,19.031197299645786,-0.34745441506048069,0,0,0,0,0,0.84807020345224371
2194,19.039875456189172,-0.34741621475783768,0,0,0,0,0,0.84811554107431142
2195,19.048553612732558,-0.34737801172110644,0,0,0,0,0,0.84816088166338821
2196,19.057231769275944,-0.34733980612315279,0,0,0,0,0,0.84820622508399068
2197,19.06590992581933,-0.34730159813792516,0,0,0,0,0,0.8482515711998011
2198,19.074588082362716,-0.34726338794044143,0,0,0,0,0,0.84829691987367606
2199,19.083266238906102,-0.34722517570677697,0,0,0,0,0,0.84834227096765602
2200,19.091944395449488,-0.34718696161405127,0,0,0,0,0,0.84838762434297477
2201,19.100622551992874,-0.34714874584041583,0,0,0,0,0,0.84843297986006816
2202,19.10930070853626,-0.3471105285650396,0,0,0,0,0,0.84847833737858425
2203,19.117978865079646,-0.34707230996809812,0,0,0,0,0,0.84852369675739203
2204,19.126657021623032,-0.34703409023075782,0,0,0,0,0,0.8485690578545918
2205,19.135335178166418,-0.34699586953516465,0,0,0,0,0,0.84861442052752412
2206,19.144013334709804,-0.34695764806442864,0,0,0,0,0,0.84865978463278058
2207,19.15269149125319,-0.34691942600261183,0,0,0,0,0,0.84870515002621238
2208,19.161369647796576,-0.34688120353471352,0,0,0,0,0,0.84875051656294143
2209,19.170047804339962,-0.34684298084665643,0,0,0,0,0,0.84879588409736972
2210,19.178725960883348,-0.34680475812527312,0,0,0,0,0,0.84884125248318965
2211,19.187404117426734,-0.34676653555829134,0,0,0,0,0,0.84888662157339367
2212,19.19608227397012,-0.34672831333431986,0,0,0,0,0,0.84893199122028573
2213,19.204760430513506,-0.34669009164283449,0,0,0,0,0,0.84897736127549073
2214,19.213438587056892,-0.34665187067416203,0,0,0,0,0,0.84902273158996433
2215,19.222116743600278,-0.34661365061946797,0,0,0,0,0,0.84906810201400518
2216,19.230794900143664,-0.3465754316707399,0,0,0,0,0,0.84911347239726398
2217,19.23947305668705,-0.34653721402077353,0,0,0,0,0,0.84915884258875418
2218,19.248151213230436,-0.3464989978631573,0,0,0,0,0,0.84920421243686384
2219,19.256829369773826,-0.34646078339225689,0,0,0,0,0,0.84924958178936527
2220,19.265507526317212,-0.34642257080320171,0,0,0,0,0,0.84929495049342596
2221,19.274185682860598,-0.34638436029186748,0,0,0,0,0,0.8493403183956203
2222,19.282863839403984,-0.34634615205486263,0,0,0,0,0,0.84938568534193948
2223,19.29154199594737,-0.34630794628951095,0,0,0,0,0,0.8494310511778036
2224,19.300220152490756,-0.3462697431938383,0,0,0,0,0,0.84947641574807153
2225,19.308898309034142,-0.34623154296655478,0,0,0,0,0,0.84952177889705294
2226,19.317576465577528,-0.34619334580704031,0,0,0,0,0,0.84956714046851978
2227,19.326254622120913,-0.34615515191532803,0,0,0,0,0,0.84961250030571644
2228,19.334932778664299,-0.34611696149208943,0,0,0,0,0,0.84965785825137197
2229,19.343610935207685,-0.34607877473861615,0,0,0,0,0,0.84970321414771144
2230,19.352289091751071,-0.34604059185680636,0,0,0,0,0,0.84974856783646679
2231,19.360967248294457,-0.34600241304914681,0,0,0,0,0,0.84979391915888924
2232,19.369645404837843,-0.34596423851869795,0,0,0,0,0,0.84983926795575948
2233,19.378323561381229,-0.3459260684690757,0,0,0,0,0,0.84988461406740112
2234,19.387001717924615,-0.34588790310443651,0,0,0,0,0,0.8499299573336907
2235,19.395679874468001,-0.34584974262946067,0,0,0,0,0,0.84997529759407042
2236,19.404358031011387,-0.34581158724933514,0,0,0,0,0,0.85002063468755906
2237,19.413036187554773,-0.34577343716973741,0,0,0,0,0,0.85006596845276472
2238,19.421714344098159,-0.34573529259681834,0,0,0,0,0,0.85011129872789615
2239,19.430392500641545,-0.34569715373718563,0,0,0,0,0,0.8501566253507743
2240,19.439070657184931,-0.34565902079788707,0,0,0,0,0,0.8502019481588452
2241,19.447748813728317,-0.34562089398639378,0,0,0,0,0,0.85024726698919106
2242,19.456426970271703,-0.3455827735105822,0,0,0,0,0,0.85029258167854249
2243,19.465105126815089,-0.34554465957871883,0,0,0,0,0,0.8503378920632908
2244,19.473783283358475,-0.34550655239944128,0,0,0,0,0,0.85038319797950024
2245,19.482461439901865,-0.34546845218174266,0,0,0,0,0,0.8504284992629193
2246,19.491139596445251,-0.3454303591349534,0,0,0,0,0,0.85047379574899395
2247,19.499817752988637,-0.3453922734687247,0,0,0,0,0,0.85051908727287884
2248,19.508495909532023,-0.34535419539301082,0,0,0,0,0,0.85056437366945004
2249,19.517174066075409,-0.34531612511805215,0,0,0,0,0,0.85060965477331729
2250,19.525852222618795,-0.34527806285435725,0,0,0,0,0,0.85065493041883611
2251,19.534530379162181,-0.34524000881268702,0,0,0,0,0,0.85070020044012029
2252,19.543208535705567,-0.34520196320403462,0,0,0,0,0,0.85074546467105405
2253,19.551886692248953,-0.3451639262396109,0,0,0,0,0,0.85079072294530433
2254,19.560564848792339,-0.34512589813082517,0,0,0,0,0,0.85083597509633313
2255,19.569243005335725,-0.34508787908926808,0,0,0,0,0,0.85088122095741059
2256,19.577921161879111,-0.34504986932669479,0,0,0,0,0,0.850926460361626
2257,19.586599318422497,-0.34501186905500664,0,0,0,0,0,0.85097169314190169
2258,19.595277474965883,-0.34497387848623334,0,0,0,0,0,0.85101691913100441
2259,19.603955631509269,-0.34493589783251699,0,0,0,0,0,0.85106213816155873
2260,19.612633788052655,-0.34489792730609292,0,0,0,0,0,0.8511073500660582
2261,19.621311944596041,-0.34485996711927264,0,0,0,0,0,0.85115255467687911
2262,19.629990101139427,-0.34482201748442654,0,0,0,0,0,0.85119775182629209
2263,19.638668257682813,-0.34478407861396582,0,0,0,0,0,0.85124294134647527
2264,19.647346414226199,-0.34474615072032577,0,0,0,0,0,0.85128812306952595
2265,19.656024570769585,-0.34470823401594664,0,0,0,0,0,0.85133329682747449
2266,19.664702727312971,-0.34467032871325787,0,0,0,0,0,0.85137846245229465
2267,19.673380883856357,-0.34463243502465907,0,0,0,0,0,0.85142361977591829
2268,19.682059040399743,-0.3445945531625037,0,0,0,0,0,0.85146876863024668
2269,19.690737196943129,-0.34455668333908035,0,0,0,0,0,0.85151390884716271
2270,19.699415353486515,-0.34451882576659587,0,0,0,0,0,0.85155904025854412
2271,19.708093510029901,-0.34448098065715793,0,0,0,0,0,0.85160416269627648
2272,19.71677166657329,-0.34444314822275723,0,0,0,0,0,0.85164927599226359
2273,19.725449823116676,-0.34440532867524981,0,0,0,0,0,0.85169437997844222
2274,19.734127979660062,-0.34436752222634026,0,0,0,0,0,0.85173947448679344
2275,19.742806136203448,-0.34432972908756398,0,0,0,0,0,0.85178455934935504
2276,19.751484292746834,-0.34429194947026953,0,0,0,0,0,0.85182963439823411
2277,19.76016244929022,-0.34425418358560167,0,0,0,0,0,0.85187469946561989
2278,19.768840605833606,-0.34421643164448446,0,0,0,0,0,0.85191975438379508
2279,19.777518762376992,-0.34417869385760214,0,0,0,0,0,0.85196479898514954
2280,19.786196918920378,-0.34414097043538405,0,0,0,0,0,0.85200983310219169
2281,19.794875075463764,-0.34410326158798676,0,0,0,0,0,0.85205485656756119
2282,19.80355323200715,-0.34406556752527606,0,0,0,0,0,0.85209986921404124
2283,19.812231388550536,-0.34402788845681087,0,0,0,0,0,0.85214487087457069
2284,19.820909545093922,-0.34399022459182604,0,0,0,0,0,0.85218986138225661
2285,19.829587701637308,-0.34395257613921471,0,0,0,0,0,0.85223484057038623
2286,19.838265858180694,-0.34391494330751204,0,0,0,0,0,0.85227980827243932
2287,19.84694401472408,-0.34387732630487827,0,0,0,0,0,0.85232476432210014
2288,19.855622171267466,-0.34383972533908197,0,0,0,0,0,0.85236970855326988
2289,19.864300327810852,-0.34380214061748204,0,0,0,0,0,0.85241464080007867
2290,19.872978484354238,-0.34376457234701302,0,0,0,0,0,0.85245956089689734
2291,19.881656640897624,-0.34372702073416772,0,0,0,0,0,0.85250446867834961
2292,19.89033479744101,-0.34368948598497939,0,0,0,0,0,0.85254936397932457
2293,19.899012953984396,-0.34365196830500711,0,0,0,0,0,0.85259424663498806
2294,19.907691110527782,-0.34361446789931854,0,0,0,0,0,0.85263911648079438
2295,19.916369267071168,-0.3435769849724733,0,0,0,0,0,0.8526839733524989
2296,19.925047423614554,-0.34353951972850749,0,0,0,0,0,0.85272881708616921
2297,19.93372558015794,-0.34350207237091723,0,0,0,0,0,0.85277364751819718
2298,19.94240373670133,-0.34346464310264213,0,0,0,0,0,0.85281846448531096
2299,19.951081893244716,-0.34342723212604959,0,0,0,0,0,0.85286326782458566
2300,19.959760049788102,-0.34338983964291958,0,0,0,0,0,0.85290805737345665
2301,19.968438206331488,-0.34335246585442769,0,0,0,0,0,0.85295283296972912
2302,19.977116362874874,-0.34331511096113032,0,0,0,0,0,0.8529975944515914
2303,19.98579451941826,-0.34327777516294888,0,0,0,0,0,0.85304234165762505
2304,19.994472675961646,-0.34324045865915376,0,0,0,0,0,0.85308707442681719
2305,20.003150832505032,-0.34320316164834941,0,0,0,0,0,0.85313179259857141
2306,20.011828989048418,-0.34316588432845896,0,0,0,0,0,0.85317649601271939
2307,20.020507145591804,-0.34312862689670914,0,0,0,0,0,0.85322118450953166
2308,20.02918530213519,-0.34309138954961521,0,0,0,0,0,0.85326585792972887
2309,20.037863458678576,-0.34305417248296499,0,0,0,0,0,0.85331051611449349
2310,20.046541615221962,-0.34301697589180535,0,0,0,0,0,0.85335515890548008
2311,20.055219771765348,-0.34297979997042694,0,0,0,0,0,0.85339978614482659
2312,20.063897928308734,-0.3429426449123496,0,0,0,0,0,0.85344439767516544
2313,20.07257608485212,-0.34290551091030702,0,0,0,0,0,0.85348899333963413
2314,20.081254241395506,-0.34286839815623371,0,0,0,0,0,0.85353357298188581
2315,20.089932397938892,-0.34283130684124996,0,0,0,0,0,0.8535781364461007
2316,20.098610554482278,-0.34279423715564727,0,0,0,0,0,0.853622683576996
2317,20.107288711025664,-0.34275718928887533,0,0,0,0,0,0.85366721421983649
2318,20.11596686756905,-0.34272016342952738,0,0,0,0,0,0.85371172822044583
2319,20.124645024112436,-0.34268315976532598,0,0,0,0,0,0.8537562254252159
2320,20.133323180655822,-0.34264617848311063,0,0,0,0,0,0.85380070568111754
2321,20.142001337199208,-0.34260921976882341,0,0,0,0,0,0.85384516883571127
2322,20.150679493742594,-0.34257228380749583,0,0,0,0,0,0.85388961473715697
2323,20.15935765028598,-0.34253537078323459,0,0,0,0,0,0.85393404323422395
2324,20.168035806829369,-0.34249848087921075,0,0,0,0,0,0.85397845417630103
2325,20.176713963372755,-0.34246161427764388,0,0,0,0,0,0.85402284741340662
2326,20.185392119916141,-0.34242477115979175,0,0,0,0,0,0.85406722279619873
2327,20.194070276459527,-0.34238795170593583,0,0,0,0,0,0.8541115801759841
2328,20.202748433002913,-0.34235115609536948,0,0,0,0,0,0.85415591940472857
2329,20.211426589546299,-0.34231438450638568,0,0,0,0,0,0.85420024033506636
2330,20.220104746089685,-0.3422776371162643,0,0,0,0,0,0.85424454282030948
2331,20.228782902633071,-0.34224091410125995,0,0,0,0,0,0.85428882671445738
2332,20.237461059176457,-0.34220421563659076,0,0,0,0,0,0.85433309187220607
2333,20.246139215719843,-0.34216754189642534,0,0,0,0,0,0.85437733814895789
2334,20.254817372263229,-0.34213089305387206,0,0,0,0,0,0.85442156540083003
2335,20.263495528806615,-0.34209426928096709,0,0,0,0,0,0.85446577348466346
2336,20.272173685350001,-0.342057670748663,0,0,0,0,0,0.854509962258033
2337,20.280851841893387,-0.34202109762681754,0,0,0,0,0,0.85455413157925519
2338,20.289529998436773,-0.34198455008418277,0,0,0,0,0,0.85459828130739701
2339,20.298208154980159,-0.34194802828839405,0,0,0,0,0,0.85464241130228558
2340,20.306886311523545,-0.34191153240595901,0,0,0,0,0,0.85468652142451562
2341,20.315564468066931,-0.34187506260224709,0,0,0,0,0,0.8547306115354586
2342,20.324242624610317,-0.34183861904147905,0,0,0,0,0,0.85477468149727109
2343,20.332920781153703,-0.34180220188671712,0,0,0,0,0,0.85481873117290297
2344,20.341598937697089,-0.34176581129985395,0,0,0,0,0,0.85486276042610543
2345,20.350277094240475,-0.34172944744160327,0,0,0,0,0,0.85490676912143959
2346,20.358955250783861,-0.34169311047149009,0,0,0,0,0,0.85495075712428426
2347,20.367633407327247,-0.34165680054784098,0,0,0,0,0,0.85499472430084333
2348,20.376311563870633,-0.34162051782777403,0,0,0,0,0,0.85503867051815452
2349,20.384989720414019,-0.34158426246719015,0,0,0,0,0,0.85508259564409672
2350,20.393667876957409,-0.34154803462076411,0,0,0,0,0,0.85512649954739728
2351,20.402346033500795,-0.34151183444193478,0,0,0,0,0,0.85517038209763963
2352,20.411024190044181,-0.34147566208289692,0,0,0,0,0,0.85521424316527117
2353,20.419702346587567,-0.34143951769459124,0,0,0,0,0,0.85525808262161029
2354,20.428380503130953,-0.34140340142669867,0,0,0,0,0,0.85530190033885301
2355,20.437058659674339,-0.34136731342762883,0,0,0,0,0,0.85534569619008105
2356,20.445736816217725,-0.34133125384451368,0,0,0,0,0,0.85538947004926802
2357,20.454414972761111,-0.34129522282319924,0,0,0,0,0,0.85543322179128689
2358,20.463093129304497,-0.34125922050823743,0,0,0,0,0,0.85547695129191637
2359,20.471771285847883,-0.3412232470428791,0,0,0,0,0,0.85552065842784786
2360,20.480449442391269,-0.34118730256906493,0,0,0,0,0,0.85556434307669182
2361,20.489127598934655,-0.34115138722742,0,0,0,0,0,0.85560800511698432
2362,20.497805755478041,-0.34111550115724576,0,0,0,0,0,0.8556516444281933
2363,20.506483912021427,-0.3410796444965129,0,0,0,0,0,0.85569526089072512
2364,20.515162068564813,-0.34104381738185435,0,0,0,0,0,0.85573885438593034
2365,20.523840225108199,-0.34100801994855973,0,0,0,0,0,0.85578242479610966
2366,20.532518381651585,-0.34097225233056716,0,0,0,0,0,0.85582597200452093
2367,20.541196538194971,-0.34093651466045904,0,0,0,0,0,0.85586949589538297
2368,20.549874694738357,-0.34090080706945314,0,0,0,0,0,0.85591299635388363
2369,20.558552851281743,-0.34086512968739935,0,0,0,0,0,0.8559564732661834
2370,20.567231007825129,-0.34082948264277246,0,0,0,0,0,0.85599992651942225
2371,20.575909164368515,-0.34079386606266671,0,0,0,0,0,0.85604335600172377
2372,20.584587320911901,-0.34075828007279019,0,0,0,0,0,0.85608676160220187
2373,20.593265477455287,-0.34072272479745974,0,0,0,0,0,0.85613014321096537
2374,20.601943633998673,-0.34068720035959549,0,0,0,0,0,0.85617350071912224
2375,20.610621790542059,-0.340651706880717,0,0,0,0,0,0.8562168340187859
2376,20.619299947085445,-0.34061624448093675,0,0,0,0,0,0.85626014300307896
2377,20.627978103628834,-0.3405808132789564,0,0,0,0,0,0.85630342756613897
2378,20.63665626017222,-0.34054541339206246,0,0,0,0,0,0.85634668760312227
2379,20.645334416715606,-0.34051004493612153,0,0,0,0,0,0.85638992301020866
2380,20.654012573258992,-0.34047470802557722,0,0,0,0,0,0.85643313368460583
2381,20.662690729802378,-0.34043940277344398,0,0,0,0,0,0.85647631952455394
2382,20.671368886345764,-0.34040412929130587,0,0,0,0,0,0.8565194804293299
2383,20.68004704288915,-0.34036888768931078,0,0,0,0,0,0.85656261629925035
2384,20.688725199432536,-0.34033367807616793,0,0,0,0,0,0.85660572703567706
2385,20.697403355975922,-0.34029850055914562,0,0,0,0,0,0.8566488125410201
2386,20.706081512519308,-0.34026335524406548,0,0,0,0,0,0.85669187271874192
2387,20.714759669062694,-0.34022824223530135,0,0,0,0,0,0.85673490747336034
2388,20.72343782560608,-0.34019316163577645,0,0,0,0,0,0.85677791671045278
2389,20.732115982149466,-0.34015811354695979,0,0,0,0,0,0.85682090033665959
2390,20.740794138692852,-0.34012309806886409,0,0,0,0,0,0.85686385825968681
2391,20.749472295236238,-0.34008811530004368,0,0,0,0,0,0.85690679038831041
2392,20.758150451779624,-0.340053165337592,0,0,0,0,0,0.85694969663237852
2393,20.76682860832301,-0.34001824827713961,0,0,0,0,0,0.85699257690281483
2394,20.775506764866396,-0.33998336421285202,0,0,0,0,0,0.85703543111162139
2395,20.784184921409782,-0.33994851323742908,0,0,0,0,0,0.85707825917188152
2396,20.792863077953168,-0.33991369544210148,0,0,0,0,0,0.85712106099776253
2397,20.801541234496554,-0.33987891091663125,0,0,0,0,0,0.857163836504518
2398,20.81021939103994,-0.33984415974930937,0,0,0,0,0,0.85720658560849072
2399,20.818897547583326,-0.33980944202695534,0,0,0,0,0,0.85724930822711454
2400,20.827575704126712,-0.33977475783491495,0,0,0,0,0,0.85729200427891739
2401,20.836253860670098,-0.33974010725706155,0,0,0,0,0,0.85733467368352245
2402,20.844932017213484,-0.33970549037579334,0,0,0,0,0,0.85737731636165138
2403,20.853610173756874,-0.33967090727203408,0,0,0,0,0,0.85741993223512525
2404,20.86228833030026,-0.33963635802523245,0,0,0,0,0,0.85746252122686695
2405,20.870966486843646,-0.33960184271336147,0,0,0,0,0,0.85750508326090302
2406,20.879644643387032,-0.33956736141291893,0,0,0,0,0,0.85754761826236514
2407,20.888322799930418,-0.33953291419892695,0,0,0,0,0,0.85759012615749142
2408,20.897000956473804,-0.33949850114493263,0,0,0,0,0,0.85763260687362841
2409,20.90567911301719,-0.33946412232300893,0,0,0,0,0,0.85767506033923213
2410,20.914357269560576,-0.33942977780375316,0,0,0,0,0,0.85771748648386947
2411,20.923035426103961,-0.33939546765629008,0,0,0,0,0,0.85775988523821889
2412,20.931713582647347,-0.33936119194827113,0,0,0,0,0,0.85780225653407227
2413,20.940391739190733,-0.33932695074587571,0,0,0,0,0,0.85784460030433585
2414,20.949069895734119,-0.33929274411381233,0,0,0,0,0,0.85788691648302962
2415,20.957748052277505,-0.33925857211531973,0,0,0,0,0,0.85792920500529024
2416,20.966426208820891,-0.33922443481216824,0,0,0,0,0,0.85797146580737038
2417,20.975104365364277,-0.33919033226466122,0,0,0,0,0,0.85801369882663936
2418,20.983782521907663,-0.3391562645316365,0,0,0,0,0,0.85805590400158449
2419,20.992460678451049,-0.33912223167046807,0,0,0,0,0,0.85809808127181042
2420,21.001138834994435,-0.33908823373706865,0,0,0,0,0,0.85814023057803968
2421,21.009816991537821,-0.33905427078589079,0,0,0,0,0,0.85818235186211378
2422,21.018495148081207,-0.33902034286992844,0,0,0,0,0,0.85822444506699203
2423,21.027173304624593,-0.33898645004072092,0,0,0,0,0,0.8582665101367527
2424,21.035851461167979,-0.33895259234835412,0,0,0,0,0,0.85830854701659187
2425,21.044529617711365,-0.33891876984146285,0,0,0,0,0,0.8583505556528247
2426,21.053207774254751,-0.33888498256723354,0,0,0,0,0,0.85839253599288323
2427,21.061885930798137,-0.33885123057140765,0,0,0,0,0,0.85843448798531818
2428,21.070564087341523,-0.33881751389828368,0,0,0,0,0,0.85847641157979704
2429,21.079242243884913,-0.33878383259072031,0,0,0,0,0,0.85851830672710383
2430,21.087920400428299,-0.33875018669013907,0,0,0,0,0,0.85856017337913904
2431,21.096598556971685,-0.33871657623652884,0,0,0,0,0,0.85860201148891857
2432,21.105276713515071,-0.33868300126844753,0,0,0,0,0,0.85864382101057291
2433,21.113954870058457,-0.33864946182302619,0,0,0,0,0,0.85868560189934651
2434,21.122633026601843,-0.33861595793597271,0,0,0,0,0,0.85872735411159662
2435,21.131311183145229,-0.33858248964157467,0,0,0,0,0,0.85876907760479226
2436,21.139989339688615,-0.33854905697270377,0,0,0,0,0,0.85881077233751379
2437,21.148667496232001,-0.33851565996081984,0,0,0,0,0,0.85885243826945046
2438,21.157345652775387,-0.33848229863597357,0,0,0,0,0,0.85889407536140039
2439,21.166023809318773,-0.33844897302681182,0,0,0,0,0,0.85893568357526862
2440,21.174701965862159,-0.33841568316058079,0,0,0,0,0,0.85897726287406573
2441,21.183380122405545,-0.3383824290631306,0,0,0,0,0,0.85901881322190632
2442,21.192058278948931,-0.33834921075891966,0,0,0,0,0,0.85906033458400788
2443,21.200736435492317,-0.33831602827101964,0,0,0,0,0,0.85910182692668835
2444,21.209414592035703,-0.33828288162111797,0,0,0,0,0,0.85914329021736524
2445,21.218092748579089,-0.3382497708295254,0,0,0,0,0,0.85918472442455318
2446,21.226770905122475,-0.33821669591517789,0,0,0,0,0,0.85922612951786226
2447,21.235449061665861,-0.33818365689564311,0,0,0,0,0,0.85926750546799646
2448,21.244127218209247,-0.33815065378712478,0,0,0,0,0,0.85930885224675113
2449,21.252805374752633,-0.33811768660446739,0,0,0,0,0,0.85935016982701085
2450,21.261483531296019,-0.33808475536116173,0,0,0,0,0,0.85939145818274765
2451,21.270161687839405,-0.33805186006934929,0,0,0,0,0,0.85943271728901893
2452,21.278839844382791,-0.33801900073982838,0,0,0,0,0,0.85947394712196434
2453,21.287518000926177,-0.33798617738205855,0,0,0,0,0,0.85951514765880432
2454,21.296196157469563,-0.33795339000416663,0,0,0,0,0,0.85955631887783723
2455,21.304874314012952,-0.33792063861295152,0,0,0,0,0,0.8595974607584369
2456,21.313552470556338,-0.33788792321389011,0,0,0,0,0,0.85963857328104976
2457,21.322230627099724,-0.33785524381114318,0,0,0,0,0,0.85967965642719291
2458,21.33090878364311,-0.33782260040756029,0,0,0,0,0,0.85972071017945084
2459,21.339586940186496,-0.33778999300468582,0,0,0,0,0,0.85976173452147298
2460,21.348265096729882,-0.33775742160276512,0,0,0,0,0,0.85980272943797076
2461,21.356943253273268,-0.33772488620074992,0,0,0,0,0,0.85984369491471491
2462,21.365621409816654,-0.33769238679630453,0,0,0,0,0,0.85988463093853185
2463,21.37429956636004,-0.33765992338581141,0,0,0,0,0,0.85992553749730172
2464,21.382977722903426,-0.33762749596437863,0,0,0,0,0,0.8599664145799546
2465,21.391655879446812,-0.3375951045258434,0,0,0,0,0,0.86000726217646772
2466,21.400334035990198,-0.33756274906278105,0,0,0,0,0,0.86004808027786195
2467,21.409012192533584,-0.33753042956650969,0,0,0,0,0,0.86008886887619918
2468,21.41769034907697,-0.33749814602709671,0,0,0,0,0,0.86012962796457826
2469,21.426368505620356,-0.33746589843336544,0,0,0,0,0,0.86017035753713222
2470,21.435046662163742,-0.33743368677290164,0,0,0,0,0,0.86021105758902483
2471,21.443724818707128,-0.33740151103205923,0,0,0,0,0,0.8602517281164469
2472,21.452402975250514,-0.33736937119596794,0,0,0,0,0,0.86029236911661289
2473,21.4610811317939,-0.33733726724853919,0,0,0,0,0,0.86033298058775798
2474,21.469759288337286,-0.3373051991724727,0,0,0,0,0,0.86037356252913311
2475,21.478437444880672,-0.33727316694926346,0,0,0,0,0,0.86041411494100239
2476,21.487115601424058,-0.33724117055920833,0,0,0,0,0,0.86045463782463949
2477,21.495793757967444,-0.33720920998141257,0,0,0,0,0,0.86049513118232346
2478,21.50447191451083,-0.33717728519379753,0,0,0,0,0,0.86053559501733456
2479,21.513150071054216,-0.33714539617310613,0,0,0,0,0,0.8605760293339515
2480,21.521828227597602,-0.33711354289491069,0,0,0,0,0,0.86061643413744704
2481,21.530506384140988,-0.33708172533362046,0,0,0,0,0,0.86065680943408329
2482,21.539184540684378,-0.33704994346248673,0,0,0,0,0,0.86069715523110935
2483,21.547862697227764,-0.33701819725361137,0,0,0,0,0,0.86073747153675595
2484,21.55654085377115,-0.33698648667795406,0,0,0,0,0,0.86077775836023174
2485,21.565219010314536,-0.33695481170533792,0,0,0,0,0,0.86081801571171979
2486,21.573897166857922,-0.33692317230445795,0,0,0,0,0,0.86085824360237306
2487,21.582575323401308,-0.33689156844288781,0,0,0,0,0,0.86089844204430965
2488,21.591253479944694,-0.33686000008708683,0,0,0,0,0,0.86093861105060987
2489,21.59993163648808,-0.33682846720240733,0,0,0,0,0,0.86097875063531049
2490,21.608609793031466,-0.3367969697531018,0,0,0,0,0,0.86101886081340151
2491,21.617287949574852,-0.33676550770233055,0,0,0,0,0,0.8610589416008223
2492,21.625966106118238,-0.33673408101216828,0,0,0,0,0,0.86109899301445547
2493,21.634644262661624,-0.33670268964361277,0,0,0,0,0,0.8611390150721242
2494,21.64332241920501,-0.33667133355659018,0,0,0,0,0,0.86117900779258694
2495,21.652000575748396,-0.3366400127099643,0,0,0,0,0,0.86121897119553326
2496,21.660678732291782,-0.33660872706154316,0,0,0,0,0,0.86125890530157956
2497,21.669356888835168,-0.33657747656808579,0,0,0,0,0,0.86129881013226384
2498,21.678035045378554,-0.33654626118531128,0,0,0,0,0,0.86133868571004202
2499,21.68671320192194,-0.33651508086790477,0,0,0,0,0,0.86137853205828274
2500,21.695391358465326,-0.33648393556952622,0,0,0,0,0,0.86141834920126292
2501,21.704069515008712,-0.33645282524281583,0,0,0,0,0,0.86145813716416342
2502,21.712747671552098,-0.33642174983940371,0,0,0,0,0,0.86149789597306459
2503,21.721425828095484,-0.33639070930991677,0,0,0,0,0,0.86153762565494019
2504,21.73010398463887,-0.33635970360398532,0,0,0,0,0,0.86157732623765437
2505,21.738782141182256,-0.3363287326702516,0,0,0,0,0,0.86161699774995637
2506,21.747460297725642,-0.33629779645637731,0,0,0,0,0,0.86165664022147503
2507,21.756138454269028,-0.3362668949090506,0,0,0,0,0,0.86169625368271507
2508,21.764816610812417,-0.33623602797399366,0,0,0,0,0,0.86173583816505162
2509,21.773494767355803,-0.33620519559597117,0,0,0,0,0,0.86177539370072587
2510,21.782172923899189,-0.33617439771879676,0,0,0,0,0,0.86181492032283957
2511,21.790851080442575,-0.33614363428534155,0,0,0,0,0,0.86185441806535101
2512,21.799529236985961,-0.33611290523754078,0,0,0,0,0,0.86189388696306934
2513,21.808207393529347,-0.33608221051640219,0,0,0,0,0,0.86193332705165027
2514,21.816885550072733,-0.33605155006201326,0,0,0,0,0,0.86197273836759081
2515,21.825563706616119,-0.33602092381354898,0,0,0,0,0,0.86201212094822433
2516,21.834241863159505,-0.33599033170927917,0,0,0,0,0,0.86205147483171596
2517,21.842920019702891,-0.33595977368657659,0,0,0,0,0,0.86209080005705685
2518,21.851598176246277,-0.33592924968192373,0,0,0,0,0,0.86213009666405993
2519,21.860276332789663,-0.33589875963092097,0,0,0,0,0,0.86216936469335503
2520,21.868954489333049,-0.33586830346829433,0,0,0,0,0,0.86220860418638312
2521,21.877632645876435,-0.33583788112790247,0,0,0,0,0,0.86224781518539151
2522,21.886310802419821,-0.33580749254274522,0,0,0,0,0,0.86228699773342921
2523,21.894988958963207,-0.33577713764496941,0,0,0,0,0,0.86232615187434125
2524,21.903667115506593,-0.33574681636587833,0,0,0,0,0,0.86236527765276438
2525,21.912345272049979,-0.33571652863593837,0,0,0,0,0,0.86240437511412138
2526,21.921023428593365,-0.3356862743847866,0,0,0,0,0,0.86244344430461617
2527,21.929701585136751,-0.3356560535412384,0,0,0,0,0,0.86248248527122873
2528,21.938379741680137,-0.33562586603329492,0,0,0,0,0,0.86252149806170975
2529,21.947057898223523,-0.33559571178815084,0,0,0,0,0,0.86256048272457597
2530,21.955736054766909,-0.33556559073220171,0,0,0,0,0,0.86259943930910465
2531,21.964414211310295,-0.33553550279105115,0,0,0,0,0,0.86263836786532855
2532,21.973092367853681,-0.33550544788951903,0,0,0,0,0,0.86267726844403114
2533,21.981770524397067,-0.33547542595164836,0,0,0,0,0,0.86271614109674055
2534,21.990448680940457,-0.33544543690071255,0,0,0,0,0,0.86275498587572541
2535,21.999126837483843,-0.335415480659224,0,0,0,0,0,0.8627938028339891
2536,22.007804994027229,-0.33538555714894003,0,0,0,0,0,0.86283259202526486
2537,22.016483150570615,-0.33535566629087155,0,0,0,0,0,0.86287135350401023
2538,22.025161307114001,-0.33532580800528944,0,0,0,0,0,0.86291008732540264
2539,22.033839463657387,-0.33529598221173251,0,0,0,0,0,0.86294879354533349
2540,22.042517620200773,-0.33526618882901493,0,0,0,0,0,0.86298747222040306
2541,22.051195776744159,-0.3352364277752331,0,0,0,0,0,0.86302612340791562
2542,22.059873933287545,-0.3352066989677735,0,0,0,0,0,0.86306474716587445
2543,22.068552089830931,-0.33517700232331926,0,0,0,0,0,0.86310334355297569
2544,22.077230246374317,-0.3351473377578581,0,0,0,0,0,0.86314191262860429
2545,22.085908402917703,-0.33511770518668971,0,0,0,0,0,0.86318045445282809
2546,22.094586559461089,-0.335088104524432,0,0,0,0,0,0.86321896908639306
2547,22.103264716004475,-0.33505853568502963,0,0,0,0,0,0.86325745659071762
2548,22.111942872547861,-0.33502899858175983,0,0,0,0,0,0.8632959170278881
2549,22.120621029091247,-0.33499949312724076,0,0,0,0,0,0.86333435046065288
2550,22.129299185634633,-0.33497001923343755,0,0,0,0,0,0.86337275695241766
2551,22.137977342178019,-0.33494057681167083,0,0,0,0,0,0.86341113656724022
2552,22.146655498721405,-0.33491116577262214,0,0,0,0,0,0.86344948936982524
2553,22.155333655264791,-0.33488178602634233,0,0,0,0,0,0.86348781542551911
2554,22.164011811808177,-0.33485243748225746,0,0,0,0,0,0.8635261148003045
2555,22.172689968351563,-0.33482312004917758,0,0,0,0,0,0.86356438756079523
2556,22.181368124894949,-0.33479383363530135,0,0,0,0,0,0.86360263377423219
2557,22.190046281438335,-0.33476457814822491,0,0,0,0,0,0.86364085350847641
2558,22.198724437981721,-0.33473535349494798,0,0,0,0,0,0.86367904683200503
2559,22.207402594525107,-0.33470615958188088,0,0,0,0,0,0.8637172138139062
2560,22.216080751068496,-0.33467699631485126,0,0,0,0,0,0.86375535452387331
2561,22.224758907611882,-0.33464786359911114,0,0,0,0,0,0.86379346903220056
2562,22.233437064155268,-0.33461876133934421,0,0,0,0,0,0.86383155740977691
2563,22.242115220698654,-0.33458968943967082,0,0,0,0,0,0.86386961972808241
2564,22.25079337724204,-0.33456064780365757,0,0,0,0,0,0.86390765605918163
2565,22.259471533785426,-0.33453163633432104,0,0,0,0,0,0.86394566647571913
2566,22.268149690328812,-0.33450265493413689,0,0,0,0,0,0.86398365105091468
2567,22.276827846872198,-0.33447370350504479,0,0,0,0,0,0.8640216098585578
2568,22.285506003415584,-0.33444478194845662,0,0,0,0,0,0.86405954297300258
2569,22.29418415995897,-0.33441589016526141,0,0,0,0,0,0.8640974504691632
2570,22.302862316502356,-0.3343870280558332,0,0,0,0,0,0.86413533242250806
2571,22.311540473045742,-0.33435819552003676,0,0,0,0,0,0.8641731889090557
2572,22.320218629589128,-0.33432939245723448,0,0,0,0,0,0.86421102000536854
2573,22.328896786132514,-0.33430061876629347,0,0,0,0,0,0.864248825788549
2574,22.3375749426759,-0.33427187434559025,0,0,0,0,0,0.86428660633623411
2575,22.346253099219286,-0.33424315909301849,0,0,0,0,0,0.86432436172659011
2576,22.354931255762672,-0.33421447290599615,0,0,0,0,0,0.86436209203830772
2577,22.363609412306058,-0.33418581568146921,0,0,0,0,0,0.86439979735059758
2578,22.372287568849444,-0.3341571873159207,0,0,0,0,0,0.86443747774318458
2579,22.38096572539283,-0.33412858770537512,0,0,0,0,0,0.86447513329630343
2580,22.389643881936216,-0.33410001674540557,0,0,0,0,0,0.86451276409069355
2581,22.398322038479602,-0.33407147433113971,0,0,0,0,0,0.86455037020759407
2582,22.407000195022988,-0.33404296035726599,0,0,0,0,0,0.86458795172873848
2583,22.415678351566374,-0.33401447471803969,0,0,0,0,0,0.86462550873635102
2584,22.42435650810976,-0.33398601730728883,0,0,0,0,0,0.86466304131314065
2585,22.433034664653146,-0.33395758801842101,0,0,0,0,0,0.86470054954229625
2586,22.441712821196532,-0.33392918674442795,0,0,0,0,0,0.86473803350748224
2587,22.450390977739922,-0.33390081337789346,0,0,0,0,0,0.86477549329283332
2588,22.459069134283308,-0.33387246781099755,0,0,0,0,0,0.86481292898295004
2589,22.467747290826694,-0.33384414993552336,0,0,0,0,0,0.86485034066289357
2590,22.47642544737008,-0.33381585964286287,0,0,0,0,0,0.86488772841818118
2591,22.485103603913466,-0.33378759682402248,0,0,0,0,0,0.8649250923347811
2592,22.493781760456852,-0.33375936136962936,0,0,0,0,0,0.86496243249910831
2593,22.502459917000238,-0.33373115316993662,0,0,0,0,0,0.86499974899801924
2594,22.511138073543624,-0.33370297211482924,0,0,0,0,0,0.86503704191880737
2595,22.51981623008701,-0.33367481809383004,0,0,0,0,0,0.8650743113491981
2596,22.528494386630395,-0.33364669099610511,0,0,0,0,0,0.86511155737734458
2597,22.537172543173781,-0.33361859071046929,0,0,0,0,0,0.86514878009182261
2598,22.545850699717167,-0.33359051712539223,0,0,0,0,0,0.86518597958162613
2599,22.554528856260553,-0.33356247012900309,0,0,0,0,0,0.86522315593616239
2600,22.563207012803939,-0.33353444960909751,0,0,0,0,0,0.86526030924524777
2601,22.571885169347325,-0.33350645545314139,0,0,0,0,0,0.86529743959910221
2602,22.580563325890711,-0.33347848754827758,0,0,0,0,0,0.86533454708834545
2603,22.589241482434097,-0.33345054578133093,0,0,0,0,0,0.86537163180399257
2604,22.597919638977483,-0.33342263003881312,0,0,0,0,0,0.86540869383744823
2605,22.606597795520869,-0.33339474020692883,0,0,0,0,0,0.86544573328050367
2606,22.615275952064255,-0.33336687617158067,0,0,0,0,0,0.86548275022533039
2607,22.623954108607641,-0.33333903781837448,0,0,0,0,0,0.86551974476447768
2608,22.632632265151027,-0.33331122503262445,0,0,0,0,0,0.86555671699086623
2609,22.641310421694413,-0.3332834376993582,0,0,0,0,0,0.86559366699778462
2610,22.649988578237799,-0.33325567570332248,0,0,0,0,0,0.86563059487888483
2611,22.658666734781185,-0.33322793892898761,0,0,0,0,0,0.86566750072817722
2612,22.667344891324571,-0.33320022726055354,0,0,0,0,0,0.86570438464002675
2613,22.676023047867961,-0.33317254058195334,0,0,0,0,0,0.86574124670914832
2614,22.684701204411347,-0.33314487877685961,0,0,0,0,0,0.86577808703060199
2615,22.693379360954733,-0.33311724172868906,0,0,0,0,0,0.86581490569978903
2616,22.702057517498119,-0.33308962932060704,0,0,0,0,0,0.86585170281244728
2617,22.710735674041505,-0.33306204143553297,0,0,0,0,0,0.86588847846464734
2618,22.719413830584891,-0.33303447795614494,0,0,0,0,0,0.86592523275278743
2619,22.728091987128277,-0.3330069387648843,0,0,0,0,0,0.86596196577358953
2620,22.736770143671663,-0.33297942374396128,0,0,0,0,0,0.8659986776240951
2621,22.745448300215049,-0.33295193277535873,0,0,0,0,0,0.86603536840166062
2622,22.754126456758435,-0.33292446574083767,0,0,0,0,0,0.86607203820395362
2623,22.762804613301821,-0.33289702252194109,0,0,0,0,0,0.86610868712894806
2624,22.771482769845207,-0.3328696029999999,0,0,0,0,0,0.86614531527492011
2625,22.780160926388593,-0.33284220705613632,0,0,0,0,0,0.86618192274044437
2626,22.788839082931979,-0.33281483457126892,0,0,0,0,0,0.86621850962438929
2627,22.797517239475365,-0.33278748542611747,0,0,0,0,0,0.86625507602591323
2628,22.806195396018751,-0.33276015950120663,0,0,0,0,0,0.86629162204446009
2629,22.814873552562137,-0.33273285667687147,0,0,0,0,0,0.86632814777975531
2630,22.823551709105523,-0.33270557683326141,0,0,0,0,0,0.86636465333180168
2631,22.832229865648909,-0.33267831985034413,0,0,0,0,0,0.86640113880087555
2632,22.840908022192295,-0.33265108560791079,0,0,0,0,0,0.86643760428752192
2633,22.849586178735681,-0.33262387398558024,0,0,0,0,0,0.86647404989255161
2634,22.858264335279067,-0.33259668486280269,0,0,0,0,0,0.86651047571703599
2635,22.866942491822453,-0.3325695181188647,0,0,0,0,0,0.86654688186230389
2636,22.875620648365839,-0.33254237363289274,0,0,0,0,0,0.86658326842993705
2637,22.884298804909225,-0.33251525128385784,0,0,0,0,0,0.86661963552176657
2638,22.892976961452611,-0.33248815095058049,0,0,0,0,0,0.86665598323986826
2639,22.901655117996,-0.33246107251173262,0,0,0,0,0,0.86669231168655925
2640,22.910333274539386,-0.33243401584584442,0,0,0,0,0,0.86672862096439407
2641,22.919011431082772,-0.33240698083130615,0,0,0,0,0,0.86676491117616061
2642,22.927689587626158,-0.33237996734637354,0,0,0,0,0,0.8668011824248758
2643,22.936367744169544,-0.33235297526917129,0,0,0,0,0,0.8668374348137825
2644,22.94504590071293,-0.33232600447769689,0,0,0,0,0,0.86687366844634517
2645,22.953724057256316,-0.33229905484982503,0,0,0,0,0,0.86690988342624609
2646,22.962402213799702,-0.33227212626331115,0,0,0,0,0,0.86694607985738148
2647,22.971080370343088,-0.3322452185957957,0,0,0,0,0,0.86698225784385796
2648,22.979758526886474,-0.3322183317248073,0,0,0,0,0,0.86701841748998865
2649,22.98843668342986,-0.33219146552776735,0,0,0,0,0,0.86705455890028915
2650,22.997114839973246,-0.33216461988199331,0,0,0,0,0,0.86709068217947372
2651,23.005792996516632,-0.33213779466470272,0,0,0,0,0,0.86712678743245264
2652,23.014471153060018,-0.33211098975301667,0,0,0,0,0,0.86716287476432685
2653,23.023149309603404,-0.33208420502396363,0,0,0,0,0,0.86719894428038535
2654,23.03182746614679,-0.33205744035448326,0,0,0,0,0,0.86723499608610144
2655,23.040505622690176,-0.33203069562142984,0,0,0,0,0,0.86727103028712849
2656,23.049183779233562,-0.33200397070157595,0,0,0,0,0,0.86730704698929695
2657,23.057861935776948,-0.3319772654716161,0,0,0,0,0,0.86734304629861025
2658,23.066540092320334,-0.33195057980817011,0,0,0,0,0,0.86737902832124147
2659,23.07521824886372,-0.33192391358778672,0,0,0,0,0,0.86741499316352932
2660,23.083896405407106,-0.33189726668694752,0,0,0,0,0,0.86745094093197583
2661,23.092574561950492,-0.33187063898206925,0,0,0,0,0,0.86748687173324068
2662,23.101252718493878,-0.33184403034950849,0,0,0,0,0,0.86752278567413965
2663,23.109930875037264,-0.33181744066556451,0,0,0,0,0,0.86755868286163995
2664,23.11860903158065,-0.33179086980648265,0,0,0,0,0,0.86759456340285712
2665,23.127287188124036,-0.33176431764845715,0,0,0,0,0,0.86763042740505136
2666,23.135965344667426,-0.33173778406763632,0,0,0,0,0,0.86766627497562454
2667,23.144643501210812,-0.33171126894012304,0,0,0,0,0,0.86770210622211597
2668,23.153321657754198,-0.33168477214198044,0,0,0,0,0,0.86773792125219951
2669,23.161999814297584,-0.33165829354923415,0,0,0,0,0,0.86777372017368004
2670,23.17067797084097,-0.33163183303787525,0,0,0,0,0,0.8678095030944899
2671,23.179356127384356,-0.33160539048386395,0,0,0,0,0,0.86784527012268553
2672,23.188034283927742,-0.3315789657631325,0,0,0,0,0,0.86788102136644463
2673,23.196712440471128,-0.33155255875158895,0,0,0,0,0,0.86791675693406201
2674,23.205390597014514,-0.33152616932511891,0,0,0,0,0,0.8679524769339465
2675,23.2140687535579,-0.33149979735958979,0,0,0,0,0,0.86798818147461787
2676,23.222746910101286,-0.33147344273085388,0,0,0,0,0,0.86802387066470343
2677,23.231425066644672,-0.33144710531475041,0,0,0,0,0,0.86805954461293466
2678,23.240103223188058,-0.3314207849871097,0,0,0,0,0,0.86809520342814361
2679,23.248781379731444,-0.33139448162375551,0,0,0,0,0,0.86813084721926037
2680,23.25745953627483,-0.33136819510050797,0,0,0,0,0,0.86816647609530928
2681,23.266137692818216,-0.33134192529318651,0,0,0,0,0,0.86820209016540573
2682,23.274815849361602,-0.33131567207761359,0,0,0,0,0,0.86823768953875313
2683,23.283494005904988,-0.33128943532961597,0,0,0,0,0,0.86827327432463974
2684,23.292172162448374,-0.33126321492502964,0,0,0,0,0,0.86830884463243529
2685,23.30085031899176,-0.33123701073970047,0,0,0,0,0,0.86834440057158768
2686,23.309528475535146,-0.33121082264948931,0,0,0,0,0,0.86837994225162041
2687,23.318206632078532,-0.33118465053027246,0,0,0,0,0,0.8684154697821288
2688,23.326884788621918,-0.33115849425794608,0,0,0,0,0,0.86845098327277714
2689,23.335562945165304,-0.33113235370842886,0,0,0,0,0,0.86848648283329566
2690,23.34424110170869,-0.33110622875766393,0,0,0,0,0,0.86852196857347697
2691,23.352919258252076,-0.33108011928162207,0,0,0,0,0,0.86855744060317386
2692,23.361597414795465,-0.33105402515630467,0,0,0,0,0,0.86859289903229531
2693,23.370275571338851,-0.33102794625774545,0,0,0,0,0,0.86862834397080391
2694,23.378953727882237,-0.33100188246201456,0,0,0,0,0,0.86866377552871255
2695,23.387631884425623,-0.33097583364521954,0,0,0,0,0,0.86869919381608185
2696,23.396310040969009,-0.33094979968350979,0,0,0,0,0,0.86873459894301663
2697,23.404988197512395,-0.33092378045307713,0,0,0,0,0,0.86876999101966335
2698,23.413666354055781,-0.33089777583016033,0,0,0,0,0,0.86880537015620651
2699,23.422344510599167,-0.33087178569104647,0,0,0,0,0,0.86884073646286608
2700,23.431022667142553,-0.33084580991207324,0,0,0,0,0,0.86887609004989486
2701,23.439700823685939,-0.33081984836963274,0,0,0,0,0,0.86891143102757495
2702,23.448378980229325,-0.33079390094017314,0,0,0,0,0,0.86894675950621503
2703,23.457057136772711,-0.33076796750020065,0,0,0,0,0,0.86898207559614715
2704,23.465735293316097,-0.33074204792628314,0,0,0,0,0,0.86901737940772439
2705,23.474413449859483,-0.33071614209505207,0,0,0,0,0,0.86905267105131756
2706,23.483091606402869,-0.33069024988320461,0,0,0,0,0,0.86908795063731259
2707,23.491769762946255,-0.33066437116750635,0,0,0,0,0,0.86912321827610706
2708,23.500447919489641,-0.33063850582479415,0,0,0,0,0,0.86915847407810787
2709,23.509126076033027,-0.33061265373197735,0,0,0,0,0,0.86919371815372848
2710,23.517804232576413,-0.33058681476604157,0,0,0,0,0,0.86922895061338534
2711,23.526482389119799,-0.3305609888040496,0,0,0,0,0,0.86926417156749591
2712,23.535160545663185,-0.33053517572314517,0,0,0,0,0,0.86929938112647553
2713,23.543838702206571,-0.33050937540055414,0,0,0,0,0,0.86933457940073389
2714,23.552516858749957,-0.33048358771358743,0,0,0,0,0,0.86936976650067366
2715,23.561195015293343,-0.33045781253964301,0,0,0,0,0,0.86940494253668643
2716,23.569873171836729,-0.3304320497562081,0,0,0,0,0,0.86944010761915069
2717,23.578551328380115,-0.33040629924086229,0,0,0,0,0,0.86947526185842827
2718,23.587229484923505,-0.33038056087127832,0,0,0,0,0,0.86951040536486268
2719,23.595907641466891,-0.33035483452522574,0,0,0,0,0,0.86954553824877545
2720,23.604585798010277,-0.33032912008057191,0,0,0,0,0,0.8695806606204638
2721,23.613263954553663,-0.33030341741528513,0,0,0,0,0,0.86961577259019762
2722,23.621942111097049,-0.33027772640743702,0,0,0,0,0,0.86965087426821708
2723,23.630620267640435,-0.33025204693520283,0,0,0,0,0,0.86968596576473001
2724,23.639298424183821,-0.33022637887686646,0,0,0,0,0,0.86972104718990861
2725,23.647976580727207,-0.33020072211081997,0,0,0,0,0,0.86975611865388702
2726,23.656654737270593,-0.33017507651556754,0,0,0,0,0,0.86979118026675906
2727,23.665332893813979,-0.33014944196972684,0,0,0,0,0,0.86982623213857524
2728,23.674011050357365,-0.33012381835203097,0,0,0,0,0,0.8698612743793398
2729,23.682689206900751,-0.33009820554133129,0,0,0,0,0,0.86989630709900834
2730,23.691367363444137,-0.33007260341659839,0,0,0,0,0,0.8699313304074856
2731,23.700045519987523,-0.33004701185692586,0,0,0,0,0,0.86996634441462173
2732,23.708723676530909,-0.33002143074153067,0,0,0,0,0,0.87000134923021066
2733,23.717401833074295,-0.329995859949756,0,0,0,0,0,0.87003634496398718
2734,23.726079989617681,-0.32997029936107358,0,0,0,0,0,0.87007133172562423
2735,23.734758146161067,-0.32994474885508529,0,0,0,0,0,0.87010630962473012
2736,23.743436302704453,-0.32991920831152521,0,0,0,0,0,0.87014127877084646
2737,23.752114459247839,-0.329893677610262,0,0,0,0,0,0.87017623927344478
2738,23.760792615791225,-0.32986815663130054,0,0,0,0,0,0.87021119124192481
2739,23.769470772334611,-0.32984264525478424,0,0,0,0,0,0.8702461347856113
2740,23.778148928877997,-0.32981714336099643,0,0,0,0,0,0.87028107001375199
2741,23.786827085421383,-0.32979165083036366,0,0,0,0,0,0.87031599703551399
2742,23.795505241964769,-0.32976616754345656,0,0,0,0,0,0.87035091595998237
2743,23.804183398508155,-0.32974069338099155,0,0,0,0,0,0.87038582689615751
2744,23.812861555051544,-0.32971522822383448,0,0,0,0,0,0.87042072995295128
2745,23.82153971159493,-0.32968977195300075,0,0,0,0,0,0.8704556252391864
2746,23.830217868138316,-0.32966432444965788,0,0,0,0,0,0.87049051286359247
2747,23.838896024681702,-0.32963888559512855,0,0,0,0,0,0.87052539293480369
2748,23.847574181225088,-0.32961345527089081,0,0,0,0,0,0.87056026556135713
2749,23.856252337768474,-0.32958803335858156,0,0,0,0,0,0.87059513085168916
2750,23.86493049431186,-0.32956261973999734,0,0,0,0,0,0.87062998891413323
2751,23.873608650855246,-0.32953721429709637,0,0,0,0,0,0.87066483985691856
2752,23.882286807398632,-0.32951181691200149,0,0,0,0,0,0.87069968378816553
2753,23.890964963942018,-0.32948642746700119,0,0,0,0,0,0.87073452081588487
2754,23.899643120485404,-0.32946104584455183,0,0,0,0,0,0.87076935104797437
2755,23.90832127702879,-0.32943567192727918,0,0,0,0,0,0.87080417459221693
2756,23.916999433572176,-0.32941030559798068,0,0,0,0,0,0.87083899155627742
2757,23.925677590115562,-0.3293849467396277,0,0,0,0,0,0.87087380204770071
2758,23.934355746658948,-0.32935959523536673,0,0,0,0,0,0.87090860617390886
2759,23.943033903202334,-0.32933425096852142,0,0,0,0,0,0.87094340404219928
2760,23.95171205974572,-0.32930891382259486,0,0,0,0,0,0.87097819575974145
2761,23.960390216289106,-0.32928358368127142,0,0,0,0,0,0.87101298143357486
2762,23.969068372832492,-0.32925826042841777,0,0,0,0,0,0.87104776117060656
2763,23.977746529375878,-0.32923294394808666,0,0,0,0,0,0.87108253507760891
2764,23.986424685919264,-0.32920763412451604,0,0,0,0,0,0.87111730326121672
2765,23.99510284246265,-0.32918233084213366,0,0,0,0,0,0.87115206582792482
2766,24.003780999006036,-0.32915703398555762,0,0,0,0,0,0.87118682288408633
2767,24.012459155549422,-0.32913174343959817,0,0,0,0,0,0.87122157453590898
2768,24.021137312092808,-0.32910645908925984,0,0,0,0,0,0.87125632088945382
2769,24.029815468636194,-0.32908118081974358,0,0,0,0,0,0.87129106205063245
2770,24.03849362517958,-0.32905590851644806,0,0,0,0,0,0.87132579812520428
2771,24.04717178172297,-0.3290306420649719,0,0,0,0,0,0.87136052921877405
2772,24.055849938266356,-0.32900538135111557,0,0,0,0,0,0.87139525543679042
2773,24.064528094809742,-0.32898012626088302,0,0,0,0,0,0.87142997688454238
2774,24.073206251353128,-0.32895487668048395,0,0,0,0,0,0.87146469366715718
2775,24.081884407896514,-0.32892963249633533,0,0,0,0,0,0.87149940588959818
2776,24.0905625644399,-0.32890439359506307,0,0,0,0,0,0.87153411365666189
2777,24.099240720983286,-0.32887915986350469,0,0,0,0,0,0.87156881707297651
2778,24.107918877526672,-0.32885393118871031,0,0,0,0,0,0.87160351624299881
2779,24.116597034070058,-0.32882870745794512,0,0,0,0,0,0.87163821127101127
2780,24.125275190613443,-0.32880348855869079,0,0,0,0,0,0.87167290226112126
2781,24.133953347156829,-0.32877827437864759,0,0,0,0,0,0.87170758931725645
2782,24.142631503700215,-0.32875306480573674,0,0,0,0,0,0.87174227254316494
2783,24.151309660243601,-0.32872785972810126,0,0,0,0,0,0.87177695204241012
2784,24.159987816786987,-0.32870265903410856,0,0,0,0,0,0.87181162791837064
2785,24.168665973330373,-0.32867746261235242,0,0,0,0,0,0.87184630027423649
2786,24.177344129873759,-0.3286522703516539,0,0,0,0,0,0.87188096921300773
2787,24.186022286417145,-0.32862708214106484,0,0,0,0,0,0.87191563483749102
2788,24.194700442960531,-0.32860189786986804,0,0,0,0,0,0.87195029725029782
2789,24.203378599503917,-0.32857671742758032,0,0,0,0,0,0.87198495655384156
2790,24.212056756047303,-0.32855154070395409,0,0,0,0,0,0.87201961285033647
2791,24.220734912590689,-0.32852636758897891,0,0,0,0,0,0.87205426624179339
2792,24.229413069134075,-0.3285011979728838,0,0,0,0,0,0.87208891683001877
2793,24.238091225677461,-0.32847603174613915,0,0,0,0,0,0.87212356471661168
2794,24.246769382220847,-0.32845086879945806,0,0,0,0,0,0.87215821000296123
2795,24.255447538764233,-0.32842570902379919,0,0,0,0,0,0.87219285279024494
2796,24.264125695307619,-0.3284005523103678,0,0,0,0,0,0.87222749317942538
2797,24.272803851851009,-0.32837539855061804,0,0,0,0,0,0.87226213127124852
2798,24.281482008394395,-0.32835024763625487,0,0,0,0,0,0.87229676716624105
2799,24.290160164937781,-0.32832509945923594,0,0,0,0,0,0.8723314009647084
2800,24.298838321481167,-0.32829995391177358,0,0,0,0,0,0.87236603276673108
2801,24.307516478024553,-0.32827481088633637,0,0,0,0,0,0.87240066267216398
2802,24.316194634567939,-0.32824967027565211,0,0,0,0,0,0.87243529078063253
2803,24.324872791111325,-0.32822453197270829,0,0,0,0,0,0.87246991719153166
2804,24.333550947654711,-0.32819939587075531,0,0,0,0,0,0.87250454200402161
2805,24.342229104198097,-0.32817426186330756,0,0,0,0,0,0.87253916531702758
2806,24.350907260741483,-0.32814912984414568,0,0,0,0,0,0.87257378722923606
2807,24.359585417284869,-0.3281239997073192,0,0,0,0,0,0.87260840783909221
2808,24.368263573828255,-0.32809887134714733,0,0,0,0,0,0.8726430272447987
2809,24.376941730371641,-0.32807374465822103,0,0,0,0,0,0.87267764554431226
2810,24.385619886915027,-0.32804861953540687,0,0,0,0,0,0.8727122628353412
2811,24.394298043458413,-0.3280234958738466,0,0,0,0,0,0.87274687921534377
2812,24.402976200001799,-0.32799837356896022,0,0,0,0,0,0.87278149478152534
2813,24.411654356545185,-0.32797325251644804,0,0,0,0,0,0.87281610963083589
2814,24.420332513088571,-0.3279481326122925,0,0,0,0,0,0.87285072385996787
2815,24.429010669631957,-0.32792301375276034,0,0,0,0,0,0.87288533756535369
2816,24.437688826175343,-0.32789789583440487,0,0,0,0,0,0.87291995084316265
2817,24.446366982718729,-0.32787277875406651,0,0,0,0,0,0.87295456378929992
2818,24.455045139262115,-0.32784766240887753,0,0,0,0,0,0.87298917649940277
2819,24.463723295805501,-0.32782254669626132,0,0,0,0,0,0.87302378906883915
2820,24.472401452348887,-0.32779743151393614,0,0,0,0,0,0.8730584015927042
2821,24.481079608892273,-0.3277723167599168,0,0,0,0,0,0.87309301416581919
2822,24.489757765435659,-0.32774720233251653,0,0,0,0,0,0.8731276268827276
2823,24.498435921979048,-0.32772208813034887,0,0,0,0,0,0.87316223983769403
2824,24.507114078522434,-0.32769697405233067,0,0,0,0,0,0.87319685312470074
2825,24.51579223506582,-0.32767185999768267,0,0,0,0,0,0.87323146683744612
2826,24.524470391609206,-0.32764674586593334,0,0,0,0,0,0.87326608106934123
2827,24.533148548152592,-0.32762163155691959,0,0,0,0,0,0.87330069591350834
2828,24.541826704695978,-0.32759651697078951,0,0,0,0,0,0.87333531146277765
2829,24.550504861239364,-0.32757140200800439,0,0,0,0,0,0.87336992780968592
2830,24.55918301778275,-0.32754628656934126,0,0,0,0,0,0.87340454504647258
2831,24.567861174326136,-0.3275211705558938,0,0,0,0,0,0.87343916326507864
2832,24.576539330869522,-0.3274960538690761,0,0,0,0,0,0.87347378255714347
2833,24.585217487412908,-0.32747093641062364,0,0,0,0,0,0.87350840301400234
2834,24.593895643956294,-0.3274458180825961,0,0,0,0,0,0.87354302472668433
2835,24.60257380049968,-0.32742069878737889,0,0,0,0,0,0.87357764778590974
2836,24.611251957043066,-0.32739557842768618,0,0,0,0,0,0.8736122722820876
2837,24.619930113586452,-0.32737045690656252,0,0,0,0,0,0.87364689830531284
2838,24.628608270129838,-0.32734533412738487,0,0,0,0,0,0.87368152594536475
2839,24.637286426673224,-0.32732020999386557,0,0,0,0,0,0.87371615529170343
2840,24.64596458321661,-0.32729508441005395,0,0,0,0,0,0.87375078643346793
2841,24.654642739759996,-0.32726995728033847,0,0,0,0,0,0.87378541945947386
2842,24.663320896303382,-0.32724482850944969,0,0,0,0,0,0.87382005445821043
2843,24.671999052846768,-0.32721969800246198,0,0,0,0,0,0.87385469151783801
2844,24.680677209390154,-0.32719456566479521,0,0,0,0,0,0.8738893307261868
2845,24.68935536593354,-0.32716943140221844,0,0,0,0,0,0.87392397217075235
2846,24.698033522476926,-0.32714429512085119,0,0,0,0,0,0.87395861593869462
2847,24.706711679020312,-0.32711915672716563,0,0,0,0,0,0.87399326211683492
2848,24.715389835563698,-0.32709401612798972,0,0,0,0,0,0.87402791079165354
2849,24.724067992107088,-0.32706887323050882,0,0,0,0,0,0.87406256204928712
2850,24.732746148650474,-0.32704372794226799,0,0,0,0,0,0.87409721597552603
2851,24.74142430519386,-0.32701858017117491,0,0,0,0,0,0.87413187265581227
2852,24.750102461737246,-0.32699342982550184,0,0,0,0,0,0.87416653217523677
2853,24.758780618280632,-0.3269682768138874,0,0,0,0,0,0.87420119461853663
2854,24.767458774824018,-0.3269431210453404,0,0,0,0,0,0.87423586007009302
2855,24.776136931367404,-0.32691796242924054,0,0,0,0,0,0.87427052861392796
2856,24.78481508791079,-0.32689280087534223,0,0,0,0,0,0.87430520033370296
2857,24.793493244454176,-0.32686763629377591,0,0,0,0,0,0.87433987531271529
2858,24.802171400997562,-0.32684246859505106,0,0,0,0,0,0.87437455363389627
2859,24.810849557540948,-0.32681729769005852,0,0,0,0,0,0.87440923537980797
2860,24.819527714084334,-0.32679212349007258,0,0,0,0,0,0.87444392063264176
2861,24.82820587062772,-0.3267669459067537,0,0,0,0,0,0.87447860947421474
2862,24.836884027171106,-0.32674176485215134,0,0,0,0,0,0.87451330198596755
2863,24.845562183714492,-0.32671658023870542,0,0,0,0,0,0.87454799824896234
2864,24.854240340257878,-0.32669139197924979,0,0,0,0,0,0.87458269834387936
2865,24.862918496801264,-0.32666619998701418,0,0,0,0,0,0.87461740235101471
2866,24.87159665334465,-0.32664100417562647,0,0,0,0,0,0.87465211035027846
2867,24.880274809888036,-0.32661580445911598,0,0,0,0,0,0.87468682242119056
2868,24.888952966431422,-0.32659060075191526,0,0,0,0,0,0.87472153864288016
2869,24.897631122974808,-0.32656539296886289,0,0,0,0,0,0.87475625909408172
2870,24.906309279518194,-0.32654018102520599,0,0,0,0,0,0.87479098385313281
2871,24.91498743606158,-0.32651496483660281,0,0,0,0,0,0.87482571299797174
2872,24.923665592604966,-0.32648974431912503,0,0,0,0,0,0.87486044660613449
2873,24.932343749148352,-0.32646451938926047,0,0,0,0,0,0.87489518475475303
2874,24.941021905691738,-0.32643928996391625,0,0,0,0,0,0.87492992752055143
2875,24.949700062235124,-0.32641405596042006,0,0,0,0,0,0.87496467497984498
2876,24.958378218778513,-0.32638881729652391,0,0,0,0,0,0.87499942720853574
2877,24.967056375321899,-0.32636357389040638,0,0,0,0,0,0.87503418428211144
2878,24.975734531865285,-0.32633832566067511,0,0,0,0,0,0.87506894627564236
2879,24.984412688408671,-0.32631307252636932,0,0,0,0,0,0.87510371326377834
2880,24.993090844952057,-0.32628781440696253,0,0,0,0,0,0.8751384853207469
2881,25.001769001495443,-0.32626255122236614,0,0,0,0,0,0.8751732625203501
2882,25.010447158038829,-0.32623728289292986,0,0,0,0,0,0.87520804493596227
2883,25.019125314582215,-0.32621200933944716,0,0,0,0,0,0.87524283264052738
2884,25.027803471125601,-0.32618673048315538,0,0,0,0,0,0.87527762570655621
2885,25.036481627668987,-0.32616144624574028,0,0,0,0,0,0.87531242420612398
2886,25.045159784212373,-0.32613615654933747,0,0,0,0,0,0.87534722821086763
2887,25.053837940755759,-0.3261108613165361,0,0,0,0,0,0.87538203779198343
2888,25.062516097299145,-0.32608556047038106,0,0,0,0,0,0.87541685302022421
2889,25.071194253842531,-0.32606025393437532,0,0,0,0,0,0.8754516739658964
2890,25.079872410385917,-0.32603494163248359,0,0,0,0,0,0.87548650069885814
2891,25.088550566929303,-0.32600962348913465,0,0,0,0,0,0.87552133328851589
2892,25.097228723472689,-0.32598429942922336,0,0,0,0,0,0.87555617180382306
2893,25.105906880016075,-0.32595896937811475,0,0,0,0,0,0.87559101631327574
2894,25.114585036559461,-0.32593363326164537,0,0,0,0,0,0.87562586688491129
2895,25.123263193102847,-0.32590829100612795,0,0,0,0,0,0.87566072358630531
2896,25.131941349646233,-0.32588294253835226,0,0,0,0,0,0.8756955864845688
2897,25.140619506189619,-0.32585758778558827,0,0,0,0,0,0.87573045564634677
2898,25.149297662733005,-0.3258322266755902,0,0,0,0,0,0.87576533113781352
2899,25.157975819276391,-0.32580685913659846,0,0,0,0,0,0.87580021302467159
2900,25.166653975819777,-0.32578148509734162,0,0,0,0,0,0.87583510137214937
2901,25.175332132363163,-0.3257561044870414,0,0,0,0,0,0.87586999624499684
2902,25.184010288906553,-0.32573071723541303,0,0,0,0,0,0.8759048977074847
2903,25.192688445449939,-0.32570532327266988,0,0,0,0,0,0.87593980582340092
2904,25.201366601993325,-0.32567992252952604,0,0,0,0,0,0.87597472065604787
2905,25.210044758536711,-0.32565451493719799,0,0,0,0,0,0.87600964226824041
2906,25.218722915080097,-0.32562910042740911,0,0,0,0,0,0.87604457072230302
2907,25.227401071623483,-0.32560367893239139,0,0,0,0,0,0.87607950608006657
2908,25.236079228166869,-0.32557825038488886,0,0,0,0,0,0.8761144484028669
2909,25.244757384710255,-0.32555281471815989,0,0,0,0,0,0.87614939775154133
2910,25.253435541253641,-0.32552737186598135,0,0,0,0,0,0.87618435418642604
2911,25.262113697797027,-0.32550192176264969,0,0,0,0,0,0.87621931776735407
2912,25.270791854340413,-0.32547646434298583,0,0,0,0,0,0.87625428855365173
2913,25.279470010883799,-0.32545099954233603,0,0,0,0,0,0.87628926660413731
2914,25.288148167427185,-0.32542552729657681,0,0,0,0,0,0.8763242519771175
2915,25.296826323970571,-0.32540004754211616,0,0,0,0,0,0.87635924473038496
2916,25.305504480513957,-0.32537456021589772,0,0,0,0,0,0.87639424492121587
2917,25.314182637057343,-0.32534906525540297,0,0,0,0,0,0.87642925260636728
2918,25.322860793600729,-0.32532356259865458,0,0,0,0,0,0.87646426784207487
2919,25.331538950144115,-0.32529805218421892,0,0,0,0,0,0.87649929068404919
2920,25.340217106687501,-0.32527253395120992,0,0,0,0,0,0.87653432118747476
2921,25.348895263230887,-0.3252470078392905,0,0,0,0,0,0.87656935940700609
2922,25.357573419774273,-0.32522147378867716,0,0,0,0,0,0.87660440539676598
2923,25.366251576317659,-0.32519593174014194,0,0,0,0,0,0.87663945921034214
2924,25.374929732861045,-0.3251703816350161,0,0,0,0,0,0.87667452090078535
2925,25.383607889404431,-0.32514482341519169,0,0,0,0,0,0.87670959052060671
2926,25.392286045947817,-0.32511925702312661,0,0,0,0,0,0.87674466812177443
2927,25.400964202491203,-0.32509368240184588,0,0,0,0,0,0.87677975375571238
2928,25.409642359034592,-0.3250680994949452,0,0,0,0,0,0.87681484747329674
2929,25.418320515577978,-0.32504250824659409,0,0,0,0,0,0.87684994932485361
2930,25.426998672121364,-0.32501690860153909,0,0,0,0,0,0.87688505936015659
2931,25.43567682866475,-0.32499130050510561,0,0,0,0,0,0.87692017762842389
2932,25.444354985208136,-0.32496568390320291,0,0,0,0,0,0.87695530417831602
2933,25.453033141751522,-0.3249400587423249,0,0,0,0,0,0.87699043905793383
2934,25.461711298294908,-0.32491442496955458,0,0,0,0,0,0.87702558231481498
2935,25.470389454838294,-0.32488878253256648,0,0,0,0,0,0.87706073399593198
2936,25.47906761138168,-0.32486313137963008,0,0,0,0,0,0.87709589414768963
2937,25.487745767925066,-0.32483747145961206,0,0,0,0,0,0.87713106281592224
2938,25.496423924468452,-0.32481180272198029,0,0,0,0,0,0.8771662400458915
2939,25.505102081011838,-0.32478612511680605,0,0,0,0,0,0.87720142588228356
2940,25.513780237555224,-0.32476043859476722,0,0,0,0,0,0.87723662036920735
2941,25.52245839409861,-0.32473474310715156,0,0,0,0,0,0.87727182355019084
2942,25.531136550641996,-0.3247090386058592,0,0,0,0,0,0.8773070354681799
2943,25.539814707185382,-0.32468332504340625,0,0,0,0,0,0.87734225616553496
2944,25.548492863728768,-0.32465760237292751,0,0,0,0,0,0.8773774856840284
2945,25.557171020272154,-0.32463187054817944,0,0,0,0,0,0.87741272406484294
2946,25.56584917681554,-0.32460612952354251,0,0,0,0,0,0.87744797134856856
2947,25.574527333358926,-0.32458037925402594,0,0,0,0,0,0.87748322757520059
2948,25.583205489902312,-0.32455461969526866,0,0,0,0,0,0.87751849278413641
2949,25.591883646445698,-0.32452885080354399,0,0,0,0,0,0.87755376701417387
2950,25.600561802989084,-0.32450307253576094,0,0,0,0,0,0.87758905030350876
2951,25.60923995953247,-0.32447728484946903,0,0,0,0,0,0.87762434268973155
2952,25.617918116075856,-0.32445148770286003,0,0,0,0,0,0.87765964420982656
2953,25.626596272619242,-0.32442568105477076,0,0,0,0,0,0.87769495490016824
2954,25.635274429162632,-0.32439986486468719,0,0,0,0,0,0.87773027479651933
2955,25.643952585706018,-0.32437403909274642,0,0,0,0,0,0.87776560393402847
2956,25.652630742249404,-0.32434820369974016,0,0,0,0,0,0.87780094234722805
2957,25.66130889879279,-0.32432235864711711,0,0,0,0,0,0.87783629007003117
2958,25.669987055336176,-0.32429650389698661,0,0,0,0,0,0.8778716471357304
2959,25.678665211879562,-0.32427063941212131,0,0,0,0,0,0.87790701357699452
2960,25.687343368422948,-0.32424476515595957,0,0,0,0,0,0.87794238942586689
2961,25.696021524966334,-0.32421888109260943,0,0,0,0,0,0.87797777471376259
2962,25.70469968150972,-0.3241929871868503,0,0,0,0,0,0.87801316947146646
2963,25.713377838053106,-0.32416708340413702,0,0,0,0,0,0.87804857372913103
2964,25.722055994596492,-0.32414116971060192,0,0,0,0,0,0.87808398751627426
2965,25.730734151139877,-0.32411524607305808,0,0,0,0,0,0.87811941086177636
2966,25.739412307683263,-0.32408931245900208,0,0,0,0,0,0.87815484379387931
2967,25.748090464226649,-0.32406336883661735,0,0,0,0,0,0.8781902863401827
2968,25.756768620770035,-0.32403741517477591,0,0,0,0,0,0.8782257385276433
2969,25.765446777313421,-0.32401145144304289,0,0,0,0,0,0.87826120038257161
2970,25.774124933856807,-0.32398547761167706,0,0,0,0,0,0.87829667193063043
2971,25.782803090400193,-0.32395949365163634,0,0,0,0,0,0.87833215319683278
2972,25.791481246943579,-0.32393349953457817,0,0,0,0,0,0.87836764420553903
2973,25.800159403486965,-0.32390749523286388,0,0,0,0,0,0.87840314498045569
2974,25.808837560030351,-0.32388148071956113,0,0,0,0,0,0.87843865554463263
2975,25.817515716573737,-0.32385545596844645,0,0,0,0,0,0.87847417592046073
2976,25.826193873117123,-0.32382942095400802,0,0,0,0,0,0.87850970612967172
2977,25.834872029660509,-0.32380337565144823,0,0,0,0,0,0.87854524619333341
2978,25.843550186203895,-0.32377732003668702,0,0,0,0,0,0.87858079613185003
2979,25.852228342747281,-0.32375125408636429,0,0,0,0,0,0.87861635596495857
2980,25.860906499290667,-0.32372517777784227,0,0,0,0,0,0.87865192571172801
2981,25.869584655834057,-0.3236990910892088,0,0,0,0,0,0.87868750539055607
2982,25.878262812377443,-0.32367299399927929,0,0,0,0,0,0.87872309501916868
2983,25.886940968920829,-0.32364688648760054,0,0,0,0,0,0.8787586946146172
2984,25.895619125464215,-0.32362076853445121,0,0,0,0,0,0.87879430419327642
2985,25.904297282007601,-0.32359464012084738,0,0,0,0,0,0.87882992377084335
2986,25.912975438550987,-0.3235685012285423,0,0,0,0,0,0.87886555336233463
2987,25.921653595094373,-0.32354235184003133,0,0,0,0,0,0.87890119298208502
2988,25.930331751637759,-0.32351619193855263,0,0,0,0,0,0.87893684264374572
2989,25.939009908181145,-0.32349002150809092,0,0,0,0,0,0.87897250236028224
2990,25.947688064724531,-0.32346384053337918,0,0,0,0,0,0.87900817214397275
2991,25.956366221267917,-0.32343764899990202,0,0,0,0,0,0.87904385200640656
2992,25.965044377811303,-0.32341144689389711,0,0,0,0,0,0.87907954195848192
2993,25.973722534354689,-0.3233852342023591,0,0,0,0,0,0.87911524201040503
2994,25.982400690898075,-0.32335901091303965,0,0,0,0,0,0.87915095217168715
2995,25.991078847441461,-0.32333277701445295,0,0,0,0,0,0.87918667245114412
2996,25.999757003984847,-0.32330653249587538,0,0,0,0,0,0.87922240285689457
2997,26.008435160528233,-0.32328027734734932,0,0,0,0,0,0.87925814339635711
2998,26.017113317071619,-0.32325401155968525,0,0,0,0,0,0.87929389407625025
2999,26.025791473615005,-0.3232277351244639,0,0,0,0,0,0.87932965490259019
3000,26.034469630158391,-0.3232014480340385,0,0,0,0,0,0.87936542588068889
3001,26.043147786701777,-0.3231751502815372,0,0,0,0,0,0.87940120701515345
3002,26.051825943245163,-0.32314884186086512,0,0,0,0,0,0.87943699830988398
3003,26.060504099788549,-0.32312252276670661,0,0,0,0,0,0.87947279976807202
3004,26.069182256331935,-0.32309619299452752,0,0,0,0,0,0.87950861139219982
3005,26.077860412875321,-0.32306985254057763,0,0,0,0,0,0.87954443318403785
3006,26.086538569418707,-0.32304350140189197,0,0,0,0,0,0.87958026514464471
3007,26.095216725962096,-0.32301713957629385,0,0,0,0,0,0.87961610727436446
3008,26.103894882505482,-0.32299076706239571,0,0,0,0,0,0.87965195957282627
3009,26.112573039048868,-0.32296438385960302,0,0,0,0,0,0.8796878220389428
3010,26.121251195592254,-0.32293798996811407,0,0,0,0,0,0.87972369467090916
3011,26.12992935213564,-0.32291158538892373,0,0,0,0,0,0.8797595774662007
3012,26.138607508679026,-0.32288517012382445,0,0,0,0,0,0.87979547042157313
3013,26.147285665222412,-0.32285874417540839,0,0,0,0,0,0.87983137353306073
3014,26.155963821765798,-0.32283230754706926,0,0,0,0,0,0.8798672867959747
3015,26.164641978309184,-0.32280586024300451,0,0,0,0,0,0.87990321020490314
3016,26.17332013485257,-0.32277940226821655,0,0,0,0,0,0.87993914375370896
3017,26.181998291395956,-0.32275293362851465,0,0,0,0,0,0.87997508743552966
3018,26.190676447939342,-0.32272645433051739,0,0,0,0,0,0.88001104124277518
3019,26.199354604482728,-0.32269996438165327,0,0,0,0,0,0.8800470051671283
3020,26.208032761026114,-0.32267346379016293,0,0,0,0,0,0.88008297919954281
3021,26.2167109175695,-0.32264695256510101,0,0,0,0,0,0.88011896333024253
3022,26.225389074112886,-0.32262043071633739,0,0,0,0,0,0.88015495754872064
3023,26.234067230656272,-0.32259389825455886,0,0,0,0,0,0.88019096184373902
3024,26.242745387199658,-0.32256735519127044,0,0,0,0,0,0.88022697620332713
3025,26.251423543743044,-0.32254080153879716,0,0,0,0,0,0.88026300061478135
3026,26.26010170028643,-0.32251423731028539,0,0,0,0,0,0.88029903506466411
3027,26.268779856829816,-0.32248766251970418,0,0,0,0,0,0.88033507953880319
3028,26.277458013373202,-0.32246107718184625,0,0,0,0,0,0.88037113402229128
3029,26.286136169916588,-0.32243448131232999,0,0,0,0,0,0.88040719849948523
3030,26.294814326459974,-0.32240787492760059,0,0,0,0,0,0.88044327295400493
3031,26.30349248300336,-0.32238125804493079,0,0,0,0,0,0.88047935736873317
3032,26.312170639546746,-0.32235463068242287,0,0,0,0,0,0.88051545172581536
3033,26.320848796090136,-0.32232799285900859,0,0,0,0,0,0.88055155600665869
3034,26.329526952633522,-0.32230134459445137,0,0,0,0,0,0.88058767019193129
3035,26.338205109176908,-0.32227468590934727,0,0,0,0,0,0.88062379426156256
3036,26.346883265720294,-0.32224801682512505,0,0,0,0,0,0.88065992819474237
3037,26.35556142226368,-0.32222133736404857,0,0,0,0,0,0.88069607196992061
3038,26.364239578807066,-0.32219464754921601,0,0,0,0,0,0.88073222556480735
3039,26.372917735350452,-0.32216794740456234,0,0,0,0,0,0.88076838895637188
3040,26.381595891893838,-0.32214123695485963,0,0,0,0,0,0.8808045621208429
3041,26.390274048437224,-0.32211451622571685,0,0,0,0,0,0.88084074503370813
3042,26.39895220498061,-0.32208778524358239,0,0,0,0,0,0.88087693766971453
3043,26.407630361523996,-0.32206104403574298,0,0,0,0,0,0.88091314000286758
3044,26.416308518067382,-0.32203429263032557,0,0,0,0,0,0.8809493520064321
3045,26.424986674610768,-0.3220075310562972,0,0,0,0,0,0.88098557365293095
3046,26.433664831154154,-0.32198075934346593,0,0,0,0,0,0.88102180491414606
3047,26.44234298769754,-0.32195397752248123,0,0,0,0,0,0.88105804576111835
3048,26.451021144240926,-0.32192718562483413,0,0,0,0,0,0.88109429616414703
3049,26.459699300784312,-0.32190038368285867,0,0,0,0,0,0.88113055609279067
3050,26.468377457327698,-0.32187357172972986,0,0,0,0,0,0.88116682551586734
3051,26.477055613871084,-0.32184674979946704,0,0,0,0,0,0.881203104401454
3052,26.48573377041447,-0.32181991792693176,0,0,0,0,0,0.88123939271688712
3053,26.494411926957856,-0.32179307614782882,0,0,0,0,0,0.88127569042876364
3054,26.503090083501242,-0.3217662244987064,0,0,0,0,0,0.88131199750294043
3055,26.511768240044628,-0.32173936301695616,0,0,0,0,0,0.88134831390453516
3056,26.520446396588014,-0.32171249174081284,0,0,0,0,0,0.88138463959792634
3057,26.5291245531314,-0.32168561070935497,0,0,0,0,0,0.8814209745467545
3058,26.537802709674786,-0.32165871996250395,0,0,0,0,0,0.88145731871392186
3059,26.546480866218175,-0.32163181954102382,0,0,0,0,0,0.88149367206159346
3060,26.555159022761561,-0.32160490948652254,0,0,0,0,0,0.88153003455119783
3061,26.563837179304947,-0.32157798984144959,0,0,0,0,0,0.88156640614342707
3062,26.572515335848333,-0.32155106064909722,0,0,0,0,0,0.88160278679823822
3063,26.581193492391719,-0.32152412195359947,0,0,0,0,0,0.88163917647485324
3064,26.589871648935105,-0.32149717379993181,0,0,0,0,0,0.88167557513176054
3065,26.598549805478491,-0.32147021623391059,0,0,0,0,0,0.88171198272671558
3066,26.607227962021877,-0.32144324930219192,0,0,0,0,0,0.88174839921674186
3067,26.615906118565263,-0.32141627305227249,0,0,0,0,0,0.88178482455813123
3068,26.624584275108649,-0.3213892875324873,0,0,0,0,0,0.8818212587064459
3069,26.633262431652035,-0.32136229279201056,0,0,0,0,0,0.88185770161651844
3070,26.641940588195421,-0.32133528888085294,0,0,0,0,0,0.88189415324245324
3071,26.650618744738807,-0.32130827584986177,0,0,0,0,0,0.88193061353762836
3072,26.659296901282193,-0.32128125375072081,0,0,0,0,0,0.88196708245469557
3073,26.667975057825579,-0.32125422263594794,0,0,0,0,0,0.88200355994558222
3074,26.676653214368965,-0.32122718255889471,0,0,0,0,0,0.88204004596149199
3075,26.685331370912351,-0.32120013357374511,0,0,0,0,0,0.88207654045290729
3076,26.694009527455737,-0.3211730757355149,0,0,0,0,0,0.88211304336958896
3077,26.702687683999123,-0.32114600910004931,0,0,0,0,0,0.88214955466057954
3078,26.711365840542509,-0.32111893372402267,0,0,0,0,0,0.88218607427420292
3079,26.720043997085895,-0.32109184966493709,0,0,0,0,0,0.88222260215806736
3080,26.728722153629281,-0.32106475698111969,0,0,0,0,0,0.88225913825906632
3081,26.737400310172667,-0.32103765573172316,0,0,0,0,0,0.88229568252337975
3082,26.746078466716053,-0.32101054597672196,0,0,0,0,0,0.88233223489647694
3083,26.754756623259439,-0.32098342777691302,0,0,0,0,0,0.88236879532311674
3084,26.763434779802825,-0.32095630119391183,0,0,0,0,0,0.88240536374735035
3085,26.772112936346211,-0.32092916629015267,0,0,0,0,0,0.88244194011252264
3086,26.780791092889601,-0.32090202312888494,0,0,0,0,0,0.88247852436127439
3087,26.789469249432987,-0.32087487177417273,0,0,0,0,0,0.88251511643554403
3088,26.798147405976373,-0.32084771229089193,0,0,0,0,0,0.88255171627656948
3089,26.806825562519759,-0.32082054474472899,0,0,0,0,0,0.88258832382489005
3090,26.815503719063145,-0.32079336920217771,0,0,0,0,0,0.88262493902034889
3091,26.824181875606531,-0.3207661857305385,0,0,0,0,0,0.88266156180209487
3092,26.832860032149917,-0.3207389943979152,0,0,0,0,0,0.8826981921085848
3093,26.841538188693303,-0.32071179527321259,0,0,0,0,0,0.88273482987758567
3094,26.850216345236689,-0.3206845884261349,0,0,0,0,0,0.8827714750461767
3095,26.858894501780075,-0.32065737392718263,0,0,0,0,0,0.882808127550752
3096,26.867572658323461,-0.32063015184765065,0,0,0,0,0,0.88284478732702243
3097,26.876250814866847,-0.32060292225962517,0,0,0,0,0,0.88288145431001896
3098,26.884928971410233,-0.32057568523598101,0,0,0,0,0,0.8829181284340939
3099,26.893607127953619,-0.32054844085037981,0,0,0,0,0,0.88295480963292428
3100,26.902285284497005,-0.3205211891772658,0,0,0,0,0,0.88299149783951436
3101,26.910963441040391,-0.32049393029186424,0,0,0,0,0,0.88302819298619761
3102,26.919641597583777,-0.320466664270178,0,0,0,0,0,0.88306489500464058
3103,26.928319754127163,-0.32043939118898435,0,0,0,0,0,0.88310160382584424
3104,26.936997910670549,-0.32041211112583246,0,0,0,0,0,0.88313831938014764
3105,26.945676067213935,-0.32038482415903968,0,0,0,0,0,0.88317504159723059
3106,26.954354223757321,-0.32035753036768888,0,0,0,0,0,0.88321177040611643
3107,26.963032380300707,-0.32033022983162507,0,0,0,0,0,0.88324850573517466
3108,26.971710536844093,-0.32030292263145166,0,0,0,0,0,0.88328524751212489
3109,26.980388693387479,-0.32027560884852768,0,0,0,0,0,0.88332199566403879
3110,26.989066849930865,-0.32024828856496368,0,0,0,0,0,0.88335875011734366
3111,26.997745006474251,-0.32022096186361892,0,0,0,0,0,0.88339551079782574
3112,27.00642316301764,-0.32019362882809699,0,0,0,0,0,0.88343227763063292
3113,27.015101319561026,-0.32016628954274318,0,0,0,0,0,0.88346905054027847
3114,27.023779476104412,-0.32013894409263921,0,0,0,0,0,0.88350582945064382
3115,27.032457632647798,-0.32011159256360078,0,0,0,0,0,0.88354261428498271
3116,27.041135789191184,-0.32008423504217332,0,0,0,0,0,0.88357940496592335
3117,27.04981394573457,-0.32005687161562779,0,0,0,0,0,0.88361620141547315
3118,27.058492102277956,-0.32002950237195626,0,0,0,0,0,0.88365300355502152
3119,27.067170258821342,-0.32000212739986955,0,0,0,0,0,0.8836898113053433
3120,27.075848415364728,-0.3199747467887909,0,0,0,0,0,0.88372662458660267
3121,27.084526571908114,-0.31994736062885287,0,0,0,0,0,0.88376344331835666
3122,27.0932047284515,-0.31991996901089315,0,0,0,0,0,0.8838002674195593
3123,27.101882884994886,-0.31989257202644972,0,0,0,0,0,0.88383709680856426
3124,27.110561041538272,-0.31986516976775692,0,0,0,0,0,0.88387393140312986
3125,27.119239198081658,-0.31983776232774053,0,0,0,0,0,0.88391077112042238
3126,27.127917354625044,-0.31981034980001322,0,0,0,0,0,0.88394761587701953
3127,27.13659551116843,-0.31978293227887,0,0,0,0,0,0.8839844655889153
3128,27.145273667711816,-0.31975550985928425,0,0,0,0,0,0.88402132017152313
3129,27.153951824255202,-0.31972808263690111,0,0,0,0,0,0.88405817953968047
3130,27.162629980798588,-0.31970065070803477,0,0,0,0,0,0.8840950436076529
3131,27.171308137341974,-0.3196732141696621,0,0,0,0,0,0.88413191228913779
3132,27.17998629388536,-0.31964577311941811,0,0,0,0,0,0.88416878549726885
3133,27.188664450428746,-0.31961832765559128,0,0,0,0,0,0.88420566314462024
3134,27.197342606972132,-0.31959087787711793,0,0,0,0,0,0.8842425451432111
3135,27.206020763515518,-0.31956342388357739,0,0,0,0,0,0.88427943140450938
3136,27.214698920058904,-0.31953596577518673,0,0,0,0,0,0.88431632183943654
3137,27.22337707660229,-0.3195085036527946,0,0,0,0,0,0.88435321635837238
3138,27.23205523314568,-0.31948103761787783,0,0,0,0,0,0.88439011487115859
3139,27.240733389689066,-0.31945356777253375,0,0,0,0,0,0.88442701728710427
3140,27.249411546232452,-0.31942609421947643,0,0,0,0,0,0.88446392351498926
3141,27.258089702775838,-0.31939861706202988,0,0,0,0,0,0.8845008334630704
3142,27.266767859319224,-0.3193711364041234,0,0,0,0,0,0.88453774703908472
3143,27.27544601586261,-0.31934365235028517,0,0,0,0,0,0.88457466415025476
3144,27.284124172405996,-0.31931616500563731,0,0,0,0,0,0.88461158470329337
3145,27.292802328949382,-0.31928867447588871,0,0,0,0,0,0.88464850860440825
3146,27.301480485492768,-0.31926118086733091,0,0,0,0,0,0.88468543575930747
3147,27.310158642036154,-0.31923368428683052,0,0,0,0,0,0.88472236607320287
3148,27.31883679857954,-0.31920618484182428,0,0,0,0,0,0.88475929945081699
3149,27.327514955122925,-0.31917868264031268,0,0,0,0,0,0.88479623579638633
3150,27.336193111666311,-0.31915117779085411,0,0,0,0,0,0.88483317501366721
3151,27.344871268209697,-0.31912367040255807,0,0,0,0,0,0.88487011700594076
3152,27.353549424753083,-0.31909616058507895,0,0,0,0,0,0.88490706167601751
3153,27.362227581296469,-0.31906864844861105,0,0,0,0,0,0.8849440089262437
3154,27.370905737839855,-0.31904113410388046,0,0,0,0,0,0.88498095865850501
3155,27.379583894383241,-0.31901361766213954,0,0,0,0,0,0.88501791077423286
3156,27.388262050926627,-0.31898609923516097,0,0,0,0,0,0.88505486517440912
3157,27.396940207470013,-0.31895857893522983,0,0,0,0,0,0.88509182175957157
3158,27.405618364013399,-0.31893105687513823,0,0,0,0,0,0.88512878042981935
3159,27.414296520556785,-0.31890353316817799,0,0,0,0,0,0.8851657410848186
3160,27.422974677100171,-0.31887600792813453,0,0,0,0,0,0.88520270362380682
3161,27.431652833643557,-0.31884848126927967,0,0,0,0,0,0.88523966794559994
3162,27.440330990186943,-0.31882095330636506,0,0,0,0,0,0.88527663394859613
3163,27.449009146730329,-0.31879342415461498,0,0,0,0,0,0.88531360153078276
3164,27.457687303273719,-0.31876589392971999,0,0,0,0,0,0.88535057058974109
3165,27.466365459817105,-0.31873836274782941,0,0,0,0,0,0.88538754102265249
3166,27.475043616360491,-0.31871083072554529,0,0,0,0,0,0.88542451272630374
3167,27.483721772903877,-0.31868329797991335,0,0,0,0,0,0.88546148559709248
3168,27.492399929447263,-0.31865576462841882,0,0,0,0,0,0.88549845953103345
3169,27.501078085990649,-0.31862823078897673,0,0,0,0,0,0.88553543442376403
3170,27.509756242534035,-0.31860069657992529,0,0,0,0,0,0.88557241017055022
3171,27.518434399077421,-0.31857316212002018,0,0,0,0,0,0.88560938666629208
3172,27.527112555620807,-0.31854562752842486,0,0,0,0,0,0.88564636380552986
3173,27.535790712164193,-0.31851809292470545,0,0,0,0,0,0.88568334148244954
3174,27.544468868707579,-0.31849055842882157,0,0,0,0,0,0.88572031959088982
3175,27.553147025250965,-0.31846302416111993,0,0,0,0,0,0.88575729802434688
3176,27.561825181794351,-0.3184354902423272,0,0,0,0,0,0.88579427667598076
3177,27.570503338337737,-0.31840795679354084,0,0,0,0,0,0.8858312554386214
3178,27.579181494881123,-0.31838042393622379,0,0,0,0,0,0.88586823420477512
3179,27.587859651424509,-0.31835289179219484,0,0,0,0,0,0.88590521286663004
3180,27.596537807967895,-0.31832536048362214,0,0,0,0,0,0.88594219131606278
3181,27.605215964511281,-0.31829783013301527,0,0,0,0,0,0.88597916944464361
3182,27.613894121054667,-0.31827030086321739,0,0,0,0,0,0.88601614714364418
3183,27.622572277598053,-0.31824277279739788,0,0,0,0,0,0.88605312430404237
3184,27.631250434141439,-0.31821524605904394,0,0,0,0,0,0.88609010081652917
3185,27.639928590684825,-0.31818772077195334,0,0,0,0,0,0.88612707657151479
3186,27.648606747228211,-0.31816019706022591,0,0,0,0,0,0.88616405145913468
3187,27.657284903771597,-0.31813267504825671,0,0,0,0,0,0.8862010253692566
3188,27.665963060314983,-0.31810515486072677,0,0,0,0,0,0.88623799819148574
3189,27.674641216858369,-0.31807763662259625,0,0,0,0,0,0.88627496981517229
3190,27.683319373401755,-0.31805012045909542,0,0,0,0,0,0.88631194012941716
3191,27.691997529945144,-0.31802260649571801,0,0,0,0,0,0.88634890902307828
3192,27.70067568648853,-0.31799509485821165,0,0,0,0,0,0.8863858763847775
3193,27.709353843031916,-0.31796758567257111,0,0,0,0,0,0.88642284210290656
3194,27.718031999575302,-0.31794007906502897,0,0,0,0,0,0.88645980606563413
3195,27.726710156118688,-0.31791257516204852,0,0,0,0,0,0.88649676816091139
3196,27.735388312662074,-0.31788507409031497,0,0,0,0,0,0.88653372827647947
3197,27.74406646920546,-0.31785757597672726,0,0,0,0,0,0.88657068629987568
3198,27.752744625748846,-0.31783008094839071,0,0,0,0,0,0.88660764211843945
3199,27.761422782292232,-0.31780258913260728,0,0,0,0,0,0.88664459561932008
3200,27.770100938835618,-0.31777510065686865,0,0,0,0,0,0.88668154668948196
3201,27.778779095379004,-0.31774761564884735,0,0,0,0,0,0.88671849521571233
3202,27.78745725192239,-0.31772013423638834,0,0,0,0,0,0.88675544108462689
3203,27.796135408465776,-0.31769265654750145,0,0,0,0,0,0.88679238418267736
3204,27.804813565009162,-0.31766518271035182,0,0,0,0,0,0.88682932439615758
3205,27.813491721552548,-0.31763771285325282,0,0,0,0,0,0.88686626161121007
3206,27.822169878095934,-0.31761024710465657,0,0,0,0,0,0.88690319571383314
3207,27.83084803463932,-0.31758278559314612,0,0,0,0,0,0.88694012658988697
3208,27.839526191182706,-0.31755532844742762,0,0,0,0,0,0.88697705412510075
3209,27.848204347726092,-0.31752787579632047,0,0,0,0,0,0.88701397820507943
3210,27.856882504269478,-0.3175004277687502,0,0,0,0,0,0.8870508987153104
3211,27.865560660812864,-0.31747298449373917,0,0,0,0,0,0.88708781554116944
3212,27.87423881735625,-0.31744554610039899,0,0,0,0,0,0.88712472856792879
3213,27.882916973899636,-0.31741811271792109,0,0,0,0,0,0.88716163768076262
3214,27.891595130443022,-0.31739068447556895,0,0,0,0,0,0.88719854276475463
3215,27.900273286986408,-0.31736326150266958,0,0,0,0,0,0.88723544370490448
3216,27.908951443529794,-0.31733584392860426,0,0,0,0,0,0.88727234038613434
3217,27.917629600073184,-0.31730843188280111,0,0,0,0,0,0.88730923269329631
3218,27.92630775661657,-0.31728102549472659,0,0,0,0,0,0.88734612051117834
3219,27.934985913159956,-0.31725362489387565,0,0,0,0,0,0.88738300372451162
3220,27.943664069703342,-0.31722623020976459,0,0,0,0,0,0.88741988221797696
3221,27.952342226246728,-0.31719884157192257,0,0,0,0,0,0.88745675587621176
3222,27.961020382790114,-0.31717145910988198,0,0,0,0,0,0.8874936245838172
3223,27.9696985393335,-0.31714408295317109,0,0,0,0,0,0.88753048822536407
3224,27.978376695876886,-0.31711671323130475,0,0,0,0,0,0.88756734668540027
3225,27.987054852420272,-0.3170893500737767,0,0,0,0,0,0.88760419984845751
3226,27.995733008963658,-0.31706199361005072,0,0,0,0,0,0.88764104759905793
3227,28.004411165507044,-0.31703464396955172,0,0,0,0,0,0.8876778898217208
3228,28.01308932205043,-0.31700730128165755,0,0,0,0,0,0.8877147264009696
3229,28.021767478593816,-0.3169799656756912,0,0,0,0,0,0.88775155722133836
3230,28.030445635137202,-0.31695263728091139,0,0,0,0,0,0.88778838216737899
3231,28.039123791680588,-0.31692531622650455,0,0,0,0,0,0.88782520112366747
3232,28.047801948223974,-0.31689800264157653,0,0,0,0,0,0.8878620139748109
3233,28.05648010476736,-0.31687069665514389,0,0,0,0,0,0.88789882060545444
3234,28.065158261310746,-0.31684339839612563,0,0,0,0,0,0.88793562090028766
3235,28.073836417854132,-0.31681610799333448,0,0,0,0,0,0.88797241474405131
3236,28.082514574397518,-0.31678882557546917,0,0,0,0,0,0.88800920202154476
3237,28.091192730940904,-0.3167615512711055,0,0,0,0,0,0.88804598261763146
3238,28.09987088748429,-0.3167342852086884,0,0,0,0,0,0.88808275641724688
3239,28.108549044027676,-0.31670702751652269,0,0,0,0,0,0.88811952330540445
3240,28.117227200571062,-0.31667977832276661,0,0,0,0,0,0.8881562831672023
3241,28.125905357114448,-0.31665253775542135,0,0,0,0,0,0.88819303588783061
3242,28.134583513657834,-0.31662530594232408,0,0,0,0,0,0.88822978135257735
3243,28.143261670201223,-0.31659808301113979,0,0,0,0,0,0.88826651944683566
3244,28.151939826744609,-0.31657086908935206,0,0,0,0,0,0.88830325005611022
3245,28.160617983287995,-0.31654366430425573,0,0,0,0,0,0.88833997306602364
3246,28.169296139831381,-0.31651646878294903,0,0,0,0,0,0.88837668836232331
3247,28.177974296374767,-0.31648928265232368,0,0,0,0,0,0.8884133958308883
3248,28.186652452918153,-0.31646210603905878,0,0,0,0,0,0.88845009535773545
3249,28.195330609461539,-0.31643493906961184,0,0,0,0,0,0.88848678682902604
3250,28.204008766004925,-0.31640778187021068,0,0,0,0,0,0.88852347013107225
3251,28.212686922548311,-0.31638063456684484,0,0,0,0,0,0.88856014515034454
3252,28.221365079091697,-0.31635349728525897,0,0,0,0,0,0.8885968117734766
3253,28.230043235635083,-0.31632637015094334,0,0,0,0,0,0.88863346988727376
3254,28.238721392178469,-0.316299253289127,0,0,0,0,0,0.88867011937871698
3255,28.247399548721855,-0.31627214682476978,0,0,0,0,0,0.88870676013497207
3256,28.256077705265241,-0.31624505088255339,0,0,0,0,0,0.88874339204339392
3257,28.264755861808627,-0.31621796558687443,0,0,0,0,0,0.88878001499153436
3258,28.273434018352013,-0.31619089106183673,0,0,0,0,0,0.88881662886714752
3259,28.282112174895399,-0.31616382743124283,0,0,0,0,0,0.88885323355819679
3260,28.290790331438785,-0.31613677481858693,0,0,0,0,0,0.88888982895286106
3261,28.299468487982171,-0.31610973334704684,0,0,0,0,0,0.88892641493954061
3262,28.308146644525557,-0.31608270313947673,0,0,0,0,0,0.88896299140686408
3263,28.316824801068943,-0.31605568431839859,0,0,0,0,0,0.88899955824369414
3264,28.325502957612329,-0.31602867700599557,0,0,0,0,0,0.8890361153391344
3265,28.334181114155715,-0.31600168132410422,0,0,0,0,0,0.88907266258253448
3266,28.342859270699101,-0.31597469739420703,0,0,0,0,0,0.88910919986349735
3267,28.351537427242487,-0.31594772533742432,0,0,0,0,0,0.88914572707188499
3268,28.360215583785873,-0.31592076527450763,0,0,0,0,0,0.88918224409782476
3269,28.368893740329263,-0.31589381732583244,0,0,0,0,0,0.88921875083171464
3270,28.377571896872649,-0.31586688161139009,0,0,0,0,0,0.88925524716423043
3271,28.386250053416035,-0.31583995825078093,0,0,0,0,0,0.88929173298633113
3272,28.394928209959421,-0.31581304736320759,0,0,0,0,0,0.88932820818926483
3273,28.403606366502807,-0.31578614906746705,0,0,0,0,0,0.88936467266457542
3274,28.412284523046193,-0.31575926348194361,0,0,0,0,0,0.88940112630410761
3275,28.420962679589579,-0.31573239072460235,0,0,0,0,0,0.88943756900001347
3276,28.429640836132965,-0.31570553091298181,0,0,0,0,0,0.88947400064475801
3277,28.438318992676351,-0.31567868416418676,0,0,0,0,0,0.88951042113112511
3278,28.446997149219737,-0.31565185059488143,0,0,0,0,0,0.88954683035222337
3279,28.455675305763123,-0.31562503032128331,0,0,0,0,0,0.88958322820149149
3280,28.464353462306509,-0.31559822345915511,0,0,0,0,0,0.88961961457270466
3281,28.473031618849895,-0.31557143012379918,0,0,0,0,0,0.88965598935997969
3282,28.481709775393281,-0.31554465043005031,0,0,0,0,0,0.88969235245778078
3283,28.490387931936667,-0.3155178844922687,0,0,0,0,0,0.88972870376092583
3284,28.499066088480053,-0.31549113242433391,0,0,0,0,0,0.88976504316459071
3285,28.507744245023439,-0.31546439433963824,0,0,0,0,0,0.88980137056431596
3286,28.516422401566825,-0.31543767035108028,0,0,0,0,0,0.88983768585601164
3287,28.525100558110211,-0.31541096057105888,0,0,0,0,0,0.88987398893596281
3288,28.533778714653597,-0.31538426511146511,0,0,0,0,0,0.8899102797008358
3289,28.542456871196983,-0.3153575840836782,0,0,0,0,0,0.88994655804768263
3290,28.551135027740369,-0.31533091759855825,0,0,0,0,0,0.88998282387394634
3291,28.559813184283755,-0.31530426576643966,0,0,0,0,0,0.89001907707746697
3292,28.568491340827141,-0.31527762869712583,0,0,0,0,0,0.8900553175564867
3293,28.577169497370527,-0.31525100649988269,0,0,0,0,0,0.89009154520965461
3294,28.585847653913913,-0.3152243992834326,0,0,0,0,0,0.89012775993603188
3295,28.594525810457299,-0.31519780715594903,0,0,0,0,0,0.8901639616350977
3296,28.603203967000688,-0.31517123022504978,0,0,0,0,0,0.89020015020675325
3297,28.611882123544074,-0.31514466859779211,0,0,0,0,0,0.89023632555132792
3298,28.62056028008746,-0.31511812238066628,0,0,0,0,0,0.89027248756958322
3299,28.629238436630846,-0.31509159167959033,0,0,0,0,0,0.89030863616271849
3300,28.637916593174232,-0.31506507659990435,0,0,0,0,0,0.89034477123237565
3301,28.646594749717618,-0.31503857724636475,0,0,0,0,0,0.89038089268064369
3302,28.655272906261004,-0.31501209372313921,0,0,0,0,0,0.89041700041006433
3303,28.66395106280439,-0.31498562613380077,0,0,0,0,0,0.89045309432363595
3304,28.672629219347776,-0.31495917458132316,0,0,0,0,0,0.89048917432481844
3305,28.681307375891162,-0.31493273916807507,0,0,0,0,0,0.89052524031753855
3306,28.689985532434548,-0.31490631999581453,0,0,0,0,0,0.89056129220619384
3307,28.698663688977934,-0.31487991716568442,0,0,0,0,0,0.89059732989565787
3308,28.70734184552132,-0.31485353077820799,0,0,0,0,0,0.89063335329128401
3309,28.716020002064706,-0.31482716093328211,0,0,0,0,0,0.89066936229891047
3310,28.724698158608092,-0.31480080773017405,0,0,0,0,0,0.89070535682486474
3311,28.733376315151478,-0.31477447126751545,0,0,0,0,0,0.8907413367759679
3312,28.742054471694864,-0.31474815164329872,0,0,0,0,0,0.89077730205953887
3313,28.75073262823825,-0.31472184895487099,0,0,0,0,0,0.89081325258339872
3314,28.759410784781636,-0.31469556329893,0,0,0,0,0,0.89084918825587533
3315,28.768088941325022,-0.3146692947715205,0,0,0,0,0,0.89088510898580719
3316,28.776767097868408,-0.31464304346802807,0,0,0,0,0,0.89092101468254747
3317,28.785445254411794,-0.31461680948317583,0,0,0,0,0,0.89095690525596882
3318,28.79412341095518,-0.31459059291101943,0,0,0,0,0,0.89099278061646658
3319,28.802801567498566,-0.31456439384494383,0,0,0,0,0,0.89102864067496301
3320,28.811479724041952,-0.31453821237765756,0,0,0,0,0,0.89106448534291172
3321,28.820157880585338,-0.31451204860118953,0,0,0,0,0,0.89110031453230154
3322,28.828836037128728,-0.31448590260688514,0,0,0,0,0,0.89113612815565924
3323,28.837514193672114,-0.31445977448540163,0,0,0,0,0,0.89117192612605511
3324,28.8461923502155,-0.3144336643267045,0,0,0,0,0,0.8912077083571055
3325,28.854870506758886,-0.31440757222006344,0,0,0,0,0,0.89124347476297638
3326,28.863548663302272,-0.31438149825404904,0,0,0,0,0,0.89127922525838843
3327,28.872226819845658,-0.3143554425165288,0,0,0,0,0,0.89131495975861896
3328,28.880904976389044,-0.31432940509466278,0,0,0,0,0,0.89135067817950631
3329,28.88958313293243,-0.31430338607490149,0,0,0,0,0,0.89138638043745333
3330,28.898261289475816,-0.31427738554298146,0,0,0,0,0,0.89142206644943067
3331,28.906939446019202,-0.31425140358392145,0,0,0,0,0,0.89145773613298029
3332,28.915617602562588,-0.31422544028202037,0,0,0,0,0,0.89149338940621881
3333,28.924295759105974,-0.31419949572085282,0,0,0,0,0,0.89152902618784036
3334,28.932973915649359,-0.3141735699832664,0,0,0,0,0,0.89156464639712085
3335,28.941652072192745,-0.31414766315137865,0,0,0,0,0,0.89160024995392007
3336,28.950330228736131,-0.31412177530657426,0,0,0,0,0,0.89163583677868496
3337,28.959008385279517,-0.31409590652950092,0,0,0,0,0,0.89167140679245382
3338,28.967686541822903,-0.31407005690006795,0,0,0,0,0,0.89170695991685789
3339,28.976364698366289,-0.31404422649744235,0,0,0,0,0,0.89174249607412515
3340,28.985042854909675,-0.31401841540004671,0,0,0,0,0,0.89177801518708311
3341,28.993721011453061,-0.31399262368555581,0,0,0,0,0,0.89181351717916146
3342,29.002399167996447,-0.31396685143089542,0,0,0,0,0,0.89184900197439498
3343,29.011077324539833,-0.31394109871223774,0,0,0,0,0,0.89188446949742684
3344,29.019755481083219,-0.31391536560500066,0,0,0,0,0,0.89191991967351036
3345,29.028433637626605,-0.31388965218384446,0,0,0,0,0,0.89195535242851198
3346,29.037111794169991,-0.31386395852267002,0,0,0,0,0,0.89199076768891494
3347,29.045789950713377,-0.31383828469461605,0,0,0,0,0,0.89202616538181978
3348,29.054468107256767,-0.31381263077205745,0,0,0,0,0,0.89206154543494853
3349,29.063146263800153,-0.31378699682660227,0,0,0,0,0,0.89209690777664696
3350,29.071824420343539,-0.31376138292909128,0,0,0,0,0,0.89213225233588633
3351,29.080502576886925,-0.31373578914959466,0,0,0,0,0,0.8921675790422654
3352,29.089180733430311,-0.31371021555741041,0,0,0,0,0,0.8922028878260142
3353,29.097858889973697,-0.31368466222106306,0,0,0,0,0,0.89223817861799526
3354,29.106537046517083,-0.31365912920830086,0,0,0,0,0,0.8922734513497057
3355,29.115215203060469,-0.31363361658609534,0,0,0,0,0,0.89230870595327949
3356,29.123893359603855,-0.31360812442063934,0,0,0,0,0,0.89234394236149028
3357,29.132571516147241,-0.31358265277734476,0,0,0,0,0,0.89237916050775179
3358,29.141249672690627,-0.31355720172084178,0,0,0,0,0,0.89241436032612165
3359,29.149927829234013,-0.31353177131497789,0,0,0,0,0,0.89244954175130187
3360,29.158605985777399,-0.3135063616228152,0,0,0,0,0,0.89248470471864128
3361,29.167284142320785,-0.31348097270663045,0,0,0,0,0,0.89251984916413807
3362,29.175962298864171,-0.31345560462791355,0,0,0,0,0,0.89255497502443981
3363,29.184640455407557,-0.31343025744736597,0,0,0,0,0,0.89259008223684688
3364,29.193318611950943,-0.31340493122490032,0,0,0,0,0,0.89262517073931291
3365,29.201996768494329,-0.31337962601963876,0,0,0,0,0,0.89266024047044734
3366,29.210674925037715,-0.31335434188991285,0,0,0,0,0,0.89269529136951631
3367,29.219353081581101,-0.313329078893262,0,0,0,0,0,0.89273032337644409
3368,29.228031238124487,-0.31330383708643339,0,0,0,0,0,0.89276533643181533
3369,29.236709394667873,-0.31327861652538014,0,0,0,0,0,0.89280033047687568
3370,29.245387551211259,-0.31325341726526235,0,0,0,0,0,0.8928353054535334
3371,29.254065707754645,-0.31322823936044486,0,0,0,0,0,0.89287026130436076
3372,29.262743864298031,-0.31320308286449805,0,0,0,0,0,0.89290519797259504
3373,29.271422020841417,-0.31317794783019604,0,0,0,0,0,0.8929401154021398
3374,29.280100177384806,-0.31315283430951801,0,0,0,0,0,0.89297501353756648
3375,29.288778333928192,-0.31312774235364682,0,0,0,0,0,0.89300989232411487
3376,29.297456490471578,-0.31310267201296815,0,0,0,0,0,0.89304475170769448
3377,29.306134647014964,-0.31307762333707223,0,0,0,0,0,0.89307959163488515
3378,29.31481280355835,-0.31305259637475202,0,0,0,0,0,0.89311441205293862
3379,29.323490960101736,-0.31302759117400381,0,0,0,0,0,0.893149212909779
3380,29.332169116645122,-0.31300260778202715,0,0,0,0,0,0.89318399415400385
3381,29.340847273188508,-0.31297764624522495,0,0,0,0,0,0.89321875573488485
3382,29.349525429731894,-0.31295270660920393,0,0,0,0,0,0.89325349760236827
3383,29.35820358627528,-0.31292778891877404,0,0,0,0,0,0.8932882197070765
3384,29.366881742818666,-0.31290289321794951,0,0,0,0,0,0.89332292200030738
3385,29.375559899362052,-0.31287801954994843,0,0,0,0,0,0.89335760443403633
3386,29.384238055905438,-0.31285316795719442,0,0,0,0,0,0.89339226696091589
3387,29.392916212448824,-0.31282833848131497,0,0,0,0,0,0.89342690953427617
3388,29.40159436899221,-0.31280353116314397,0,0,0,0,0,0.8934615321081264
3389,29.410272525535596,-0.31277874604272149,0,0,0,0,0,0.89349613463715383
3390,29.418950682078982,-0.3127539831592937,0,0,0,0,0,0.89353071707672549
3391,29.427628838622368,-0.31272924255131473,0,0,0,0,0,0.89356527938288721
3392,29.436306995165754,-0.31270452425644701,0,0,0,0,0,0.89359982151236528
3393,29.44498515170914,-0.31267982831156127,0,0,0,0,0,0.89363434342256554
3394,29.453663308252526,-0.31265515475273853,0,0,0,0,0,0.89366884507157407
3395,29.462341464795912,-0.31263050361527034,0,0,0,0,0,0.89370332641815731
3396,29.471019621339298,-0.31260587493365977,0,0,0,0,0,0.8937377874217618
3397,29.479697777882684,-0.31258126874162273,0,0,0,0,0,0.89377222804251533
3398,29.48837593442607,-0.31255668507208845,0,0,0,0,0,0.89380664824122524
3399,29.497054090969456,-0.31253212395720154,0,0,0,0,0,0.89384104797938002
3400,29.505732247512842,-0.31250758542832202,0,0,0,0,0,0.89387542721914781
3401,29.514410404056232,-0.31248306951602733,0,0,0,0,0,0.89390978592337733
3402,29.523088560599618,-0.31245857625011353,0,0,0,0,0,0.89394412405559753
3403,29.531766717143004,-0.31243410565959628,0,0,0,0,0,0.89397844158001682
3404,29.54044487368639,-0.31240965777271246,0,0,0,0,0,0.8940127384615234
3405,29.549123030229776,-0.31238523261692119,0,0,0,0,0,0.89404701466568459
3406,29.557801186773162,-0.31236083021890637,0,0,0,0,0,0.89408127015874661
3407,29.566479343316548,-0.31233645060457704,0,0,0,0,0,0.89411550490763458
3408,29.575157499859934,-0.31231209379906921,0,0,0,0,0,0.89414971887995121
3409,29.58383565640332,-0.31228775982674772,0,0,0,0,0,0.89418391204397751
3410,29.592513812946706,-0.31226344871120848,0,0,0,0,0,0.89421808436867112
3411,29.601191969490092,-0.31223916047527867,0,0,0,0,0,0.89425223582366642
3412,29.609870126033478,-0.31221489514101963,0,0,0,0,0,0.89428636637927406
3413,29.618548282576864,-0.31219065272972879,0,0,0,0,0,0.89432047600647979
3414,29.62722643912025,-0.31216643326194071,0,0,0,0,0,0.89435456467694441
3415,29.635904595663636,-0.31214223675742991,0,0,0,0,0,0.89438863236300226
3416,29.644582752207022,-0.31211806323521163,0,0,0,0,0,0.89442267903766148
3417,29.653260908750408,-0.3120939127135447,0,0,0,0,0,0.89445670467460281
3418,29.661939065293794,-0.31206978520993356,0,0,0,0,0,0.8944907092481782
3419,29.67061722183718,-0.31204568074113015,0,0,0,0,0,0.89452469273341084
3420,29.679295378380566,-0.31202159932313567,0,0,0,0,0,0.89455865510599364
3421,29.687973534923952,-0.31199754097120302,0,0,0,0,0,0.8945925963422886
3422,29.696651691467338,-0.31197350569983961,0,0,0,0,0,0.89462651641932589
3423,29.705329848010724,-0.31194949352280821,0,0,0,0,0,0.89466041531480278
3424,29.71400800455411,-0.31192550445313061,0,0,0,0,0,0.89469429300708225
3425,29.722686161097496,-0.31190153850308888,0,0,0,0,0,0.89472814947519252
3426,29.731364317640882,-0.31187759568422802,0,0,0,0,0,0.89476198469882573
3427,29.740042474184271,-0.31185367600735936,0,0,0,0,0,0.89479579865833647
3428,29.748720630727657,-0.31182977948256119,0,0,0,0,0,0.89482959133474105
3429,29.757398787271043,-0.31180590611918246,0,0,0,0,0,0.894863362709716
3430,29.766076943814429,-0.31178205592584507,0,0,0,0,0,0.8948971127655968
3431,29.774755100357815,-0.31175822891044591,0,0,0,0,0,0.89493084148537716
3432,29.783433256901201,-0.31173442508016003,0,0,0,0,0,0.8949645488527066
3433,29.792111413444587,-0.31171064444144281,0,0,0,0,0,0.89499823485189056
3434,29.800789569987973,-0.31168688700003311,0,0,0,0,0,0.89503189946788764
3435,29.809467726531359,-0.31166315276095502,0,0,0,0,0,0.89506554268630922
3436,29.818145883074745,-0.31163944172852154,0,0,0,0,0,0.89509916449341742
3437,29.826824039618131,-0.311615753906337,0,0,0,0,0,0.89513276487612381
3438,29.835502196161517,-0.31159208929729898,0,0,0,0,0,0.89516634382198779
3439,29.844180352704903,-0.31156844790360272,0,0,0,0,0,0.89519990131921556
3440,29.852858509248289,-0.31154482972674247,0,0,0,0,0,0.89523343735665795
3441,29.861536665791675,-0.31152123476751492,0,0,0,0,0,0.89526695192380923
3442,29.870214822335061,-0.31149766302602233,0,0,0,0,0,0.89530044501080519
3443,29.878892978878447,-0.31147411450167484,0,0,0,0,0,0.89533391660842188
3444,29.887571135421833,-0.31145058919319391,0,0,0,0,0,0.89536736670807349
3445,29.896249291965219,-0.31142708709861522,0,0,0,0,0,0.89540079530181094
3446,29.904927448508605,-0.31140360821529123,0,0,0,0,0,0.89543420238232008
3447,29.913605605051991,-0.31138015253989471,0,0,0,0,0,0.89546758794291992
3448,29.922283761595377,-0.3113567200684213,0,0,0,0,0,0.89550095197756086
3449,29.930961918138763,-0.31133331079619331,0,0,0,0,0,0.89553429448082289
3450,29.939640074682149,-0.31130992471786156,0,0,0,0,0,0.89556761544791408
3451,29.948318231225535,-0.31128656182740999,0,0,0,0,0,0.89560091487466786
3452,29.956996387768921,-0.31126322211815771,0,0,0,0,0,0.89563419275754186
3453,29.965674544312311,-0.31123990558276271,0,0,0,0,0,0.89566744909361584
3454,29.974352700855697,-0.3112166122132245,0,0,0,0,0,0.89570068388058977
3455,29.983030857399083,-0.31119334200088755,0,0,0,0,0,0.89573389711678197
3456,29.991709013942469,-0.31117009493644521,0,0,0,0,0,0.89576708880112665
3457,30.000387170485855,-0.31114687100994176,0,0,0,0,0,0.89580025893317239
3458,30.009065327029241,-0.31112367021077658,0,0,0,0,0,0.89583340751308005
3459,30.017743483572627,-0.31110049252770677,0,0,0,0,0,0.89586653454162035
3460,30.026421640116013,-0.31107733794885106,0,0,0,0,0,0.89589964002017253
3461,30.035099796659399,-0.31105420646169279,0,0,0,0,0,0.89593272395072132
3462,30.043777953202785,-0.31103109805308315,0,0,0,0,0,0.89596578633585566
3463,30.052456109746171,-0.31100801270924483,0,0,0,0,0,0.895998827178766
3464,30.061134266289557,-0.31098495041577501,0,0,0,0,0,0.89603184648324241
3465,30.069812422832943,-0.31096191115764926,0,0,0,0,0,0.8960648442536725
3466,30.078490579376329,-0.31093889491922455,0,0,0,0,0,0.89609782049503872
3467,30.087168735919715,-0.31091590168424255,0,0,0,0,0,0.89613077521291695
3468,30.095846892463101,-0.31089293143583341,0,0,0,0,0,0.89616370841347326
3469,30.104525049006487,-0.31086998415651901,0,0,0,0,0,0.8961966201034629
3470,30.113203205549873,-0.31084705982821648,0,0,0,0,0,0.89622951029022646
3471,30.121881362093259,-0.31082415843224209,0,0,0,0,0,0.89626237898168926
3472,30.130559518636645,-0.3108012799493135,0,0,0,0,0,0.89629522618635771
3473,30.139237675180031,-0.31077842435955472,0,0,0,0,0,0.89632805191331733
3474,30.147915831723417,-0.31075559164249866,0,0,0,0,0,0.89636085617223105
3475,30.156593988266803,-0.31073278177709096,0,0,0,0,0,0.89639363897333613
3476,30.165272144810189,-0.31070999474169347,0,0,0,0,0,0.89642640032744225
3477,30.173950301353575,-0.31068723051408786,0,0,0,0,0,0.89645914024592865
3478,30.182628457896961,-0.31066448907147926,0,0,0,0,0,0.89649185874074189
3479,30.19130661444035,-0.31064177039049945,0,0,0,0,0,0.8965245558243935
3480,30.199984770983736,-0.31061907444721104,0,0,0,0,0,0.89655723150995792
3481,30.208662927527122,-0.31059640121711007,0,0,0,0,0,0.89658988581106902
3482,30.217341084070508,-0.31057375067513071,0,0,0,0,0,0.89662251874191878
3483,30.226019240613894,-0.31055112279564834,0,0,0,0,0,0.89665513031725386
3484,30.23469739715728,-0.31052851755248256,0,0,0,0,0,0.89668772055237422
3485,30.243375553700666,-0.3105059349189021,0,0,0,0,0,0.89672028946312898
3486,30.252053710244052,-0.310483374867627,0,0,0,0,0,0.89675283706591569
3487,30.260731866787438,-0.31046083737083396,0,0,0,0,0,0.89678536337767656
3488,30.269410023330824,-0.31043832240015767,0,0,0,0,0,0.89681786841589628
3489,30.27808817987421,-0.31041582992669681,0,0,0,0,0,0.89685035219859943
3490,30.286766336417596,-0.31039335992101569,0,0,0,0,0,0.89688281474434828
3491,30.295444492960982,-0.31037091235314929,0,0,0,0,0,0.89691525607223954
3492,30.304122649504368,-0.31034848719260633,0,0,0,0,0,0.8969476762019023
3493,30.312800806047754,-0.31032608440837284,0,0,0,0,0,0.89698007515349532
3494,30.32147896259114,-0.31030370396891582,0,0,0,0,0,0.89701245294770393
3495,30.330157119134526,-0.31028134584218725,0,0,0,0,0,0.89704480960573807
3496,30.338835275677912,-0.31025900999562761,0,0,0,0,0,0.89707714514932946
3497,30.347513432221298,-0.3102366963961688,0,0,0,0,0,0.89710945960072885
3498,30.356191588764684,-0.31021440501023878,0,0,0,0,0,0.89714175298270338
3499,30.36486974530807,-0.31019213580376481,0,0,0,0,0,0.89717402531853396
3500,30.373547901851456,-0.31016988874217721,0,0,0,0,0,0.89720627663201247
3501,30.382226058394842,-0.31014766379041292,0,0,0,0,0,0.89723850694743945
3502,30.390904214938228,-0.31012546091291882,0,0,0,0,0,0.89727071628962074
3503,30.399582371481614,-0.31010328007365617,0,0,0,0,0,0.89730290468386553
3504,30.408260528025,-0.31008112123610376,0,0,0,0,0,0.89733507215598352
3505,30.416938684568386,-0.31005898436326096,0,0,0,0,0,0.89736721873228154
3506,30.425616841111776,-0.3100368694176534,0,0,0,0,0,0.89739934443956126
3507,30.434294997655162,-0.31001477636133379,0,0,0,0,0,0.8974314493051172
3508,30.442973154198548,-0.30999270515588806,0,0,0,0,0,0.89746353335673268
3509,30.451651310741934,-0.30997065576243732,0,0,0,0,0,0.89749559662267808
3510,30.46032946728532,-0.30994862814164248,0,0,0,0,0,0.89752763913170752
3511,30.469007623828706,-0.30992662225370782,0,0,0,0,0,0.8975596609130565
3512,30.477685780372092,-0.30990463805838353,0,0,0,0,0,0.89759166199643892
3513,30.486363936915478,-0.30988267551497073,0,0,0,0,0,0.8976236424120444
3514,30.495042093458864,-0.30986073458232455,0,0,0,0,0,0.89765560219053564
3515,30.50372025000225,-0.30983881521885759,0,0,0,0,0,0.8976875413630454
3516,30.512398406545636,-0.30981691738254391,0,0,0,0,0,0.89771945996117386
3517,30.521076563089022,-0.30979504103092181,0,0,0,0,0,0.89775135801698569
3518,30.529754719632408,-0.30977318612109872,0,0,0,0,0,0.89778323556300821
3519,30.538432876175793,-0.30975135260975373,0,0,0,0,0,0.89781509263222647
3520,30.547111032719179,-0.30972954045314138,0,0,0,0,0,0.89784692925808318
3521,30.555789189262565,-0.30970774960709613,0,0,0,0,0,0.89787874547447388
3522,30.564467345805951,-0.3096859800270344,0,0,0,0,0,0.89791054131574499
3523,30.573145502349337,-0.30966423166795942,0,0,0,0,0,0.8979423168166909
3524,30.581823658892723,-0.30964250448446451,0,0,0,0,0,0.89797407201255108
3525,30.590501815436109,-0.30962079843073587,0,0,0,0,0,0.89800580693900744
3526,30.599179971979495,-0.30959911346055735,0,0,0,0,0,0.89803752163218131
3527,30.607858128522881,-0.30957744952731336,0,0,0,0,0,0.89806921612863122
3528,30.616536285066267,-0.30955580658399195,0,0,0,0,0,0.89810089046534913
3529,30.625214441609653,-0.30953418458318904,0,0,0,0,0,0.89813254467975856
3530,30.633892598153039,-0.30951258347711208,0,0,0,0,0,0.89816417880971122
3531,30.642570754696425,-0.30949100321758272,0,0,0,0,0,0.89819579289348461
3532,30.651248911239815,-0.30946944375604102,0,0,0,0,0,0.89822738696977833
3533,30.659927067783201,-0.30944790504354835,0,0,0,0,0,0.89825896107771297
3534,30.668605224326587,-0.30942638703079206,0,0,0,0,0,0.89829051525682568
3535,30.677283380869973,-0.30940488966808721,0,0,0,0,0,0.89832204954706774
3536,30.685961537413359,-0.30938341290538118,0,0,0,0,0,0.89835356398880251
3537,30.694639693956745,-0.30936195669225752,0,0,0,0,0,0.89838505862280216
3538,30.703317850500131,-0.30934052097793774,0,0,0,0,0,0.89841653349024475
3539,30.711996007043517,-0.30931910571128629,0,0,0,0,0,0.8984479886327108
3540,30.720674163586903,-0.3092977108408137,0,0,0,0,0,0.89847942409218218
3541,30.729352320130289,-0.30927633631467921,0,0,0,0,0,0.89851083991103797
3542,30.738030476673675,-0.30925498208069502,0,0,0,0,0,0.89854223613205197
3543,30.746708633217061,-0.30923364808632925,0,0,0,0,0,0.89857361279839021
3544,30.755386789760447,-0.30921233427870931,0,0,0,0,0,0.8986049699536075
3545,30.764064946303833,-0.30919104060462532,0,0,0,0,0,0.89863630764164582
3546,30.772743102847219,-0.30916976701053422,0,0,0,0,0,0.8986676259068298
3547,30.781421259390605,-0.30914851344256122,0,0,0,0,0,0.89869892479386582
3548,30.790099415933991,-0.30912727984650501,0,0,0,0,0,0.89873020434783801
3549,30.798777572477377,-0.30910606616784064,0,0,0,0,0,0.89876146461420581
3550,30.807455729020763,-0.30908487235172177,0,0,0,0,0,0.89879270563880109
3551,30.816133885564149,-0.30906369834298508,0,0,0,0,0,0.8988239274678258
3552,30.824812042107535,-0.30904254408615361,0,0,0,0,0,0.89885513014784868
3553,30.833490198650921,-0.30902140952543899,0,0,0,0,0,0.89888631372580263
3554,30.842168355194307,-0.30900029460474576,0,0,0,0,0,0.89891747824898227
3555,30.850846511737693,-0.30897919926767403,0,0,0,0,0,0.89894862376504081
3556,30.859524668281079,-0.30895812345752272,0,0,0,0,0,0.8989797503219874
3557,30.868202824824465,-0.30893706711729307,0,0,0,0,0,0.89901085796818447
3558,30.876880981367854,-0.30891603018969171,0,0,0,0,0,0.8990419467523455
3559,30.88555913791124,-0.30889501261713359,0,0,0,0,0,0.89907301672353057
3560,30.894237294454626,-0.30887401434174544,0,0,0,0,0,0.89910406793114572
3561,30.902915450998012,-0.30885303530536878,0,0,0,0,0,0.89913510042493916
3562,30.911593607541398,-0.30883207544956337,0,0,0,0,0,0.89916611425499848
3563,30.920271764084784,-0.30881113471561006,0,0,0,0,0,0.89919710947174802
3564,30.92894992062817,-0.30879021304451326,0,0,0,0,0,0.89922808612594662
3565,30.937628077171556,-0.30876931037700606,0,0,0,0,0,0.8992590442686843
3566,30.946306233714942,-0.3087484266535504,0,0,0,0,0,0.89928998395137993
3567,30.954984390258328,-0.30872756181434313,0,0,0,0,0,0.89932090522577846
3568,30.963662546801714,-0.30870671579931641,0,0,0,0,0,0.89935180814394822
3569,30.9723407033451,-0.30868588854814283,0,0,0,0,0,0.89938269275827842
3570,30.981018859888486,-0.30866508000023751,0,0,0,0,0,0.89941355912147569
3571,30.989697016431872,-0.3086442900947608,0,0,0,0,0,0.89944440728656228
3572,30.998375172975258,-0.30862351877062222,0,0,0,0,0,0.89947523730687318
3573,31.007053329518644,-0.30860276596648195,0,0,0,0,0,0.89950604923605382
3574,31.01573148606203,-0.30858203162075559,0,0,0,0,0,0.89953684312805604
3575,31.024409642605416,-0.30856131567161627,0,0,0,0,0,0.899567619037137
3576,31.033087799148802,-0.30854061805699717,0,0,0,0,0,0.8995983770178555
3577,31.041765955692188,-0.30851993871459493,0,0,0,0,0,0.89962911712507065
3578,31.050444112235574,-0.30849927758187268,0,0,0,0,0,0.89965983941393735
3579,31.05912226877896,-0.30847863459606228,0,0,0,0,0,0.89969054393990533
3580,31.067800425322346,-0.30845800969416814,0,0,0,0,0,0.89972123075871568
3581,31.076478581865732,-0.30843740281296916,0,0,0,0,0,0.89975189992639826
3582,31.085156738409118,-0.30841681388902242,0,0,0,0,0,0.89978255149926989
3583,31.093834894952504,-0.30839624285866485,0,0,0,0,0,0.89981318553393064
3584,31.10251305149589,-0.30837568965801776,0,0,0,0,0,0.89984380208726167
3585,31.11119120803928,-0.30835515422298754,0,0,0,0,0,0.89987440121642337
3586,31.119869364582666,-0.3083346364892704,0,0,0,0,0,0.89990498297885202
3587,31.128547521126052,-0.30831413639235394,0,0,0,0,0,0.89993554743225679
3588,31.137225677669438,-0.30829365386752017,0,0,0,0,0,0.89996609463461874
3589,31.145903834212824,-0.30827318884984833,0,0,0,0,0,0.89999662464418639
3590,31.15458199075621,-0.30825274127421753,0,0,0,0,0,0.90002713751947494
3591,31.163260147299596,-0.30823231107530991,0,0,0,0,0,0.90005763331926214
3592,31.171938303842982,-0.30821189818761208,0,0,0,0,0,0.90008811210258743
3593,31.180616460386368,-0.30819150254541949,0,0,0,0,0,0.90011857392874772
3594,31.189294616929754,-0.30817112408283764,0,0,0,0,0,0.90014901885729615
3595,31.19797277347314,-0.30815076273378561,0,0,0,0,0,0.9001794469480392
3596,31.206650930016526,-0.30813041843199795,0,0,0,0,0,0.90020985826103406
3597,31.215329086559912,-0.30811009111102827,0,0,0,0,0,0.90024025285658604
3598,31.224007243103298,-0.30808978070425086,0,0,0,0,0,0.90027063079524683
3599,31.232685399646684,-0.30806948714486371,0,0,0,0,0,0.90030099213781067
3600,31.24136355619007,-0.30804921036589106,0,0,0,0,0,0.90033133694531364
3601,31.250041712733456,-0.30802895030018607,0,0,0,0,0,0.90036166527902983
3602,31.258719869276842,-0.30800870688043258,0,0,0,0,0,0.90039197720046926
3603,31.267398025820228,-0.30798848003914914,0,0,0,0,0,0.90042227277137599
3604,31.276076182363614,-0.30796826970868962,0,0,0,0,0,0.90045255205372499
3605,31.284754338907,-0.3079480758212475,0,0,0,0,0,0.90048281510971995
3606,31.293432495450386,-0.30792789830885658,0,0,0,0,0,0.90051306200179138
3607,31.302110651993772,-0.30790773710339514,0,0,0,0,0,0.90054329279259293
3608,31.310788808537158,-0.30788759213658723,0,0,0,0,0,0.90057350754500098
3609,31.319466965080544,-0.30786746334000503,0,0,0,0,0,0.90060370632210995
3610,31.32814512162393,-0.30784735064507218,0,0,0,0,0,0.90063388918723242
3611,31.336823278167319,-0.30782725398306543,0,0,0,0,0,0.900664056203894
3612,31.345501434710705,-0.30780717328511709,0,0,0,0,0,0.90069420743583362
3613,31.354179591254091,-0.30778710848221735,0,0,0,0,0,0.90072434294699932
3614,31.362857747797477,-0.30776705950521721,0,0,0,0,0,0.90075446280154714
3615,31.371535904340863,-0.30774702628482964,0,0,0,0,0,0.90078456706383769
3616,31.380214060884249,-0.30772700875163328,0,0,0,0,0,0.90081465579843478
3617,31.388892217427635,-0.30770700683607322,0,0,0,0,0,0.90084472907010282
3618,31.397570373971021,-0.30768702046846508,0,0,0,0,0,0.90087478694380407
3619,31.406248530514407,-0.30766704957899527,0,0,0,0,0,0.90090482948469697
3620,31.414926687057793,-0.30764709409772473,0,0,0,0,0,0.90093485675813378
3621,31.423604843601179,-0.30762715395459062,0,0,0,0,0,0.90096486882965787
3622,31.432283000144565,-0.3076072290794083,0,0,0,0,0,0.90099486576500176
3623,31.440961156687951,-0.307587319401874,0,0,0,0,0,0.90102484763008484
3624,31.449639313231337,-0.30756742485156696,0,0,0,0,0,0.9010548144910111
3625,31.458317469774723,-0.30754754535795104,0,0,0,0,0,0.90108476641406732
3626,31.466995626318109,-0.30752768085037718,0,0,0,0,0,0.90111470346571987
3627,31.475673782861495,-0.3075078312580859,0,0,0,0,0,0.90114462571261356
3628,31.484351939404881,-0.30748799651020897,0,0,0,0,0,0.9011745332215686
3629,31.493030095948267,-0.30746817653577196,0,0,0,0,0,0.90120442605957896
3630,31.501708252491653,-0.30744837126369529,0,0,0,0,0,0.90123430429380991
3631,31.510386409035039,-0.30742858062279765,0,0,0,0,0,0.90126416799159581
3632,31.519064565578425,-0.30740880454179753,0,0,0,0,0,0.90129401722043845
3633,31.527742722121811,-0.30738904294931457,0,0,0,0,0,0.9013238520480038
3634,31.536420878665197,-0.30736929577387284,0,0,0,0,0,0.90135367254212095
3635,31.545099035208583,-0.30734956294390181,0,0,0,0,0,0.90138347877077996
3636,31.553777191751969,-0.3073298443877388,0,0,0,0,0,0.9014132708021283
3637,31.562455348295359,-0.307310140033631,0,0,0,0,0,0.90144304870447078
3638,31.571133504838745,-0.30729044980973741,0,0,0,0,0,0.90147281254626566
3639,31.579811661382131,-0.30727077364413069,0,0,0,0,0,0.9015025623961237
3640,31.588489817925517,-0.30725111146479922,0,0,0,0,0,0.90153229832280557
3641,31.597167974468903,-0.30723146319964867,0,0,0,0,0,0.90156202039521949
3642,31.605846131012289,-0.30721182877650466,0,0,0,0,0,0.90159172868242021
3643,31.614524287555675,-0.30719220812311376,0,0,0,0,0,0.9016214232536055
3644,31.623202444099061,-0.30717260116714618,0,0,0,0,0,0.90165110417811545
3645,31.631880600642447,-0.30715300783619703,0,0,0,0,0,0.90168077152542936
3646,31.640558757185833,-0.30713342805778865,0,0,0,0,0,0.90171042536516421
3647,31.649236913729219,-0.30711386175937194,0,0,0,0,0,0.90174006576707266
3648,31.657915070272605,-0.30709430886832878,0,0,0,0,0,0.90176969280104102
3649,31.666593226815991,-0.30707476931197331,0,0,0,0,0,0.90179930653708684
3650,31.675271383359377,-0.30705524301755416,0,0,0,0,0,0.90182890704535712
3651,31.683949539902763,-0.30703572991225569,0,0,0,0,0,0.90185849439612698
3652,31.692627696446149,-0.30701622992320066,0,0,0,0,0,0.90188806865979632
3653,31.701305852989535,-0.30699674297745105,0,0,0,0,0,0.90191762990688928
3654,31.709984009532921,-0.30697726900201028,0,0,0,0,0,0.90194717820805104
3655,31.718662166076307,-0.30695780792382499,0,0,0,0,0,0.90197671363404652
3656,31.727340322619693,-0.30693835966978666,0,0,0,0,0,0.9020062362557586
3657,31.736018479163079,-0.30691892416673305,0,0,0,0,0,0.90203574614418569
3658,31.744696635706465,-0.30689950134145028,0,0,0,0,0,0.90206524337043958
3659,31.753374792249851,-0.30688009112067449,0,0,0,0,0,0.90209472800574475
3660,31.762052948793237,-0.30686069343109335,0,0,0,0,0,0.90212420012143502
3661,31.770731105336623,-0.30684130819934763,0,0,0,0,0,0.90215365978895234
3662,31.779409261880009,-0.30682193535203317,0,0,0,0,0,0.90218310707984495
3663,31.788087418423398,-0.30680257481570206,0,0,0,0,0,0.90221254206576496
3664,31.796765574966784,-0.30678322651686496,0,0,0,0,0,0.90224196481846741
3665,31.80544373151017,-0.30676389038199181,0,0,0,0,0,0.90227137540980706
3666,31.814121888053556,-0.30674456633751435,0,0,0,0,0,0.90230077391173802
3667,31.822800044596942,-0.30672525430982667,0,0,0,0,0,0.90233016039631042
3668,31.831478201140328,-0.30670595422528779,0,0,0,0,0,0.90235953493566989
3669,31.840156357683714,-0.30668666601022265,0,0,0,0,0,0.90238889760205476
3670,31.8488345142271,-0.30666738959092366,0,0,0,0,0,0.90241824846779484
3671,31.857512670770486,-0.30664812489365278,0,0,0,0,0,0.90244758760530897
3672,31.866190827313872,-0.30662887184464183,0,0,0,0,0,0.90247691508710359
3673,31.874868983857258,-0.3066096303700957,0,0,0,0,0,0.90250623098577143
3674,31.883547140400644,-0.30659040039619234,0,0,0,0,0,0.90253553537398834
3675,31.89222529694403,-0.30657118184908516,0,0,0,0,0,0.9025648283245129
3676,31.900903453487416,-0.3065519746549038,0,0,0,0,0,0.90259410991018407
3677,31.909581610030802,-0.30653277873975648,0,0,0,0,0,0.90262338020391908
3678,31.918259766574188,-0.30651359402973077,0,0,0,0,0,0.90265263927871198
3679,31.926937923117574,-0.30649442045089514,0,0,0,0,0,0.90268188720763221
3680,31.93561607966096,-0.30647525792930064,0,0,0,0,0,0.90271112406382226
3681,31.944294236204346,-0.30645610639098197,0,0,0,0,0,0.90274034992049612
3682,31.952972392747732,-0.30643696576195956,0,0,0,0,0,0.90276956485093784
3683,31.961650549291118,-0.30641783596823979,0,0,0,0,0,0.90279876892849942
3684,31.970328705834504,-0.30639871693581766,0,0,0,0,0,0.90282796222659889
3685,31.97900686237789,-0.30637960859067748,0,0,0,0,0,0.90285714481871926
3686,31.987685018921276,-0.30636051085879423,0,0,0,0,0,0.90288631677840669
3687,31.996363175464662,-0.30634142366613504,0,0,0,0,0,0.90291547817926809
3688,32.005041332008048,-0.30632234693866101,0,0,0,0,0,0.90294462909496997
3689,32.013719488551438,-0.30630328060232725,0,0,0,0,0,0.90297376959923703
3690,32.02239764509482,-0.30628422458308591,0,0,0,0,0,0.90300289976584958
3691,32.03107580163821,-0.30626517880688608,0,0,0,0,0,0.90303201966864299
3692,32.039753958181592,-0.30624614319967591,0,0,0,0,0,0.90306112938150496
3693,32.048432114724982,-0.30622711768740341,0,0,0,0,0,0.90309022897837454
3694,32.057110271268364,-0.30620810219601857,0,0,0,0,0,0.90311931853324057
3695,32.065788427811754,-0.30618909665147331,0,0,0,0,0,0.90314839812013903
3696,32.074466584355136,-0.3061701009797243,0,0,0,0,0,0.90317746781315278
3697,32.083144740898526,-0.30615111510673254,0,0,0,0,0,0.90320652768640897
3698,32.091822897441908,-0.30613213895846625,0,0,0,0,0,0.90323557781407793
3699,32.100501053985298,-0.30611317246090131,0,0,0,0,0,0.90326461827037097
3700,32.10917921052868,-0.30609421554002181,0,0,0,0,0,0.90329364912953936
3701,32.11785736707207,-0.30607526812182306,0,0,0,0,0,0.90332267046587256
3702,32.126535523615452,-0.30605633013231104,0,0,0,0,0,0.90335168235369645
3703,32.135213680158841,-0.30603740149750469,0,0,0,0,0,0.90338068486737155
3704,32.143891836702231,-0.30601848214343663,0,0,0,0,0,0.90340967808129269
3705,32.152569993245613,-0.30599957199615457,0,0,0,0,0,0.90343866206988521
3706,32.161248149789003,-0.30598067098172221,0,0,0,0,0,0.90346763690760556
3707,32.169926306332385,-0.30596177902622101,0,0,0,0,0,0.90349660266893816
3708,32.178604462875775,-0.30594289605575065,0,0,0,0,0,0.9035255594283953
3709,32.187282619419157,-0.30592402199643054,0,0,0,0,0,0.90355450726051423
3710,32.195960775962547,-0.30590515677440133,0,0,0,0,0,0.90358344623985598
3711,32.204638932505929,-0.30588630031582487,0,0,0,0,0,0.90361237644100434
3712,32.213317089049319,-0.30586745254688708,0,0,0,0,0,0.90364129793856407
3713,32.221995245592701,-0.30584861339379754,0,0,0,0,0,0.90367021080715904
3714,32.230673402136091,-0.30582978278279171,0,0,0,0,0,0.90369911512143108
3715,32.239351558679473,-0.30581096064013069,0,0,0,0,0,0.9037280109560385
3716,32.248029715222863,-0.30579214689210432,0,0,0,0,0,0.90375689838565365
3717,32.256707871766245,-0.3057733414650301,0,0,0,0,0,0.90378577748496314
3718,32.265386028309635,-0.3057545442852565,0,0,0,0,0,0.90381464832866487
3719,32.274064184853017,-0.30573575527916153,0,0,0,0,0,0.9038435109914672
3720,32.282742341396407,-0.30571697437315659,0,0,0,0,0,0.90387236554808692
3721,32.291420497939789,-0.30569820149368521,0,0,0,0,0,0.90390121207324858
3722,32.300098654483179,-0.30567943656722518,0,0,0,0,0,0.9039300506416823
3723,32.308776811026561,-0.30566067952028986,0,0,0,0,0,0.90395888132812263
3724,32.317454967569951,-0.30564193027942843,0,0,0,0,0,0.9039877042073069
3725,32.326133124113333,-0.30562318877122763,0,0,0,0,0,0.90401651935397398
3726,32.334811280656723,-0.30560445492231259,0,0,0,0,0,0.90404532684286287
3727,32.343489437200105,-0.3055857286593473,0,0,0,0,0,0.90407412674871057
3728,32.352167593743495,-0.30556700990903685,0,0,0,0,0,0.90410291914625163
3729,32.360845750286884,-0.3055482985981276,0,0,0,0,0,0.90413170411021571
3730,32.369523906830267,-0.30552959465340801,0,0,0,0,0,0.90416048171532715
3731,32.378202063373656,-0.30551089800171016,0,0,0,0,0,0.90418925203630274
3732,32.386880219917039,-0.30549220856991088,0,0,0,0,0,0.9042180151478505
3733,32.395558376460428,-0.30547352628493207,0,0,0,0,0,0.90424677112466856
3734,32.404236533003811,-0.30545485107374248,0,0,0,0,0,0.90427552004144307
3735,32.4129146895472,-0.30543618286335805,0,0,0,0,0,0.90430426197284786
3736,32.421592846090583,-0.30541752158084323,0,0,0,0,0,0.90433299699354153
3737,32.430271002633972,-0.30539886715331199,0,0,0,0,0,0.90436172517816749
3738,32.438949159177355,-0.30538021950792904,0,0,0,0,0,0.90439044660135159
3739,32.447627315720744,-0.3053615785719096,0,0,0,0,0,0.9044191613377015
3740,32.456305472264127,-0.30534294427252218,0,0,0,0,0,0.90444786946180467
3741,32.464983628807516,-0.3053243165370878,0,0,0,0,0,0.90447657104822698
3742,32.473661785350899,-0.30530569529298268,0,0,0,0,0,0.90450526617151128
3743,32.482339941894288,-0.30528708046763742,0,0,0,0,0,0.90453395490617716
3744,32.491018098437671,-0.30526847198853935,0,0,0,0,0,0.90456263732671771
3745,32.49969625498106,-0.30524986978323243,0,0,0,0,0,0.90459131350759969
3746,32.508374411524443,-0.30523127377931947,0,0,0,0,0,0.90461998352326123
3747,32.517052568067832,-0.30521268390446166,0,0,0,0,0,0.90464864744811058
3748,32.525730724611215,-0.30519410008638037,0,0,0,0,0,0.90467730535652546
3749,32.534408881154604,-0.3051755222528576,0,0,0,0,0,0.90470595732285075
3750,32.543087037697987,-0.30515695033173751,0,0,0,0,0,0.90473460342139811
3751,32.551765194241376,-0.30513838425092676,0,0,0,0,0,0.90476324372644323
3752,32.560443350784759,-0.30511982393839598,0,0,0,0,0,0.90479187831222607
3753,32.569121507328148,-0.30510126932217985,0,0,0,0,0,0.90482050725294805
3754,32.577799663871531,-0.30508272033037909,0,0,0,0,0,0.90484913062277195
3755,32.58647782041492,-0.30506417689116039,0,0,0,0,0,0.90487774849581992
3756,32.59515597695831,-0.30504563893275782,0,0,0,0,0,0.90490636094617205
3757,32.603834133501692,-0.30502710638347397,0,0,0,0,0,0.90493496804786533
3758,32.612512290045082,-0.30500857917168023,0,0,0,0,0,0.90496356987489202
3759,32.621190446588464,-0.30499005722581796,0,0,0,0,0,0.90499216650119885
3760,32.629868603131854,-0.30497154047439956,0,0,0,0,0,0.90502075800068504
3761,32.638546759675236,-0.3049530288460095,0,0,0,0,0,0.90504934444720142
3762,32.647224916218626,-0.30493452226930429,0,0,0,0,0,0.90507792591454872
3763,32.655903072762008,-0.30491602067301438,0,0,0,0,0,0.90510650247647684
3764,32.664581229305398,-0.30489752398594505,0,0,0,0,0,0.90513507420668271
3765,32.67325938584878,-0.30487903213697609,0,0,0,0,0,0.90516364117880987
3766,32.68193754239217,-0.30486054505506444,0,0,0,0,0,0.90519220346644624
3767,32.690615698935552,-0.30484206266924341,0,0,0,0,0,0.905220761143124
3768,32.699293855478942,-0.30482358490862482,0,0,0,0,0,0.90524931428231659
3769,32.707972012022324,-0.30480511170239899,0,0,0,0,0,0.90527786295743917
3770,32.716650168565714,-0.30478664297983626,0,0,0,0,0,0.9053064072418463
3771,32.725328325109096,-0.30476817867028716,0,0,0,0,0,0.90533494720883034
3772,32.734006481652486,-0.30474971870318446,0,0,0,0,0,0.90536348293162161
3773,32.742684638195868,-0.30473126300804254,0,0,0,0,0,0.90539201448338513
3774,32.751362794739258,-0.30471281151445928,0,0,0,0,0,0.9054205419372211
3775,32.76004095128264,-0.30469436415211704,0,0,0,0,0,0.90544906536616221
3776,32.76871910782603,-0.30467592085078243,0,0,0,0,0,0.90547758484317331
3777,32.777397264369412,-0.30465748154030858,0,0,0,0,0,0.90550610044114987
3778,32.786075420912802,-0.30463904615063453,0,0,0,0,0,0.9055346122329162
3779,32.794753577456184,-0.30462061461178791,0,0,0,0,0,0.90556312029122488
3780,32.803431733999574,-0.30460218685388352,0,0,0,0,0,0.90559162468875509
3781,32.812109890542963,-0.30458376280712685,0,0,0,0,0,0.90562012549811077
3782,32.820788047086346,-0.30456534240181232,0,0,0,0,0,0.9056486227918209
3783,32.829466203629735,-0.30454692556832619,0,0,0,0,0,0.90567711664233652
3784,32.838144360173118,-0.30452851223714617,0,0,0,0,0,0.9057056071220303
3785,32.846822516716507,-0.30451010233884257,0,0,0,0,0,0.90573409430319518
3786,32.85550067325989,-0.30449169580407975,0,0,0,0,0,0.90576257825804318
3787,32.864178829803279,-0.3044732925636161,0,0,0,0,0,0.90579105905870372
3788,32.872856986346662,-0.30445489254830582,0,0,0,0,0,0.90581953677722249
3789,32.881535142890051,-0.30443649568909881,0,0,0,0,0,0.9058480114855606
3790,32.890213299433434,-0.30441810191704222,0,0,0,0,0,0.90587648325559278
3791,32.898891455976823,-0.30439971116328091,0,0,0,0,0,0.90590495215910627
3792,32.907569612520206,-0.30438132335905865,0,0,0,0,0,0.9059334182677995
3793,32.916247769063595,-0.30436293843571893,0,0,0,0,0,0.90596188165328118
3794,32.924925925606978,-0.30434455632470547,0,0,0,0,0,0.90599034238706821
3795,32.933604082150367,-0.3043261769575637,0,0,0,0,0,0.90601880054058515
3796,32.94228223869375,-0.30430780026594073,0,0,0,0,0,0.9060472561851628
3797,32.950960395237139,-0.30428942618158727,0,0,0,0,0,0.90607570939203674
3798,32.959638551780522,-0.3042710546363574,0,0,0,0,0,0.9061041602323463
3799,32.968316708323911,-0.30425268556221075,0,0,0,0,0,0.90613260877713253
3800,32.976994864867294,-0.30423431889121189,0,0,0,0,0,0.90616105509733835
3801,32.985673021410683,-0.30421595455553219,0,0,0,0,0,0.90618949926380576
3802,32.994351177954066,-0.3041975924874506,0,0,0,0,0,0.90621794134727573
3803,33.003029334497455,-0.30417923261935431,0,0,0,0,0,0.90624638141838598
3804,33.011707491040838,-0.30416087488373911,0,0,0,0,0,0.90627481954767086
3805,33.020385647584227,-0.30414251921321178,0,0,0,0,0,0.90630325580555859
3806,33.02906380412761,-0.30412416554048904,0,0,0,0,0,0.90633169026237137
3807,33.037741960670999,-0.30410581379839974,0,0,0,0,0,0.90636012298832325
3808,33.046420117214389,-0.30408746391988573,0,0,0,0,0,0.90638855405351926
3809,33.055098273757771,-0.30406911583800178,0,0,0,0,0,0.90641698352795386
3810,33.063776430301161,-0.30405076948591736,0,0,0,0,0,0.90644541148151025
3811,33.072454586844543,-0.30403242479691739,0,0,0,0,0,0.90647383798395775
3812,33.081132743387933,-0.30401408170440269,0,0,0,0,0,0.90650226310495219
3813,33.089810899931315,-0.30399574014189101,0,0,0,0,0,0.90653068691403371
3814,33.098489056474705,-0.30397740004301832,0,0,0,0,0,0.90655910948062579
3815,33.107167213018087,-0.30395906134153938,0,0,0,0,0,0.90658753087403343
3816,33.115845369561477,-0.30394072397132843,0,0,0,0,0,0.90661595116344262
3817,33.124523526104859,-0.30392238786638082,0,0,0,0,0,0.90664437041791868
3818,33.133201682648249,-0.30390405296081291,0,0,0,0,0,0.90667278870640466
3819,33.141879839191631,-0.30388571918886376,0,0,0,0,0,0.90670120609772065
3820,33.150557995735021,-0.30386738648489586,0,0,0,0,0,0.90672962266056256
3821,33.159236152278403,-0.3038490547833953,0,0,0,0,0,0.9067580384635
3822,33.167914308821793,-0.30383072401897393,0,0,0,0,0,0.906786453574976
3823,33.176592465365175,-0.30381239412636951,0,0,0,0,0,0.90681486806330502
3824,33.185270621908565,-0.30379406504044637,0,0,0,0,0,0.90684328199667219
3825,33.193948778451947,-0.3037757366961974,0,0,0,0,0,0.90687169544313129
3826,33.202626934995337,-0.3037574090287436,0,0,0,0,0,0.90690010847060432
3827,33.211305091538719,-0.30373908197333599,0,0,0,0,0,0.90692852114687972
3828,33.219983248082109,-0.30372075546535615,0,0,0,0,0,0.90695693353961104
3829,33.228661404625491,-0.30370242944031722,0,0,0,0,0,0.90698534571631595
3830,33.237339561168881,-0.30368410383386479,0,0,0,0,0,0.90701375774437498
3831,33.246017717712263,-0.30366577858177801,0,0,0,0,0,0.90704216969102969
3832,33.254695874255653,-0.30364745361997025,0,0,0,0,0,0.90707058162338172
3833,33.263374030799035,-0.30362912888449023,0,0,0,0,0,0.90709899360839175
3834,33.272052187342425,-0.30361080431152287,0,0,0,0,0,0.90712740571287775
3835,33.280730343885814,-0.30359247983739035,0,0,0,0,0,0.90715581800351397
3836,33.289408500429197,-0.30357415539855293,0,0,0,0,0,0.90718423054682962
3837,33.298086656972586,-0.30355583093160987,0,0,0,0,0,0.9072126434092076
3838,33.306764813515969,-0.30353750637330057,0,0,0,0,0,0.90724105665688248
3839,33.315442970059358,-0.30351918166050562,0,0,0,0,0,0.90726947035594097
3840,33.324121126602741,-0.30350085673024729,0,0,0,0,0,0.90729788457231841
3841,33.33279928314613,-0.30348253151969085,0,0,0,0,0,0.90732629937179909
3842,33.341477439689513,-0.30346420596614554,0,0,0,0,0,0.90735471482001417
3843,33.350155596232902,-0.30344588000706563,0,0,0,0,0,0.90738313098244061
3844,33.358833752776285,-0.30342755358005125,0,0,0,0,0,0.90741154792440004
3845,33.367511909319674,-0.30340922662284897,0,0,0,0,0,0.9074399657110569
3846,33.376190065863057,-0.3033908990733537,0,0,0,0,0,0.90746838440741751
3847,33.384868222406446,-0.30337257086960889,0,0,0,0,0,0.90749680407832889
3848,33.393546378949829,-0.30335424194980809,0,0,0,0,0,0.9075252247884773
3849,33.402224535493218,-0.30333591225229539,0,0,0,0,0,0.90755364660238658
3850,33.410902692036601,-0.30331758171556711,0,0,0,0,0,0.90758206958441723
3851,33.41958084857999,-0.3032992502782722,0,0,0,0,0,0.90761049379876502
3852,33.428259005123373,-0.3032809178792133,0,0,0,0,0,0.90763891930945961
3853,33.436937161666762,-0.30326258445734811,0,0,0,0,0,0.90766734618036349
3854,33.445615318210145,-0.30324424995179056,0,0,0,0,0,0.90769577447516991
3855,33.454293474753534,-0.30322591430181089,0,0,0,0,0,0.9077242042574023
3856,33.462971631296917,-0.30320757744683791,0,0,0,0,0,0.90775263559041264
3857,33.471649787840306,-0.30318923932645903,0,0,0,0,0,0.90778106853738016
3858,33.480327944383689,-0.30317089988042212,0,0,0,0,0,0.90780950316130971
3859,33.489006100927078,-0.30315255904863547,0,0,0,0,0,0.90783793952503133
3860,33.497684257470468,-0.30313421677117036,0,0,0,0,0,0.90786637769119771
3861,33.50636241401385,-0.3031158729882607,0,0,0,0,0,0.90789481772228364
3862,33.51504057055724,-0.30309752764030495,0,0,0,0,0,0.9079232596805844
3863,33.523718727100622,-0.30307918066786677,0,0,0,0,0,0.90795170362821442
3864,33.532396883644012,-0.30306083201167588,0,0,0,0,0,0.90798014962710594
3865,33.541075040187394,-0.30304248161263059,0,0,0,0,0,0.90800859773900766
3866,33.549753196730784,-0.30302412941179657,0,0,0,0,0,0.90803704802548335
3867,33.558431353274166,-0.30300577535040996,0,0,0,0,0,0.90806550054791069
3868,33.567109509817556,-0.30298741936987694,0,0,0,0,0,0.90809395536747983
3869,33.575787666360938,-0.30296906141177615,0,0,0,0,0,0.90812241254519166
3870,33.584465822904328,-0.30295070141785885,0,0,0,0,0,0.90815087214185686
3871,33.59314397944771,-0.30293233933005037,0,0,0,0,0,0.90817933421809427
3872,33.6018221359911,-0.30291397509045115,0,0,0,0,0,0.90820779883433012
3873,33.610500292534482,-0.30289560864133847,0,0,0,0,0,0.90823626605079566
3874,33.619178449077872,-0.30287723992516602,0,0,0,0,0,0.90826473592752643
3875,33.627856605621254,-0.30285886888456648,0,0,0,0,0,0.90829320852436091
3876,33.636534762164644,-0.30284049546235281,0,0,0,0,0,0.90832168390093915
3877,33.645212918708026,-0.30282211960151773,0,0,0,0,0,0.90835016211670117
3878,33.653891075251416,-0.30280374124523646,0,0,0,0,0,0.90837864323088491
3879,33.662569231794798,-0.3027853603368672,0,0,0,0,0,0.90840712730252682
3880,33.671247388338188,-0.30276697681995246,0,0,0,0,0,0.90843561439045839
3881,33.67992554488157,-0.30274859063822002,0,0,0,0,0,0.90846410455330573
3882,33.68860370142496,-0.30273020173558429,0,0,0,0,0,0.90849259784948799
3883,33.697281857968342,-0.30271181005614767,0,0,0,0,0,0.90852109433721662
3884,33.705960014511732,-0.30269341554420093,0,0,0,0,0,0.90854959407449243
3885,33.714638171055114,-0.30267501814422537,0,0,0,0,0,0.90857809711910598
3886,33.723316327598504,-0.30265661780089326,0,0,0,0,0,0.90860660352863465
3887,33.731994484141893,-0.30263821445906991,0,0,0,0,0,0.90863511336044223
3888,33.740672640685275,-0.30261980806381361,0,0,0,0,0,0.90866362667167722
3889,33.749350797228665,-0.30260139856037782,0,0,0,0,0,0.90869214351927141
3890,33.758028953772047,-0.30258298589421218,0,0,0,0,0,0.90872066395993834
3891,33.766707110315437,-0.30256457001096371,0,0,0,0,0,0.90874918805017191
3892,33.775385266858819,-0.30254615085647762,0,0,0,0,0,0.90877771584624512
3893,33.784063423402209,-0.30252772837679898,0,0,0,0,0,0.90880624740420879
3894,33.792741579945591,-0.30250930251817432,0,0,0,0,0,0.90883478277988961
3895,33.801419736488981,-0.30249087322705126,0,0,0,0,0,0.90886332202888909
3896,33.810097893032363,-0.30247244045008226,0,0,0,0,0,0.90889186520658205
3897,33.818776049575753,-0.30245400413412349,0,0,0,0,0,0.90892041236811538
3898,33.827454206119135,-0.30243556422623774,0,0,0,0,0,0.90894896356840627
3899,33.836132362662525,-0.30241712067369431,0,0,0,0,0,0.90897751886214118
3900,33.844810519205907,-0.30239867342397164,0,0,0,0,0,0.90900607830377367
3901,33.853488675749297,-0.30238022242475782,0,0,0,0,0,0.9090346419475237
3902,33.862166832292679,-0.30236176762395173,0,0,0,0,0,0.90906320984737632
3903,33.870844988836069,-0.30234330896966455,0,0,0,0,0,0.90909178205707919
3904,33.879523145379451,-0.30232484641022139,0,0,0,0,0,0.9091203586301424
3905,33.888201301922841,-0.30230637989416209,0,0,0,0,0,0.90914893961983601
3906,33.896879458466223,-0.30228790937024264,0,0,0,0,0,0.90917752507918914
3907,33.905557615009613,-0.30226943478743673,0,0,0,0,0,0.90920611506098825
3908,33.914235771552995,-0.30225095609493691,0,0,0,0,0,0.90923470961777597
3909,33.922913928096385,-0.30223247324215552,0,0,0,0,0,0.90926330880184913
3910,33.931592084639767,-0.30221398617872675,0,0,0,0,0,0.90929191266525866
3911,33.940270241183157,-0.30219549485450703,0,0,0,0,0,0.909320521259806
3912,33.948948397726539,-0.30217699921957764,0,0,0,0,0,0.90934913463704325
3913,33.957626554269929,-0.30215849922424498,0,0,0,0,0,0.90937775284827116
3914,33.966304710813318,-0.30213999481904219,0,0,0,0,0,0.90940637594453788
3915,33.974982867356701,-0.30212148595473054,0,0,0,0,0,0.9094350039766369
3916,33.98366102390009,-0.30210297258230123,0,0,0,0,0,0.90946363699510657
3917,33.992339180443473,-0.30208445465297573,0,0,0,0,0,0.90949227505022767
3918,34.001017336986862,-0.3020659321182082,0,0,0,0,0,0.90952091819202263
3919,34.009695493530245,-0.30204740492968651,0,0,0,0,0,0.90954956647025331
3920,34.018373650073634,-0.30202887303933301,0,0,0,0,0,0.90957821993442056
3921,34.027051806617017,-0.30201033639930663,0,0,0,0,0,0.90960687863376166
3922,34.035729963160406,-0.30199179496200446,0,0,0,0,0,0.90963554261724977
3923,34.044408119703789,-0.30197324868006237,0,0,0,0,0,0.90966421193359137
3924,34.053086276247178,-0.30195469750635695,0,0,0,0,0,0.90969288663122605
3925,34.061764432790561,-0.3019361413940066,0,0,0,0,0,0.90972156675832394
3926,34.07044258933395,-0.30191758029637317,0,0,0,0,0,0.90975025236278506
3927,34.079120745877333,-0.30189901416706355,0,0,0,0,0,0.9097789434922372
3928,34.087798902420722,-0.30188044295993044,0,0,0,0,0,0.90980764019403437
3929,34.096477058964105,-0.30186186662907433,0,0,0,0,0,0.90983634251525636
3930,34.105155215507494,-0.30184328512884506,0,0,0,0,0,0.90986505050270583
3931,34.113833372050877,-0.30182469841384252,0,0,0,0,0,0.90989376420290791
3932,34.122511528594266,-0.30180610643891881,0,0,0,0,0,0.90992248366210737
3933,34.131189685137649,-0.3017875091591794,0,0,0,0,0,0.90995120892626957
3934,34.139867841681038,-0.30176890652998478,0,0,0,0,0,0.90997994004107619
3935,34.148545998224421,-0.30175029850695134,0,0,0,0,0,0.91000867705192512
3936,34.15722415476781,-0.30173168504595338,0,0,0,0,0,0.91003742000392918
3937,34.165902311311193,-0.30171306610312487,0,0,0,0,0,0.91006616894191361
3938,34.174580467854582,-0.3016944416348597,0,0,0,0,0,0.91009492391041613
3939,34.183258624397972,-0.30167581159781465,0,0,0,0,0,0.91012368495368356
3940,34.191936780941354,-0.30165717594890962,0,0,0,0,0,0.91015245211567164
3941,34.200614937484744,-0.30163853464532997,0,0,0,0,0,0.91018122544004321
3942,34.209293094028126,-0.30161988764452763,0,0,0,0,0,0.91021000497016646
3943,34.217971250571516,-0.30160123490422253,0,0,0,0,0,0.91023879074911362
3944,34.226649407114898,-0.30158257638240438,0,0,0,0,0,0.91026758281965936
3945,34.235327563658288,-0.30156391203733413,0,0,0,0,0,0.91029638122427958
3946,34.24400572020167,-0.30154524182754494,0,0,0,0,0,0.91032518600514933
3947,34.25268387674506,-0.30152656571184422,0,0,0,0,0,0.91035399720414167
3948,34.261362033288442,-0.30150788364931547,0,0,0,0,0,0.91038281486282657
3949,34.270040189831832,-0.30148919559931875,0,0,0,0,0,0.91041163902246836
3950,34.278718346375214,-0.30147050152149335,0,0,0,0,0,0.91044046972402526
3951,34.287396502918604,-0.30145180137575855,0,0,0,0,0,0.91046930700814699
3952,34.296074659461986,-0.3014330951223152,0,0,0,0,0,0.91049815091517405
3953,34.304752816005376,-0.30141438272164789,0,0,0,0,0,0.91052700148513566
3954,34.313430972548758,-0.30139566413452568,0,0,0,0,0,0.91055585875774847
3955,34.322109129092148,-0.30137693932200404,0,0,0,0,0,0.9105847227724152
3956,34.33078728563553,-0.30135820824542658,0,0,0,0,0,0.91061359356822258
3957,34.33946544217892,-0.30133947086642621,0,0,0,0,0,0.9106424711839407
3958,34.348143598722302,-0.30132072714692681,0,0,0,0,0,0.9106713556580206
3959,34.356821755265692,-0.30130197704914474,0,0,0,0,0,0.91070024702859342
3960,34.365499911809074,-0.30128322053559109,0,0,0,0,0,0.91072914533346849
3961,34.374178068352464,-0.30126445756907194,0,0,0,0,0,0.91075805061013204
3962,34.382856224895846,-0.30124568811269103,0,0,0,0,0,0.91078696289574579
3963,34.391534381439236,-0.30122691212985098,0,0,0,0,0,0.91081588222714482
3964,34.400212537982618,-0.30120812958425447,0,0,0,0,0,0.91084480864083717
3965,34.408890694526008,-0.30118934043990664,0,0,0,0,0,0.91087374217300132
3966,34.417568851069397,-0.30117054466111537,0,0,0,0,0,0.91090268285948539
3967,34.42624700761278,-0.30115174221249497,0,0,0,0,0,0.91093163073580463
3968,34.434925164156169,-0.30113293305896549,0,0,0,0,0,0.91096058583714135
3969,34.443603320699552,-0.30111411716575542,0,0,0,0,0,0.91098954819834244
3970,34.452281477242941,-0.30109529449840344,0,0,0,0,0,0.91101851785391785
3971,34.460959633786324,-0.30107646502275953,0,0,0,0,0,0.91104749483803993
3972,34.469637790329713,-0.30105762870498676,0,0,0,0,0,0.91107647918454093
3973,34.478315946873096,-0.30103878551156305,0,0,0,0,0,0.91110547092691185
3974,34.486994103416485,-0.30101993540928229,0,0,0,0,0,0.91113447009830151
3975,34.495672259959868,-0.30100107836525636,0,0,0,0,0,0.91116347673151421
3976,34.504350416503257,-0.30098221434691697,0,0,0,0,0,0.91119249085900877
3977,34.51302857304664,-0.30096334332201635,0,0,0,0,0,0.91122151251289696
3978,34.521706729590029,-0.30094446525862972,0,0,0,0,0,0.91125054172494191
3979,34.530384886133412,-0.30092558012515647,0,0,0,0,0,0.91127957852655683
3980,34.539063042676801,-0.30090668789032182,0,0,0,0,0,0.91130862294880299
3981,34.547741199220184,-0.30088778852317866,0,0,0,0,0,0.91133767502238927
3982,34.556419355763573,-0.30086888199310879,0,0,0,0,0,0.91136673477766972
3983,34.565097512306956,-0.30084996826982491,0,0,0,0,0,0.91139580224464223
3984,34.573775668850345,-0.30083104732337196,0,0,0,0,0,0.91142487745294765
3985,34.582453825393728,-0.30081211912412853,0,0,0,0,0,0.91145396043186799
3986,34.591131981937117,-0.30079318364280927,0,0,0,0,0,0.91148305121032469
3987,34.5998101384805,-0.30077424085046545,0,0,0,0,0,0.91151214981687745
3988,34.608488295023889,-0.30075529071848739,0,0,0,0,0,0.91154125627972304
3989,34.617166451567272,-0.30073633321860571,0,0,0,0,0,0.91157037062669288
3990,34.625844608110661,-0.30071736832289298,0,0,0,0,0,0.91159949288525333
3991,34.634522764654051,-0.30069839600376547,0,0,0,0,0,0.91162862308250181
3992,34.643200921197433,-0.30067941623398453,0,0,0,0,0,0.91165776124516784
3993,34.651879077740823,-0.30066042898665823,0,0,0,0,0,0.91168690739961011
3994,34.660557234284205,-0.30064143423524325,0,0,0,0,0,0.91171606157181551
3995,34.669235390827595,-0.30062243195354621,0,0,0,0,0,0.91174522378739753
3996,34.677913547370977,-0.30060342211572522,0,0,0,0,0,0.91177439407159511
3997,34.686591703914367,-0.30058440469629188,0,0,0,0,0,0.9118035724492709
3998,34.695269860457749,-0.30056537967011254,0,0,0,0,0,0.91183275894491012
3999,34.703948017001139,-0.30054634701240979,0,0,0,0,0,0.91186195358261901
4000,34.712626173544521,-0.30052730669876448,0,0,0,0,0,0.91189115638612339
4001,34.721304330087911,-0.30050825870511733,0,0,0,0,0,0.91192036737876792
4002,34.729982486631293,-0.30048920300776938,0,0,0,0,0,0.91194958658351322
4003,34.738660643174683,-0.30047013958338564,0,0,0,0,0,0.9119788140229359
4004,34.747338799718065,-0.30045106840899494,0,0,0,0,0,0.91200804971922689
4005,34.756016956261455,-0.30043198946199223,0,0,0,0,0,0.9120372936941894
4006,34.764695112804837,-0.30041290272014021,0,0,0,0,0,0.91206654596923808
4007,34.773373269348227,-0.30039380816157057,0,0,0,0,0,0.91209580656539813
4008,34.782051425891609,-0.30037470576478564,0,0,0,0,0,0.91212507550330291
4009,34.790729582434999,-0.30035559550866076,0,0,0,0,0,0.9121543528031929
4010,34.799407738978381,-0.30033647737244462,0,0,0,0,0,0.91218363848491513
4011,34.808085895521771,-0.30031735133576143,0,0,0,0,0,0.9122129325679208
4012,34.816764052065153,-0.30029821737861295,0,0,0,0,0,0.91224223507126456
4013,34.825442208608543,-0.30027907548137922,0,0,0,0,0,0.91227154601360305
4014,34.834120365151925,-0.30025992562482062,0,0,0,0,0,0.91230086541319333
4015,34.842798521695315,-0.30024076779007935,0,0,0,0,0,0.91233019328789222
4016,34.851476678238697,-0.30022160195868064,0,0,0,0,0,0.91235952965515443
4017,34.860154834782087,-0.30020242811253495,0,0,0,0,0,0.91238887453203099
4018,34.868832991325476,-0.30018324623393899,0,0,0,0,0,0.91241822793516902
4019,34.877511147868859,-0.30016405630557752,0,0,0,0,0,0.91244758988080943
4020,34.886189304412248,-0.30014485831052495,0,0,0,0,0,0.91247696038478632
4021,34.894867460955631,-0.3001256522322463,0,0,0,0,0,0.91250633946252513
4022,34.90354561749902,-0.30010643805459947,0,0,0,0,0,0.91253572712904196
4023,34.912223774042403,-0.3000872157618365,0,0,0,0,0,0.91256512339894169
4024,34.920901930585792,-0.30006798533860468,0,0,0,0,0,0.91259452828641741
4025,34.929580087129175,-0.30004874676994875,0,0,0,0,0,0.91262394180524886
4026,34.938258243672564,-0.30002950004131201,0,0,0,0,0,0.91265336396880115
4027,34.946936400215947,-0.30001024513853769,0,0,0,0,0,0.91268279479002334
4028,34.955614556759336,-0.29999098204787078,0,0,0,0,0,0.9127122342814481
4029,34.964292713302719,-0.29997171075595908,0,0,0,0,0,0.91274168245518961
4030,34.972970869846108,-0.29995243124985538,0,0,0,0,0,0.91277113932294263
4031,34.981649026389491,-0.29993314351701794,0,0,0,0,0,0.91280060489598169
4032,34.99032718293288,-0.29991384754531303,0,0,0,0,0,0.91283007918515924
4033,34.999005339476263,-0.29989454332301557,0,0,0,0,0,0.91285956220090503
4034,35.007683496019652,-0.29987523083881107,0,0,0,0,0,0.91288905395322484
4035,35.016361652563035,-0.29985591008179635,0,0,0,0,0,0.91291855445169945
4036,35.025039809106424,-0.29983658104148203,0,0,0,0,0,0.91294806370548331
4037,35.033717965649807,-0.29981724370779317,0,0,0,0,0,0.91297758172330346
4038,35.042396122193196,-0.29979789807107071,0,0,0,0,0,0.91300710851345823
4039,35.051074278736579,-0.29977854412207394,0,0,0,0,0,0.91303664408381668
4040,35.059752435279968,-0.29975918185197981,0,0,0,0,0,0.91306618844181708
4041,35.068430591823351,-0.29973981125238613,0,0,0,0,0,0.91309574159446638
4042,35.07710874836674,-0.29972043231531242,0,0,0,0,0,0.91312530354833821
4043,35.085786904910123,-0.29970104503320105,0,0,0,0,0,0.91315487430957254
4044,35.094465061453512,-0.29968164939891884,0,0,0,0,0,0.91318445388387448
4045,35.103143217996902,-0.2996622454057587,0,0,0,0,0,0.91321404227651326
4046,35.111821374540284,-0.29964283304743966,0,0,0,0,0,0.91324363949232112
4047,35.120499531083674,-0.29962341231810974,0,0,0,0,0,0.91327324553569245
4048,35.129177687627056,-0.29960398321234694,0,0,0,0,0,0.91330286041058284
4049,35.137855844170446,-0.29958454572515969,0,0,0,0,0,0.91333248412050794
4050,35.146534000713828,-0.29956509985198876,0,0,0,0,0,0.91336211666854239
4051,35.155212157257218,-0.29954564558870878,0,0,0,0,0,0.91339175805731931
4052,35.1638903138006,-0.29952618293162869,0,0,0,0,0,0.91342140828902918
4053,35.17256847034399,-0.29950671187749445,0,0,0,0,0,0.91345106736541815
4054,35.181246626887372,-0.2994872324234884,0,0,0,0,0,0.91348073528778861
4055,35.189924783430762,-0.29946774456723202,0,0,0,0,0,0.91351041205699712
4056,35.198602939974144,-0.29944824830678662,0,0,0,0,0,0.91354009767345379
4057,35.207281096517534,-0.29942874364065375,0,0,0,0,0,0.91356979213712208
4058,35.215959253060916,-0.29940923056777824,0,0,0,0,0,0.9135994954475164
4059,35.224637409604306,-0.29938970908754758,0,0,0,0,0,0.91362920760370325
4060,35.233315566147688,-0.29937017919979381,0,0,0,0,0,0.91365892860429876
4061,35.241993722691078,-0.29935064090479513,0,0,0,0,0,0.91368865844746894
4062,35.25067187923446,-0.29933109420327619,0,0,0,0,0,0.91371839713092817
4063,35.25935003577785,-0.29931153909640951,0,0,0,0,0,0.91374814465193888
4064,35.268028192321232,-0.29929197558581733,0,0,0,0,0,0.91377790100731016
4065,35.276706348864622,-0.29927240367357133,0,0,0,0,0,0.91380766619339815
4066,35.285384505408004,-0.29925282336219461,0,0,0,0,0,0.91383744020610413
4067,35.294062661951394,-0.29923323465466289,0,0,0,0,0,0.91386722304087453
4068,35.302740818494776,-0.299213637554405,0,0,0,0,0,0.91389701469269968
4069,35.311418975038166,-0.29919403206530448,0,0,0,0,0,0.91392681515611363
4070,35.320097131581555,-0.29917441819169999,0,0,0,0,0,0.9139566244251931
4071,35.328775288124938,-0.29915479593838645,0,0,0,0,0,0.91398644249355743
4072,35.337453444668327,-0.29913516531061679,0,0,0,0,0,0.91401626935436675
4073,35.346131601211709,-0.29911552631410188,0,0,0,0,0,0.91404610500032291
4074,35.354809757755099,-0.29909587895501177,0,0,0,0,0,0.91407594942366754
4075,35.363487914298481,-0.2990762232399774,0,0,0,0,0,0.91410580261618213
4076,35.372166070841871,-0.29905655917609042,0,0,0,0,0,0.91413566456918716
4077,35.380844227385253,-0.29903688677090479,0,0,0,0,0,0.91416553527354205
4078,35.389522383928643,-0.29901720603243709,0,0,0,0,0,0.91419541471964405
4079,35.398200540472025,-0.29899751696916832,0,0,0,0,0,0.91422530289742765
4080,35.406878697015415,-0.29897781959004388,0,0,0,0,0,0.91425519979636494
4081,35.415556853558797,-0.2989581139044748,0,0,0,0,0,0.91428510540546404
4082,35.424235010102187,-0.29893839992233795,0,0,0,0,0,0.91431501971326978
4083,35.432913166645569,-0.29891867765397828,0,0,0,0,0,0.91434494270786193
4084,35.441591323188959,-0.29889894711020748,0,0,0,0,0,0.91437487437685594
4085,35.450269479732341,-0.29887920830230696,0,0,0,0,0,0.91440481470740176
4086,35.458947636275731,-0.29885946124202678,0,0,0,0,0,0.91443476368618393
4087,35.467625792819113,-0.29883970594158737,0,0,0,0,0,0.91446472129942091
4088,35.476303949362503,-0.29881994241368004,0,0,0,0,0,0.91449468753286511
4089,35.484982105905885,-0.29880017067146736,0,0,0,0,0,0.91452466237180197
4090,35.493660262449275,-0.29878039072858409,0,0,0,0,0,0.91455464580104995
4091,35.502338418992657,-0.29876060259913761,0,0,0,0,0,0.91458463780496069
4092,35.511016575536047,-0.29874080629770894,0,0,0,0,0,0.91461463836741774
4093,35.519694732079429,-0.29872100183935302,0,0,0,0,0,0.91464464747183727
4094,35.528372888622819,-0.29870118923959887,0,0,0,0,0,0.91467466510116691
4095,35.537051045166201,-0.29868136851445093,0,0,0,0,0,0.91470469123788678
4096,35.545729201709591,-0.29866153968038922,0,0,0,0,0,0.91473472586400817
4097,35.55440735825298,-0.29864170275436952,0,0,0,0,0,0.91476476896107373
4098,35.563085514796363,-0.29862185775382466,0,0,0,0,0,0.91479482051015748
4099,35.571763671339752,-0.29860200469666387,0,0,0,0,0,0.91482488049186439
4100,35.580441827883135,-0.29858214360127444,0,0,0,0,0,0.91485494888633068
4101,35.589119984426524,-0.29856227448652095,0,0,0,0,0,0.91488502567322338
4102,35.597798140969907,-0.2985423973717467,0,0,0,0,0,0.91491511083174049
4103,35.606476297513296,-0.29852251227677329,0,0,0,0,0,0.91494520434061044
4104,35.615154454056679,-0.29850261922190136,0,0,0,0,0,0.91497530617809286
4105,35.623832610600068,-0.29848271822791039,0,0,0,0,0,0.91500541632197818
4106,35.632510767143451,-0.2984628093160604,0,0,0,0,0,0.91503553474958732
4107,35.64118892368684,-0.29844289250808997,0,0,0,0,0,0.91506566143777235
4108,35.649867080230223,-0.29842296782621869,0,0,0,0,0,0.91509579636291605
4109,35.658545236773612,-0.29840303529314571,0,0,0,0,0,0.91512593950093257
4110,35.667223393316995,-0.29838309493205117,0,0,0,0,0,0.91515609082726646
4111,35.675901549860384,-0.29836314676659581,0,0,0,0,0,0.91518625031689427
4112,35.684579706403767,-0.29834319082092042,0,0,0,0,0,0.91521641794432351
4113,35.693257862947156,-0.29832322711964765,0,0,0,0,0,0.9152465936835934
4114,35.701936019490539,-0.2983032556878803,0,0,0,0,0,0.91527677750827519
4115,35.710614176033928,-0.29828327655120257,0,0,0,0,0,0.91530696939147183
4116,35.719292332577311,-0.29826328973567973,0,0,0,0,0,0.91533716930581854
4117,35.7279704891207,-0.29824329526785787,0,0,0,0,0,0.91536737722348327
4118,35.736648645664083,-0.29822329317476415,0,0,0,0,0,0.91539759311616675
4119,35.745326802207472,-0.29820328348390701,0,0,0,0,0,0.91542781695510267
4120,35.754004958750855,-0.29818326622327562,0,0,0,0,0,0.91545804871105851
4121,35.762683115294244,-0.29816324142133988,0,0,0,0,0,0.91548828835433538
4122,35.771361271837627,-0.29814320910705039,0,0,0,0,0,0.91551853585476917
4123,35.780039428381016,-0.29812316930983851,0,0,0,0,0,0.91554879118172949
4124,35.788717584924406,-0.29810312205961575,0,0,0,0,0,0.9155790543041219
4125,35.797395741467788,-0.29808306738677359,0,0,0,0,0,0.9156093251903874
4126,35.806073898011178,-0.2980630053221841,0,0,0,0,0,0.91563960380850284
4127,35.81475205455456,-0.29804293589719799,0,0,0,0,0,0.91566989012598166
4128,35.82343021109795,-0.29802285914364612,0,0,0,0,0,0.91570018410987475
4129,35.832108367641332,-0.29800277509383788,0,0,0,0,0,0.91573048572677052
4130,35.840786524184722,-0.29798268378056147,0,0,0,0,0,0.91576079494279561
4131,35.849464680728104,-0.29796258523708352,0,0,0,0,0,0.9157911117236156
4132,35.858142837271494,-0.29794247949714825,0,0,0,0,0,0.91582143603443567
4133,35.866820993814876,-0.29792236659497728,0,0,0,0,0,0.915851767840001
4134,35.875499150358266,-0.2979022465652692,0,0,0,0,0,0.91588210710459839
4135,35.884177306901648,-0.29788211944319942,0,0,0,0,0,0.9159124537920551
4136,35.892855463445038,-0.29786198526441854,0,0,0,0,0,0.915942807865742
4137,35.90153361998842,-0.29784184406505321,0,0,0,0,0,0.91597316928857231
4138,35.91021177653181,-0.29782169588170415,0,0,0,0,0,0.91600353802300338
4139,35.918889933075192,-0.2978015407514466,0,0,0,0,0,0.91603391403103729
4140,35.927568089618582,-0.29778137871182908,0,0,0,0,0,0.91606429727422201
4141,35.936246246161964,-0.29776120980087306,0,0,0,0,0,0.91609468771365155
4142,35.944924402705354,-0.29774103405707197,0,0,0,0,0,0.91612508530996772
4143,35.953602559248736,-0.29772085151939054,0,0,0,0,0,0.91615549002336016
4144,35.962280715792126,-0.29770066222726399,0,0,0,0,0,0.91618590181356829
4145,35.970958872335508,-0.2976804662205973,0,0,0,0,0,0.91621632063988145
4146,35.979637028878898,-0.29766026353976405,0,0,0,0,0,0.91624674646114035
4147,35.98831518542228,-0.29764005422560647,0,0,0,0,0,0.91627717923573782
4148,35.99699334196567,-0.29761983831943339,0,0,0,0,0,0.91630761892162016
4149,36.005671498509059,-0.29759961586301975,0,0,0,0,0,0.91633806547628827
4150,36.014349655052442,-0.29757938689860586,0,0,0,0,0,0.91636851885679826
4151,36.023027811595831,-0.297559151468896,0,0,0,0,0,0.91639897901976319
4152,36.031705968139214,-0.29753890961705809,0,0,0,0,0,0.91642944592135356
4153,36.040384124682603,-0.29751866138672145,0,0,0,0,0,0.91645991951729955
4154,36.049062281225986,-0.29749840682197704,0,0,0,0,0,0.91649039976289082
4155,36.057740437769375,-0.29747814596737521,0,0,0,0,0,0.91652088661297926
4156,36.066418594312758,-0.29745787886792541,0,0,0,0,0,0.91655138002197889
4157,36.075096750856147,-0.29743760556909382,0,0,0,0,0,0.91658187994386831
4158,36.08377490739953,-0.29741732611680416,0,0,0,0,0,0.91661238633219133
4159,36.092453063942919,-0.29739704055743399,0,0,0,0,0,0.91664289914005836
4160,36.101131220486302,-0.29737674893781496,0,0,0,0,0,0.91667341832014848
4161,36.109809377029691,-0.29735645130523136,0,0,0,0,0,0.91670394382470954
4162,36.118487533573074,-0.29733614770741812,0,0,0,0,0,0.91673447560556109
4163,36.127165690116463,-0.29731583819256024,0,0,0,0,0,0.91676501361409468
4164,36.135843846659846,-0.29729552280929061,0,0,0,0,0,0.9167955578012762
4165,36.144522003203235,-0.29727520160668897,0,0,0,0,0,0.91682610811764653
4166,36.153200159746618,-0.29725487463428013,0,0,0,0,0,0.91685666451332404
4167,36.161878316290007,-0.2972345419420328,0,0,0,0,0,0.91688722693800528
4168,36.17055647283339,-0.29721420358035811,0,0,0,0,0,0.91691779534096729
4169,36.179234629376779,-0.29719385960010747,0,0,0,0,0,0.91694836967106885
4170,36.187912785920162,-0.29717351005257131,0,0,0,0,0,0.91697894987675221
4171,36.196590942463551,-0.29715315498947714,0,0,0,0,0,0.91700953590604428
4172,36.205269099006934,-0.29713279446298857,0,0,0,0,0,0.91704012770655985
4173,36.213947255550323,-0.29711242852570274,0,0,0,0,0,0.91707072522550148
4174,36.222625412093706,-0.29709205723064902,0,0,0,0,0,0.91710132840966241
4175,36.231303568637095,-0.29707168063128697,0,0,0,0,0,0.91713193720542785
4176,36.239981725180485,-0.29705129878150471,0,0,0,0,0,0.91716255155877746
4177,36.248659881723867,-0.29703091173561746,0,0,0,0,0,0.91719317141528611
4178,36.257338038267257,-0.29701051954836422,0,0,0,0,0,0.91722379672012688
4179,36.266016194810639,-0.29699012227490784,0,0,0,0,0,0.91725442741807195
4180,36.274694351354029,-0.29696971997083166,0,0,0,0,0,0.91728506345349548
4181,36.283372507897411,-0.29694931269213731,0,0,0,0,0,0.91731570477037494
4182,36.292050664440801,-0.29692890049524423,0,0,0,0,0,0.91734635131229325
4183,36.300728820984183,-0.29690848343698617,0,0,0,0,0,0.91737700302244063
4184,36.309406977527573,-0.29688806157460967,0,0,0,0,0,0.91740765984361705
4185,36.318085134070955,-0.29686763496577151,0,0,0,0,0,0.91743832171823403
4186,36.326763290614345,-0.29684720366853723,0,0,0,0,0,0.91746898858831671
4187,36.335441447157727,-0.29682676774137884,0,0,0,0,0,0.9174996603955059
4188,36.344119603701117,-0.29680632724317157,0,0,0,0,0,0.91753033708106069
4189,36.352797760244499,-0.29678588223319313,0,0,0,0,0,0.91756101858585959
4190,36.361475916787889,-0.29676543277112044,0,0,0,0,0,0.9175917048504042
4191,36.370154073331271,-0.29674497891702745,0,0,0,0,0,0.91762239581481986
4192,36.378832229874661,-0.29672452073138278,0,0,0,0,0,0.9176530914188592
4193,36.387510386418043,-0.29670405827504764,0,0,0,0,0,0.91768379160190361
4194,36.396188542961433,-0.29668359160927327,0,0,0,0,0,0.9177144963029662
4195,36.404866699504815,-0.29666312079569801,0,0,0,0,0,0.91774520546069294
4196,36.413544856048205,-0.29664264589634548,0,0,0,0,0,0.91777591901336686
4197,36.422223012591587,-0.29662216697362209,0,0,0,0,0,0.9178066368989084
4198,36.430901169134977,-0.2966016840903134,0,0,0,0,0,0.91783735905487962
4199,36.439579325678359,-0.2965811973095831,0,0,0,0,0,0.9178680854184853
4200,36.448257482221749,-0.29656070669496926,0,0,0,0,0,0.91789881592657574
4201,36.456935638765131,-0.29654021231038208,0,0,0,0,0,0.91792955051565017
4202,36.465613795308521,-0.29651971422010115,0,0,0,0,0,0.9179602891218579
4203,36.47429195185191,-0.29649921248877265,0,0,0,0,0,0.91799103168100138
4204,36.482970108395293,-0.29647870718140712,0,0,0,0,0,0.91802177812853936
4205,36.491648264938682,-0.29645819836337561,0,0,0,0,0,0.9180525283995884
4206,36.500326421482065,-0.29643768610040833,0,0,0,0,0,0.91808328242892623
4207,36.509004578025454,-0.29641717045859062,0,0,0,0,0,0.9181140401509944
4208,36.517682734568837,-0.29639665150436001,0,0,0,0,0,0.91814480149990052
4209,36.526360891112226,-0.29637612930450485,0,0,0,0,0,0.91817556640942088
4210,36.535039047655609,-0.29635560392615934,0,0,0,0,0,0.91820633481300384
4211,36.543717204198998,-0.29633507543680249,0,0,0,0,0,0.91823710664377189
4212,36.552395360742381,-0.29631454390425327,0,0,0,0,0,0.91826788183452468
4213,36.56107351728577,-0.29629400939666894,0,0,0,0,0,0.91829866031774188
4214,36.569751673829153,-0.29627347198254173,0,0,0,0,0,0.91832944202558586
4215,36.578429830372542,-0.29625293173069545,0,0,0,0,0,0.91836022688990426
4216,36.587107986915925,-0.29623238871028268,0,0,0,0,0,0.91839101484223351
4217,36.595786143459314,-0.29621184299078107,0,0,0,0,0,0.91842180581380095
4218,36.604464300002697,-0.29619129464199123,0,0,0,0,0,0.91845259973552817
4219,36.613142456546086,-0.29617074373403229,0,0,0,0,0,0.91848339653803412
4220,36.621820613089469,-0.29615019033733947,0,0,0,0,0,0.91851419615163743
4221,36.630498769632858,-0.29612963452266094,0,0,0,0,0,0.91854499850635984
4222,36.639176926176241,-0.29610907636105388,0,0,0,0,0,0.91857580353192902
4223,36.64785508271963,-0.29608851592388152,0,0,0,0,0,0.91860661115778197
4224,36.656533239263013,-0.29606795328281033,0,0,0,0,0,0.91863742131306703
4225,36.665211395806402,-0.29604738850980516,0,0,0,0,0,0.91866823392664798
4226,36.673889552349785,-0.29602682167712779,0,0,0,0,0,0.91869904892710719
4227,36.682567708893174,-0.29600625285733206,0,0,0,0,0,0.91872986624274722
4228,36.691245865436564,-0.29598568212326071,0,0,0,0,0,0.91876068580159609
4229,36.699924021979946,-0.29596510954804267,0,0,0,0,0,0.91879150753140859
4230,36.708602178523336,-0.29594453520508834,0,0,0,0,0,0.91882233135967051
4231,36.717280335066718,-0.29592395916808734,0,0,0,0,0,0.9188531572136015
4232,36.725958491610108,-0.29590338151100393,0,0,0,0,0,0.91888398502015767
4233,36.73463664815349,-0.29588280230807396,0,0,0,0,0,0.9189148147060362
4234,36.74331480469688,-0.29586222163380083,0,0,0,0,0,0.9189456461976776
4235,36.751992961240262,-0.29584163956295273,0,0,0,0,0,0.91897647942126848
4236,36.760671117783652,-0.29582105617055787,0,0,0,0,0,0.91900731430274629
4237,36.769349274327034,-0.29580047153190192,0,0,0,0,0,0.91903815076780171
4238,36.778027430870424,-0.29577988572252334,0,0,0,0,0,0.91906898874188148
4239,36.786705587413806,-0.29575929881821028,0,0,0,0,0,0.91909982815019298
4240,36.795383743957196,-0.29573871089499648,0,0,0,0,0,0.91913066891770667
4241,36.804061900500578,-0.2957181220291577,0,0,0,0,0,0.91916151096915999
4242,36.812740057043968,-0.29569753229720808,0,0,0,0,0,0.91919235422905987
4243,36.82141821358735,-0.29567694177589565,0,0,0,0,0,0.91922319862168744
4244,36.83009637013074,-0.29565635054219941,0,0,0,0,0,0.9192540440711009
4245,36.838774526674122,-0.2956357586733247,0,0,0,0,0,0.91928489050113815
4246,36.847452683217512,-0.2956151662466997,0,0,0,0,0,0.91931573783542153
4247,36.856130839760894,-0.29559457333997208,0,0,0,0,0,0.9193465859973603
4248,36.864808996304284,-0.29557398003100321,0,0,0,0,0,0.91937743491015533
4249,36.873487152847666,-0.29555338639786666,0,0,0,0,0,0.91940828449680079
4250,36.882165309391056,-0.29553279251884268,0,0,0,0,0,0.91943913468008942
4251,36.890843465934438,-0.29551219847241417,0,0,0,0,0,0.91946998538261548
4252,36.899521622477828,-0.29549160433726351,0,0,0,0,0,0.91950083652677794
4253,36.90819977902121,-0.29547101019226818,0,0,0,0,0,0.91953168803478436
4254,36.9168779355646,-0.29545041611649625,0,0,0,0,0,0.91956253982865466
4255,36.925556092107989,-0.29542982218920322,0,0,0,0,0,0.91959339183022393
4256,36.934234248651372,-0.29540922848982709,0,0,0,0,0,0.91962424396114772
4257,36.942912405194761,-0.29538863509798496,0,0,0,0,0,0.91965509614290375
4258,36.951590561738143,-0.29536804209346834,0,0,0,0,0,0.91968594829679651
4259,36.960268718281533,-0.29534744955623937,0,0,0,0,0,0.91971680034396075
4260,36.968946874824915,-0.29532685756642651,0,0,0,0,0,0.91974765220536547
4261,36.977625031368305,-0.2953062662043211,0,0,0,0,0,0.91977850380181725
4262,36.986303187911687,-0.29528567555037122,0,0,0,0,0,0.91980935505396444
4263,36.994981344455077,-0.29526508568517973,0,0,0,0,0,0.91984020588229976
4264,37.003659500998459,-0.29524449668949937,0,0,0,0,0,0.91987105620716514
4265,37.012337657541849,-0.29522390864422787,0,0,0,0,0,0.91990190594875498
4266,37.021015814085231,-0.29520332163040408,0,0,0,0,0,0.91993275502712002
4267,37.029693970628621,-0.29518273572920395,0,0,0,0,0,0.9199636033621712
4268,37.038372127172003,-0.29516215102193655,0,0,0,0,0,0.91999445087368292
4269,37.047050283715393,-0.29514156759003862,0,0,0,0,0,0.92002529748129769
4270,37.055728440258775,-0.29512098551507193,0,0,0,0,0,0.92005614310452888
4271,37.064406596802165,-0.29510040487871725,0,0,0,0,0,0.92008698766276531
4272,37.073084753345547,-0.29507982576277147,0,0,0,0,0,0.92011783107527467
4273,37.081762909888937,-0.29505924824914243,0,0,0,0,0,0.92014867326120764
4274,37.090441066432319,-0.29503867241984494,0,0,0,0,0,0.92017951413960175
4275,37.099119222975709,-0.29501809835699633,0,0,0,0,0,0.92021035362938453
4276,37.107797379519091,-0.29499752614281238,0,0,0,0,0,0.92024119164937801
4277,37.116475536062481,-0.29497695585960215,0,0,0,0,0,0.92027202811830244
4278,37.125153692605863,-0.29495638758976495,0,0,0,0,0,0.92030286295478003
4279,37.133831849149253,-0.29493582141578467,0,0,0,0,0,0.92033369607733895
4280,37.142510005692642,-0.29491525742022573,0,0,0,0,0,0.9203645274044171
4281,37.151188162236025,-0.29489469568572924,0,0,0,0,0,0.92039535685436624
4282,37.159866318779414,-0.29487413629500836,0,0,0,0,0,0.92042618434545531
4283,37.168544475322797,-0.29485357933084333,0,0,0,0,0,0.92045700979587508
4284,37.177222631866186,-0.29483302487607776,0,0,0,0,0,0.92048783312374116
4285,37.185900788409569,-0.29481247301361391,0,0,0,0,0,0.92051865424709889
4286,37.194578944952958,-0.29479192382640818,0,0,0,0,0,0.92054947308392632
4287,37.203257101496341,-0.29477137739746684,0,0,0,0,0,0.92058028955213889
4288,37.21193525803973,-0.29475083380984179,0,0,0,0,0,0.92061110356959286
4289,37.220613414583113,-0.29473029314662536,0,0,0,0,0,0.92064191505408943
4290,37.229291571126502,-0.29470975549094702,0,0,0,0,0,0.9206727239233784
4291,37.237969727669885,-0.29468922092596783,0,0,0,0,0,0.92070353009516248
4292,37.246647884213274,-0.29466868953487668,0,0,0,0,0,0.92073433348710143
4293,37.255326040756657,-0.29464816140088546,0,0,0,0,0,0.92076513401681492
4294,37.264004197300046,-0.29462763660722502,0,0,0,0,0,0.92079593160188766
4295,37.272682353843429,-0.29460711523714034,0,0,0,0,0,0.9208267261598726
4296,37.281360510386818,-0.29458659737388604,0,0,0,0,0,0.92085751760829537
4297,37.290038666930201,-0.29456608310072241,0,0,0,0,0,0.92088830586465764
4298,37.29871682347359,-0.29454557250091062,0,0,0,0,0,0.92091909084644152
4299,37.307394980016973,-0.29452506565770786,0,0,0,0,0,0.92094987247111337
4300,37.316073136560362,-0.29450456265436398,0,0,0,0,0,0.92098065065612778
4301,37.324751293103745,-0.29448406357411594,0,0,0,0,0,0.92101142531893143
4302,37.333429449647134,-0.2944635685001834,0,0,0,0,0,0.92104219637696705
4303,37.342107606190517,-0.29444307751576559,0,0,0,0,0,0.92107296374767755
4304,37.350785762733906,-0.29442259070403531,0,0,0,0,0,0.92110372734850965
4305,37.359463919277289,-0.29440210814813539,0,0,0,0,0,0.92113448709691759
4306,37.368142075820678,-0.29438162993117367,0,0,0,0,0,0.92116524291036816
4307,37.376820232364068,-0.29436115613621916,0,0,0,0,0,0.92119599470634361
4308,37.38549838890745,-0.29434068684629722,0,0,0,0,0,0.92122674240234581
4309,37.39417654545084,-0.29432022214438514,0,0,0,0,0,0.92125748591589995
4310,37.402854701994222,-0.29429976211340814,0,0,0,0,0,0.92128822516455955
4311,37.411532858537612,-0.29427930683623427,0,0,0,0,0,0.92131896006590897
4312,37.420211015080994,-0.2942588563956704,0,0,0,0,0,0.9213496905375681
4313,37.428889171624384,-0.2942384108744579,0,0,0,0,0,0.92138041649719615
4314,37.437567328167766,-0.29421797035526853,0,0,0,0,0,0.92141113786249562
4315,37.446245484711156,-0.29419753492069889,0,0,0,0,0,0.92144185455121619
4316,37.454923641254538,-0.29417710465326719,0,0,0,0,0,0.92147256648115849
4317,37.463601797797928,-0.29415667963540837,0,0,0,0,0,0.92150327357017803
4318,37.47227995434131,-0.29413625994947035,0,0,0,0,0,0.92153397573618911
4319,37.4809581108847,-0.29411584567770865,0,0,0,0,0,0.92156467289716848
4320,37.489636267428082,-0.29409543690228268,0,0,0,0,0,0.92159536497116001
4321,37.498314423971472,-0.29407503370525157,0,0,0,0,0,0.92162605187627766
4322,37.506992580514854,-0.29405463616856942,0,0,0,0,0,0.92165673353070954
4323,37.515670737058244,-0.29403424437408132,0,0,0,0,0,0.92168740985272235
4324,37.524348893601626,-0.29401385840351868,0,0,0,0,0,0.9217180807606643
4325,37.533027050145016,-0.29399347833849554,0,0,0,0,0,0.92174874617296965
4326,37.541705206688398,-0.2939731042605036,0,0,0,0,0,0.92177940600816244
4327,37.550383363231788,-0.29395273625090845,0,0,0,0,0,0.92181006018485967
4328,37.55906151977517,-0.29393237439094511,0,0,0,0,0,0.92184070862177669
4329,37.56773967631856,-0.29391201876171391,0,0,0,0,0,0.9218713512377289
4330,37.576417832861942,-0.29389166944417633,0,0,0,0,0,0.92190198795163669
4331,37.585095989405332,-0.29387132651915038,0,0,0,0,0,0.92193261868252985
4332,37.593774145948714,-0.29385099006730708,0,0,0,0,0,0.92196324334954982
4333,37.602452302492104,-0.2938306601691657,0,0,0,0,0,0.92199386187195487
4334,37.611130459035493,-0.29381033690508984,0,0,0,0,0,0.92202447416912237
4335,37.619808615578876,-0.29379002035528334,0,0,0,0,0,0.92205508016055449
4336,37.628486772122265,-0.29376971059978574,0,0,0,0,0,0.92208567976588007
4337,37.637164928665648,-0.29374940771846947,0,0,0,0,0,0.92211627290485898
4338,37.645843085209037,-0.29372911179103367,0,0,0,0,0,0.92214685949738662
4339,37.65452124175242,-0.29370882289700184,0,0,0,0,0,0.92217743946349606
4340,37.663199398295809,-0.29368854111571752,0,0,0,0,0,0.92220801272336328
4341,37.671877554839192,-0.29366826652633926,0,0,0,0,0,0.92223857919730956
4342,37.680555711382581,-0.29364799920783746,0,0,0,0,0,0.92226913880580608
4343,37.689233867925964,-0.29362773923899055,0,0,0,0,0,0.92229969146947721
4344,37.697912024469353,-0.29360748669838022,0,0,0,0,0,0.92233023710910367
4345,37.706590181012736,-0.29358724166438821,0,0,0,0,0,0.92236077564562702
4346,37.715268337556125,-0.293567004215192,0,0,0,0,0,0.92239130700015248
4347,37.723946494099508,-0.29354677442876076,0,0,0,0,0,0.9224218310939527
4348,37.732624650642897,-0.29352655238285197,0,0,0,0,0,0.92245234784847185
4349,37.74130280718628,-0.29350633815500682,0,0,0,0,0,0.92248285718532852
4350,37.749980963729669,-0.29348613182254724,0,0,0,0,0,0.9225133590263197
4351,37.758659120273052,-0.29346593346257099,0,0,0,0,0,0.92254385329342348
4352,37.767337276816441,-0.29344574315194905,0,0,0,0,0,0.92257433990880422
4353,37.776015433359824,-0.29342556096732086,0,0,0,0,0,0.92260481879481382
4354,37.784693589903213,-0.293405386985091,0,0,0,0,0,0.9226352898739969
4355,37.793371746446596,-0.29338522128142563,0,0,0,0,0,0.92266575306909382
4356,37.802049902989985,-0.29336506393224837,0,0,0,0,0,0.92269620830304355
4357,37.810728059533368,-0.29334491501323656,0,0,0,0,0,0.92272665549898791
4358,37.819406216076757,-0.29332477459981821,0,0,0,0,0,0.92275709458027411
4359,37.828084372620147,-0.29330464276716761,0,0,0,0,0,0.92278752547045917
4360,37.836762529163529,-0.29328451959020219,0,0,0,0,0,0.92281794809331197
4361,37.845440685706919,-0.29326440514357943,0,0,0,0,0,0.92284836237281753
4362,37.854118842250301,-0.29324429950169129,0,0,0,0,0,0.9228787682331806
4363,37.862796998793691,-0.29322420273866334,0,0,0,0,0,0.92290916559882807
4364,37.871475155337073,-0.29320411492834941,0,0,0,0,0,0.92293955439441244
4365,37.880153311880463,-0.29318403614432875,0,0,0,0,0,0.92296993454481568
4366,37.888831468423845,-0.29316396645990239,0,0,0,0,0,0.9230003059751517
4367,37.897509624967235,-0.29314390594808992,0,0,0,0,0,0.92303066861077021
4368,37.906187781510617,-0.29312385468162572,0,0,0,0,0,0.92306102237725984
4369,37.914865938054007,-0.29310381273295671,0,0,0,0,0,0.92309136720045037
4370,37.923544094597389,-0.29308378017423697,0,0,0,0,0,0.92312170300641783
4371,37.932222251140779,-0.29306375707732624,0,0,0,0,0,0.92315202972148525
4372,37.940900407684161,-0.29304374351378559,0,0,0,0,0,0.92318234727222792
4373,37.949578564227551,-0.29302373955487493,0,0,0,0,0,0.92321265558547505
4374,37.958256720770933,-0.2930037452715496,0,0,0,0,0,0.9232429545883134
4375,37.966934877314323,-0.2929837607344562,0,0,0,0,0,0.92327324420809065
4376,37.975613033857705,-0.29296378601393069,0,0,0,0,0,0.92330352437241769
4377,37.984291190401095,-0.29294382117999473,0,0,0,0,0,0.9233337950091719
4378,37.992969346944477,-0.29292386630235256,0,0,0,0,0,0.92336405604650085
4379,38.001647503487867,-0.29290392145038757,0,0,0,0,0,0.92339430741282369
4380,38.010325660031249,-0.29288398669316018,0,0,0,0,0,0.92342454903683613
4381,38.019003816574639,-0.29286406209940374,0,0,0,0,0,0.92345478084751154
4382,38.027681973118021,-0.29284414773752221,0,0,0,0,0,0.92348500277410484
4383,38.036360129661411,-0.29282424367558746,0,0,0,0,0,0.92351521474615494
4384,38.045038286204793,-0.2928043499813352,0,0,0,0,0,0.92354541669348789
4385,38.053716442748183,-0.29278446672216341,0,0,0,0,0,0.92357560854621967
4386,38.062394599291572,-0.29276459396512833,0,0,0,0,0,0.92360579023475864
4387,38.071072755834955,-0.29274473177694271,0,0,0,0,0,0.92363596168980877
4388,38.079750912378344,-0.29272488022397192,0,0,0,0,0,0.92366612284237193
4389,38.088429068921727,-0.29270503937223247,0,0,0,0,0,0.92369627362375095
4390,38.097107225465116,-0.29268520928738784,0,0,0,0,0,0.92372641396555266
4391,38.105785382008499,-0.29266539003474656,0,0,0,0,0,0.92375654379968919
4392,38.114463538551888,-0.29264558167926003,0,0,0,0,0,0.92378666305838242
4393,38.123141695095271,-0.29262578428551866,0,0,0,0,0,0.92381677167416509
4394,38.13181985163866,-0.29260599791774999,0,0,0,0,0,0.92384686957988471
4395,38.140498008182043,-0.29258622263981648,0,0,0,0,0,0.92387695670870518
4396,38.149176164725432,-0.29256645851521201,0,0,0,0,0,0.92390703299410959
4397,38.157854321268815,-0.29254670560705998,0,0,0,0,0,0.92393709836990279
4398,38.166532477812204,-0.29252696397811129,0,0,0,0,0,0.92396715277021391
4399,38.175210634355587,-0.29250723369074061,0,0,0,0,0,0.92399719612949904
4400,38.183888790898976,-0.29248751480694546,0,0,0,0,0,0.9240272283825427
4401,38.192566947442359,-0.29246780738834244,0,0,0,0,0,0.92405724946446166
4402,38.201245103985748,-0.2924481114961659,0,0,0,0,0,0.92408725931070679
4403,38.209923260529131,-0.29242842719126561,0,0,0,0,0,0.924117257857065
4404,38.21860141707252,-0.29240875453410353,0,0,0,0,0,0.92414724503966172
4405,38.227279573615903,-0.29238909358475251,0,0,0,0,0,0.92417722079496389
4406,38.235957730159292,-0.29236944440289425,0,0,0,0,0,0.92420718505978117
4407,38.244635886702675,-0.29234980704781621,0,0,0,0,0,0.92423713777126915
4408,38.253314043246064,-0.29233018157840995,0,0,0,0,0,0.92426707886693105
4409,38.261992199789447,-0.29231056805316957,0,0,0,0,0,0.92429700828462003
4410,38.270670356332836,-0.29229096653018838,0,0,0,0,0,0.92432692596254173
4411,38.279348512876219,-0.29227137706715822,0,0,0,0,0,0.92435683183925565
4412,38.288026669419608,-0.29225179972136672,0,0,0,0,0,0.92438672585367809
4413,38.296704825962998,-0.29223223454969582,0,0,0,0,0,0.92441660794508362
4414,38.30538298250638,-0.29221268160861857,0,0,0,0,0,0.92444647805310742
4415,38.31406113904977,-0.29219314095419979,0,0,0,0,0,0.9244763361177476
4416,38.322739295593152,-0.29217361264209085,0,0,0,0,0,0.92450618207936663
4417,38.331417452136542,-0.29215409672753112,0,0,0,0,0,0.92453601587869383
4418,38.340095608679924,-0.29213459326534386,0,0,0,0,0,0.92456583745682708
4419,38.348773765223314,-0.29211510230993576,0,0,0,0,0,0.92459564675523453
4420,38.357451921766696,-0.29209562391529453,0,0,0,0,0,0.92462544371575706
4421,38.366130078310086,-0.29207615813498777,0,0,0,0,0,0.92465522828060975
4422,38.374808234853468,-0.29205670502216086,0,0,0,0,0,0.92468500039238399
4423,38.383486391396858,-0.2920372646295355,0,0,0,0,0,0.92471475999404895
4424,38.39216454794024,-0.29201783700940842,0,0,0,0,0,0.9247445070289535
4425,38.40084270448363,-0.29199842221364958,0,0,0,0,0,0.9247742414408282
4426,38.409520861027012,-0.29197902029370049,0,0,0,0,0,0.92480396317378699
4427,38.418199017570402,-0.29195963130057312,0,0,0,0,0,0.9248336721723287
4428,38.426877174113784,-0.29194025528484824,0,0,0,0,0,0.92486336838133865
4429,38.435555330657174,-0.29192089229667428,0,0,0,0,0,0.9248930517460906
4430,38.444233487200556,-0.29190154238576549,0,0,0,0,0,0.92492272221224847
4431,38.452911643743946,-0.29188220560140121,0,0,0,0,0,0.92495237972586697
4432,38.461589800287328,-0.29186288199242416,0,0,0,0,0,0.92498202423339482
4433,38.470267956830718,-0.29184357160723917,0,0,0,0,0,0.92501165568167498
4434,38.4789461133741,-0.29182427449381199,0,0,0,0,0,0.92504127401794634
4435,38.48762426991749,-0.29180499069966881,0,0,0,0,0,0.92507087918984587
4436,38.496302426460872,-0.29178572027189398,0,0,0,0,0,0.92510047114540894
4437,38.504980583004262,-0.29176646325712974,0,0,0,0,0,0.92513004983307234
4438,38.513658739547651,-0.29174721970157447,0,0,0,0,0,0.92515961520167389
4439,38.522336896091034,-0.29172798965098201,0,0,0,0,0,0.92518916720045552
4440,38.531015052634423,-0.29170877315066102,0,0,0,0,0,0.92521870577906284
4441,38.539693209177805,-0.29168957024547326,0,0,0,0,0,0.92524823088754848
4442,38.548371365721195,-0.291670380979833,0,0,0,0,0,0.9252777424763714
4443,38.557049522264577,-0.29165120539770628,0,0,0,0,0,0.92530724049639945
4444,38.565727678807967,-0.29163204354260963,0,0,0,0,0,0.92533672489891006
4445,38.574405835351349,-0.29161289545760982,0,0,0,0,0,0.92536619563559175
4446,38.583083991894739,-0.29159376118532243,0,0,0,0,0,0.92539565265854484
4447,38.591762148438121,-0.29157464076791095,0,0,0,0,0,0.9254250959202831
4448,38.600440304981511,-0.29155553424708713,0,0,0,0,0,0.92545452537373496
4449,38.609118461524893,-0.29153644166410886,0,0,0,0,0,0.92548394097224362
4450,38.617796618068283,-0.29151736305978093,0,0,0,0,0,0.92551334266956931
4451,38.626474774611665,-0.29149829847445297,0,0,0,0,0,0.92554273041988955
4452,38.635152931155055,-0.29147924794801994,0,0,0,0,0,0.92557210417780056
4453,38.643831087698437,-0.29146021151992074,0,0,0,0,0,0.9256014638983181
4454,38.652509244241827,-0.29144118922913842,0,0,0,0,0,0.92563080953687837
4455,38.661187400785209,-0.29142218111419926,0,0,0,0,0,0.92566014104933902
4456,38.669865557328599,-0.29140318721317204,0,0,0,0,0,0.92568945839198014
4457,38.678543713871981,-0.29138420756366823,0,0,0,0,0,0.92571876152150445
4458,38.687221870415371,-0.29136524220284077,0,0,0,0,0,0.9257480503950396
4459,38.695900026958753,-0.29134629116738509,0,0,0,0,0,0.92577732497013743
4460,38.704578183502143,-0.29132735449353653,0,0,0,0,0,0.92580658520477566
4461,38.713256340045525,-0.29130843221707237,0,0,0,0,0,0.92583583105735834
4462,38.721934496588915,-0.2912895243733099,0,0,0,0,0,0.92586506248671685
4463,38.730612653132297,-0.29127063099710715,0,0,0,0,0,0.92589427945211022
4464,38.739290809675687,-0.29125175212286192,0,0,0,0,0,0.92592348191322604
4465,38.747968966219076,-0.29123288778451217,0,0,0,0,0,0.92595266983018143
4466,38.756647122762459,-0.29121403801553547,0,0,0,0,0,0.9259818431635225
4467,38.765325279305848,-0.29119520284894918,0,0,0,0,0,0.92601100187422669
4468,38.774003435849231,-0.29117638231731002,0,0,0,0,0,0.92604014592370221
4469,38.78268159239262,-0.29115757645271434,0,0,0,0,0,0.92606927527378868
4470,38.791359748936003,-0.29113878528679782,0,0,0,0,0,0.92609838988675752
4471,38.800037905479392,-0.29112000885073563,0,0,0,0,0,0.92612748972531334
4472,38.808716062022775,-0.29110124717524211,0,0,0,0,0,0.92615657475259328
4473,38.817394218566164,-0.2910825002905717,0,0,0,0,0,0.92618564493216837
4474,38.826072375109547,-0.29106376822651769,0,0,0,0,0,0.92621470022804342
4475,38.834750531652936,-0.29104505101241362,0,0,0,0,0,0.92624374060465742
4476,38.843428688196319,-0.29102634867713228,0,0,0,0,0,0.92627276602688402
4477,38.852106844739708,-0.29100766124908695,0,0,0,0,0,0.92630177646003231
4478,38.860785001283091,-0.2909889887562308,0,0,0,0,0,0.92633077186984636
4479,38.86946315782648,-0.29097033122605764,0,0,0,0,0,0.92635975222250577
4480,38.878141314369863,-0.29095168868560162,0,0,0,0,0,0.92638871748462659
4481,38.886819470913252,-0.29093306116143802,0,0,0,0,0,0.92641766762326061
4482,38.895497627456635,-0.2909144486796833,0,0,0,0,0,0.92644660260589595
4483,38.904175784000024,-0.2908958512659956,0,0,0,0,0,0.9264755224004575
4484,38.912853940543407,-0.29087726894557486,0,0,0,0,0,0.92650442697530688
4485,38.921532097086796,-0.29085870174316331,0,0,0,0,0,0.9265333162992424
4486,38.930210253630179,-0.29084014968304595,0,0,0,0,0,0.92656219034149978
4487,38.938888410173568,-0.29082161278905139,0,0,0,0,0,0.92659104907175127
4488,38.947566566716951,-0.29080309108455127,0,0,0,0,0,0.92661989246010701
4489,38.95624472326034,-0.29078458459246159,0,0,0,0,0,0.92664872047711366
4490,38.96492287980373,-0.29076609333524339,0,0,0,0,0,0.92667753309375567
4491,38.973601036347112,-0.2907476173349024,0,0,0,0,0,0.92670633028145466
4492,38.982279192890502,-0.29072915661299037,0,0,0,0,0,0.92673511201206904
4493,38.990957349433884,-0.29071071119060565,0,0,0,0,0,0.92676387825789508
4494,38.999635505977274,-0.2906922810883934,0,0,0,0,0,0.92679262899166592
4495,39.008313662520656,-0.29067386632654624,0,0,0,0,0,0.92682136418655148
4496,39.016991819064046,-0.29065546692480571,0,0,0,0,0,0.92685008381615908
4497,39.025669975607428,-0.29063708290246171,0,0,0,0,0,0.92687878785453226
4498,39.034348132150818,-0.29061871427835473,0,0,0,0,0,0.92690747627615178
4499,39.0430262886942,-0.29060036107087484,0,0,0,0,0,0.92693614905593458
4500,39.05170444523759,-0.29058202329796445,0,0,0,0,0,0.92696480616923371
4501,39.060382601780972,-0.29056370097711692,0,0,0,0,0,0.92699344759183877
4502,39.069060758324362,-0.29054539412537916,0,0,0,0,0,0.92702207329997455
4503,39.077738914867744,-0.2905271027593519,0,0,0,0,0,0.9270506832703016
4504,39.086417071411134,-0.29050882689519031,0,0,0,0,0,0.9270792774799157
4505,39.095095227954516,-0.29049056654860483,0,0,0,0,0,0.92710785590634759
4506,39.103773384497906,-0.29047232173486248,0,0,0,0,0,0.92713641852756268
4507,39.112451541041288,-0.29045409246878773,0,0,0,0,0,0.92716496532196035
4508,39.121129697584678,-0.29043587876476296,0,0,0,0,0,0.92719349626837411
4509,39.12980785412806,-0.29041768063673001,0,0,0,0,0,0.92722201134607074
4510,39.13848601067145,-0.29039949809819121,0,0,0,0,0,0.92725051053475038
4511,39.147164167214832,-0.29038133116220954,0,0,0,0,0,0.92727899381454537
4512,39.155842323758222,-0.2903631798414108,0,0,0,0,0,0.92730746116602059
4513,39.164520480301604,-0.29034504414798401,0,0,0,0,0,0.92733591257017201
4514,39.173198636844994,-0.2903269240936821,0,0,0,0,0,0.92736434800842771
4515,39.181876793388376,-0.29030881968982447,0,0,0,0,0,0.92739276746264565
4516,39.190554949931766,-0.2902907309472964,0,0,0,0,0,0.92742117091511433
4517,39.199233106475155,-0.29027265787655077,0,0,0,0,0,0.92744955834855181
4518,39.207911263018538,-0.29025460048761031,0,0,0,0,0,0.9274779297461051
4519,39.216589419561927,-0.29023655879006682,0,0,0,0,0,0.92750628509134958
4520,39.22526757610531,-0.29021853279308407,0,0,0,0,0,0.92753462436828837
4521,39.233945732648699,-0.29020052250539785,0,0,0,0,0,0.92756294756135238
4522,39.242623889192082,-0.29018252793531774,0,0,0,0,0,0.92759125465539838
4523,39.251302045735471,-0.29016454909072886,0,0,0,0,0,0.92761954563570903
4524,39.259980202278854,-0.29014658597909182,0,0,0,0,0,0.92764782048799277
4525,39.268658358822243,-0.29012863860744498,0,0,0,0,0,0.9276760791983818
4526,39.277336515365626,-0.29011070698240571,0,0,0,0,0,0.92770432175343265
4527,39.286014671909015,-0.29009279111017106,0,0,0,0,0,0.92773254814012462
4528,39.294692828452398,-0.29007489099652017,0,0,0,0,0,0.92776075834585936
4529,39.303370984995787,-0.29005700664681411,0,0,0,0,0,0.92778895235845993
4530,39.31204914153917,-0.2900391380659989,0,0,0,0,0,0.9278171301661704
4531,39.320727298082559,-0.29002128525860582,0,0,0,0,0,0.9278452917576544
4532,39.329405454625942,-0.2900034482287529,0,0,0,0,0,0.92787343712199488
4533,39.338083611169331,-0.28998562698014663,0,0,0,0,0,0.9279015662486928
4534,39.346761767712714,-0.28996782151608336,0,0,0,0,0,0.927929679127667
4535,39.355439924256103,-0.28995003183945078,0,0,0,0,0,0.92795777574925242
4536,39.364118080799486,-0.2899322579527287,0,0,0,0,0,0.9279858561041997
4537,39.372796237342875,-0.28991449985799156,0,0,0,0,0,0.92801392018367412
4538,39.381474393886258,-0.28989675755690936,0,0,0,0,0,0.9280419679792552
4539,39.390152550429647,-0.28987903105074908,0,0,0,0,0,0.92806999948293512
4540,39.39883070697303,-0.28986132034037637,0,0,0,0,0,0.92809801468711794
4541,39.407508863516419,-0.28984362542625697,0,0,0,0,0,0.92812601358461866
4542,39.416187020059802,-0.2898259463084587,0,0,0,0,0,0.92815399616866223
4543,39.424865176603191,-0.28980828298665173,0,0,0,0,0,0.92818196243288309
4544,39.433543333146581,-0.28979063546011208,0,0,0,0,0,0.928209912371323
4545,39.442221489689963,-0.28977300372772152,0,0,0,0,0,0.92823784597843129
4546,39.450899646233353,-0.28975538778796972,0,0,0,0,0,0.92826576324906285
4547,39.459577802776735,-0.2897377876389563,0,0,0,0,0,0.92829366417847758
4548,39.468255959320125,-0.28972020327839176,0,0,0,0,0,0.9283215487623393
4549,39.476934115863507,-0.28970263470359969,0,0,0,0,0,0.92834941699671447
4550,39.485612272406897,-0.28968508191151765,0,0,0,0,0,0.92837726887807137
4551,39.494290428950279,-0.28966754489869961,0,0,0,0,0,0.92840510440327861
4552,39.502968585493669,-0.28965002366131731,0,0,0,0,0,0.92843292356960438
4553,39.511646742037051,-0.28963251819516178,0,0,0,0,0,0.92846072637471488
4554,39.520324898580441,-0.28961502849564502,0,0,0,0,0,0.92848851281667422
4555,39.529003055123823,-0.28959755455780156,0,0,0,0,0,0.92851628289394217
4556,39.537681211667213,-0.28958009637629112,0,0,0,0,0,0.92854403660537299
4557,39.546359368210595,-0.28956265394539893,0,0,0,0,0,0.92857177395021506
4558,39.555037524753985,-0.28954522725903831,0,0,0,0,0,0.928599494928109
4559,39.563715681297367,-0.28952781631075197,0,0,0,0,0,0.9286271995390869
4560,39.572393837840757,-0.28951042109371439,0,0,0,0,0,0.92865488778357097
4561,39.581071994384139,-0.28949304160073253,0,0,0,0,0,0.92868255966237179
4562,39.589750150927529,-0.28947567782424866,0,0,0,0,0,0.92871021517668839
4563,39.598428307470911,-0.289458329756341,0,0,0,0,0,0.92873785432810552
4564,39.607106464014301,-0.28944099738872686,0,0,0,0,0,0.92876547711859325
4565,39.615784620557683,-0.28942368071276325,0,0,0,0,0,0.92879308355050538
4566,39.624462777101073,-0.28940637971944905,0,0,0,0,0,0.92882067362657827
4567,39.633140933644455,-0.28938909439942662,0,0,0,0,0,0.92884824734992988
4568,39.641819090187845,-0.28937182474298406,0,0,0,0,0,0.92887580472405784
4569,39.650497246731234,-0.28935457074005677,0,0,0,0,0,0.92890334575283828
4570,39.659175403274617,-0.28933733238022896,0,0,0,0,0,0.92893087044052547
4571,39.667853559818006,-0.28932010965273591,0,0,0,0,0,0.9289583787917487
4572,39.676531716361389,-0.2893029025464654,0,0,0,0,0,0.92898587081151263
4573,39.685209872904778,-0.28928571104996004,0,0,0,0,0,0.92901334650519496
4574,39.693888029448161,-0.28926853515141837,0,0,0,0,0,0.92904080587854565
4575,39.70256618599155,-0.28925137483869723,0,0,0,0,0,0.9290682489376848
4576,39.711244342534933,-0.28923423009931404,0,0,0,0,0,0.92909567568910201
4577,39.719922499078322,-0.28921710092044728,0,0,0,0,0,0.92912308613965522
4578,39.728600655621705,-0.28919998728893948,0,0,0,0,0,0.92915048029656788
4579,39.737278812165094,-0.28918288919129898,0,0,0,0,0,0.92917785816742926
4580,39.745956968708477,-0.28916580661370117,0,0,0,0,0,0.92920521976019188
4581,39.754635125251866,-0.28914873954199094,0,0,0,0,0,0.92923256508317098
4582,39.763313281795249,-0.28913168796168454,0,0,0,0,0,0.92925989414504218
4583,39.771991438338638,-0.28911465185797069,0,0,0,0,0,0.92928720695484079
4584,39.780669594882021,-0.28909763121571352,0,0,0,0,0,0.92931450352195977
4585,39.78934775142541,-0.28908062601945395,0,0,0,0,0,0.92934178385614896
4586,39.798025907968793,-0.28906363625341125,0,0,0,0,0,0.92936904796751318
4587,39.806704064512182,-0.28904666190148542,0,0,0,0,0,0.92939629586651051
4588,39.815382221055565,-0.28902970294725905,0,0,0,0,0,0.92942352756395175
4589,39.824060377598954,-0.28901275937399884,0,0,0,0,0,0.92945074307099806
4590,39.832738534142337,-0.28899583116465788,0,0,0,0,0,0.92947794239915937
4591,39.841416690685726,-0.28897891830187761,0,0,0,0,0,0.92950512556029408
4592,39.850094847229109,-0.28896202076798883,0,0,0,0,0,0.92953229256660663
4593,39.858773003772498,-0.28894513854501469,0,0,0,0,0,0.92955944343064589
4594,39.867451160315881,-0.28892827161467238,0,0,0,0,0,0.92958657816530399
4595,39.87612931685927,-0.28891141995837433,0,0,0,0,0,0.92961369678381522
4596,39.88480747340266,-0.28889458355723108,0,0,0,0,0,0.92964079929975341
4597,39.893485629946042,-0.28887776239205243,0,0,0,0,0,0.92966788572703174
4598,39.902163786489432,-0.28886095644334964,0,0,0,0,0,0.92969495607989994
4599,39.910841943032814,-0.28884416569133742,0,0,0,0,0,0.92972201037294377
4600,39.919520099576204,-0.28882739011593561,0,0,0,0,0,0.92974904862108287
4601,39.928198256119586,-0.28881062969677151,0,0,0,0,0,0.92977607083956948
4602,39.936876412662976,-0.28879388441318121,0,0,0,0,0,0.92980307704398713
4603,39.945554569206358,-0.28877715424421191,0,0,0,0,0,0.9298300672502483
4604,39.954232725749748,-0.28876043916862359,0,0,0,0,0,0.9298570414745938
4605,39.96291088229313,-0.28874373916489127,0,0,0,0,0,0.92988399973359082
4606,39.97158903883652,-0.28872705421120659,0,0,0,0,0,0.92991094204413094
4607,39.980267195379902,-0.28871038428547979,0,0,0,0,0,0.92993786842342918
4608,39.988945351923292,-0.28869372936534154,0,0,0,0,0,0.92996477888902251
4609,39.997623508466674,-0.28867708942814518,0,0,0,0,0,0.92999167345876776
4610,40.006301665010064,-0.28866046445096838,0,0,0,0,0,0.93001855215084028
4611,40.014979821553446,-0.28864385441061458,0,0,0,0,0,0.93004541498373217
4612,40.023657978096836,-0.28862725928361632,0,0,0,0,0,0.93007226197625137
4613,40.032336134640218,-0.28861067904623527,0,0,0,0,0,0.93009909314751893
4614,40.041014291183608,-0.28859411367446564,0,0,0,0,0,0.93012590851696864
4615,40.04969244772699,-0.28857756314403549,0,0,0,0,0,0.93015270810434481
4616,40.05837060427038,-0.28856102743040801,0,0,0,0,0,0.93017949192970051
4617,40.067048760813762,-0.28854450650878516,0,0,0,0,0,0.93020626001339646
4618,40.075726917357152,-0.28852800035410742,0,0,0,0,0,0.93023301237609923
4619,40.084405073900534,-0.28851150894105704,0,0,0,0,0,0.93025974903877917
4620,40.093083230443924,-0.28849503224406003,0,0,0,0,0,0.93028647002270959
4621,40.101761386987306,-0.28847857023728729,0,0,0,0,0,0.930313175349465
4622,40.110439543530696,-0.28846212289465667,0,0,0,0,0,0.93033986504091892
4623,40.119117700074085,-0.28844569018983535,0,0,0,0,0,0.93036653911924272
4624,40.127795856617468,-0.28842927209624125,0,0,0,0,0,0.93039319760690387
4625,40.136474013160857,-0.28841286858704485,0,0,0,0,0,0.93041984052666482
4626,40.145152169704239,-0.28839647963517157,0,0,0,0,0,0.9304464679015807
4627,40.153830326247629,-0.28838010521330326,0,0,0,0,0,0.93047307975499793
4628,40.162508482791011,-0.28836374529387987,0,0,0,0,0,0.93049967611055262
4629,40.171186639334401,-0.28834739984910218,0,0,0,0,0,0.93052625699216929
4630,40.179864795877783,-0.28833106885093207,0,0,0,0,0,0.93055282242405868
4631,40.188542952421173,-0.2883147522710966,0,0,0,0,0,0.93057937243071642
4632,40.197221108964555,-0.28829845008108779,0,0,0,0,0,0.93060590703692148
4633,40.205899265507945,-0.28828216225216519,0,0,0,0,0,0.93063242626773446
4634,40.214577422051327,-0.2882658887553583,0,0,0,0,0,0.9306589301484961
4635,40.223255578594717,-0.28824962956146827,0,0,0,0,0,0.93068541870482513
4636,40.231933735138099,-0.28823338464106851,0,0,0,0,0,0.9307118919626175
4637,40.240611891681489,-0.28821715396450831,0,0,0,0,0,0.93073834994804416
4638,40.249290048224871,-0.288200937501913,0,0,0,0,0,0.93076479268754952
4639,40.257968204768261,-0.28818473522318733,0,0,0,0,0,0.93079122020784977
4640,40.266646361311643,-0.28816854709801576,0,0,0,0,0,0.93081763253593197
4641,40.275324517855033,-0.28815237309586583,0,0,0,0,0,0.93084402969905122
4642,40.284002674398415,-0.28813621318598881,0,0,0,0,0,0.93087041172472984
4643,40.292680830941805,-0.28812006733742201,0,0,0,0,0,0.93089677864075548
4644,40.301358987485187,-0.28810393551899005,0,0,0,0,0,0.93092313047518016
4645,40.310037144028577,-0.28808781769930758,0,0,0,0,0,0.93094946725631733
4646,40.318715300571959,-0.28807171384678021,0,0,0,0,0,0.93097578901274169
4647,40.327393457115349,-0.28805562392960671,0,0,0,0,0,0.93100209577328641
4648,40.336071613658738,-0.28803954791578112,0,0,0,0,0,0.93102838756704209
4649,40.344749770202121,-0.28802348577309345,0,0,0,0,0,0.93105466442335516
4650,40.35342792674551,-0.2880074374691326,0,0,0,0,0,0.93108092637182605
4651,40.362106083288893,-0.28799140297128711,0,0,0,0,0,0.9311071734423082
4652,40.370784239832282,-0.28797538224674835,0,0,0,0,0,0.93113340566490521
4653,40.379462396375665,-0.28795937526251059,0,0,0,0,0,0.93115962306997002
4654,40.388140552919054,-0.28794338198537395,0,0,0,0,0,0.9311858256881036
4655,40.396818709462437,-0.28792740238194559,0,0,0,0,0,0.93121201355015293
4656,40.405496866005826,-0.28791143641864136,0,0,0,0,0,0.93123818668720915
4657,40.414175022549209,-0.28789548406168786,0,0,0,0,0,0.93126434513060685
4658,40.422853179092598,-0.28787954527712445,0,0,0,0,0,0.9312904889119209
4659,40.431531335635981,-0.28786362003080457,0,0,0,0,0,0.93131661806296651
4660,40.44020949217937,-0.28784770828839645,0,0,0,0,0,0.93134273261579692
4661,40.448887648722753,-0.28783181001538682,0,0,0,0,0,0.93136883260270165
4662,40.457565805266142,-0.28781592517708143,0,0,0,0,0,0.93139491805620489
4663,40.466243961809525,-0.28780005373860651,0,0,0,0,0,0.93142098900906467
4664,40.474922118352914,-0.28778419566491154,0,0,0,0,0,0.93144704549426982
4665,40.483600274896297,-0.28776835092076947,0,0,0,0,0,0.93147308754504021
4666,40.492278431439686,-0.28775251947078007,0,0,0,0,0,0.9314991151948232
4667,40.500956587983069,-0.28773670127936957,0,0,0,0,0,0.93152512847729407
4668,40.509634744526458,-0.28772089631079467,0,0,0,0,0,0.93155112742635249
4669,40.518312901069841,-0.28770510452914178,0,0,0,0,0,0.93157711207612259
4670,40.52699105761323,-0.28768932589833107,0,0,0,0,0,0.93160308246095036
4671,40.535669214156613,-0.28767356038211622,0,0,0,0,0,0.93162903861540225
4672,40.544347370700002,-0.28765780794408646,0,0,0,0,0,0.9316549805742641
4673,40.553025527243385,-0.28764206854766905,0,0,0,0,0,0.93168090837253892
4674,40.561703683786774,-0.28762634215612992,0,0,0,0,0,0.93170682204544586
4675,40.570381840330164,-0.28761062873257615,0,0,0,0,0,0.93173272162841814
4676,40.579059996873546,-0.28759492823995669,0,0,0,0,0,0.93175860715710201
4677,40.587738153416936,-0.28757924064106455,0,0,0,0,0,0.93178447866735459
4678,40.596416309960318,-0.28756356589853793,0,0,0,0,0,0.93181033619524301
4679,40.605094466503708,-0.28754790397486263,0,0,0,0,0,0.93183617977704247
4680,40.61377262304709,-0.28753225483237266,0,0,0,0,0,0.93186200944923459
4681,40.62245077959048,-0.2875166184332526,0,0,0,0,0,0.93188782524850611
4682,40.631128936133862,-0.28750099473953827,0,0,0,0,0,0.93191362721174698
4683,40.639807092677252,-0.28748538371311927,0,0,0,0,0,0.93193941537604985
4684,40.648485249220634,-0.28746978531573986,0,0,0,0,0,0.9319651897787069
4685,40.657163405764024,-0.28745419950900086,0,0,0,0,0,0.93199095045720981
4686,40.665841562307406,-0.2874386262543609,0,0,0,0,0,0.93201669744924742
4687,40.674519718850796,-0.28742306551313812,0,0,0,0,0,0.93204243079270421
4688,40.683197875394178,-0.28740751724651159,0,0,0,0,0,0.93206815052565928
4689,40.691876031937568,-0.28739198141552325,0,0,0,0,0,0.93209385668638456
4690,40.70055418848095,-0.28737645798107869,0,0,0,0,0,0.93211954931334307
4691,40.70923234502434,-0.28736094690394864,0,0,0,0,0,0.93214522844518766
4692,40.717910501567722,-0.28734544814477192,0,0,0,0,0,0.9321708941207596
4693,40.726588658111112,-0.28732996166405478,0,0,0,0,0,0.93219654637908678
4694,40.735266814654494,-0.2873144874221738,0,0,0,0,0,0.9322221852593825
4695,40.743944971197884,-0.28729902537937713,0,0,0,0,0,0.93224781080104391
4696,40.752623127741266,-0.28728357549578576,0,0,0,0,0,0.93227342304365046
4697,40.761301284284656,-0.28726813773139437,0,0,0,0,0,0.93229902202696213
4698,40.769979440828038,-0.2872527120460745,0,0,0,0,0,0.93232460779091864
4699,40.778657597371428,-0.28723729839957401,0,0,0,0,0,0.93235018037563744
4700,40.787335753914817,-0.28722189675151988,0,0,0,0,0,0.93237573982141242
4701,40.7960139104582,-0.28720650706141904,0,0,0,0,0,0.93240128616871221
4702,40.804692067001589,-0.28719112928865942,0,0,0,0,0,0.93242681945817929
4703,40.813370223544972,-0.28717576339251272,0,0,0,0,0,0.93245233973062791
4704,40.822048380088361,-0.28716040933213394,0,0,0,0,0,0.93247784702704284
4705,40.830726536631744,-0.28714506706656462,0,0,0,0,0,0.93250334138857793
4706,40.839404693175133,-0.28712973655473273,0,0,0,0,0,0.93252882285655492
4707,40.848082849718516,-0.28711441775545476,0,0,0,0,0,0.93255429147246183
4708,40.856761006261905,-0.28709911062743743,0,0,0,0,0,0.93257974727795134
4709,40.865439162805288,-0.28708381512927783,0,0,0,0,0,0.93260519031483924
4710,40.874117319348677,-0.28706853121946629,0,0,0,0,0,0.93263062062510338
4711,40.88279547589206,-0.28705325885638677,0,0,0,0,0,0.93265603825088239
4712,40.891473632435449,-0.28703799799831797,0,0,0,0,0,0.93268144323447377
4713,40.900151788978832,-0.28702274860343557,0,0,0,0,0,0.93270683561833279
4714,40.908829945522221,-0.28700751062981289,0,0,0,0,0,0.93273221544507101
4715,40.917508102065604,-0.28699228403542265,0,0,0,0,0,0.93275758275745435
4716,40.926186258608993,-0.28697706877813778,0,0,0,0,0,0.93278293759840303
4717,40.934864415152376,-0.2869618648157326,0,0,0,0,0,0.9328082800109887
4718,40.943542571695765,-0.28694667210588531,0,0,0,0,0,0.93283361003843424
4719,40.952220728239148,-0.28693149060617762,0,0,0,0,0,0.93285892772411083
4720,40.960898884782537,-0.2869163202740973,0,0,0,0,0,0.93288423311153901
4721,40.96957704132592,-0.286901161067039,0,0,0,0,0,0.93290952624438428
4722,40.978255197869309,-0.28688601294230498,0,0,0,0,0,0.93293480716645838
4723,40.986933354412692,-0.28687087585710758,0,0,0,0,0,0.93296007592171648
4724,40.995611510956081,-0.2868557497685692,0,0,0,0,0,0.93298533255425631
4725,41.004289667499464,-0.28684063463372456,0,0,0,0,0,0.93301057710831614
4726,41.012967824042853,-0.28682553040952097,0,0,0,0,0,0.93303580962827481
4727,41.021645980586243,-0.28681043705282006,0,0,0,0,0,0.93306103015864905
4728,41.030324137129625,-0.28679535452039961,0,0,0,0,0,0.93308623874409258
4729,41.039002293673015,-0.2867802827689534,0,0,0,0,0,0.93311143542939479
4730,41.047680450216397,-0.28676522175509367,0,0,0,0,0,0.93313662025947952
4731,41.056358606759787,-0.28675017143535131,0,0,0,0,0,0.93316179327940352
4732,41.065036763303169,-0.28673513176617782,0,0,0,0,0,0.93318695453435563
4733,41.073714919846559,-0.2867201027039461,0,0,0,0,0,0.9332121040696546
4734,41.082393076389941,-0.28670508420495178,0,0,0,0,0,0.93323724193074842
4735,41.091071232933331,-0.28669007622541387,0,0,0,0,0,0.93326236816321262
4736,41.099749389476713,-0.28667507872147691,0,0,0,0,0,0.93328748281274954
4737,41.108427546020103,-0.28666009164921136,0,0,0,0,0,0.93331258592518662
4738,41.117105702563485,-0.28664511496461442,0,0,0,0,0,0.9333376775464749
4739,41.125783859106875,-0.28663014862361247,0,0,0,0,0,0.93336275772268817
4740,41.134462015650257,-0.28661519258206092,0,0,0,0,0,0.93338782650002139
4741,41.143140172193647,-0.28660024679574603,0,0,0,0,0,0.9334128839247896
4742,41.151818328737029,-0.28658531122038522,0,0,0,0,0,0.93343793004342657
4743,41.160496485280419,-0.28657038581162941,0,0,0,0,0,0.93346296490248359
4744,41.169174641823801,-0.28655547052506303,0,0,0,0,0,0.93348798854862791
4745,41.177852798367191,-0.28654056531620598,0,0,0,0,0,0.93351300102864188
4746,41.186530954910573,-0.28652567014051367,0,0,0,0,0,0.93353800238942153
4747,41.195209111453963,-0.28651078495337878,0,0,0,0,0,0.93356299267797516
4748,41.203887267997345,-0.28649590971013272,0,0,0,0,0,0.93358797194142229
4749,41.212565424540735,-0.28648104436604571,0,0,0,0,0,0.93361294022699259
4750,41.221243581084117,-0.28646618887632835,0,0,0,0,0,0.93363789758202409
4751,41.229921737627507,-0.28645134319613297,0,0,0,0,0,0.93366284405396249
4752,41.238599894170889,-0.28643650728055348,0,0,0,0,0,0.93368777969035999
4753,41.247278050714279,-0.2864216810846284,0,0,0,0,0,0.93371270453887312
4754,41.255956207257668,-0.28640686456333975,0,0,0,0,0,0.93373761864726301
4755,41.264634363801051,-0.28639205767161546,0,0,0,0,0,0.93376252206339272
4756,41.27331252034444,-0.28637726036433009,0,0,0,0,0,0.93378741483522698
4757,41.281990676887823,-0.28636247259630543,0,0,0,0,0,0.93381229701083091
4758,41.290668833431212,-0.28634769432231177,0,0,0,0,0,0.93383716863836808
4759,41.299346989974595,-0.28633292549706901,0,0,0,0,0,0.93386202976610044
4760,41.308025146517984,-0.28631816607524752,0,0,0,0,0,0.93388688044238632
4761,41.316703303061367,-0.28630341601146903,0,0,0,0,0,0.93391172071567929
4762,41.325381459604756,-0.28628867526030743,0,0,0,0,0,0.93393655063452741
4763,41.334059616148139,-0.28627394377629078,0,0,0,0,0,0.93396137024757153
4764,41.342737772691528,-0.28625922151390071,0,0,0,0,0,0.93398617960354491
4765,41.351415929234911,-0.28624450842757398,0,0,0,0,0,0.93401097875127115
4766,41.3600940857783,-0.28622980447170454,0,0,0,0,0,0.93403576773966335
4767,41.368772242321683,-0.28621510960064245,0,0,0,0,0,0.93406054661772364
4768,41.377450398865072,-0.28620042376869637,0,0,0,0,0,0.93408531543454076
4769,41.386128555408455,-0.28618574693013377,0,0,0,0,0,0.93411007423928982
4770,41.394806711951844,-0.28617107903918249,0,0,0,0,0,0.93413482308123141
4771,41.403484868495227,-0.28615642005003017,0,0,0,0,0,0.93415956200970929
4772,41.412163025038616,-0.28614176991682727,0,0,0,0,0,0.93418429107415024
4773,41.420841181581999,-0.28612712859368616,0,0,0,0,0,0.93420901032406267
4774,41.429519338125388,-0.28611249603468303,0,0,0,0,0,0.93423371980903558
4775,41.438197494668771,-0.28609787219385829,0,0,0,0,0,0.93425841957873734
4776,41.44687565121216,-0.28608325702521809,0,0,0,0,0,0.93428310968291428
4777,41.455553807755543,-0.28606865048273378,0,0,0,0,0,0.93430779017139032
4778,41.464231964298932,-0.28605405252034455,0,0,0,0,0,0.9343324610940652
4779,41.472910120842322,-0.28603946309195705,0,0,0,0,0,0.93435712250091374
4780,41.481588277385704,-0.28602488215144672,0,0,0,0,0,0.93438177444198445
4781,41.490266433929094,-0.28601030965265861,0,0,0,0,0,0.9344064169673989
4782,41.498944590472476,-0.2859957455494081,0,0,0,0,0,0.9344310501273505
4783,41.507622747015866,-0.28598118979548171,0,0,0,0,0,0.93445567397210261
4784,41.516300903559248,-0.28596664234463809,0,0,0,0,0,0.93448028855198861
4785,41.524979060102638,-0.28595210315060893,0,0,0,0,0,0.93450489391741054
4786,41.53365721664602,-0.28593757216709936,0,0,0,0,0,0.93452949011883768
4787,41.54233537318941,-0.285923049347789,0,0,0,0,0,0.93455407720680528
4788,41.551013529732792,-0.28590853464633292,0,0,0,0,0,0.93457865523191475
4789,41.559691686276182,-0.28589402801636232,0,0,0,0,0,0.93460322424483078
4790,41.568369842819564,-0.28587952941148531,0,0,0,0,0,0.93462778429628202
4791,41.577047999362954,-0.28586503878528724,0,0,0,0,0,0.93465233543705883
4792,41.585726155906336,-0.28585055609133248,0,0,0,0,0,0.93467687771801322
4793,41.594404312449726,-0.28583608128316418,0,0,0,0,0,0.93470141119005667
4794,41.603082468993108,-0.28582161431430608,0,0,0,0,0,0.9347259359041602
4795,41.611760625536498,-0.28580715513826194,0,0,0,0,0,0.93475045191135253
4796,41.62043878207988,-0.28579270370851784,0,0,0,0,0,0.93477495926271958
4797,41.62911693862327,-0.28577825997854123,0,0,0,0,0,0.93479945800940323
4798,41.637795095166652,-0.28576382390178345,0,0,0,0,0,0.93482394820260062
4799,41.646473251710042,-0.2857493954316791,0,0,0,0,0,0.9348484298935622
4800,41.655151408253424,-0.28573497452164731,0,0,0,0,0,0.93487290313359228
4801,41.663829564796814,-0.2857205611250927,0,0,0,0,0,0.93489736797404643
4802,41.672507721340196,-0.28570615519540576,0,0,0,0,0,0.93492182446633154
4803,41.681185877883586,-0.28569175668596347,0,0,0,0,0,0.93494627266190422
4804,41.689864034426968,-0.28567736555013024,0,0,0,0,0,0.93497071261227049
4805,41.698542190970358,-0.28566298174125904,0,0,0,0,0,0.93499514436898423
4806,41.707220347513747,-0.28564860521269109,0,0,0,0,0,0.93501956798364616
4807,41.71589850405713,-0.2856342359177575,0,0,0,0,0,0.93504398350790341
4808,41.724576660600519,-0.28561987380977905,0,0,0,0,0,0.93506839099344785
4809,41.733254817143902,-0.28560551884206808,0,0,0,0,0,0.93509279049201588
4810,41.741932973687291,-0.28559117096792841,0,0,0,0,0,0.93511718205538674
4811,41.750611130230673,-0.28557683014065582,0,0,0,0,0,0.93514156573538199
4812,41.759289286774063,-0.28556249631353914,0,0,0,0,0,0.93516594158386424
4813,41.767967443317445,-0.28554816943986105,0,0,0,0,0,0.93519030965273697
4814,41.776645599860835,-0.28553384947289795,0,0,0,0,0,0.93521466999394232
4815,41.785323756404217,-0.28551953636592209,0,0,0,0,0,0.93523902265946157
4816,41.794001912947607,-0.28550523007220008,0,0,0,0,0,0.93526336770131258
4817,41.802680069490989,-0.2854909305449963,0,0,0,0,0,0.93528770517155058
4818,41.811358226034379,-0.28547663773757082,0,0,0,0,0,0.93531203512226602
4819,41.820036382577761,-0.28546235160318167,0,0,0,0,0,0.93533635760558376
4820,41.828714539121151,-0.28544807209508516,0,0,0,0,0,0.93536067267366296
4821,41.837392695664533,-0.28543379916653633,0,0,0,0,0,0.93538498037869544
4822,41.846070852207923,-0.2854195327707898,0,0,0,0,0,0.93540928077290464
4823,41.854749008751305,-0.28540527286109985,0,0,0,0,0,0.9354335739085452
4824,41.863427165294695,-0.28539101939072209,0,0,0,0,0,0.93545785983790197
4825,41.872105321838077,-0.28537677231291303,0,0,0,0,0,0.93548213861328855
4826,41.880783478381467,-0.28536253158093106,0,0,0,0,0,0.93550641028704751
4827,41.889461634924849,-0.28534829714803744,0,0,0,0,0,0.93553067491154818
4828,41.898139791468239,-0.28533406896749636,0,0,0,0,0,0.93555493253918642
4829,41.906817948011621,-0.28531984699257573,0,0,0,0,0,0.93557918322238398
4830,41.915496104555011,-0.28530563117654795,0,0,0,0,0,0.93560342701358712
4831,41.924174261098393,-0.28529142147269038,0,0,0,0,0,0.93562766396526598
4832,41.932852417641783,-0.28527721783428561,0,0,0,0,0,0.93565189412991356
4833,41.941530574185172,-0.28526302021462258,0,0,0,0,0,0.93567611756004487
4834,41.950208730728555,-0.28524882856699707,0,0,0,0,0,0.9357003343081961
4835,41.958886887271944,-0.28523464284471189,0,0,0,0,0,0.93572454442692365
4836,41.967565043815327,-0.28522046300107784,0,0,0,0,0,0.9357487479688037
4837,41.976243200358716,-0.28520628898941403,0,0,0,0,0,0.93577294498643049
4838,41.984921356902099,-0.28519212076304856,0,0,0,0,0,0.93579713553241628
4839,41.993599513445488,-0.28517795827531911,0,0,0,0,0,0.93582131965938997
4840,42.002277669988871,-0.28516380147957365,0,0,0,0,0,0.93584549741999656
4841,42.01095582653226,-0.28514965032917061,0,0,0,0,0,0.93586966886689626
4842,42.019633983075643,-0.28513550477747962,0,0,0,0,0,0.93589383405276327
4843,42.028312139619032,-0.2851213647778823,0,0,0,0,0,0.93591799303028522
4844,42.036990296162415,-0.28510723028377227,0,0,0,0,0,0.93594214585216262
4845,42.045668452705804,-0.28509310124855625,0,0,0,0,0,0.93596629257110753
4846,42.054346609249187,-0.28507897762565437,0,0,0,0,0,0.93599043323984266
4847,42.063024765792576,-0.28506485936850068,0,0,0,0,0,0.93601456791110116
4848,42.071702922335959,-0.28505074643054351,0,0,0,0,0,0.93603869663762507
4849,42.080381078879348,-0.28503663876524632,0,0,0,0,0,0.93606281947216519
4850,42.089059235422731,-0.2850225363260882,0,0,0,0,0,0.93608693646747931
4851,42.09773739196612,-0.28500843906656437,0,0,0,0,0,0.93611104767633224
4852,42.106415548509503,-0.28499434694018599,0,0,0,0,0,0.93613515315149509
4853,42.115093705052892,-0.28498025990048215,0,0,0,0,0,0.93615925294574331
4854,42.123771861596275,-0.28496617790099898,0,0,0,0,0,0.93618334711185702
4855,42.132450018139664,-0.28495210089530121,0,0,0,0,0,0.93620743570261988
4856,42.141128174683047,-0.2849380288369715,0,0,0,0,0,0.93623151877081801
4857,42.149806331226436,-0.28492396167961243,0,0,0,0,0,0.93625559636923916
4858,42.158484487769826,-0.28490989937684574,0,0,0,0,0,0.93627966855067268
4859,42.167162644313208,-0.28489584188231343,0,0,0,0,0,0.93630373536790723
4860,42.175840800856598,-0.2848817891496781,0,0,0,0,0,0.93632779687373158
4861,42.18451895739998,-0.28486774113262348,0,0,0,0,0,0.93635185312093316
4862,42.19319711394337,-0.28485369778485514,0,0,0,0,0,0.93637590416229655
4863,42.201875270486752,-0.28483965906010056,0,0,0,0,0,0.93639995005060417
4864,42.210553427030142,-0.28482562491210983,0,0,0,0,0,0.93642399083863381
4865,42.219231583573524,-0.28481159529465649,0,0,0,0,0,0.93644802657915938
4866,42.227909740116914,-0.28479757016153695,0,0,0,0,0,0.93647205732494887
4867,42.236587896660296,-0.28478354946657214,0,0,0,0,0,0.93649608312876453
4868,42.245266053203686,-0.28476953316360798,0,0,0,0,0,0.93652010404336128
4869,42.253944209747068,-0.28475552120651471,0,0,0,0,0,0.93654412012148658
4870,42.262622366290458,-0.28474151354918831,0,0,0,0,0,0.93656813141587958
4871,42.27130052283384,-0.28472751014555064,0,0,0,0,0,0.93659213797926955
4872,42.27997867937723,-0.28471351094955,0,0,0,0,0,0.9366161398643762
4873,42.288656835920612,-0.28469951591516218,0,0,0,0,0,0.93664013712390792
4874,42.297334992464002,-0.28468552499638955,0,0,0,0,0,0.93666412981056224
4875,42.306013149007384,-0.28467153814726254,0,0,0,0,0,0.93668811797702356
4876,42.314691305550774,-0.28465755532184023,0,0,0,0,0,0.93671210167596353
4877,42.323369462094156,-0.28464357647421001,0,0,0,0,0,0.93673608096003957
4878,42.332047618637546,-0.28462960155848904,0,0,0,0,0,0.93676005588189493
4879,42.340725775180928,-0.28461563052882377,0,0,0,0,0,0.93678402649415671
4880,42.349403931724318,-0.28460166333939096,0,0,0,0,0,0.93680799284943628
4881,42.3580820882677,-0.28458769994439759,0,0,0,0,0,0.9368319550003279
4882,42.36676024481109,-0.28457374029808258,0,0,0,0,0,0.93685591299940807
4883,42.375438401354472,-0.28455978435471518,0,0,0,0,0,0.93687986689923497
4884,42.384116557897862,-0.28454583206859752,0,0,0,0,0,0.93690381675234713
4885,42.392794714441251,-0.28453188339406377,0,0,0,0,0,0.93692776261126354
4886,42.401472870984634,-0.284517938285481,0,0,0,0,0,0.93695170452848231
4887,42.410151027528023,-0.28450399669724968,0,0,0,0,0,0.93697564255647969
4888,42.418829184071406,-0.28449005858380372,0,0,0,0,0,0.93699957674770995
4889,42.427507340614795,-0.28447612389961141,0,0,0,0,0,0.93702350715460447
4890,42.436185497158178,-0.28446219259917604,0,0,0,0,0,0.93704743382957056
4891,42.444863653701567,-0.28444826463703521,0,0,0,0,0,0.93707135682499154
4892,42.45354181024495,-0.28443433996776257,0,0,0,0,0,0.93709527619322464
4893,42.462219966788339,-0.28442041854596756,0,0,0,0,0,0.93711919198660221
4894,42.470898123331722,-0.28440650032629589,0,0,0,0,0,0.93714310425742853
4895,42.479576279875111,-0.28439258526343036,0,0,0,0,0,0.93716701305798189
4896,42.488254436418494,-0.28437867331209077,0,0,0,0,0,0.93719091844051139
4897,42.496932592961883,-0.28436476442703473,0,0,0,0,0,0.93721482045723714
4898,42.505610749505266,-0.28435085856305797,0,0,0,0,0,0.93723871916034995
4899,42.514288906048655,-0.28433695567499462,0,0,0,0,0,0.93726261460201055
4900,42.522967062592038,-0.2843230557177181,0,0,0,0,0,0.93728650683434767
4901,42.531645219135427,-0.28430915864614059,0,0,0,0,0,0.93731039590945886
4902,42.54032337567881,-0.28429526441521513,0,0,0,0,0,0.93733428187940848
4903,42.549001532222199,-0.28428137297993417,0,0,0,0,0,0.93735816479622802
4904,42.557679688765582,-0.28426748429533122,0,0,0,0,0,0.93738204471191455
4905,42.566357845308971,-0.28425359831648123,0,0,0,0,0,0.9374059216784304
4906,42.575036001852354,-0.28423971499849965,0,0,0,0,0,0.93742979574770258
4907,42.583714158395743,-0.28422583429654502,0,0,0,0,0,0.93745366697162147
4908,42.592392314939126,-0.28421195616581785,0,0,0,0,0,0.93747753540204093
4909,42.601070471482515,-0.28419808056156148,0,0,0,0,0,0.93750140109077673
4910,42.609748628025905,-0.28418420743906259,0,0,0,0,0,0.93752526408960601
4911,42.618426784569287,-0.28417033675365144,0,0,0,0,0,0.93754912445026717
4912,42.627104941112677,-0.28415646846070231,0,0,0,0,0,0.93757298222445884
4913,42.635783097656059,-0.28414260251563417,0,0,0,0,0,0.93759683746383815
4914,42.644461254199449,-0.2841287388739111,0,0,0,0,0,0.93762069022002192
4915,42.653139410742831,-0.28411487749104225,0,0,0,0,0,0.93764454054458457
4916,42.661817567286221,-0.28410101832258261,0,0,0,0,0,0.93766838848905731
4917,42.670495723829603,-0.2840871613241337,0,0,0,0,0,0.93769223410492808
4918,42.679173880372993,-0.28407330645134332,0,0,0,0,0,0.93771607744364072
4919,42.687852036916375,-0.28405945365990659,0,0,0,0,0,0.93773991855659422
4920,42.696530193459765,-0.28404560290556602,0,0,0,0,0,0.93776375749514174
4921,42.705208350003147,-0.28403175414411197,0,0,0,0,0,0.93778759431058967
4922,42.713886506546537,-0.28401790733138343,0,0,0,0,0,0.93781142905419768
4923,42.722564663089919,-0.28400406242326759,0,0,0,0,0,0.93783526177717802
4924,42.731242819633309,-0.28399021937570157,0,0,0,0,0,0.93785909253069377
4925,42.739920976176691,-0.28397637814467125,0,0,0,0,0,0.93788292136585882
4926,42.748599132720081,-0.28396253868621357,0,0,0,0,0,0.93790674833373711
4927,42.757277289263463,-0.28394870095641489,0,0,0,0,0,0.93793057348534203
4928,42.765955445806853,-0.28393486491141329,0,0,0,0,0,0.93795439687163551
4929,42.774633602350235,-0.2839210305073977,0,0,0,0,0,0.93797821854352725
4930,42.783311758893625,-0.28390719770060857,0,0,0,0,0,0.93800203855187414
4931,42.791989915437007,-0.28389336644733931,0,0,0,0,0,0.93802585694747942
4932,42.800668071980397,-0.28387953670393506,0,0,0,0,0,0.93804967378109239
4933,42.809346228523779,-0.28386570842679459,0,0,0,0,0,0.93807348910340682
4934,42.818024385067169,-0.28385188157236951,0,0,0,0,0,0.93809730296506111
4935,42.826702541610551,-0.28383805609716617,0,0,0,0,0,0.93812111541663712
4936,42.835380698153941,-0.28382423195774398,0,0,0,0,0,0.93814492650865955
4937,42.84405885469733,-0.28381040911071831,0,0,0,0,0,0.93816873629159525
4938,42.852737011240713,-0.28379658751275894,0,0,0,0,0,0.93819254481585246
4939,42.861415167784102,-0.28378276712059147,0,0,0,0,0,0.93821635213178012
4940,42.870093324327485,-0.28376894789099716,0,0,0,0,0,0.93824015828966711
4941,42.878771480870874,-0.28375512978081452,0,0,0,0,0,0.93826396333974149
4942,42.887449637414257,-0.28374131274693815,0,0,0,0,0,0.93828776733217012
4943,42.896127793957646,-0.28372749674632014,0,0,0,0,0,0.93831157031705748
4944,42.904805950501029,-0.28371368173597045,0,0,0,0,0,0.93833537234444531
4945,42.913484107044418,-0.2836998676729573,0,0,0,0,0,0.9383591734643113
4946,42.922162263587801,-0.28368605451440743,0,0,0,0,0,0.93838297372656942
4947,42.93084042013119,-0.2836722422175062,0,0,0,0,0,0.93840677318106802
4948,42.939518576674573,-0.28365843073949915,0,0,0,0,0,0.93843057187759016
4949,42.948196733217962,-0.28364462003769131,0,0,0,0,0,0.93845436986585229
4950,42.956874889761345,-0.28363081006944846,0,0,0,0,0,0.93847816719550337
4951,42.965553046304734,-0.28361700079219676,0,0,0,0,0,0.9385019639161245
4952,42.974231202848117,-0.28360319216342333,0,0,0,0,0,0.93852576007722843
4953,42.982909359391506,-0.28358938414067802,0,0,0,0,0,0.93854955572825804
4954,42.991587515934889,-0.28357557668157185,0,0,0,0,0,0.93857335091858662
4955,43.000265672478278,-0.283561769743779,0,0,0,0,0,0.9385971456975164
4956,43.008943829021661,-0.28354796328503618,0,0,0,0,0,0.93862094011427788
4957,43.01762198556505,-0.28353415726314413,0,0,0,0,0,0.93864473421802974
4958,43.026300142108433,-0.28352035163596701,0,0,0,0,0,0.93866852805785717
4959,43.034978298651822,-0.28350654636143369,0,0,0,0,0,0.93869232168277195
4960,43.043656455195205,-0.28349274139753755,0,0,0,0,0,0.93871611514171149
4961,43.052334611738594,-0.28347893670233748,0,0,0,0,0,0.93873990848353772
4962,43.061012768281977,-0.28346513223395831,0,0,0,0,0,0.93876370175703672
4963,43.069690924825366,-0.28345132795059025,0,0,0,0,0,0.93878749501091829
4964,43.078369081368756,-0.28343752381049137,0,0,0,0,0,0.93881128829381422
4965,43.087047237912138,-0.28342371977198566,0,0,0,0,0,0.93883508165427898
4966,43.095725394455528,-0.28340991579346564,0,0,0,0,0,0.93885887514078781
4967,43.10440355099891,-0.28339611183339108,0,0,0,0,0,0.93888266880173621
4968,43.1130817075423,-0.28338230785029106,0,0,0,0,0,0.93890646268543976
4969,43.121759864085682,-0.28336850380276268,0,0,0,0,0,0.93893025684013276
4970,43.130438020629072,-0.28335469964947313,0,0,0,0,0,0.93895405131396803
4971,43.139116177172454,-0.28334089534915929,0,0,0,0,0,0.93897784615501567
4972,43.147794333715844,-0.28332709086062868,0,0,0,0,0,0.93900164141126263
4973,43.156472490259226,-0.28331328614275919,0,0,0,0,0,0.93902543713061193
4974,43.165150646802616,-0.28329948115450032,0,0,0,0,0,0.93904923336088209
4975,43.173828803345998,-0.28328567585487352,0,0,0,0,0,0.93907303014980559
4976,43.182506959889388,-0.28327187020297206,0,0,0,0,0,0.93909682754502943
4977,43.19118511643277,-0.28325806415796262,0,0,0,0,0,0.93912062559411336
4978,43.19986327297616,-0.28324425767908434,0,0,0,0,0,0.93914442434452927
4979,43.208541429519542,-0.28323045072565056,0,0,0,0,0,0.93916822384366117
4980,43.217219586062932,-0.28321664325704898,0,0,0,0,0,0.93919202413880365
4981,43.225897742606314,-0.2832028352327417,0,0,0,0,0,0.9392158252771613
4982,43.234575899149704,-0.28318902661226597,0,0,0,0,0,0.93923962730584809
4983,43.243254055693086,-0.2831752173552351,0,0,0,0,0,0.93926343027188675
4984,43.251932212236476,-0.28316140742133822,0,0,0,0,0,0.93928723422220783
4985,43.260610368779858,-0.28314759677034118,0,0,0,0,0,0.939311039203649
4986,43.269288525323248,-0.28313378536208722,0,0,0,0,0,0.9393348452629543
4987,43.27796668186663,-0.28311997315649695,0,0,0,0,0,0.93935865244677341
4988,43.28664483841002,-0.28310616011356959,0,0,0,0,0,0.93938246080166077
4989,43.295322994953409,-0.28309234619338275,0,0,0,0,0,0.93940627037407498
4990,43.304001151496792,-0.28307853135609318,0,0,0,0,0,0.93943008121037797
4991,43.312679308040181,-0.2830647155619378,0,0,0,0,0,0.93945389335683416
4992,43.321357464583564,-0.2830508987712328,0,0,0,0,0,0.93947770685961007
4993,43.330035621126953,-0.2830370809443763,0,0,0,0,0,0.93950152176477331
4994,43.338713777670336,-0.28302326204184669,0,0,0,0,0,0.93952533811829142
4995,43.347391934213725,-0.28300944202420486,0,0,0,0,0,0.93954915596603172
4996,43.356070090757107,-0.28299562085209362,0,0,0,0,0,0.93957297535376028
4997,43.364748247300497,-0.2829817984862385,0,0,0,0,0,0.93959679632714121
4998,43.373426403843879,-0.28296797488744874,0,0,0,0,0,0.93962061893173598
4999,43.382104560387269,-0.28295415001661728,0,0,0,0,0,0.93964444321300244
5000,43.390782716930651,-0.28294032383472134,0,0,0,0,0,0.93966826921629387
5001,43.399460873474041,-0.2829264963028234,0,0,0,0,0,0.93969209698685896
5002,43.408139030017423,-0.2829126673820711,0,0,0,0,0,0.93971592656984027
5003,43.416817186560813,-0.28289883703369834,0,0,0,0,0,0.9397397580102741
5004,43.425495343104195,-0.28288500521902549,0,0,0,0,0,0.93976359135308885
5005,43.434173499647585,-0.28287117189945998,0,0,0,0,0,0.93978742664310499
5006,43.442851656190967,-0.28285733703649718,0,0,0,0,0,0.93981126392503445
5007,43.451529812734357,-0.28284350059172036,0,0,0,0,0,0.93983510324347852
5008,43.460207969277739,-0.28282966252680164,0,0,0,0,0,0.93985894464292907
5009,43.468886125821129,-0.28281582280350259,0,0,0,0,0,0.93988278816776594
5010,43.477564282364511,-0.28280198138367441,0,0,0,0,0,0.93990663386225703
5011,43.486242438907901,-0.28278813822925908,0,0,0,0,0,0.93993048177055782
5012,43.494920595451283,-0.2827742933022892,0,0,0,0,0,0.93995433193670941
5013,43.503598751994673,-0.2827604465648893,0,0,0,0,0,0.93997818440463909
5014,43.512276908538055,-0.28274659797927615,0,0,0,0,0,0.94000203921815872
5015,43.520955065081445,-0.28273274750775856,0,0,0,0,0,0.94002589642096401
5016,43.529633221624835,-0.28271889511273918,0,0,0,0,0,0.9400497560566341
5017,43.538311378168217,-0.28270504075671465,0,0,0,0,0,0.94007361816863
5018,43.546989534711606,-0.28269118440227581,0,0,0,0,0,0.94009748280029526
5019,43.555667691254989,-0.28267732601210838,0,0,0,0,0,0.94012134999485331
5020,43.564345847798378,-0.28266346554899391,0,0,0,0,0,0.9401452197954081
5021,43.573024004341761,-0.28264960297581021,0,0,0,0,0,0.94016909224494238
5022,43.58170216088515,-0.2826357382555319,0,0,0,0,0,0.94019296738631786
5023,43.590380317428533,-0.28262187135123074,0,0,0,0,0,0.94021684526227323
5024,43.599058473971922,-0.28260800222607685,0,0,0,0,0,0.94024072591542407
5025,43.607736630515305,-0.28259413084333862,0,0,0,0,0,0.9402646093882624
5026,43.616414787058694,-0.28258025716638391,0,0,0,0,0,0.94028849572315487
5027,43.625092943602077,-0.28256638115868038,0,0,0,0,0,0.9403123849623426
5028,43.633771100145466,-0.28255250278379584,0,0,0,0,0,0.94033627714794021
5029,43.642449256688849,-0.28253862200539936,0,0,0,0,0,0.94036017232193558
5030,43.651127413232238,-0.28252473878726159,0,0,0,0,0,0.94038407052618744
5031,43.659805569775621,-0.28251085309325552,0,0,0,0,0,0.94040797180242641
5032,43.66848372631901,-0.28249696488735687,0,0,0,0,0,0.94043187619225321
5033,43.677161882862393,-0.28248307413364526,0,0,0,0,0,0.94045578373713767
5034,43.685840039405782,-0.28246918079630401,0,0,0,0,0,0.94047969447841839
5035,43.694518195949165,-0.28245528483962146,0,0,0,0,0,0.94050360845730219
5036,43.703196352492554,-0.28244138622799131,0,0,0,0,0,0.9405275257148622
5037,43.711874509035937,-0.2824274849259133,0,0,0,0,0,0.94055144629203791
5038,43.720552665579326,-0.28241358089799395,0,0,0,0,0,0.940575370229634
5039,43.729230822122709,-0.28239967410894706,0,0,0,0,0,0.94059929756831973
5040,43.737908978666098,-0.28238576452359432,0,0,0,0,0,0.94062322834862799
5041,43.746587135209481,-0.28237185210686633,0,0,0,0,0,0.94064716261095471
5042,43.75526529175287,-0.28235793682380272,0,0,0,0,0,0.94067110039555724
5043,43.76394344829626,-0.28234401863955294,0,0,0,0,0,0.94069504174255436
5044,43.772621604839642,-0.28233009751937732,0,0,0,0,0,0.94071898669192477
5045,43.781299761383032,-0.28231617342864757,0,0,0,0,0,0.94074293528350728
5046,43.789977917926414,-0.28230224633284706,0,0,0,0,0,0.94076688755699855
5047,43.798656074469804,-0.28228831619757178,0,0,0,0,0,0.9407908435519533
5048,43.807334231013186,-0.28227438298853114,0,0,0,0,0,0.94081480330778333
5049,43.816012387556576,-0.28226044667154848,0,0,0,0,0,0.940838766863756
5050,43.824690544099958,-0.2822465072125615,0,0,0,0,0,0.94086273425899436
5051,43.833368700643348,-0.28223256457762369,0,0,0,0,0,0.94088670553247533
5052,43.84204685718673,-0.28221861873290421,0,0,0,0,0,0.94091068072302964
5053,43.85072501373012,-0.28220466964468871,0,0,0,0,0,0.94093465986934044
5054,43.859403170273502,-0.28219071727938083,0,0,0,0,0,0.94095864300994259
5055,43.868081326816892,-0.28217676160350191,0,0,0,0,0,0.94098263018322226
5056,43.876759483360274,-0.28216280258369186,0,0,0,0,0,0.94100662142741487
5057,43.885437639903664,-0.28214884018671049,0,0,0,0,0,0.94103061678060596
5058,43.894115796447046,-0.28213487437943729,0,0,0,0,0,0.94105461628072895
5059,43.902793952990436,-0.28212090512887311,0,0,0,0,0,0.94107861996556452
5060,43.911472109533818,-0.28210693240214024,0,0,0,0,0,0.94110262787273991
5061,43.920150266077208,-0.28209295616648311,0,0,0,0,0,0.94112664003972846
5062,43.92882842262059,-0.28207897638926938,0,0,0,0,0,0.94115065650384788
5063,43.93750657916398,-0.28206499303799037,0,0,0,0,0,0.94117467730226056
5064,43.946184735707362,-0.28205100608026179,0,0,0,0,0,0.94119870247197113
5065,43.954862892250752,-0.28203701548382454,0,0,0,0,0,0.94122273204982687
5066,43.963541048794134,-0.28202302121654566,0,0,0,0,0,0.94124676607251634
5067,43.972219205337524,-0.28200902324641863,0,0,0,0,0,0.94127080457656886
5068,43.980897361880913,-0.28199502154156431,0,0,0,0,0,0.94129484759835269
5069,43.989575518424296,-0.28198101607023185,0,0,0,0,0,0.94131889517407541
5070,43.998253674967685,-0.28196700680079911,0,0,0,0,0,0.94134294733978185
5071,44.006931831511068,-0.28195299370177362,0,0,0,0,0,0.94136700413135421
5072,44.015609988054457,-0.28193897674179325,0,0,0,0,0,0.94139106558451047
5073,44.02428814459784,-0.28192495588962718,0,0,0,0,0,0.94141513173480418
5074,44.032966301141229,-0.28191093111417609,0,0,0,0,0,0.94143920261762248
5075,44.041644457684612,-0.28189690238447351,0,0,0,0,0,0.94146327826818665
5076,44.050322614228001,-0.28188286966968656,0,0,0,0,0,0.94148735872154965
5077,44.059000770771384,-0.28186883293911602,0,0,0,0,0,0.94151144401259679
5078,44.067678927314773,-0.28185479216219811,0,0,0,0,0,0.94153553417604363
5079,44.076357083858156,-0.28184074730850428,0,0,0,0,0,0.94155962924643544
5080,44.085035240401545,-0.28182669834774265,0,0,0,0,0,0.94158372925814704
5081,44.093713396944928,-0.28181264524975869,0,0,0,0,0,0.94160783424538064
5082,44.102391553488317,-0.2817985879845355,0,0,0,0,0,0.94163194424216567
5083,44.1110697100317,-0.28178452652219543,0,0,0,0,0,0.94165605928235796
5084,44.119747866575089,-0.28177046083300028,0,0,0,0,0,0.94168017939963855
5085,44.128426023118472,-0.28175639088735205,0,0,0,0,0,0.94170430462751287
5086,44.137104179661861,-0.28174231665579386,0,0,0,0,0,0.9417284349993098
5087,44.145782336205244,-0.28172823810901115,0,0,0,0,0,0.94175257054818107
5088,44.154460492748633,-0.28171415521783183,0,0,0,0,0,0.94177671130709983
5089,44.163138649292016,-0.28170006795322733,0,0,0,0,0,0.9418008573088601
5090,44.171816805835405,-0.28168597628631353,0,0,0,0,0,0.94182500858607587
5091,44.180494962378788,-0.28167188018835143,0,0,0,0,0,0.94184916517118
5092,44.189173118922177,-0.28165777963074812,0,0,0,0,0,0.94187332709642324
5093,44.19785127546556,-0.28164367458505735,0,0,0,0,0,0.94189749439387394
5094,44.206529432008949,-0.28162956502298031,0,0,0,0,0,0.94192166709541636
5095,44.215207588552339,-0.28161545091636686,0,0,0,0,0,0.94194584523275005
5096,44.223885745095721,-0.28160133223721606,0,0,0,0,0,0.94197002883738912
5097,44.232563901639111,-0.28158720895767686,0,0,0,0,0,0.94199421794066129
5098,44.241242058182493,-0.28157308105004897,0,0,0,0,0,0.94201841257370633
5099,44.249920214725883,-0.2815589484867842,0,0,0,0,0,0.94204261276747636
5100,44.258598371269265,-0.28154481124048658,0,0,0,0,0,0.94206681855273366
5101,44.267276527812655,-0.2815306692839139,0,0,0,0,0,0.94209102996005067
5102,44.275954684356037,-0.28151652258997739,0,0,0,0,0,0.94211524701980875
5103,44.284632840899427,-0.28150237113174403,0,0,0,0,0,0.9421394697621972
5104,44.293310997442809,-0.28148821488243603,0,0,0,0,0,0.94216369821721235
5105,44.301989153986199,-0.28147405381543311,0,0,0,0,0,0.94218793241465659
5106,44.310667310529581,-0.28145988790427212,0,0,0,0,0,0.94221217238413768
5107,44.319345467072971,-0.2814457171226481,0,0,0,0,0,0.94223641815506753
5108,44.328023623616353,-0.28143154144441573,0,0,0,0,0,0.94226066975666178
5109,44.336701780159743,-0.2814173608435897,0,0,0,0,0,0.94228492721793811
5110,44.345379936703125,-0.28140317529434566,0,0,0,0,0,0.94230919056771589
5111,44.354058093246515,-0.28138898477102092,0,0,0,0,0,0.94233345983461525
5112,44.362736249789897,-0.28137478924811554,0,0,0,0,0,0.94235773504705589
5113,44.371414406333287,-0.28136058870029323,0,0,0,0,0,0.94238201623325646
5114,44.380092562876669,-0.28134638310238236,0,0,0,0,0,0.94240630342123288
5115,44.388770719420059,-0.28133217242937603,0,0,0,0,0,0.94243059663879891
5116,44.397448875963441,-0.28131795665643378,0,0,0,0,0,0.94245489591356346
5117,44.406127032506831,-0.28130373575888235,0,0,0,0,0,0.94247920127293094
5118,44.414805189050213,-0.28128950971221589,0,0,0,0,0,0.9425035127440996
5119,44.423483345593603,-0.28127527849209777,0,0,0,0,0,0.94252783035406151
5120,44.432161502136992,-0.28126104207436076,0,0,0,0,0,0.94255215412960047
