step,time,energy,px,py,pz,lx,ly,lz
0,0,-0.50002495515154421,0,0,0,0,0,0.7070537805557251
1,0.0086781565433861306,-0.50002491750796085,0,0,0,0,0,0.70705380717567934
2,0.017356313086772261,-0.50002497114285449,0,0,0,0,0,0.70705376924701024
3,0.026034469630158392,-0.50002495592445306,0,0,0,0,0,0.70705378000846919
4,0.034712626173544522,-0.50002500981547215,0,0,0,0,0,0.70705374189837333
5,0.043390782716930656,-0.50002500393337068,0,0,0,0,0,0.70705374605727778
6,0.052068939260316784,-0.50002499812394041,0,0,0,0,0,0.70705375016463212
7,0.060747095803702911,-0.50002503857109759,0,0,0,0,0,0.70705372156103952
8,0.069425252347089045,-0.500025072317685,0,0,0,0,0,0.7070536976956624
9,0.078103408890475179,-0.50002500866334609,0,0,0,0,0,0.70705374270817578
10,0.086781565433861313,-0.50002502705376173,0,0,0,0,0,0.7070537297017836
11,0.095459721977247433,-0.5000250069556651,0,0,0,0,0,0.70705374391274445
12,0.10413787852063357,-0.500024993036016,0,0,0,0,0,0.70705375375445756
13,0.1128160350640197,-0.50002495537460556,0,0,0,0,0,0.70705378038522793
14,0.12149419160740582,-0.50002496307221045,0,0,0,0,0,0.70705377493974209
15,0.13017234815079196,-0.50002493541129867,0,0,0,0,0,0.7070537944982429
16,0.13885050469417809,-0.50002488814152735,0,0,0,0,0,0.70705382792325633
17,0.14752866123756422,-0.50002491112850367,0,0,0,0,0,0.70705381166524761
18,0.15620681778095036,-0.50002488778095511,0,0,0,0,0,0.70705382817305207
19,0.16488497432433649,-0.50002484884885778,0,0,0,0,0,0.70705385570144141
20,0.17356313086772263,-0.50002478630305813,0,0,0,0,0,0.70705389992839129
21,0.18224128741110873,-0.50002473721942642,0,0,0,0,0,0.70705393463537414
22,0.19091944395449487,-0.50002472395870357,0,0,0,0,0,0.70705394400956401
23,0.199597600497881,-0.50002478703906816,0,0,0,0,0,0.70705389939813701
24,0.20827575704126713,-0.50002475588016082,0,0,0,0,0,0.70705392142908341
25,0.21695391358465327,-0.50002477956335933,0,0,0,0,0,0.70705390467766094
26,0.2256320701280394,-0.50002482069623644,0,0,0,0,0,0.70705387558631294
27,0.23431022667142554,-0.50002483711472201,0,0,0,0,0,0.70705386397176628
28,0.24298838321481164,-0.50002482621624,0,0,0,0,0,0.70705387167455314
29,0.2516665397581978,-0.50002481335699345,0,0,0,0,0,0.70705388076374875
30,0.26034469630158391,-0.50002482988275754,0,0,0,0,0,0.70705386907306256
31,0.26902285284497007,-0.50002477047616867,0,0,0,0,0,0.70705391107892979
32,0.27770100938835618,-0.50002473659140534,0,0,0,0,0,0.70705393503647773
33,0.28637916593174229,-0.50002479939105615,0,0,0,0,0,0.70705389062207757
34,0.29505732247512845,-0.50002476629491399,0,0,0,0,0,0.70705391402163897
35,0.30373547901851455,-0.50002480998641352,0,0,0,0,0,0.7070538831199471
36,0.31241363556190072,-0.50002483352045479,0,0,0,0,0,0.70705386647259871
37,0.32109179210528682,-0.50002486241943533,0,0,0,0,0,0.70705384603095567
38,0.32976994864867298,-0.50002483309569257,0,0,0,0,0,0.70705386676249393
39,0.33844810519205909,-0.50002484916674372,0,0,0,0,0,0.70705385539219989
40,0.34712626173544525,-0.50002483666143382,0,0,0,0,0,0.70705386422933181
41,0.35580441827883136,-0.50002484356672761,0,0,0,0,0,0.7070538593402631
42,0.36448257482221746,-0.5000248862530895,0,0,0,0,0,0.70705382914788295
43,0.37316073136560363,-0.50002487363879689,0,0,0,0,0,0.7070538380618423
44,0.38183888790898973,-0.50002484173428208,0,0,0,0,0,0.70705386061712794
45,0.39051704445237589,-0.50002486269561663,0,0,0,0,0,0.70705384578779729
46,0.399195200995762,-0.50002482224667122,0,0,0,0,0,0.70705387438451694
47,0.40787335753914816,-0.50002485304225819,0,0,0,0,0,0.70705385260017017
48,0.41655151408253427,-0.50002483280227705,0,0,0,0,0,0.70705386690629624
49,0.42522967062592038,-0.50002481102348328,0,0,0,0,0,0.70705388230053856
50,0.43390782716930654,-0.50002474812872844,0,0,0,0,0,0.70705392677059109
51,0.44258598371269264,-0.50002475600486618,0,0,0,0,0,0.70705392119364419
52,0.45126414025607881,-0.50002479112265141,0,0,0,0,0,0.70705389635216243
53,0.45994229679946491,-0.500024739665345,0,0,0,0,0,0.70705393273352612
54,0.46862045334285107,-0.5000247421474201,0,0,0,0,0,0.70705393097049729
55,0.47729860988623718,-0.50002475158331217,0,0,0,0,0,0.70705392429020009
56,0.48597676642962329,-0.50002473806347203,0,0,0,0,0,0.70705393384299242
57,0.49465492297300945,-0.50002474557553767,0,0,0,0,0,0.70705392852265625
58,0.50333307951639561,-0.50002479848324866,0,0,0,0,0,0.70705389110005967
59,0.51201123605978172,-0.50002480009063421,0,0,0,0,0,0.70705388995455287
60,0.52068939260316782,-0.50002477672765433,0,0,0,0,0,0.70705390646768507
61,0.52936754914655393,-0.50002477590398264,0,0,0,0,0,0.70705390704253546
62,0.53804570568994015,-0.50002481306210134,0,0,0,0,0,0.70705388075665176
63,0.54672386223332625,-0.50002481229761697,0,0,0,0,0,0.70705388128889979
64,0.55540201877671236,-0.50002481210874739,0,0,0,0,0,0.70705388141326786
65,0.56408017532009846,-0.50002481857900627,0,0,0,0,0,0.70705387682984444
66,0.57275833186348457,-0.50002485437046973,0,0,0,0,0,0.70705385151001821
67,0.58143648840687079,-0.50002488733320549,0,0,0,0,0,0.70705382819029694
68,0.59011464495025689,-0.50002488894620711,0,0,0,0,0,0.70705382704001174
69,0.598792801493643,-0.50002485283652043,0,0,0,0,0,0.7070538525667267
70,0.60747095803702911,-0.50002490221427875,0,0,0,0,0,0.70705381763815822
71,0.61614911458041532,-0.50002487698028086,0,0,0,0,0,0.70705383547379697
72,0.62482727112380143,-0.50002485565912203,0,0,0,0,0,0.70705385054166214
73,0.63350542766718754,-0.50002482177651442,0,0,0,0,0,0.7070538744934538
74,0.64218358421057364,-0.50002482744674692,0,0,0,0,0,0.70705387047409829
75,0.65086174075395975,-0.50002480934610127,0,0,0,0,0,0.70705388326593521
76,0.65953989729734597,-0.50002477872943463,0,0,0,0,0,0.70705390490739184
77,0.66821805384073207,-0.50002478463653577,0,0,0,0,0,0.70705390072054008
78,0.67689621038411818,-0.50002477763477426,0,0,0,0,0,0.70705390566175552
79,0.68557436692750429,-0.50002473193427566,0,0,0,0,0,0.7070539379701124
80,0.6942525234708905,-0.50002470293593615,0,0,0,0,0,0.70705395846808017
81,0.70293068001427661,-0.50002470221488682,0,0,0,0,0,0.70705395896710854
82,0.71160883655766272,-0.50002468773060271,0,0,0,0,0,0.70705396919965935
83,0.72028699310104882,-0.50002465260308249,0,0,0,0,0,0.70705399403196445
84,0.72896514964443493,-0.50002464863520646,0,0,0,0,0,0.70705399682800874
85,0.73764330618782115,-0.50002470955667322,0,0,0,0,0,0.70705395373460078
86,0.74632146273120725,-0.50002472775158502,0,0,0,0,0,0.70705394085682016
87,0.75499961927459336,-0.50002470420607692,0,0,0,0,0,0.70705395749761557
88,0.76367777581797947,-0.50002467744868917,0,0,0,0,0,0.70705397640945122
89,0.77235593236136557,-0.50002471647467028,0,0,0,0,0,0.70705394879979266
90,0.78103408890475179,-0.50002466924079669,0,0,0,0,0,0.70705398219169346
91,0.7897122454481379,-0.50002468217467921,0,0,0,0,0,0.70705397303436435
92,0.798390401991524,-0.50002462093257938,0,0,0,0,0,0.70705401633250453
93,0.80706855853491011,-0.5000245639370563,0,0,0,0,0,0.70705405662740617
94,0.81574671507829632,-0.5000245041947553,0,0,0,0,0,0.70705409886541126
95,0.82442487162168243,-0.50002452208058634,0,0,0,0,0,0.70705408620436749
96,0.83310302816506854,-0.50002447863474464,0,0,0,0,0,0.70705411691759057
97,0.84178118470845464,-0.50002453373229883,0,0,0,0,0,0.70705407794216413
98,0.85045934125184075,-0.50002448344226991,0,0,0,0,0,0.70705411349510694
99,0.85913749779522697,-0.50002449993847053,0,0,0,0,0,0.7070541018183496
100,0.86781565433861307,-0.50002447958080332,0,0,0,0,0,0.70705411620417014
101,0.87649381088199918,-0.500024470452757,0,0,0,0,0,0.70705412264846856
102,0.88517196742538529,-0.50002444799101509,0,0,0,0,0,0.70705413852219667
103,0.8938501239687715,-0.50002449593880005,0,0,0,0,0,0.70705410460209794
104,0.90252828051215761,-0.50002452048634982,0,0,0,0,0,0.70705408722949414
105,0.91120643705554372,-0.50002453544054359,0,0,0,0,0,0.70705407664200948
106,0.91988459359892982,-0.50002454617311254,0,0,0,0,0,0.70705406903892198
107,0.92856275014231593,-0.5000245129065527,0,0,0,0,0,0.70705409255206142
108,0.93724090668570215,-0.50002445239194571,0,0,0,0,0,0.70705413533555506
109,0.94591906322908825,-0.50002442093243893,0,0,0,0,0,0.70705415757136159
110,0.95459721977247436,-0.50002439074270078,0,0,0,0,0,0.70705417890933031
111,0.96327537631586047,-0.50002436560049612,0,0,0,0,0,0.70705419667757741
112,0.97195353285924657,-0.50002439538004351,0,0,0,0,0,0.70705417560514761
113,0.98063168940263279,-0.50002443453209955,0,0,0,0,0,0.70705414790414034
114,0.9893098459460189,-0.50002447884437884,0,0,0,0,0,0.7070541165544908
115,0.997988002489405,-0.50002451221797961,0,0,0,0,0,0.70705409294015586
116,1.0066661590327912,-0.50002447389579574,0,0,0,0,0,0.70705412002888568
117,1.0153443155761772,-0.50002449649626013,0,0,0,0,0,0.70705410403415003
118,1.0240224721195634,-0.50002449229938084,0,0,0,0,0,0.70705410698989557
119,1.0327006286629496,-0.50002447794522631,0,0,0,0,0,0.70705411712815724
120,1.0413787852063356,-0.50002449100040303,0,0,0,0,0,0.70705410788384249
121,1.0500569417497219,-0.50002451954596672,0,0,0,0,0,0.70705408768418188
122,1.0587350982931079,-0.50002448698500279,0,0,0,0,0,0.70705411069938906
123,1.0674132548364941,-0.50002453147146997,0,0,0,0,0,0.70705407922651531
124,1.0760914113798803,-0.50002454805545837,0,0,0,0,0,0.70705406748535937
125,1.0847695679232663,-0.50002459641842334,0,0,0,0,0,0.70705403327062244
126,1.0934477244666525,-0.50002460273083393,0,0,0,0,0,0.70705402879342372
127,1.1021258810100385,-0.5000245733576052,0,0,0,0,0,0.70705404955410944
128,1.1108040375534247,-0.50002452513186113,0,0,0,0,0,0.70705408364716849
129,1.1194821940968109,-0.50002457977506176,0,0,0,0,0,0.70705404499080682
130,1.1281603506401969,-0.50002461663460107,0,0,0,0,0,0.70705401891090169
131,1.1368385071835831,-0.5000246198992645,0,0,0,0,0,0.70705401659030498
132,1.1455166637269691,-0.50002458433563457,0,0,0,0,0,0.70705404172854847
133,1.1541948202703554,-0.50002458487517853,0,0,0,0,0,0.70705404133517125
134,1.1628729768137416,-0.50002456305081899,0,0,0,0,0,0.707054056756795
135,1.1715511333571276,-0.50002454040858879,0,0,0,0,0,0.70705407275759424
136,1.1802292899005138,-0.50002454804149465,0,0,0,0,0,0.70705406734701093
137,1.1889074464438998,-0.50002449539140792,0,0,0,0,0,0.70705410456924422
138,1.197585602987286,-0.50002450443564384,0,0,0,0,0,0.70705409816035569
139,1.2062637595306722,-0.50002448967621327,0,0,0,0,0,0.70705410858668416
140,1.2149419160740582,-0.50002446013319468,0,0,0,0,0,0.70705412946771151
141,1.2236200726174444,-0.50002444343590413,0,0,0,0,0,0.70705414126354782
142,1.2322982291608306,-0.50002445654633709,0,0,0,0,0,0.70705413197876876
143,1.2409763857042166,-0.50002444720167005,0,0,0,0,0,0.70705413857535016
144,1.2496545422476029,-0.50002439969075074,0,0,0,0,0,0.70705417216352506
145,1.2583326987909889,-0.50002438038515828,0,0,0,0,0,0.70705418580402357
146,1.2670108553343751,-0.50002435257246503,0,0,0,0,0,0.70705420546155828
147,1.2756890118777613,-0.50002434530937667,0,0,0,0,0,0.70705421058650075
148,1.2843671684211473,-0.50002436030664643,0,0,0,0,0,0.70705419996811258
149,1.2930453249645335,-0.50002442646866485,0,0,0,0,0,0.70705415316544284
150,1.3017234815079195,-0.50002442554799276,0,0,0,0,0,0.707054153803925
151,1.3104016380513057,-0.50002440484308153,0,0,0,0,0,0.70705416843480462
152,1.3190797945946919,-0.5000243816181158,0,0,0,0,0,0.70705418484853944
153,1.3277579511380779,-0.50002439895324013,0,0,0,0,0,0.70705417257669545
154,1.3364361076814641,-0.50002438762657064,0,0,0,0,0,0.70705418057489355
155,1.3451142642248501,-0.50002438826667461,0,0,0,0,0,0.70705418011047749
156,1.3537924207682364,-0.50002439786607267,0,0,0,0,0,0.70705417331058174
157,1.3624705773116226,-0.50002440019366023,0,0,0,0,0,0.70705417165229667
158,1.3711487338550086,-0.50002437947662248,0,0,0,0,0,0.70705418629166505
159,1.3798268903983948,-0.50002438258319459,0,0,0,0,0,0.70705418408426546
160,1.388505046941781,-0.50002440037402252,0,0,0,0,0,0.70705417149065397
161,1.397183203485167,-0.50002439935869658,0,0,0,0,0,0.70705417219691746
162,1.4058613600285532,-0.50002436473245615,0,0,0,0,0,0.70705419667355329
163,1.4145395165719392,-0.50002434683437003,0,0,0,0,0,0.7070542093204093
164,1.4232176731153254,-0.50002435493469821,0,0,0,0,0,0.70705420358036619
165,1.4318958296587116,-0.50002432071874614,0,0,0,0,0,0.70705422776795146
166,1.4405739862020976,-0.50002433708713501,0,0,0,0,0,0.70705421618065678
167,1.4492521427454839,-0.50002435035305859,0,0,0,0,0,0.70705420678844533
168,1.4579302992888699,-0.50002431458147178,0,0,0,0,0,0.70705423207482099
169,1.4666084558322561,-0.50002427096629376,0,0,0,0,0,0.70705426290876972
170,1.4752866123756423,-0.50002427567610597,0,0,0,0,0,0.70705425956700907
171,1.4839647689190283,-0.50002427198672583,0,0,0,0,0,0.70705426216478706
172,1.4926429254624145,-0.50002428101571228,0,0,0,0,0,0.7070542557677264
173,1.5013210820058005,-0.50002429616323585,0,0,0,0,0,0.70705424504471281
174,1.5099992385491867,-0.5000242959647353,0,0,0,0,0,0.70705424517395699
175,1.5186773950925729,-0.50002434333683388,0,0,0,0,0,0.70705421166151439
176,1.5273555516359589,-0.50002438124701365,0,0,0,0,0,0.7070541848398868
177,1.5360337081793451,-0.50002441456915703,0,0,0,0,0,0.70705416126338605
178,1.5447118647227311,-0.50002438522219173,0,0,0,0,0,0.70705418200784642
179,1.5533900212661174,-0.50002441604493408,0,0,0,0,0,0.70705416019758616
180,1.5620681778095036,-0.50002438087403256,0,0,0,0,0,0.70705418506077855
181,1.5707463343528896,-0.50002442282336035,0,0,0,0,0,0.70705415538297345
182,1.5794244908962758,-0.50002442690596471,0,0,0,0,0,0.70705415248614401
183,1.588102647439662,-0.50002445007971241,0,0,0,0,0,0.7070541360869953
184,1.596780803983048,-0.50002440714917018,0,0,0,0,0,0.70705416643779984
185,1.6054589605264342,-0.50002440787662839,0,0,0,0,0,0.70705416591342996
186,1.6141371170698202,-0.5000244007493343,0,0,0,0,0,0.70705417094357159
187,1.6228152736132064,-0.50002442783003864,0,0,0,0,0,0.70705415178099429
188,1.6314934301565926,-0.50002445031924347,0,0,0,0,0,0.70705413586696864
189,1.6401715866999786,-0.50002444147918679,0,0,0,0,0,0.7070541421090013
190,1.6488497432433649,-0.50002444772042087,0,0,0,0,0,0.70705413768473235
191,1.6575278997867509,-0.50002443777722994,0,0,0,0,0,0.70705414470705819
192,1.6662060563301371,-0.50002440437945272,0,0,0,0,0,0.70705416831756907
193,1.6748842128735233,-0.50002446876403261,0,0,0,0,0,0.7070541227734779
194,1.6835623694169093,-0.50002445053944899,0,0,0,0,0,0.70705413565499953
195,1.6922405259602955,-0.50002443584888356,0,0,0,0,0,0.70705414603500749
196,1.7009186825036815,-0.50002444532838797,0,0,0,0,0,0.70705413932293126
197,1.7095968390470677,-0.50002445984577915,0,0,0,0,0,0.70705412904673359
198,1.7182749955904539,-0.50002443795197071,0,0,0,0,0,0.70705414452332249
199,1.7269531521338399,-0.5000244537427494,0,0,0,0,0,0.7070541333469933
200,1.7356313086772261,-0.50002445807762375,0,0,0,0,0,0.70705413027427966
201,1.7443094652206121,-0.50002450982992475,0,0,0,0,0,0.70705409366594552
202,1.7529876217639984,-0.50002450041264901,0,0,0,0,0,0.70705410031917637
203,1.7616657783073846,-0.50002447932999361,0,0,0,0,0,0.70705411522177819
204,1.7703439348507706,-0.50002447429232821,0,0,0,0,0,0.7070541187787871
205,1.7790220913941568,-0.50002450616590244,0,0,0,0,0,0.70705409622973292
206,1.787700247937543,-0.50002450471556903,0,0,0,0,0,0.70705409724899582
207,1.796378404480929,-0.5000244872345222,0,0,0,0,0,0.70705410960562531
208,1.8050565610243152,-0.50002446044299087,0,0,0,0,0,0.70705412854619709
209,1.8137347175677012,-0.50002448891158369,0,0,0,0,0,0.70705410840591121
210,1.8224128741110874,-0.50002446943266066,0,0,0,0,0,0.70705412217503039
211,1.8310910306544737,-0.5000244590276206,0,0,0,0,0,0.70705412952616697
212,1.8397691871978596,-0.50002445537564311,0,0,0,0,0,0.70705413210313139
213,1.8484473437412459,-0.50002449132214088,0,0,0,0,0,0.70705410667478219
214,1.8571255002846319,-0.50002447990939669,0,0,0,0,0,0.70705411473975133
215,1.8658036568280181,-0.50002448836254387,0,0,0,0,0,0.70705410875478414
216,1.8744818133714043,-0.50002445257202144,0,0,0,0,0,0.70705413406189521
217,1.8831599699147903,-0.50002442200847586,0,0,0,0,0,0.70705415567273278
218,1.8918381264581765,-0.50002443983323153,0,0,0,0,0,0.70705414305940906
219,1.9005162830015625,-0.50002447060842115,0,0,0,0,0,0.70705412128865852
220,1.9091944395449487,-0.50002449301002427,0,0,0,0,0,0.70705410543968128
221,1.9178725960883349,-0.50002444886754427,0,0,0,0,0,0.7070541366532801
222,1.9265507526317209,-0.50002446027086656,0,0,0,0,0,0.70705412858270389
223,1.9352289091751071,-0.50002447999497035,0,0,0,0,0,0.70705411462601653
224,1.9439070657184931,-0.50002446701567238,0,0,0,0,0,0.70705412379986754
225,1.9525852222618794,-0.50002446549516344,0,0,0,0,0,0.70705412486987029
226,1.9612633788052656,-0.50002447535785599,0,0,0,0,0,0.70705411789060868
227,1.9699415353486516,-0.50002447391560323,0,0,0,0,0,0.70705411890746861
228,1.9786196918920378,-0.50002443189749413,0,0,0,0,0,0.70705414861980653
229,1.987297848435424,-0.50002446278837553,0,0,0,0,0,0.7070541267678756
230,1.99597600497881,-0.50002445172297738,0,0,0,0,0,0.70705413459132282
231,2.004654161522196,-0.5000244273938006,0,0,0,0,0,0.70705415179389508
232,2.0133323180655824,-0.50002442935473224,0,0,0,0,0,0.70705415040171138
233,2.0220104746089684,-0.50002447154974483,0,0,0,0,0,0.70705412055550365
234,2.0306886311523544,-0.50002448619299245,0,0,0,0,0,0.70705411019528119
235,2.0393667876957409,-0.50002450564218726,0,0,0,0,0,0.70705409643723183
236,2.0480449442391269,-0.50002449108369773,0,0,0,0,0,0.70705410672947355
237,2.0567231007825129,-0.50002448379664932,0,0,0,0,0,0.7070541118809055
238,2.0654012573258993,-0.50002452331101921,0,0,0,0,0,0.70705408393191838
239,2.0740794138692853,-0.50002447736728717,0,0,0,0,0,0.70705411642230676
240,2.0827575704126713,-0.50002445688918284,0,0,0,0,0,0.7070541309038636
241,2.0914357269560573,-0.50002443501100813,0,0,0,0,0,0.70705414637372921
242,2.1001138834994437,-0.50002446801516265,0,0,0,0,0,0.7070541230288796
243,2.1087920400428297,-0.50002445332448597,0,0,0,0,0,0.70705413341724732
244,2.1174701965862157,-0.5000244157872511,0,0,0,0,0,0.70705415996407917
245,2.1261483531296022,-0.50002442700694949,0,0,0,0,0,0.7070541520274003
246,2.1348265096729881,-0.5000244553768769,0,0,0,0,0,0.70705413196036904
247,2.1435046662163741,-0.50002443538327224,0,0,0,0,0,0.70705414609887152
248,2.1521828227597606,-0.50002442706240791,0,0,0,0,0,0.70705415198241472
249,2.1608609793031466,-0.50002439313061031,0,0,0,0,0,0.70705417597980935
250,2.1695391358465326,-0.50002442441688033,0,0,0,0,0,0.7070541538510674
251,2.1782172923899186,-0.50002443024590149,0,0,0,0,0,0.70705414972642944
252,2.186895448933305,-0.50002442389571911,0,0,0,0,0,0.70705415421765294
253,2.195573605476691,-0.50002442912497069,0,0,0,0,0,0.70705415051872722
254,2.204251762020077,-0.5000244304999546,0,0,0,0,0,0.70705414954434109
255,2.2129299185634634,-0.5000244333260575,0,0,0,0,0,0.707054147545497
256,2.2216080751068494,-0.50002445339587775,0,0,0,0,0,0.70705413335076073
257,2.2302862316502354,-0.50002446743378393,0,0,0,0,0,0.70705412342161922
258,2.2389643881936219,-0.50002449758944001,0,0,0,0,0,0.70705410209291297
259,2.2476425447370079,-0.50002452694625421,0,0,0,0,0,0.70705408133101721
260,2.2563207012803939,-0.50002454896533755,0,0,0,0,0,0.70705406575730856
261,2.2649988578237803,-0.50002449357333845,0,0,0,0,0,0.70705410493347365
262,2.2736770143671663,-0.50002450456775016,0,0,0,0,0,0.70705409715839362
263,2.2823551709105523,-0.50002448282414846,0,0,0,0,0,0.70705411253667805
264,2.2910333274539383,-0.50002443509445083,0,0,0,0,0,0.70705414629441843
265,2.2997114839973247,-0.50002443618505221,0,0,0,0,0,0.70705414552291201
266,2.3083896405407107,-0.50002443839792188,0,0,0,0,0,0.70705414395816413
267,2.3170677970840967,-0.50002443954938947,0,0,0,0,0,0.70705414314655357
268,2.3257459536274832,-0.50002444518310263,0,0,0,0,0,0.70705413916390336
269,2.3344241101708691,-0.50002448463681515,0,0,0,0,0,0.70705411126174633
270,2.3431022667142551,-0.50002448825801482,0,0,0,0,0,0.70705410870225283
271,2.3517804232576416,-0.5000245126316808,0,0,0,0,0,0.70705409146499276
272,2.3604585798010276,-0.50002448869540561,0,0,0,0,0,0.70705410839705163
273,2.3691367363444136,-0.50002450509370777,0,0,0,0,0,0.70705409680259867
274,2.3778148928877996,-0.50002447119843396,0,0,0,0,0,0.70705412077764818
275,2.386493049431186,-0.50002446891823926,0,0,0,0,0,0.70705412239254062
276,2.395171205974572,-0.50002449336183197,0,0,0,0,0,0.70705410510671562
277,2.403849362517958,-0.50002450044344326,0,0,0,0,0,0.70705410010180714
278,2.4125275190613444,-0.50002451299803385,0,0,0,0,0,0.70705409122653728
279,2.4212056756047304,-0.50002450353862882,0,0,0,0,0,0.70705409792156448
280,2.4298838321481164,-0.50002451911707835,0,0,0,0,0,0.70705408690681937
281,2.4385619886915029,-0.50002454766982862,0,0,0,0,0,0.70705406671723914
282,2.4472401452348889,-0.50002458094337265,0,0,0,0,0,0.70705404318756404
283,2.4559183017782749,-0.50002454617265957,0,0,0,0,0,0.70705406778388946
284,2.4645964583216613,-0.5000245264308556,0,0,0,0,0,0.70705408175111817
285,2.4732746148650473,-0.50002454604807511,0,0,0,0,0,0.70705406788189507
286,2.4819527714084333,-0.50002454597752932,0,0,0,0,0,0.70705406793692305
287,2.4906309279518193,-0.50002457975251746,0,0,0,0,0,0.70705404405362415
288,2.4993090844952057,-0.50002459827118617,0,0,0,0,0,0.7070540309615323
289,2.5079872410385917,-0.50002458978184827,0,0,0,0,0,0.70705403697076719
290,2.5166653975819777,-0.50002459817015443,0,0,0,0,0,0.70705403104261944
291,2.5253435541253642,-0.50002462828158056,0,0,0,0,0,0.70705400975136001
292,2.5340217106687501,-0.50002467150048813,0,0,0,0,0,0.7070539791898689
293,2.5426998672121361,-0.50002467131716199,0,0,0,0,0,0.70705397932589875
294,2.5513780237555226,-0.50002463169855771,0,0,0,0,0,0.70705400735169022
295,2.5600561802989086,-0.50002463506972394,0,0,0,0,0,0.70705400497272919
296,2.5687343368422946,-0.50002461835644507,0,0,0,0,0,0.70705401680008251
297,2.5774124933856806,-0.50002464773135691,0,0,0,0,0,0.70705399603023178
298,2.586090649929067,-0.50002459893209628,0,0,0,0,0,0.70705403054932603
299,2.594768806472453,-0.50002464546101666,0,0,0,0,0,0.70705399764808341
300,2.603446963015839,-0.50002467489024072,0,0,0,0,0,0.70705397684132798
301,2.6121251195592254,-0.50002469206551203,0,0,0,0,0,0.70705396470110848
302,2.6208032761026114,-0.50002473450279628,0,0,0,0,0,0.7070539346941267
303,2.6294814326459974,-0.50002473140571346,0,0,0,0,0,0.70705393689001284
304,2.6381595891893839,-0.50002470763180251,0,0,0,0,0,0.70705395371027002
305,2.6468377457327699,-0.50002468339566297,0,0,0,0,0,0.70705397085836985
306,2.6555159022761559,-0.50002470071801752,0,0,0,0,0,0.70705395861584108
307,2.6641940588195423,-0.50002468972422598,0,0,0,0,0,0.70705396639698392
308,2.6728722153629283,-0.50002463463237345,0,0,0,0,0,0.70705400536796326
309,2.6815503719063143,-0.50002463982736589,0,0,0,0,0,0.70705400170265165
310,2.6902285284497003,-0.50002462007756987,0,0,0,0,0,0.7070540156768601
311,2.6989066849930867,-0.50002460010264826,0,0,0,0,0,0.70705402981115384
312,2.7075848415364727,-0.50002460593047748,0,0,0,0,0,0.7070540256967206
313,2.7162629980798587,-0.50002459549600686,0,0,0,0,0,0.70705403308298997
314,2.7249411546232452,-0.5000246183492798,0,0,0,0,0,0.70705401692797665
315,2.7336193111666311,-0.50002458823863927,0,0,0,0,0,0.70705403823208002
316,2.7422974677100171,-0.50002462581311746,0,0,0,0,0,0.70705401166554616
317,2.7509756242534036,-0.50002460680692207,0,0,0,0,0,0.70705402511593718
318,2.7596537807967896,-0.50002462085873822,0,0,0,0,0,0.70705401518771893
319,2.7683319373401756,-0.50002461132549247,0,0,0,0,0,0.70705402193913791
320,2.777010093883562,-0.50002460940001869,0,0,0,0,0,0.70705402330835554
321,2.785688250426948,-0.50002460401614846,0,0,0,0,0,0.7070540271245882
322,2.794366406970334,-0.50002458663100369,0,0,0,0,0,0.7070540394296323
323,2.80304456351372,-0.50002460131880877,0,0,0,0,0,0.70705402905058179
324,2.8117227200571064,-0.50002459632989038,0,0,0,0,0,0.70705403258763866
325,2.8204008766004924,-0.50002462905595202,0,0,0,0,0,0.70705400945128005
326,2.8290790331438784,-0.50002462306080553,0,0,0,0,0,0.7070540136999881
327,2.8377571896872649,-0.50002460905594626,0,0,0,0,0,0.707054023614063
328,2.8464353462306509,-0.50002457947401147,0,0,0,0,0,0.70705404454569987
329,2.8551135027740369,-0.50002457421365387,0,0,0,0,0,0.70705404827580232
330,2.8637916593174233,-0.50002456696034048,0,0,0,0,0,0.70705405341517746
331,2.8724698158608093,-0.50002457526108646,0,0,0,0,0,0.70705404755463519
332,2.8811479724041953,-0.50002457185563343,0,0,0,0,0,0.7070540499724558
333,2.8898261289475813,-0.50002458646445602,0,0,0,0,0,0.70705403965168756
334,2.8985042854909677,-0.50002458565169072,0,0,0,0,0,0.70705404023604856
335,2.9071824420343537,-0.50002463576206513,0,0,0,0,0,0.70705400480594705
336,2.9158605985777397,-0.50002463203646608,0,0,0,0,0,0.7070540074501217
337,2.9245387551211262,-0.50002462502726952,0,0,0,0,0,0.70705401241687049
338,2.9332169116645121,-0.50002459543502786,0,0,0,0,0,0.70705403335501416
339,2.9418950682078981,-0.5000246188566797,0,0,0,0,0,0.70705401680202939
340,2.9505732247512846,-0.50002457856704174,0,0,0,0,0,0.70705404530544946
341,2.9592513812946706,-0.50002459829746526,0,0,0,0,0,0.70705403136309641
342,2.9679295378380566,-0.50002461725110481,0,0,0,0,0,0.70705401796926548
343,2.976607694381443,-0.50002460602645404,0,0,0,0,0,0.70705402591866218
344,2.985285850924829,-0.50002462664060598,0,0,0,0,0,0.70705401135093737
345,2.993964007468215,-0.50002462195405262,0,0,0,0,0,0.7070540146760278
346,3.002642164011601,-0.50002462982659168,0,0,0,0,0,0.70705400911881267
347,3.0113203205549874,-0.50002466808046619,0,0,0,0,0,0.70705398207595849
348,3.0199984770983734,-0.50002471418431871,0,0,0,0,0,0.70705394948089406
349,3.0286766336417594,-0.50002470874064253,0,0,0,0,0,0.70705395334215382
350,3.0373547901851459,-0.50002468345918161,0,0,0,0,0,0.7070539712328987
351,3.0460329467285319,-0.50002467880553014,0,0,0,0,0,0.70705397453472241
352,3.0547111032719179,-0.50002465249290784,0,0,0,0,0,0.70705399315522577
353,3.0633892598153043,-0.50002464740660402,0,0,0,0,0,0.70705399676450575
354,3.0720674163586903,-0.50002461731433934,0,0,0,0,0,0.7070540180582654
355,3.0807455729020763,-0.50002466820960567,0,0,0,0,0,0.70705398207587677
356,3.0894237294454623,-0.50002464299555616,0,0,0,0,0,0.70705399991965656
357,3.0981018859888487,-0.50002464567688332,0,0,0,0,0,0.70705399803478031
358,3.1067800425322347,-0.50002468195589866,0,0,0,0,0,0.70705397238944334
359,3.1154581990756207,-0.50002462390878477,0,0,0,0,0,0.70705401345251673
360,3.1241363556190072,-0.50002465792384154,0,0,0,0,0,0.70705398940874131
361,3.1328145121623932,-0.50002466750488561,0,0,0,0,0,0.70705398264501085
362,3.1414926687057791,-0.5000246522662789,0,0,0,0,0,0.70705399343403741
363,3.1501708252491656,-0.50002463703329469,0,0,0,0,0,0.70705400421947573
364,3.1588489817925516,-0.50002463574836498,0,0,0,0,0,0.70705400514092132
365,3.1675271383359376,-0.50002465881609481,0,0,0,0,0,0.7070539888391798
366,3.176205294879324,-0.50002463818243226,0,0,0,0,0,0.70705400344447611
367,3.18488345142271,-0.50002466264201928,0,0,0,0,0,0.70705398615909854
368,3.193561607966096,-0.50002464319671325,0,0,0,0,0,0.70705399992327633
369,3.202239764509482,-0.5000246654721372,0,0,0,0,0,0.70705398418218879
370,3.2109179210528684,-0.50002467031710218,0,0,0,0,0,0.7070539807676296
371,3.2195960775962544,-0.50002461377114571,0,0,0,0,0,0.70705402076974566
372,3.2282742341396404,-0.50002465800953488,0,0,0,0,0,0.70705398949627818
373,3.2369523906830269,-0.50002464760368892,0,0,0,0,0,0.70705399686845205
374,3.2456305472264129,-0.50002463628496385,0,0,0,0,0,0.70705400488563996
375,3.2543087037697989,-0.50002463806428343,0,0,0,0,0,0.70705400363958604
376,3.2629868603131853,-0.50002462931813108,0,0,0,0,0,0.70705400983731392
377,3.2716650168565713,-0.5000246540728368,0,0,0,0,0,0.70705399234240018
378,3.2803431733999573,-0.50002463459261237,0,0,0,0,0,0.70705400613107905
379,3.2890213299433433,-0.50002462217304677,0,0,0,0,0,0.70705401492722753
380,3.2976994864867297,-0.50002459406198829,0,0,0,0,0,0.70705403481988394
381,3.3063776430301157,-0.50002460776016655,0,0,0,0,0,0.70705402514531346
382,3.3150557995735017,-0.50002458716641396,0,0,0,0,0,0.70705403972142733
383,3.3237339561168882,-0.50002462053251118,0,0,0,0,0,0.70705401613692431
384,3.3324121126602742,-0.50002469780186698,0,0,0,0,0,0.70705396150468935
385,3.3410902692036601,-0.50002473494400657,0,0,0,0,0,0.70705393525037963
386,3.3497684257470466,-0.50002475281137437,0,0,0,0,0,0.70705392262705402
387,3.3584465822904326,-0.50002481773772467,0,0,0,0,0,0.70705387672342379
388,3.3671247388338186,-0.50002483795781472,0,0,0,0,0,0.70705386243549551
389,3.375802895377205,-0.50002488584832427,0,0,0,0,0,0.70705382857972054
390,3.384481051920591,-0.50002481662882448,0,0,0,0,0,0.70705387754435733
391,3.393159208463977,-0.50002481753096284,0,0,0,0,0,0.70705387691870536
392,3.401837365007363,-0.50002483406690201,0,0,0,0,0,0.7070538652361158
393,3.4105155215507494,-0.50002483320995395,0,0,0,0,0,0.7070538658552068
394,3.4191936780941354,-0.50002487343479973,0,0,0,0,0,0.70705383742047423
395,3.4278718346375214,-0.50002489254621374,0,0,0,0,0,0.70705382391665128
396,3.4365499911809079,-0.50002493241694923,0,0,0,0,0,0.70705379573201244
397,3.4452281477242939,-0.50002495831145632,0,0,0,0,0,0.70705377743127173
398,3.4539063042676799,-0.50002495981697004,0,0,0,0,0,0.70705377637982858
399,3.4625844608110663,-0.5000249344750789,0,0,0,0,0,0.70705379431408599
400,3.4712626173544523,-0.50002489928056071,0,0,0,0,0,0.7070538192167799
401,3.4799407738978383,-0.50002485767888982,0,0,0,0,0,0.70705384865021248
402,3.4886189304412243,-0.50002484660367696,0,0,0,0,0,0.70705385649497132
403,3.4972970869846107,-0.50002482245154101,0,0,0,0,0,0.70705387358748539
404,3.5059752435279967,-0.50002477561153436,0,0,0,0,0,0.70705390672430757
405,3.5146534000713827,-0.50002474695515842,0,0,0,0,0,0.70705392700174841
406,3.5233315566147692,-0.50002480028236496,0,0,0,0,0,0.70705388930146862
407,3.5320097131581552,-0.50002479141749745,0,0,0,0,0,0.70705389558309584
408,3.5406878697015411,-0.50002480837040297,0,0,0,0,0,0.70705388360694954
409,3.5493660262449276,-0.50002486108869115,0,0,0,0,0,0.70705384633730972
410,3.5580441827883136,-0.50002486877937413,0,0,0,0,0,0.70705384090958612
411,3.5667223393316996,-0.50002489205516287,0,0,0,0,0,0.70705382446198595
412,3.575400495875086,-0.5000248795598361,0,0,0,0,0,0.70705383331105054
413,3.584078652418472,-0.50002484538548264,0,0,0,0,0,0.70705385749151617
414,3.592756808961858,-0.50002481896054529,0,0,0,0,0,0.70705387619062865
415,3.601434965505244,-0.50002482669698367,0,0,0,0,0,0.70705387073114423
416,3.6101131220486304,-0.50002483661160413,0,0,0,0,0,0.70705386373045798
417,3.6187912785920164,-0.50002482908406354,0,0,0,0,0,0.70705386906618273
418,3.6274694351354024,-0.50002478142683127,0,0,0,0,0,0.70705390278055624
419,3.6361475916787889,-0.50002478736755163,0,0,0,0,0,0.70705389859067935
420,3.6448257482221749,-0.50002479750922568,0,0,0,0,0,0.70705389143054731
421,3.6535039047655609,-0.5000247999088947,0,0,0,0,0,0.70705388974582917
422,3.6621820613089473,-0.50002482715387508,0,0,0,0,0,0.70705387048977553
423,3.6708602178523333,-0.50002485037069933,0,0,0,0,0,0.70705385408225307
424,3.6795383743957193,-0.50002488160106384,0,0,0,0,0,0.70705383200728011
425,3.6882165309391053,-0.50002482427212835,0,0,0,0,0,0.70705387256058394
426,3.6968946874824917,-0.50002484201884645,0,0,0,0,0,0.70705386002125969
427,3.7055728440258777,-0.50002481380448371,0,0,0,0,0,0.70705387998543401
428,3.7142510005692637,-0.50002481610635441,0,0,0,0,0,0.70705387836795275
429,3.7229291571126502,-0.500024789072406,0,0,0,0,0,0.70705389749727132
430,3.7316073136560362,-0.5000248119233881,0,0,0,0,0,0.70705388134695113
431,3.7402854701994221,-0.5000248152304857,0,0,0,0,0,0.70705387901900529
432,3.7489636267428086,-0.50002482183768593,0,0,0,0,0,0.70705387435657663
433,3.7576417832861946,-0.50002487628386294,0,0,0,0,0,0.70705383586329162
434,3.7663199398295806,-0.50002484058733709,0,0,0,0,0,0.70705386111716884
435,3.774998096372967,-0.50002484955247839,0,0,0,0,0,0.70705385478805383
436,3.783676252916353,-0.50002486915115296,0,0,0,0,0,0.70705384093877832
437,3.792354409459739,-0.50002486514717803,0,0,0,0,0,0.70705384378143066
438,3.801032566003125,-0.50002483487794847,0,0,0,0,0,0.70705386519804136
439,3.8097107225465114,-0.50002482169401652,0,0,0,0,0,0.70705387453129376
440,3.8183888790898974,-0.500024785207283,0,0,0,0,0,0.7070539003435421
441,3.8270670356332834,-0.5000248212770716,0,0,0,0,0,0.70705387484543891
442,3.8357451921766699,-0.50002484141264958,0,0,0,0,0,0.70705386061614917
443,3.8444233487200559,-0.50002485106681249,0,0,0,0,0,0.70705385379838148
444,3.8531015052634419,-0.50002489577291864,0,0,0,0,0,0.70705382219269453
445,3.8617796618068283,-0.50002489603408828,0,0,0,0,0,0.7070538220166398
446,3.8704578183502143,-0.50002490801476351,0,0,0,0,0,0.70705381355367436
447,3.8791359748936003,-0.50002484739501263,0,0,0,0,0,0.70705385643166885
448,3.8878141314369863,-0.5000248179466088,0,0,0,0,0,0.70705387726648183
449,3.8964922879803727,-0.50002479588140492,0,0,0,0,0,0.70705389287914144
450,3.9051704445237587,-0.50002477250262845,0,0,0,0,0,0.70705390942035606
451,3.9138486010671447,-0.50002474040579292,0,0,0,0,0,0.70705393212643486
452,3.9225267576105312,-0.50002474426297738,0,0,0,0,0,0.70705392940729084
453,3.9312049141539172,-0.50002476065283452,0,0,0,0,0,0.70705391782562188
454,3.9398830706973031,-0.50002479701387814,0,0,0,0,0,0.70705389212072767
455,3.9485612272406896,-0.50002480516684167,0,0,0,0,0,0.70705388636365107
456,3.9572393837840756,-0.50002477690476488,0,0,0,0,0,0.70705390635746923
457,3.9659175403274616,-0.50002478873352418,0,0,0,0,0,0.70705389800105145
458,3.974595696870848,-0.50002474934591623,0,0,0,0,0,0.70705392586293492
459,3.983273853414234,-0.50002476943335772,0,0,0,0,0,0.70705391166491793
460,3.99195200995762,-0.50002476563217835,0,0,0,0,0,0.70705391436070641
461,4.000630166501006,-0.50002480448632158,0,0,0,0,0,0.70705388689266613
462,4.009308323044392,-0.50002480439297425,0,0,0,0,0,0.70705388696549676
463,4.0179864795877789,-0.50002479168955061,0,0,0,0,0,0.70705389595628887
464,4.0266646361311649,-0.50002479510714937,0,0,0,0,0,0.70705389354701964
465,4.0353427926745509,-0.50002477106514687,0,0,0,0,0,0.70705391055597744
466,4.0440209492179369,-0.50002480255852322,0,0,0,0,0,0.70705388829186333
467,4.0526991057613229,-0.50002480773811453,0,0,0,0,0,0.70705388463595042
468,4.0613772623047089,-0.50002480629607349,0,0,0,0,0,0.70705388566165084
469,4.0700554188480949,-0.50002478737510925,0,0,0,0,0,0.70705389904827243
470,4.0787335753914817,-0.50002478578914478,0,0,0,0,0,0.70705390017599257
471,4.0874117319348677,-0.50002477998976314,0,0,0,0,0,0.70705390428320314
472,4.0960898884782537,-0.50002479355108853,0,0,0,0,0,0.7070538946991789
473,4.1047680450216397,-0.50002480090968804,0,0,0,0,0,0.70705388950165116
474,4.1134462015650257,-0.50002477377446886,0,0,0,0,0,0.70705390869664253
475,4.1221243581084117,-0.50002477108265098,0,0,0,0,0,0.70705391060596678
476,4.1308025146517986,-0.50002479600762961,0,0,0,0,0,0.70705389298548216
477,4.1394806711951846,-0.50002481711520197,0,0,0,0,0,0.70705387806457587
478,4.1481588277385706,-0.50002486140094604,0,0,0,0,0,0.70705384675282801
479,4.1568369842819566,-0.50002480329644772,0,0,0,0,0,0.7070538878473247
480,4.1655151408253426,-0.5000247829527531,0,0,0,0,0,0.70705390223881359
481,4.1741932973687286,-0.50002473740993392,0,0,0,0,0,0.70705393445007925
482,4.1828714539121146,-0.50002475504581156,0,0,0,0,0,0.70705392198362027
483,4.1915496104555015,-0.50002473028891914,0,0,0,0,0,0.70705393949544337
484,4.2002277669988874,-0.50002476053027844,0,0,0,0,0,0.70705391811456941
485,4.2089059235422734,-0.50002475117335499,0,0,0,0,0,0.70705392473569351
486,4.2175840800856594,-0.50002469080055256,0,0,0,0,0,0.70705396743344284
487,4.2262622366290454,-0.50002470830618939,0,0,0,0,0,0.70705395505833302
488,4.2349403931724314,-0.50002469399799665,0,0,0,0,0,0.7070539651805241
489,4.2436185497158174,-0.50002470686737921,0,0,0,0,0,0.70705395608390198
490,4.2522967062592043,-0.50002470855368342,0,0,0,0,0,0.70705395489513911
491,4.2609748628025903,-0.500024748657239,0,0,0,0,0,0.70705392653906385
492,4.2696530193459763,-0.50002471139879301,0,0,0,0,0,0.70705395289023754
493,4.2783311758893623,-0.50002470842379776,0,0,0,0,0,0.70705395499745172
494,4.2870093324327483,-0.50002470658847842,0,0,0,0,0,0.70705395629847123
495,4.2956874889761343,-0.50002471117410974,0,0,0,0,0,0.70705395305875451
496,4.3043656455195212,-0.50002468434541592,0,0,0,0,0,0.70705397203378384
497,4.3130438020629072,-0.50002466508078003,0,0,0,0,0,0.70705398565959676
498,4.3217219586062932,-0.5000246457614248,0,0,0,0,0,0.707053999323908
499,4.3304001151496792,-0.50002469136888872,0,0,0,0,0,0.70705396707457968
500,4.3390782716930651,-0.5000246554554989,0,0,0,0,0,0.70705399247332279
501,4.3477564282364511,-0.50002460814041905,0,0,0,0,0,0.70705402593471423
502,4.3564345847798371,-0.5000245798800611,0,0,0,0,0,0.70705404592122845
503,4.365112741323224,-0.50002452533708142,0,0,0,0,0,0.70705408449364227
504,4.37379089786661,-0.50002456329113409,0,0,0,0,0,0.70705405765568496
505,4.382469054409996,-0.50002459710901503,0,0,0,0,0,0.70705403374252684
506,4.391147210953382,-0.50002454805139607,0,0,0,0,0,0.70705406843538843
507,4.399825367496768,-0.50002455219063291,0,0,0,0,0,0.70705406550944339
508,4.408503524040154,-0.5000245623890891,0,0,0,0,0,0.70705405829850454
509,4.4171816805835409,-0.50002451748357457,0,0,0,0,0,0.7070540900547222
510,4.4258598371269269,-0.50002454504596927,0,0,0,0,0,0.70705407056443159
511,4.4345379936703129,-0.50002450599878523,0,0,0,0,0,0.70705409817755105
512,4.4432161502136989,-0.50002449962941609,0,0,0,0,0,0.70705410268211899
513,4.4518943067570849,-0.50002447735279643,0,0,0,0,0,0.70705411843547095
514,4.4605724633004709,-0.50002448533359667,0,0,0,0,0,0.70705411279187613
515,4.4692506198438569,-0.50002442186183327,0,0,0,0,0,0.70705415767645807
516,4.4779287763872437,-0.50002442388615664,0,0,0,0,0,0.70705415624472279
517,4.4866069329306297,-0.50002442061527663,0,0,0,0,0,0.70705415855736009
518,4.4952850894740157,-0.50002441160818512,0,0,0,0,0,0.70705416492624718
519,4.5039632460174017,-0.50002444127964274,0,0,0,0,0,0.70705414394308574
520,4.5126414025607877,-0.50002445550048868,0,0,0,0,0,0.70705413388581995
521,4.5213195591041737,-0.50002450473918814,0,0,0,0,0,0.70705409906517791
522,4.5299977156475606,-0.50002448297640334,0,0,0,0,0,0.70705411445375432
523,4.5386758721909466,-0.50002446973654857,0,0,0,0,0,0.7070541238150625
524,4.5473540287343326,-0.50002447415097362,0,0,0,0,0,0.70705412069192164
525,4.5560321852777186,-0.50002449671777693,0,0,0,0,0,0.70705410473189734
526,4.5647103418211046,-0.50002449212599021,0,0,0,0,0,0.70705410797730739
527,4.5733884983644906,-0.50002449114059933,0,0,0,0,0,0.7070541086721871
528,4.5820666549078766,-0.50002445803582773,0,0,0,0,0,0.7070541320803827
529,4.5907448114512635,-0.50002447704139952,0,0,0,0,0,0.7070541186381778
530,4.5994229679946494,-0.50002442406703251,0,0,0,0,0,0.70705415609718436
531,4.6081011245380354,-0.50002447614602863,0,0,0,0,0,0.70705411926644191
532,4.6167792810814214,-0.50002448370342922,0,0,0,0,0,0.70705411391946282
533,4.6254574376248074,-0.50002448306078329,0,0,0,0,0,0.70705411437115462
534,4.6341355941681934,-0.50002447039833298,0,0,0,0,0,0.70705412332253559
535,4.6428137507115803,-0.50002444959549841,0,0,0,0,0,0.70705413803030925
536,4.6514919072549663,-0.50002444420405456,0,0,0,0,0,0.70705414183964876
537,4.6601700637983523,-0.50002446341298701,0,0,0,0,0,0.70705412825228908
538,4.6688482203417383,-0.50002447797811977,0,0,0,0,0,0.70705411794873108
539,4.6775263768851243,-0.50002450877881288,0,0,0,0,0,0.70705409616396508
540,4.6862045334285103,-0.50002448806258315,0,0,0,0,0,0.7070541108099011
541,4.6948826899718963,-0.50002448657965659,0,0,0,0,0,0.70705411185431322
542,4.7035608465152832,-0.50002449645708258,0,0,0,0,0,0.70705410486512932
543,4.7122390030586692,-0.50002452774348227,0,0,0,0,0,0.7070540827362386
544,4.7209171596020552,-0.50002455726797423,0,0,0,0,0,0.70705406185314956
545,4.7295953161454412,-0.50002455028729687,0,0,0,0,0,0.70705406678476201
546,4.7382734726888271,-0.50002457828539049,0,0,0,0,0,0.70705404698067653
547,4.7469516292322131,-0.50002457675483736,0,0,0,0,0,0.70705404805809913
548,4.7556297857755991,-0.50002458009030559,0,0,0,0,0,0.7070540456940595
549,4.764307942318986,-0.50002454084256842,0,0,0,0,0,0.70705407344345872
550,4.772986098862372,-0.50002452812234166,0,0,0,0,0,0.70705408243366463
551,4.781664255405758,-0.50002451448806129,0,0,0,0,0,0.70705409206980008
552,4.790342411949144,-0.50002451340411425,0,0,0,0,0,0.70705409283056753
553,4.79902056849253,-0.50002454982713973,0,0,0,0,0,0.70705406706790885
554,4.807698725035916,-0.50002457257077426,0,0,0,0,0,0.70705405097840579
555,4.8163768815793029,-0.50002455616694019,0,0,0,0,0,0.70705406257207315
556,4.8250550381226889,-0.50002454148466124,0,0,0,0,0,0.70705407294849287
557,4.8337331946660749,-0.50002452649153417,0,0,0,0,0,0.70705408354482913
558,4.8424113512094609,-0.50002454953874997,0,0,0,0,0,0.70705406723984865
559,4.8510895077528469,-0.50002451776129031,0,0,0,0,0,0.70705408970487049
560,4.8597676642962329,-0.50002449952605899,0,0,0,0,0,0.70705410259307477
561,4.8684458208396189,-0.50002449153256034,0,0,0,0,0,0.70705410823891413
562,4.8771239773830057,-0.50002449011037942,0,0,0,0,0,0.70705410923727641
563,4.8858021339263917,-0.50002447568477915,0,0,0,0,0,0.70705411943140106
564,4.8944802904697777,-0.50002446339077589,0,0,0,0,0,0.70705412811861379
565,4.9031584470131637,-0.50002444451081662,0,0,0,0,0,0.70705414146229018
566,4.9118366035565497,-0.50002447535415351,0,0,0,0,0,0.70705411964379294
567,4.9205147600999357,-0.50002450497664719,0,0,0,0,0,0.70705409868784663
568,4.9291929166433226,-0.5000245680456078,0,0,0,0,0,0.70705405408012467
569,4.9378710731867086,-0.50002456055746825,0,0,0,0,0,0.7070540593684953
570,4.9465492297300946,-0.50002456023548003,0,0,0,0,0,0.70705405958846157
571,4.9552273862734806,-0.50002459046799386,0,0,0,0,0,0.70705403820117319
572,4.9639055428168666,-0.50002457281077173,0,0,0,0,0,0.7070540506795453
573,4.9725836993602526,-0.50002458159655805,0,0,0,0,0,0.70705404445752507
574,4.9812618559036386,-0.50002458925441551,0,0,0,0,0,0.70705403903477304
575,4.9899400124470255,-0.50002459353582296,0,0,0,0,0,0.70705403599856709
576,4.9986181689904114,-0.50002462582687224,0,0,0,0,0,0.70705401315438898
577,5.0072963255337974,-0.50002460341982513,0,0,0,0,0,0.70705402899107384
578,5.0159744820771834,-0.50002460846615537,0,0,0,0,0,0.70705402541340234
579,5.0246526386205694,-0.50002461870492487,0,0,0,0,0,0.70705401816466207
580,5.0333307951639554,-0.50002462143509441,0,0,0,0,0,0.70705401622439723
581,5.0420089517073423,-0.50002461358951789,0,0,0,0,0,0.70705402176400867
582,5.0506871082507283,-0.50002461064978687,0,0,0,0,0,0.70705402383446625
583,5.0593652647941143,-0.50002461760738337,0,0,0,0,0,0.70705401890395692
584,5.0680434213375003,-0.50002459105154773,0,0,0,0,0,0.70705403767448871
585,5.0767215778808863,-0.50002462764670674,0,0,0,0,0,0.70705401178549643
586,5.0853997344242723,-0.50002461762491934,0,0,0,0,0,0.70705401886337071
587,5.0940778909676583,-0.50002459871143401,0,0,0,0,0,0.70705403222899577
588,5.1027560475110452,-0.50002462809429959,0,0,0,0,0,0.70705401143896296
589,5.1114342040544312,-0.50002460264769444,0,0,0,0,0,0.70705402942439655
590,5.1201123605978172,-0.50002459862546667,0,0,0,0,0,0.70705403225738372
591,5.1287905171412032,-0.50002460479463973,0,0,0,0,0,0.70705402788474103
592,5.1374686736845891,-0.50002463651218998,0,0,0,0,0,0.70705400544455976
593,5.1461468302279751,-0.50002468269788236,0,0,0,0,0,0.70705397277209947
594,5.1548249867713611,-0.50002468778950671,0,0,0,0,0,0.7070539691605191
595,5.163503143314748,-0.50002467604098122,0,0,0,0,0,0.70705397745791565
596,5.172181299858134,-0.50002467613074741,0,0,0,0,0,0.707053977383854
597,5.18085945640152,-0.50002466808447221,0,0,0,0,0,0.70705398306385803
598,5.189537612944906,-0.50002463754652893,0,0,0,0,0,0.7070540046492173
599,5.198215769488292,-0.50002461409475984,0,0,0,0,0,0.70705402122369065
600,5.206893926031678,-0.50002460144091609,0,0,0,0,0,0.70705403016121693
601,5.2155720825750649,-0.50002458109804537,0,0,0,0,0,0.70705404453693443
602,5.2242502391184509,-0.50002459548960243,0,0,0,0,0,0.7070540343475713
603,5.2329283956618369,-0.50002460842313623,0,0,0,0,0,0.70705402519048377
604,5.2416065522052229,-0.50002461055171743,0,0,0,0,0,0.70705402367440939
605,5.2502847087486089,-0.50002460613093946,0,0,0,0,0,0.70705402678839846
606,5.2589628652919949,-0.50002462860279617,0,0,0,0,0,0.7070540108851926
607,5.2676410218353809,-0.50002462602400422,0,0,0,0,0,0.70705401269631807
608,5.2763191783787677,-0.50002460162917373,0,0,0,0,0,0.7070540299365291
609,5.2849973349221537,-0.50002456953412111,0,0,0,0,0,0.70705405262264165
610,5.2936754914655397,-0.50002460295955931,0,0,0,0,0,0.70705402897274094
611,5.3023536480089257,-0.50002460515715008,0,0,0,0,0,0.70705402740728207
612,5.3110318045523117,-0.50002459491686024,0,0,0,0,0,0.70705403463799277
613,5.3197099610956977,-0.50002457070375317,0,0,0,0,0,0.70705405174972658
614,5.3283881176390846,-0.50002456571025578,0,0,0,0,0,0.70705405526926635
615,5.3370662741824706,-0.50002457313952442,0,0,0,0,0,0.707054050004158
616,5.3457444307258566,-0.50002458741118161,0,0,0,0,0,0.70705403989896976
617,5.3544225872692426,-0.50002455560381942,0,0,0,0,0,0.7070540623804491
618,5.3631007438126286,-0.50002461075003624,0,0,0,0,0,0.70705402336933787
619,5.3717789003560146,-0.50002458346898482,0,0,0,0,0,0.70705404264968408
620,5.3804570568994006,-0.50002455480196861,0,0,0,0,0,0.70705406291058304
621,5.3891352134427875,-0.50002457977398962,0,0,0,0,0,0.70705404523785753
622,5.3978133699861734,-0.50002462605504283,0,0,0,0,0,0.70705401249560307
623,5.4064915265295594,-0.50002461419238742,0,0,0,0,0,0.70705402087309377
624,5.4151696830729454,-0.50002462097341205,0,0,0,0,0,0.70705401606498652
625,5.4238478396163314,-0.5000246536238816,0,0,0,0,0,0.70705399296176163
626,5.4325259961597174,-0.50002471152523564,0,0,0,0,0,0.70705395200177179
627,5.4412041527031043,-0.50002468962567903,0,0,0,0,0,0.70705396747717941
628,5.4498823092464903,-0.50002469573322927,0,0,0,0,0,0.70705396314559188
629,5.4585604657898763,-0.50002471596644493,0,0,0,0,0,0.70705394882414385
630,5.4672386223332623,-0.50002472156397404,0,0,0,0,0,0.70705394485226947
631,5.4759167788766483,-0.50002470389269038,0,0,0,0,0,0.70705395733762055
632,5.4845949354200343,-0.5000247480704586,0,0,0,0,0,0.70705392608244821
633,5.4932730919634203,-0.50002473242293954,0,0,0,0,0,0.70705393713614795
634,5.5019512485068072,-0.50002474813115128,0,0,0,0,0,0.70705392601454831
635,5.5106294050501932,-0.50002470359257079,0,0,0,0,0,0.70705395749937638
636,5.5193075615935792,-0.50002469593296817,0,0,0,0,0,0.70705396290350953
637,5.5279857181369652,-0.5000246645784433,0,0,0,0,0,0.70705398506439554
638,5.5366638746803511,-0.50002465391200901,0,0,0,0,0,0.70705399259493373
639,5.5453420312237371,-0.50002469383668258,0,0,0,0,0,0.70705396434739076
640,5.554020187767124,-0.50002471572520912,0,0,0,0,0,0.70705394885480422
641,5.56269834431051,-0.50002469628279567,0,0,0,0,0,0.70705396259134556
642,5.571376500853896,-0.50002471716205066,0,0,0,0,0,0.70705394781297692
643,5.580054657397282,-0.50002472664104747,0,0,0,0,0,0.7070539410960468
644,5.588732813940668,-0.50002475301846372,0,0,0,0,0,0.7070539224286132
645,5.597410970484054,-0.50002481051847059,0,0,0,0,0,0.7070538817517833
646,5.60608912702744,-0.50002475532735324,0,0,0,0,0,0.70705392077081575
647,5.6147672835708269,-0.50002477545829294,0,0,0,0,0,0.70705390652140232
648,5.6234454401142129,-0.50002473489642052,0,0,0,0,0,0.70705393519459703
649,5.6321235966575989,-0.50002470817888478,0,0,0,0,0,0.70705395407635918
650,5.6408017532009849,-0.50002470687459677,0,0,0,0,0,0.707053954986814
651,5.6494799097443709,-0.50002469448825593,0,0,0,0,0,0.70705396373377161
652,5.6581580662877569,-0.50002471401264614,0,0,0,0,0,0.70705394991405379
653,5.6668362228311429,-0.50002473182802298,0,0,0,0,0,0.70705393730253374
654,5.6755143793745297,-0.50002476116396799,0,0,0,0,0,0.70705391654297522
655,5.6841925359179157,-0.50002475269636204,0,0,0,0,0,0.70705392251921784
656,5.6928706924613017,-0.50002469199082411,0,0,0,0,0,0.70705396543826105
657,5.7015488490046877,-0.50002463850270173,0,0,0,0,0,0.70705400325301304
658,5.7102270055480737,-0.50002464086878884,0,0,0,0,0,0.707054001567057
659,5.7189051620914597,-0.50002464128109037,0,0,0,0,0,0.70705400126261075
660,5.7275833186348466,-0.50002469647062842,0,0,0,0,0,0.70705396221971917
661,5.7362614751782326,-0.50002464572211891,0,0,0,0,0,0.70705399809782943
662,5.7449396317216186,-0.50002470277448174,0,0,0,0,0,0.70705395773790736
663,5.7536177882650046,-0.50002471265272797,0,0,0,0,0,0.70705395074022093
664,5.7622959448083906,-0.50002471501986911,0,0,0,0,0,0.70705394905329833
665,5.7709741013517766,-0.50002469801629512,0,0,0,0,0,0.70705396106594698
666,5.7796522578951626,-0.50002471953357974,0,0,0,0,0,0.70705394583679526
667,5.7883304144385495,-0.50002472104905982,0,0,0,0,0,0.70705394475309769
668,5.7970085709819354,-0.50002469837559504,0,0,0,0,0,0.70705396077630445
669,5.8056867275253214,-0.50002470036279989,0,0,0,0,0,0.70705395935890003
670,5.8143648840687074,-0.50002469966766783,0,0,0,0,0,0.70705395983856079
671,5.8230430406120934,-0.50002470883305972,0,0,0,0,0,0.70705395334473131
672,5.8317211971554794,-0.50002468302248848,0,0,0,0,0,0.70705397158659622
673,5.8403993536988663,-0.50002468921419074,0,0,0,0,0,0.70705396719559843
674,5.8490775102422523,-0.50002473666585223,0,0,0,0,0,0.7070539336256374
675,5.8577556667856383,-0.50002478775342363,0,0,0,0,0,0.70705389748399217
676,5.8664338233290243,-0.50002482233645928,0,0,0,0,0,0.70705387301368727
677,5.8751119798724103,-0.50002478412603313,0,0,0,0,0,0.7070539000253877
678,5.8837901364157963,-0.50002481925061315,0,0,0,0,0,0.70705387517328688
679,5.8924682929591823,-0.50002480641549329,0,0,0,0,0,0.70705388423959903
680,5.9011464495025692,-0.50002481981830349,0,0,0,0,0,0.70705387474977943
681,5.9098246060459552,-0.50002477670637824,0,0,0,0,0,0.70705390522814504
682,5.9185027625893412,-0.5000247677842321,0,0,0,0,0,0.70705391152661257
683,5.9271809191327272,-0.50002480465249244,0,0,0,0,0,0.70705388544125825
684,5.9358590756761132,-0.50002483238937512,0,0,0,0,0,0.70705386581493279
685,5.9445372322194991,-0.50002483627709171,0,0,0,0,0,0.70705386305463236
686,5.953215388762886,-0.50002482317503727,0,0,0,0,0,0.70705387230883687
687,5.961893545306272,-0.50002480407810868,0,0,0,0,0,0.70705388580353912
688,5.970571701849658,-0.50002482439938567,0,0,0,0,0,0.70705387142087517
689,5.979249858393044,-0.50002481047021452,0,0,0,0,0,0.70705388126233082
690,5.98792801493643,-0.50002479417290424,0,0,0,0,0,0.70705389277787845
691,5.996606171479816,-0.50002481290827883,0,0,0,0,0,0.707053879517483
692,6.005284328023202,-0.5000247790774589,0,0,0,0,0,0.70705390343275631
693,6.0139624845665889,-0.50002476218377012,0,0,0,0,0,0.70705391536947459
694,6.0226406411099749,-0.50002476006630125,0,0,0,0,0,0.70705391685617514
695,6.0313187976533609,-0.50002475073811559,0,0,0,0,0,0.70705392344318518
696,6.0399969541967469,-0.5000247614144735,0,0,0,0,0,0.70705391588295541
697,6.0486751107401329,-0.50002479681352685,0,0,0,0,0,0.70705389083873271
698,6.0573532672835189,-0.50002477706923509,0,0,0,0,0,0.70705390479175101
699,6.0660314238269049,-0.50002480879203492,0,0,0,0,0,0.70705388234744859
700,6.0747095803702917,-0.50002481291337131,0,0,0,0,0,0.7070538794246275
701,6.0833877369136777,-0.50002477893555308,0,0,0,0,0,0.70705390344495811
702,6.0920658934570637,-0.50002480303435515,0,0,0,0,0,0.70705388639166422
703,6.1007440500004497,-0.50002480144947004,0,0,0,0,0,0.70705388750236864
704,6.1094222065438357,-0.50002478906951198,0,0,0,0,0,0.70705389624833792
705,6.1181003630872217,-0.50002477319375938,0,0,0,0,0,0.70705390746848451
706,6.1267785196306086,-0.50002479265502908,0,0,0,0,0,0.7070538936949049
707,6.1354566761739946,-0.50002482425821615,0,0,0,0,0,0.70705387133457798
708,6.1441348327173806,-0.50002480779110958,0,0,0,0,0,0.70705388297103688
709,6.1528129892607666,-0.50002483088991367,0,0,0,0,0,0.70705386662657332
710,6.1614911458041526,-0.50002477320243821,0,0,0,0,0,0.7070539074165616
711,6.1701693023475386,-0.50002475635305998,0,0,0,0,0,0.70705391932592043
712,6.1788474588909246,-0.50002474784093176,0,0,0,0,0,0.7070539253388386
713,6.1875256154343115,-0.50002476735756574,0,0,0,0,0,0.70705391152660724
714,6.1962037719776974,-0.50002478976165587,0,0,0,0,0,0.70705389567278942
715,6.2048819285210834,-0.50002476083295699,0,0,0,0,0,0.70705391612483837
716,6.2135600850644694,-0.50002476287092923,0,0,0,0,0,0.70705391467648937
717,6.2222382416078554,-0.5000247465041634,0,0,0,0,0,0.70705392624411267
718,6.2309163981512414,-0.50002469674261596,0,0,0,0,0,0.70705396143021382
719,6.2395945546946283,-0.50002469085372725,0,0,0,0,0,0.70705396558803635
720,6.2482727112380143,-0.50002468818883616,0,0,0,0,0,0.70705396746740057
721,6.2569508677814003,-0.50002466482556229,0,0,0,0,0,0.70705398398287933
722,6.2656290243247863,-0.50002468068829575,0,0,0,0,0,0.70705397275571613
723,6.2743071808681723,-0.50002465587487277,0,0,0,0,0,0.70705399029792027
724,6.2829853374115583,-0.5000245869860982,0,0,0,0,0,0.70705403901190778
725,6.2916634939549443,-0.500024610847844,0,0,0,0,0,0.707054022129606
726,6.3003416504983312,-0.5000246604328179,0,0,0,0,0,0.70705398705408484
727,6.3090198070417172,-0.50002461967325262,0,0,0,0,0,0.70705401587410677
728,6.3176979635851032,-0.50002458410607564,0,0,0,0,0,0.70705404102327307
729,6.3263761201284892,-0.50002460227148315,0,0,0,0,0,0.70705402817123009
730,6.3350542766718752,-0.50002456107438964,0,0,0,0,0,0.70705405730100068
731,6.3437324332152611,-0.50002452556389176,0,0,0,0,0,0.70705408240895196
732,6.352410589758648,-0.50002452634605266,0,0,0,0,0,0.70705408184907625
733,6.361088746302034,-0.50002456357861391,0,0,0,0,0,0.70705405551191269
734,6.36976690284542,-0.50002453864786134,0,0,0,0,0,0.70705407313954538
735,6.378445059388806,-0.50002456411771268,0,0,0,0,0,0.70705405512062214
736,6.387123215932192,-0.50002454758212689,0,0,0,0,0,0.70705406680933081
737,6.395801372475578,-0.50002458158323404,0,0,0,0,0,0.70705404275680195
738,6.404479529018964,-0.50002460935161908,0,0,0,0,0,0.70705402311199528
739,6.4131576855623509,-0.50002465172647281,0,0,0,0,0,0.70705399313776418
740,6.4218358421057369,-0.50002461003080767,0,0,0,0,0,0.70705402262245798
741,6.4305139986491229,-0.50002466550403857,0,0,0,0,0,0.70705398338531467
742,6.4391921551925089,-0.50002465594360246,0,0,0,0,0,0.7070539901431423
743,6.4478703117358949,-0.50002465594716849,0,0,0,0,0,0.7070539901353885
744,6.4565484682792809,-0.50002463904503913,0,0,0,0,0,0.70705400208496449
745,6.4652266248226669,-0.50002461997862302,0,0,0,0,0,0.70705401556468184
746,6.4739047813660537,-0.50002460758441625,0,0,0,0,0,0.70705402432585496
747,6.4825829379094397,-0.50002462687205218,0,0,0,0,0,0.70705401068150087
748,6.4912610944528257,-0.50002463053702118,0,0,0,0,0,0.70705400808481977
749,6.4999392509962117,-0.5000246631093006,0,0,0,0,0,0.70705398504557593
750,6.5086174075395977,-0.50002462762501432,0,0,0,0,0,0.70705401013877456
751,6.5172955640829837,-0.50002466627370934,0,0,0,0,0,0.70705398280143328
752,6.5259737206263706,-0.50002469370423264,0,0,0,0,0,0.70705396339788518
753,6.5346518771697566,-0.50002471285434469,0,0,0,0,0,0.7070539498526065
754,6.5433300337131426,-0.50002474647887252,0,0,0,0,0,0.70705392606909179
755,6.5520081902565286,-0.50002474928624951,0,0,0,0,0,0.70705392408223688
756,6.5606863467999146,-0.50002474559402543,0,0,0,0,0,0.70705392669260725
757,6.5693645033433006,-0.50002474402222219,0,0,0,0,0,0.70705392780108567
758,6.5780426598866866,-0.50002469025995355,0,0,0,0,0,0.70705396582207958
759,6.5867208164300735,-0.50002474174022904,0,0,0,0,0,0.70705392941142486
760,6.5953989729734595,-0.50002475654796763,0,0,0,0,0,0.7070539189359546
761,6.6040771295168454,-0.50002475635599763,0,0,0,0,0,0.70705391906965209
762,6.6127552860602314,-0.50002474551341125,0,0,0,0,0,0.70705392673693601
763,6.6214334426036174,-0.5000247165575582,0,0,0,0,0,0.70705394721436421
764,6.6301115991470034,-0.50002476560262166,0,0,0,0,0,0.70705391252627769
765,6.6387897556903903,-0.50002474703477828,0,0,0,0,0,0.70705392565841885
766,6.6474679122337763,-0.50002472846604606,0,0,0,0,0,0.7070539387898146
767,6.6561460687771623,-0.50002471411454086,0,0,0,0,0,0.70705394894046447
768,6.6648242253205483,-0.50002471845991026,0,0,0,0,0,0.70705394586747872
769,6.6735023818639343,-0.5000247170785298,0,0,0,0,0,0.7070539468442586
770,6.6821805384073203,-0.50002473084479804,0,0,0,0,0,0.70705393710756292
771,6.6908586949507063,-0.5000247417221102,0,0,0,0,0,0.70705392941590717
772,6.6995368514940932,-0.50002474201796032,0,0,0,0,0,0.70705392920652776
773,6.7082150080374792,-0.50002474448050216,0,0,0,0,0,0.70705392746406792
774,6.7168931645808652,-0.50002472381947638,0,0,0,0,0,0.70705394207779904
775,6.7255713211242512,-0.50002466377903243,0,0,0,0,0,0.70705398454197244
776,6.7342494776676372,-0.50002465349789083,0,0,0,0,0,0.70705399181304784
777,6.7429276342110231,-0.50002465755453196,0,0,0,0,0,0.70705398894621641
778,6.75160579075441,-0.50002465339482671,0,0,0,0,0,0.70705399189080254
779,6.760283947297796,-0.50002466150726721,0,0,0,0,0,0.70705398615460835
780,6.768962103841182,-0.50002466246026267,0,0,0,0,0,0.70705398548085119
781,6.777640260384568,-0.50002459792992149,0,0,0,0,0,0.70705403112126164
782,6.786318416927954,-0.50002462621149113,0,0,0,0,0,0.70705401112104127
783,6.79499657347134,-0.50002465613979807,0,0,0,0,0,0.70705398995539959
784,6.803674730014726,-0.50002462480597787,0,0,0,0,0,0.70705401211942509
785,6.8123528865581129,-0.50002461447464364,0,0,0,0,0,0.70705401942936241
786,6.8210310431014989,-0.5000246722608308,0,0,0,0,0,0.70705397856299634
787,6.8297091996448849,-0.50002466027231263,0,0,0,0,0,0.70705398704574729
788,6.8383873561882709,-0.5000246553379154,0,0,0,0,0,0.70705399053895546
789,6.8470655127316569,-0.50002468500527086,0,0,0,0,0,0.70705396955994182
790,6.8557436692750429,-0.50002469369172364,0,0,0,0,0,0.70705396341980942
791,6.8644218258184297,-0.50002466096111808,0,0,0,0,0,0.70705398657261176
792,6.8730999823618157,-0.50002469073391853,0,0,0,0,0,0.70705396552012978
793,6.8817781389052017,-0.50002464753486908,0,0,0,0,0,0.70705399607570341
794,6.8904562954485877,-0.50002463576481049,0,0,0,0,0,0.70705400440369326
795,6.8991344519919737,-0.5000246138419755,0,0,0,0,0,0.70705401991223482
796,6.9078126085353597,-0.50002456722762278,0,0,0,0,0,0.70705405288352452
797,6.9164907650787457,-0.50002453608159381,0,0,0,0,0,0.70705407491478311
798,6.9251689216221326,-0.5000244985809319,0,0,0,0,0,0.70705410144222647
799,6.9338470781655186,-0.50002446594492644,0,0,0,0,0,0.70705412452768535
800,6.9425252347089046,-0.5000244699107157,0,0,0,0,0,0.70705412172593984
801,6.9512033912522906,-0.50002447479518042,0,0,0,0,0,0.70705411827636233
802,6.9598815477956766,-0.50002445701602516,0,0,0,0,0,0.70705413085447333
803,6.9685597043390626,-0.50002443276068964,0,0,0,0,0,0.70705414801308564
804,6.9772378608824486,-0.50002444727013839,0,0,0,0,0,0.70705413775730186
805,6.9859160174258355,-0.50002443918019224,0,0,0,0,0,0.7070541434840889
806,6.9945941739692215,-0.50002441382988672,0,0,0,0,0,0.70705416141939548
807,7.0032723305126074,-0.50002439978241264,0,0,0,0,0,0.70705417136013082
808,7.0119504870559934,-0.50002440831931694,0,0,0,0,0,0.70705416532783971
809,7.0206286435993794,-0.50002439434591672,0,0,0,0,0,0.70705417521775882
810,7.0293068001427654,-0.50002444709196547,0,0,0,0,0,0.70705413791954541
811,7.0379849566861523,-0.50002441936588571,0,0,0,0,0,0.70705415753405276
812,7.0466631132295383,-0.50002446904304032,0,0,0,0,0,0.70705412240635823
813,7.0553412697729243,-0.50002446328169858,0,0,0,0,0,0.70705412648696608
814,7.0640194263163103,-0.50002448036885283,0,0,0,0,0,0.70705411440939514
815,7.0726975828596963,-0.50002447051285626,0,0,0,0,0,0.7070541213879693
816,7.0813757394030823,-0.50002448814662648,0,0,0,0,0,0.70705410892345988
817,7.0900538959464683,-0.50002449532875959,0,0,0,0,0,0.70705410384928413
818,7.0987320524898552,-0.50002448563545465,0,0,0,0,0,0.70705411071093849
819,7.1074102090332412,-0.50002449637386803,0,0,0,0,0,0.70705410312180206
820,7.1160883655766272,-0.50002452000173891,0,0,0,0,0,0.70705408641830125
821,7.1247665221200132,-0.50002454255760953,0,0,0,0,0,0.70705407047352864
822,7.1334446786633992,-0.50002456181036137,0,0,0,0,0,0.70705405686437928
823,7.1421228352067851,-0.50002451850905227,0,0,0,0,0,0.70705408749639354
824,7.150800991750172,-0.50002448423185863,0,0,0,0,0,0.70705411174776955
825,7.159479148293558,-0.50002449936365778,0,0,0,0,0,0.707054101052492
826,7.168157304836944,-0.50002448358861618,0,0,0,0,0,0.70705411221636894
827,7.17683546138033,-0.5000244579986628,0,0,0,0,0,0.70705413032223774
828,7.185513617923716,-0.50002448856637405,0,0,0,0,0,0.70705410871196861
829,7.194191774467102,-0.50002452818685184,0,0,0,0,0,0.7070540806997716
830,7.202869931010488,-0.50002448720608217,0,0,0,0,0,0.70705410969049787
831,7.2115480875538749,-0.50002443708588107,0,0,0,0,0,0.7070541451463157
832,7.2202262440972609,-0.50002440875681931,0,0,0,0,0,0.70705416519087549
833,7.2289044006406469,-0.50002440716504759,0,0,0,0,0,0.70705416632637963
834,7.2375825571840329,-0.50002441057013047,0,0,0,0,0,0.70705416392756604
835,7.2462607137274189,-0.50002445546599716,0,0,0,0,0,0.70705413218487401
836,7.2549388702708049,-0.50002444759794673,0,0,0,0,0,0.70705413775754877
837,7.2636170268141917,-0.50002442891671606,0,0,0,0,0,0.70705415097867252
838,7.2722951833575777,-0.50002443857918311,0,0,0,0,0,0.70705414415517787
839,7.2809733399009637,-0.50002446845355564,0,0,0,0,0,0.70705412303669846
840,7.2896514964443497,-0.50002440096594769,0,0,0,0,0,0.70705417077513744
841,7.2983296529877357,-0.50002435758764596,0,0,0,0,0,0.70705420146299502
842,7.3070078095311217,-0.50002432900343319,0,0,0,0,0,0.70705422168816057
843,7.3156859660745077,-0.50002433085690801,0,0,0,0,0,0.70705422038755827
844,7.3243641226178946,-0.5000243211450387,0,0,0,0,0,0.70705422726569012
845,7.3330422791612806,-0.5000243130925125,0,0,0,0,0,0.70705423296969272
846,7.3417204357046666,-0.50002436031157638,0,0,0,0,0,0.70705419958645166
847,7.3503985922480526,-0.50002435033254011,0,0,0,0,0,0.70705420665511198
848,7.3590767487914386,-0.50002435897548259,0,0,0,0,0,0.70705420055304202
849,7.3677549053348246,-0.50002437174480996,0,0,0,0,0,0.70705419153330418
850,7.3764330618782106,-0.50002436738425882,0,0,0,0,0,0.70705419462857044
851,7.3851112184215975,-0.50002436721865573,0,0,0,0,0,0.70705419475775955
852,7.3937893749649835,-0.50002435686768543,0,0,0,0,0,0.70705420208915903
853,7.4024675315083694,-0.50002439896514517,0,0,0,0,0,0.70705417232674606
854,7.4111456880517554,-0.50002439763537876,0,0,0,0,0,0.70705417327847631
855,7.4198238445951414,-0.50002442382661549,0,0,0,0,0,0.70705415476603761
856,7.4285020011385274,-0.50002447788185711,0,0,0,0,0,0.70705411654731876
857,7.4371801576819143,-0.5000244794817017,0,0,0,0,0,0.70705411542686747
858,7.4458583142253003,-0.5000244935817364,0,0,0,0,0,0.70705410546579994
859,7.4545364707686863,-0.50002447795473459,0,0,0,0,0,0.70705411652863148
860,7.4632146273120723,-0.50002443870172453,0,0,0,0,0,0.70705414430070945
861,7.4718927838554583,-0.5000243958841819,0,0,0,0,0,0.70705417459296172
862,7.4805709403988443,-0.5000244347190459,0,0,0,0,0,0.70705414714019543
863,7.4892490969422303,-0.50002439251667097,0,0,0,0,0,0.7070541769976515
864,7.4979272534856172,-0.50002438528426718,0,0,0,0,0,0.7070541821240548
865,7.5066054100290032,-0.50002437132977873,0,0,0,0,0,0.7070541920039819
866,7.5152835665723892,-0.50002435912205412,0,0,0,0,0,0.70705420064803803
867,7.5239617231157752,-0.5000243785990951,0,0,0,0,0,0.70705418688546295
868,7.5326398796591612,-0.50002444407770219,0,0,0,0,0,0.70705414058956606
869,7.5413180362025471,-0.50002447591833243,0,0,0,0,0,0.70705411808334251
870,7.549996192745934,-0.50002444541100199,0,0,0,0,0,0.70705413967090269
871,7.55867434928932,-0.50002443216450165,0,0,0,0,0,0.70705414905079156
872,7.567352505832706,-0.50002439534415544,0,0,0,0,0,0.70705417510300395
873,7.576030662376092,-0.50002441802087016,0,0,0,0,0,0.70705415907763136
874,7.584708818919478,-0.50002438702365204,0,0,0,0,0,0.7070541810111024
875,7.593386975462864,-0.50002437534876354,0,0,0,0,0,0.70705418927958874
876,7.60206513200625,-0.50002434621389702,0,0,0,0,0,0.70705420989612255
877,7.6107432885496369,-0.50002433874421548,0,0,0,0,0,0.70705421519153866
878,7.6194214450930229,-0.50002433676107771,0,0,0,0,0,0.70705421660576895
879,7.6280996016364089,-0.50002431677980463,0,0,0,0,0,0.70705423074909746
880,7.6367777581797949,-0.50002427107801173,0,0,0,0,0,0.70705426308186858
881,7.6454559147231809,-0.50002428725800907,0,0,0,0,0,0.70705425165177171
882,7.6541340712665669,-0.50002430413292454,0,0,0,0,0,0.70705423972956183
883,7.6628122278099537,-0.50002427490965073,0,0,0,0,0,0.7070542604089769
884,7.6714903843533397,-0.50002422240232747,0,0,0,0,0,0.70705429755536642
885,7.6801685408967257,-0.50002421276641107,0,0,0,0,0,0.70705430438239136
886,7.6888466974401117,-0.50002421405724096,0,0,0,0,0,0.70705430348143272
887,7.6975248539834977,-0.50002415688691315,0,0,0,0,0,0.70705434392508026
888,7.7062030105268837,-0.50002418355700462,0,0,0,0,0,0.70705432507567301
889,7.7148811670702697,-0.50002416919673043,0,0,0,0,0,0.70705433524342665
890,7.7235593236136566,-0.50002411940795033,0,0,0,0,0,0.70705437046693853
891,7.7322374801570426,-0.50002416844027375,0,0,0,0,0,0.70705433580336718
892,7.7409156367004286,-0.50002412384342265,0,0,0,0,0,0.70705436735499905
893,7.7495937932438146,-0.50002412595826307,0,0,0,0,0,0.70705436587254711
894,7.7582719497872006,-0.50002409736108033,0,0,0,0,0,0.70705438610912652
895,7.7669501063305866,-0.50002412544194796,0,0,0,0,0,0.70705436626270235
896,7.7756282628739726,-0.5000241988151306,0,0,0,0,0,0.70705431438614263
897,7.7843064194173595,-0.50002417267750976,0,0,0,0,0,0.70705433288287611
898,7.7929845759607455,-0.50002418594484155,0,0,0,0,0,0.70705432351304631
899,7.8016627325041314,-0.50002418459176357,0,0,0,0,0,0.7070543244818156
900,7.8103408890475174,-0.50002419473520376,0,0,0,0,0,0.70705431732045376
901,7.8190190455909034,-0.50002422793967605,0,0,0,0,0,0.70705429385092888
902,7.8276972021342894,-0.50002422216550391,0,0,0,0,0,0.7070542979463823
903,7.8363753586776763,-0.50002419612871152,0,0,0,0,0,0.70705431637218119
904,7.8450535152210623,-0.50002417752618489,0,0,0,0,0,0.70705432953984193
905,7.8537316717644483,-0.50002421584684742,0,0,0,0,0,0.70705430245190393
906,7.8624098283078343,-0.50002420091677025,0,0,0,0,0,0.70705431302284771
907,7.8710879848512203,-0.50002421472540048,0,0,0,0,0,0.70705430327021501
908,7.8797661413946063,-0.50002417454878434,0,0,0,0,0,0.7070543316952419
909,7.8884442979379923,-0.50002416689652185,0,0,0,0,0,0.70705433712009436
910,7.8971224544813792,-0.50002414406529616,0,0,0,0,0,0.70705435327850674
911,7.9058006110247652,-0.5000241366132484,0,0,0,0,0,0.70705435856093857
912,7.9144787675681512,-0.500024103584922,0,0,0,0,0,0.70705438193154424
913,7.9231569241115372,-0.50002412270130958,0,0,0,0,0,0.70705436842401026
914,7.9318350806549232,-0.50002407943222937,0,0,0,0,0,0.7070543990359992
915,7.9405132371983091,-0.50002414167795373,0,0,0,0,0,0.70705435502860592
916,7.949191393741696,-0.50002415624489949,0,0,0,0,0,0.70705434473852935
917,7.957869550285082,-0.50002416248930137,0,0,0,0,0,0.70705434033362202
918,7.966547706828468,-0.50002415668103051,0,0,0,0,0,0.70705434445412685
919,7.975225863371854,-0.50002412967225651,0,0,0,0,0,0.70705436356686846
920,7.98390401991524,-0.50002411696139448,0,0,0,0,0,0.70705437256758596
921,7.992582176458626,-0.50002411143558756,0,0,0,0,0,0.70705437648686376
922,8.001260333002012,-0.50002408770732298,0,0,0,0,0,0.70705439327896169
923,8.009938489545398,-0.50002413758394337,0,0,0,0,0,0.70705435801853334
924,8.018616646088784,-0.50002411207617437,0,0,0,0,0,0.70705437606874355
925,8.02729480263217,-0.50002409697989481,0,0,0,0,0,0.70705438675708621
926,8.0359729591755578,-0.50002405452669207,0,0,0,0,0,0.70705441679122316
927,8.0446511157189438,-0.50002402106706845,0,0,0,0,0,0.70705444046479471
928,8.0533292722623298,-0.50002400822663395,0,0,0,0,0,0.70705444955728325
929,8.0620074288057157,-0.50002401717495304,0,0,0,0,0,0.70705444324151401
930,8.0706855853491017,-0.50002395792551679,0,0,0,0,0,0.7070544851534919
931,8.0793637418924877,-0.50002397835732049,0,0,0,0,0,0.70705447071628491
932,8.0880418984358737,-0.50002398385063251,0,0,0,0,0,0.70705446684178064
933,8.0967200549792597,-0.5000239870117793,0,0,0,0,0,0.70705446461692656
934,8.1053982115226457,-0.50002398932026237,0,0,0,0,0,0.70705446299502839
935,8.1140763680660317,-0.5000240095526628,0,0,0,0,0,0.70705444869830814
936,8.1227545246094177,-0.50002399216585169,0,0,0,0,0,0.70705446100511438
937,8.1314326811528037,-0.50002398010521953,0,0,0,0,0,0.70705446954542328
938,8.1401108376961897,-0.50002398854812469,0,0,0,0,0,0.70705446358455504
939,8.1487889942395775,-0.50002399542949061,0,0,0,0,0,0.70705445872823702
940,8.1574671507829635,-0.50002403329893708,0,0,0,0,0,0.70705443195792306
941,8.1661453073263495,-0.50002398958779404,0,0,0,0,0,0.70705446288116036
942,8.1748234638697355,-0.50002399306705736,0,0,0,0,0,0.70705446043154829
943,8.1835016204131215,-0.50002400254810642,0,0,0,0,0,0.70705445373607034
944,8.1921797769565075,-0.50002400876360942,0,0,0,0,0,0.70705444935052775
945,8.2008579334998934,-0.50002402897244269,0,0,0,0,0,0.70705443506991372
946,8.2095360900432794,-0.50002398452794394,0,0,0,0,0,0.7070544665113303
947,8.2182142465866654,-0.50002403013005015,0,0,0,0,0,0.70705443427238635
948,8.2268924031300514,-0.50002402782025246,0,0,0,0,0,0.70705443591557326
949,8.2355705596734374,-0.50002405731176502,0,0,0,0,0,0.70705441507009859
950,8.2442487162168234,-0.50002403527682426,0,0,0,0,0,0.70705443066216844
951,8.2529268727602094,-0.50002401555276688,0,0,0,0,0,0.707054444620276
952,8.2616050293035972,-0.50002404774274711,0,0,0,0,0,0.70705442186624623
953,8.2702831858469832,-0.50002403446311583,0,0,0,0,0,0.70705443126734124
954,8.2789613423903692,-0.50002403303718557,0,0,0,0,0,0.70705443228564491
955,8.2876394989337552,-0.50002403648371796,0,0,0,0,0,0.70705442985687128
956,8.2963176554771412,-0.50002407517222913,0,0,0,0,0,0.70705440250575435
957,8.3049958120205272,-0.50002404645766485,0,0,0,0,0,0.70705442282090658
958,8.3136739685639132,-0.50002406573533054,0,0,0,0,0,0.70705440919777018
959,8.3223521251072992,-0.50002401267372276,0,0,0,0,0,0.70705444673095919
960,8.3310302816506852,-0.5000240356515836,0,0,0,0,0,0.70705443049007499
961,8.3397084381940711,-0.50002406608826822,0,0,0,0,0,0.70705440897523886
962,8.3483865947374571,-0.50002402148007841,0,0,0,0,0,0.7070544405287702
963,8.3570647512808431,-0.50002400927763468,0,0,0,0,0,0.70705444916651849
964,8.3657429078242291,-0.50002402497967502,0,0,0,0,0,0.70705443807078439
965,8.3744210643676169,-0.50002405245604775,0,0,0,0,0,0.70705441864880925
966,8.3830992209110029,-0.50002402013053826,0,0,0,0,0,0.70705444151590413
967,8.3917773774543889,-0.50002402605394258,0,0,0,0,0,0.70705443733467987
968,8.4004555339977749,-0.50002401548946973,0,0,0,0,0,0.70705444481330915
969,8.4091336905411609,-0.50002400650840406,0,0,0,0,0,0.70705445117160259
970,8.4178118470845469,-0.50002396317081055,0,0,0,0,0,0.70705448182626895
971,8.4264900036279329,-0.50002396871644428,0,0,0,0,0,0.70705447791259424
972,8.4351681601713189,-0.50002397654176689,0,0,0,0,0,0.70705447238665187
973,8.4438463167147049,-0.50002396245973824,0,0,0,0,0,0.70705448235212032
974,8.4525244732580909,-0.50002397935651111,0,0,0,0,0,0.70705447041054548
975,8.4612026298014769,-0.50002400874318775,0,0,0,0,0,0.70705444963642172
976,8.4698807863448629,-0.5000239939803256,0,0,0,0,0,0.70705446008370032
977,8.4785589428882489,-0.50002400836570016,0,0,0,0,0,0.70705444991824606
978,8.4872370994316348,-0.50002405190086952,0,0,0,0,0,0.70705441913852418
979,8.4959152559750226,-0.50002405288181173,0,0,0,0,0,0.70705441845142225
980,8.5045934125184086,-0.50002404975611825,0,0,0,0,0,0.70705442066801538
981,8.5132715690617946,-0.50002405113951853,0,0,0,0,0,0.70705441969579397
982,8.5219497256051806,-0.50002407044006159,0,0,0,0,0,0.70705440605352976
983,8.5306278821485666,-0.50002406251784981,0,0,0,0,0,0.70705441166191818
984,8.5393060386919526,-0.50002405625365753,0,0,0,0,0,0.7070544160979324
985,8.5479841952353386,-0.50002407798391468,0,0,0,0,0,0.70705440073719128
986,8.5566623517787246,-0.50002409946532722,0,0,0,0,0,0.70705438555199329
987,8.5653405083221106,-0.50002411698398674,0,0,0,0,0,0.70705437316879483
988,8.5740186648654966,-0.50002414090371405,0,0,0,0,0,0.70705435625890267
989,8.5826968214088826,-0.50002412883019509,0,0,0,0,0,0.70705436480205108
990,8.5913749779522686,-0.50002411591949014,0,0,0,0,0,0.70705437393723525
991,8.6000531344956546,-0.50002417443221625,0,0,0,0,0,0.70705433256422623
992,8.6087312910390423,-0.50002416831827079,0,0,0,0,0,0.7070543368927078
993,8.6174094475824283,-0.5000241771285111,0,0,0,0,0,0.70705433066741108
994,8.6260876041258143,-0.5000241431830541,0,0,0,0,0,0.70705435467708355
995,8.6347657606692003,-0.50002419049625757,0,0,0,0,0,0.70705432122352452
996,8.6434439172125863,-0.50002424987629246,0,0,0,0,0,0.7070542792366723
997,8.6521220737559723,-0.5000242381624217,0,0,0,0,0,0.707054287524437
998,8.6608002302993583,-0.50002425624980307,0,0,0,0,0,0.7070542747377373
999,8.6694783868427443,-0.50002424862893224,0,0,0,0,0,0.70705428013086946
1000,8.6781565433861303,-0.50002427023777585,0,0,0,0,0,0.70705426485389378
1001,8.6868346999295163,-0.50002431676842185,0,0,0,0,0,0.7070542319528812
1002,8.6955128564729023,-0.50002431579695517,0,0,0,0,0,0.70705423264323075
1003,8.7041910130162883,-0.50002432376272576,0,0,0,0,0,0.70705422701360021
1004,8.7128691695596743,-0.50002433508516142,0,0,0,0,0,0.70705421901002641
1005,8.721547326103062,-0.50002432612141079,0,0,0,0,0,0.70705422535178863
1006,8.730225482646448,-0.50002428425953316,0,0,0,0,0,0.70705425495779073
1007,8.738903639189834,-0.5000242682393452,0,0,0,0,0,0.70705426628945722
1008,8.74758179573322,-0.50002424361680475,0,0,0,0,0,0.70705428370404944
1009,8.756259952276606,-0.50002424673521939,0,0,0,0,0,0.70705428150120486
1010,8.764938108819992,-0.50002420559362992,0,0,0,0,0,0.70705431059724377
1011,8.773616265363378,-0.50002416102320502,0,0,0,0,0,0.70705434211783857
1012,8.782294421906764,-0.50002419556390854,0,0,0,0,0,0.70705431769395521
1013,8.79097257845015,-0.50002423443017141,0,0,0,0,0,0.70705429021111654
1014,8.799650734993536,-0.50002424520497002,0,0,0,0,0,0.70705428259328007
1015,8.808328891536922,-0.5000242433295079,0,0,0,0,0,0.70705428392109049
1016,8.817007048080308,-0.50002420188690533,0,0,0,0,0,0.70705431322907208
1017,8.825685204623694,-0.5000242247383937,0,0,0,0,0,0.70705429707062883
1018,8.8343633611670818,-0.50002425812070561,0,0,0,0,0,0.70705427346505689
1019,8.8430415177104678,-0.50002426866326199,0,0,0,0,0,0.70705426601067467
1020,8.8517196742538538,-0.50002423240828464,0,0,0,0,0,0.70705429164952915
1021,8.8603978307972397,-0.50002420616250132,0,0,0,0,0,0.70705431021010112
1022,8.8690759873406257,-0.50002425683601259,0,0,0,0,0,0.70705427437625179
1023,8.8777541438840117,-0.50002426860902416,0,0,0,0,0,0.70705426605116539
1024,8.8864323004273977,-0.50002423070517432,0,0,0,0,0,0.70705429285543719
1025,8.8951104569707837,-0.50002417769277197,0,0,0,0,0,0.70705433034371068
1026,8.9037886135141697,-0.50002421415940113,0,0,0,0,0,0.70705430455579465
1027,8.9124667700575557,-0.50002426182943693,0,0,0,0,0,0.70705427084511596
1028,8.9211449266009417,-0.50002428787950426,0,0,0,0,0,0.70705425242306719
1029,8.9298230831443277,-0.50002424521068245,0,0,0,0,0,0.70705428259615455
1030,8.9385012396877137,-0.50002419181940327,0,0,0,0,0,0.70705432035158089
1031,8.9471793962311015,-0.50002417100908103,0,0,0,0,0,0.70705433506690518
1032,8.9558575527744875,-0.50002418721837261,0,0,0,0,0,0.70705432360323206
1033,8.9645357093178735,-0.50002416985968645,0,0,0,0,0,0.70705433587739863
1034,8.9732138658612595,-0.50002421496102789,0,0,0,0,0,0.70705430398209912
1035,8.9818920224046455,-0.50002425834822672,0,0,0,0,0,0.70705427329883253
1036,8.9905701789480315,-0.50002422311820349,0,0,0,0,0,0.70705429821042176
1037,8.9992483354914174,-0.50002419282215382,0,0,0,0,0,0.70705431963267906
1038,9.0079264920348034,-0.5000241815327644,0,0,0,0,0,0.70705432761407616
1039,9.0166046485781894,-0.50002418457875597,0,0,0,0,0,0.70705432545793157
1040,9.0252828051215754,-0.50002419339347903,0,0,0,0,0,0.70705431922221962
1041,9.0339609616649614,-0.50002423502769067,0,0,0,0,0,0.70705428977771057
1042,9.0426391182083474,-0.50002419195929093,0,0,0,0,0,0.70705432023135639
1043,9.0513172747517334,-0.50002423153320019,0,0,0,0,0,0.70705429224346794
1044,9.0599954312951212,-0.5000242077964433,0,0,0,0,0,0.70705430902629063
1045,9.0686735878385072,-0.50002420643012047,0,0,0,0,0,0.70705430998922036
1046,9.0773517443818932,-0.50002419558369027,0,0,0,0,0,0.70705431765608395
1047,9.0860299009252792,-0.50002421001679132,0,0,0,0,0,0.70705430744617814
1048,9.0947080574686652,-0.50002421219633464,0,0,0,0,0,0.70705430590129836
1049,9.1033862140120512,-0.50002421273553965,0,0,0,0,0,0.70705430551637871
1050,9.1120643705554372,-0.50002417878011951,0,0,0,0,0,0.70705432952454128
1051,9.1207425270988232,-0.50002419611444049,0,0,0,0,0,0.70705431726244017
1052,9.1294206836422092,-0.50002420937927605,0,0,0,0,0,0.70705430787811707
1053,9.1380988401855952,-0.50002421850743006,0,0,0,0,0,0.70705430141874359
1054,9.1467769967289811,-0.50002424526037115,0,0,0,0,0,0.70705428249585012
1055,9.1554551532723671,-0.5000242644514159,0,0,0,0,0,0.70705426892001189
1056,9.1641333098157531,-0.50002425585960175,0,0,0,0,0,0.70705427499115991
1057,9.1728114663591409,-0.50002426219568097,0,0,0,0,0,0.7070542705058962
1058,9.1814896229025269,-0.50002425402781425,0,0,0,0,0,0.70705427627690476
1059,9.1901677794459129,-0.50002424149919511,0,0,0,0,0,0.70705428513146629
1060,9.1988459359892989,-0.50002420494954469,0,0,0,0,0,0.70705431097259464
1061,9.2075240925326849,-0.50002421323505608,0,0,0,0,0,0.70705430510799072
1062,9.2162022490760709,-0.50002421699048294,0,0,0,0,0,0.7070543024471263
1063,9.2248804056194569,-0.50002424169223614,0,0,0,0,0,0.70705428497315381
1064,9.2335585621628429,-0.50002421336942549,0,0,0,0,0,0.70705430499635114
1065,9.2422367187062289,-0.50002420965497885,0,0,0,0,0,0.70705430761719512
1066,9.2509148752496149,-0.50002421874284575,0,0,0,0,0,0.70705430118450074
1067,9.2595930317930009,-0.50002420642822543,0,0,0,0,0,0.70705430988624229
1068,9.2682711883363869,-0.50002414614837187,0,0,0,0,0,0.70705435250733473
1069,9.2769493448797729,-0.50002411704584637,0,0,0,0,0,0.70705437308115826
1070,9.2856275014231606,-0.50002414641354831,0,0,0,0,0,0.70705435230656377
1071,9.2943056579665466,-0.5000241182571723,0,0,0,0,0,0.70705437221038281
1072,9.3029838145099326,-0.50002408250205399,0,0,0,0,0,0.70705439748811294
1073,9.3116619710533186,-0.50002405243946901,0,0,0,0,0,0.70705441873985997
1074,9.3203401275967046,-0.50002401840569488,0,0,0,0,0,0.70705444280038066
1075,9.3290182841400906,-0.50002402132575263,0,0,0,0,0,0.70705444072808454
1076,9.3376964406834766,-0.50002403671886209,0,0,0,0,0,0.70705442983611988
1077,9.3463745972268626,-0.50002403374524407,0,0,0,0,0,0.70705443193087447
1078,9.3550527537702486,-0.50002404569380521,0,0,0,0,0,0.70705442347278158
1079,9.3637309103136346,-0.50002400687438253,0,0,0,0,0,0.70705445091667229
1080,9.3724090668570206,-0.50002405213725509,0,0,0,0,0,0.70705441890061849
1081,9.3810872234004066,-0.50002403624029379,0,0,0,0,0,0.7070544301338586
1082,9.3897653799437926,-0.50002403880488699,0,0,0,0,0,0.70705442831294363
1083,9.3984435364871786,-0.50002400651223267,0,0,0,0,0,0.70705445114175625
1084,9.4071216930305663,-0.50002399545983522,0,0,0,0,0,0.7070544589489316
1085,9.4157998495739523,-0.50002395495489727,0,0,0,0,0,0.70705448758473821
1086,9.4244780061173383,-0.50002398999711373,0,0,0,0,0,0.70705446279458251
1087,9.4331561626607243,-0.50002395197441929,0,0,0,0,0,0.70705448967394346
1088,9.4418343192041103,-0.50002398926784131,0,0,0,0,0,0.70705446329309751
1089,9.4505124757474963,-0.50002403398658213,0,0,0,0,0,0.70705443165937254
1090,9.4591906322908823,-0.50002400440129913,0,0,0,0,0,0.70705445257288702
1091,9.4678687888342683,-0.50002400796026825,0,0,0,0,0,0.70705445004742273
1092,9.4765469453776543,-0.50002403420694519,0,0,0,0,0,0.70705443147690517
1093,9.4852251019210403,-0.50002401310201861,0,0,0,0,0,0.70705444639344961
1094,9.4939032584644263,-0.50002403755623759,0,0,0,0,0,0.70705442909111937
1095,9.5025814150078123,-0.50002407598299292,0,0,0,0,0,0.70705440190704749
1096,9.5112595715511983,-0.50002406374232067,0,0,0,0,0,0.70705441055450535
1097,9.519937728094586,-0.50002403151536634,0,0,0,0,0,0.70705443333599405
1098,9.528615884637972,-0.50002397053618486,0,0,0,0,0,0.70705447644976616
1099,9.537294041181358,-0.50002393852282712,0,0,0,0,0,0.70705449907855922
1100,9.545972197724744,-0.5000239152574637,0,0,0,0,0,0.70705451552132992
1101,9.55465035426813,-0.50002388681223287,0,0,0,0,0,0.70705453562649545
1102,9.563328510811516,-0.50002386117193354,0,0,0,0,0,0.70705455374910997
1103,9.572006667354902,-0.50002385541280925,0,0,0,0,0,0.70705455781244453
1104,9.580684823898288,-0.50002385954132034,0,0,0,0,0,0.70705455488119995
1105,9.589362980441674,-0.50002383165406017,0,0,0,0,0,0.70705457459221677
1106,9.59804113698506,-0.50002381869100743,0,0,0,0,0,0.707054583748981
1107,9.606719293528446,-0.50002384415899692,0,0,0,0,0,0.70705456572778402
1108,9.615397450071832,-0.50002385420621098,0,0,0,0,0,0.70705455861181576
1109,9.624075606615218,-0.50002385879038858,0,0,0,0,0,0.70705455535829742
1110,9.6327537631586058,-0.50002387877041754,0,0,0,0,0,0.70705454121702171
1111,9.6414319197019918,-0.5000238699857652,0,0,0,0,0,0.70705454741954998
1112,9.6501100762453778,-0.50002387053763275,0,0,0,0,0,0.70705454701723536
1113,9.6587882327887638,-0.50002389914364953,0,0,0,0,0,0.70705452677639169
1114,9.6674663893321497,-0.50002392300327048,0,0,0,0,0,0.70705450989220431
1115,9.6761445458755357,-0.50002393981787074,0,0,0,0,0,0.70705449798998643
1116,9.6848227024189217,-0.50002392556650144,0,0,0,0,0,0.70705450805627734
1117,9.6935008589623077,-0.50002392771586679,0,0,0,0,0,0.70705450652483037
1118,9.7021790155056937,-0.50002394642903036,0,0,0,0,0,0.70705449327917247
1119,9.7108571720490797,-0.5000239100348417,0,0,0,0,0,0.70705451900605709
1120,9.7195353285924657,-0.50002394251090299,0,0,0,0,0,0.70705449602802517
1121,9.7282134851358517,-0.50002395372663588,0,0,0,0,0,0.70705448808401261
1122,9.7368916416792377,-0.50002392562206777,0,0,0,0,0,0.70705450794651625
1123,9.7455697982226255,-0.50002391207537633,0,0,0,0,0,0.70705451751458082
1124,9.7542479547660115,-0.50002391289078973,0,0,0,0,0,0.70705451692650589
1125,9.7629261113093975,-0.50002394586315302,0,0,0,0,0,0.70705449359602879
1126,9.7716042678527835,-0.50002388394942221,0,0,0,0,0,0.70705453736930668
1127,9.7802824243961695,-0.50002386765989271,0,0,0,0,0,0.7070545488779123
1128,9.7889605809395555,-0.50002389027482397,0,0,0,0,0,0.70705453287208941
1129,9.7976387374829415,-0.50002388938410058,0,0,0,0,0,0.70705453348963054
1130,9.8063168940263274,-0.50002386719140546,0,0,0,0,0,0.70705454917170663
1131,9.8149950505697134,-0.50002385381584935,0,0,0,0,0,0.70705455861926847
1132,9.8236732071130994,-0.50002380092304366,0,0,0,0,0,0.70705459601281762
1133,9.8323513636564854,-0.50002382913732146,0,0,0,0,0,0.70705457604791899
1134,9.8410295201998714,-0.5000238372874396,0,0,0,0,0,0.70705457027077045
1135,9.8497076767432574,-0.50002381563551024,0,0,0,0,0,0.70705458557059231
1136,9.8583858332866452,-0.50002380358402221,0,0,0,0,0,0.70705459408177229
1137,9.8670639898300312,-0.5000237816504387,0,0,0,0,0,0.70705460958058719
1138,9.8757421463734172,-0.50002380243086542,0,0,0,0,0,0.70705459487274713
1139,9.8844203029168032,-0.50002384741602601,0,0,0,0,0,0.70705456304676195
1140,9.8930984594601892,-0.50002385430022522,0,0,0,0,0,0.70705455816646334
1141,9.9017766160035752,-0.50002389169299988,0,0,0,0,0,0.70705453170989485
1142,9.9104547725469612,-0.50002392807509344,0,0,0,0,0,0.70705450596772934
1143,9.9191329290903472,-0.50002389635409428,0,0,0,0,0,0.70705452838860694
1144,9.9278110856337332,-0.50002393853816607,0,0,0,0,0,0.70705449854308533
1145,9.9364892421771192,-0.50002393153569391,0,0,0,0,0,0.70705450348259913
1146,9.9451673987205051,-0.50002396531396875,0,0,0,0,0,0.70705447958146439
1147,9.9538455552638911,-0.50002394775587422,0,0,0,0,0,0.70705449198528902
1148,9.9625237118072771,-0.50002397435540968,0,0,0,0,0,0.70705447316094139
1149,9.9712018683506649,-0.50002398402577364,0,0,0,0,0,0.707054466308634
1150,9.9798800248940509,-0.50002401952755049,0,0,0,0,0,0.70705444118859107
1151,9.9885581814374369,-0.50002402523182121,0,0,0,0,0,0.70705443714232152
1152,9.9972363379808229,-0.50002401560331455,0,0,0,0,0,0.70705444393926309
1153,10.005914494524209,-0.50002396614258926,0,0,0,0,0,0.70705447890549178
1154,10.014592651067595,-0.5000239572321965,0,0,0,0,0,0.70705448519514846
1155,10.023270807610981,-0.50002393582896221,0,0,0,0,0,0.70705450031882611
1156,10.031948964154367,-0.50002392925527539,0,0,0,0,0,0.70705450495524502
1157,10.040627120697753,-0.50002389090439248,0,0,0,0,0,0.70705453206434243
1158,10.049305277241139,-0.50002387907248058,0,0,0,0,0,0.7070545404192603
1159,10.057983433784525,-0.50002385296768892,0,0,0,0,0,0.70705455886852908
1160,10.066661590327911,-0.50002384262106647,0,0,0,0,0,0.70705456617300499
1161,10.075339746871297,-0.50002383788964533,0,0,0,0,0,0.70705456950592582
1162,10.084017903414685,-0.50002384955719559,0,0,0,0,0,0.70705456124214705
1163,10.092696059958071,-0.50002384067029892,0,0,0,0,0,0.7070545675142782
1164,10.101374216501457,-0.50002385162523699,0,0,0,0,0,0.70705455975439147
1165,10.110052373044843,-0.50002384820648982,0,0,0,0,0,0.70705456215951268
1166,10.118730529588229,-0.50002390303817934,0,0,0,0,0,0.70705452336939589
1167,10.127408686131615,-0.50002392944868823,0,0,0,0,0,0.70705450467854547
1168,10.136086842675001,-0.50002394304409359,0,0,0,0,0,0.70705449505080775
1169,10.144764999218387,-0.50002394814133921,0,0,0,0,0,0.70705449143284538
1170,10.153443155761773,-0.50002390252955431,0,0,0,0,0,0.70705452367762889
1171,10.162121312305159,-0.5000239036630505,0,0,0,0,0,0.70705452286375392
1172,10.170799468848545,-0.50002387530718362,0,0,0,0,0,0.70705454290515601
1173,10.179477625391931,-0.50002385744783806,0,0,0,0,0,0.70705455552313978
1174,10.188155781935317,-0.50002384533511046,0,0,0,0,0,0.70705456407759382
1175,10.196833938478704,-0.50002383608113155,0,0,0,0,0,0.7070545706098601
1176,10.20551209502209,-0.50002385768935032,0,0,0,0,0,0.70705455531568706
1177,10.214190251565476,-0.50002384072084782,0,0,0,0,0,0.70705456730420835
1178,10.222868408108862,-0.50002382702833115,0,0,0,0,0,0.70705457697662855
1179,10.231546564652248,-0.50002384278660439,0,0,0,0,0,0.70705456581971493
1180,10.240224721195634,-0.50002386844055857,0,0,0,0,0,0.70705454766541953
1181,10.24890287773902,-0.50002387844366136,0,0,0,0,0,0.70705454057946504
1182,10.257581034282406,-0.50002388495904615,0,0,0,0,0,0.70705453595941492
1183,10.266259190825792,-0.5000238432219537,0,0,0,0,0,0.70705456546492229
1184,10.274937347369178,-0.50002386344372496,0,0,0,0,0,0.70705455115151405
1185,10.283615503912564,-0.50002388900584782,0,0,0,0,0,0.70705453306129762
1186,10.29229366045595,-0.5000239170888725,0,0,0,0,0,0.70705451318845292
1187,10.300971816999336,-0.50002392143286789,0,0,0,0,0,0.70705451010437503
1188,10.309649973542722,-0.50002391781978017,0,0,0,0,0,0.70705451264884456
1189,10.31832813008611,-0.50002389372218747,0,0,0,0,0,0.70705452967917282
1190,10.327006286629496,-0.50002388122576458,0,0,0,0,0,0.70705453850572475
1191,10.335684443172882,-0.50002393693948222,0,0,0,0,0,0.7070544990920542
1192,10.344362599716268,-0.5000239873118506,0,0,0,0,0,0.70705446345606049
1193,10.353040756259654,-0.50002398750636468,0,0,0,0,0,0.7070544633065623
1194,10.36171891280304,-0.50002396834935459,0,0,0,0,0,0.70705447684431277
1195,10.370397069346426,-0.50002398262192682,0,0,0,0,0,0.7070544667390859
1196,10.379075225889812,-0.50002399057724534,0,0,0,0,0,0.70705446110302717
1197,10.387753382433198,-0.50002397484578665,0,0,0,0,0,0.70705447221799034
1198,10.396431538976584,-0.50002397224307171,0,0,0,0,0,0.70705447404856514
1199,10.40510969551997,-0.50002398194237174,0,0,0,0,0,0.7070544671786827
1200,10.413787852063356,-0.50002395629401852,0,0,0,0,0,0.70705448530770809
1201,10.422466008606742,-0.50002393515805621,0,0,0,0,0,0.70705450024467353
1202,10.43114416515013,-0.50002389039347761,0,0,0,0,0,0.70705453189296996
1203,10.439822321693516,-0.50002387400393045,0,0,0,0,0,0.70705454347344165
1204,10.448500478236902,-0.50002385898767765,0,0,0,0,0,0.70705455408235274
1205,10.457178634780288,-0.50002388411310095,0,0,0,0,0,0.70705453630331938
1206,10.465856791323674,-0.5000238893355512,0,0,0,0,0,0.70705453259845008
1207,10.47453494786706,-0.50002384726203264,0,0,0,0,0,0.70705456234425412
1208,10.483213104410446,-0.50002385457442577,0,0,0,0,0,0.70705455716137067
1209,10.491891260953832,-0.50002386145998512,0,0,0,0,0,0.70705455228219805
1210,10.500569417497218,-0.50002387958776529,0,0,0,0,0,0.70705453945227958
1211,10.509247574040604,-0.50002388517717011,0,0,0,0,0,0.70705453549087771
1212,10.51792573058399,-0.50002388952980859,0,0,0,0,0,0.7070545324030757
1213,10.526603887127376,-0.50002387465080844,0,0,0,0,0,0.70705454291626779
1214,10.535282043670762,-0.50002386640058327,0,0,0,0,0,0.70705454874205387
1215,10.543960200214149,-0.50002386678691468,0,0,0,0,0,0.70705454846062032
1216,10.552638356757535,-0.50002388989334279,0,0,0,0,0,0.70705453211090585
1217,10.561316513300921,-0.50002389880153464,0,0,0,0,0,0.70705452580139116
1218,10.569994669844307,-0.50002392705098042,0,0,0,0,0,0.70705450581342788
1219,10.578672826387693,-0.50002389463469277,0,0,0,0,0,0.70705452873121288
1220,10.587350982931079,-0.50002391392521839,0,0,0,0,0,0.7070545150802694
1221,10.596029139474465,-0.50002389080885978,0,0,0,0,0,0.70705453142111807
1222,10.604707296017851,-0.50002393490920449,0,0,0,0,0,0.70705450022338212
1223,10.613385452561237,-0.50002389520338075,0,0,0,0,0,0.7070545282963181
1224,10.622063609104623,-0.50002389279921644,0,0,0,0,0,0.70705452998814167
1225,10.630741765648009,-0.50002392008793395,0,0,0,0,0,0.70705451068035075
1226,10.639419922191395,-0.5000239025532236,0,0,0,0,0,0.70705452307447203
1227,10.648098078734781,-0.5000239162827087,0,0,0,0,0,0.70705451335492064
1228,10.656776235278169,-0.50002392057112377,0,0,0,0,0,0.70705451031506783
1229,10.665454391821555,-0.50002393364820941,0,0,0,0,0,0.70705450105903189
1230,10.674132548364941,-0.50002396165927343,0,0,0,0,0,0.70705448124004988
1231,10.682810704908327,-0.50002399033986822,0,0,0,0,0,0.70705446094986968
1232,10.691488861451713,-0.50002400863132379,0,0,0,0,0,0.70705444800722539
1233,10.700167017995099,-0.50002399430797873,0,0,0,0,0,0.70705445813088375
1234,10.708845174538485,-0.50002404414282708,0,0,0,0,0,0.70705442287881937
1235,10.717523331081871,-0.50002405992900645,0,0,0,0,0,0.70705441170725081
1236,10.726201487625257,-0.50002410911593376,0,0,0,0,0,0.7070543769135309
1237,10.734879644168643,-0.50002412961209086,0,0,0,0,0,0.70705436241181374
1238,10.743557800712029,-0.50002410433712396,0,0,0,0,0,0.70705438028102563
1239,10.752235957255415,-0.50002411955944748,0,0,0,0,0,0.70705436950723577
1240,10.760914113798801,-0.50002417105547159,0,0,0,0,0,0.70705433308070198
1241,10.769592270342189,-0.50002418586477282,0,0,0,0,0,0.70705432260152001
1242,10.778270426885575,-0.50002420936700009,0,0,0,0,0,0.70705430597280738
1243,10.786948583428961,-0.50002419699113332,0,0,0,0,0,0.70705431472078484
1244,10.795626739972347,-0.50002421308374678,0,0,0,0,0,0.70705430333272545
1245,10.804304896515733,-0.50002422590641027,0,0,0,0,0,0.70705429425741784
1246,10.812983053059119,-0.50002423813290775,0,0,0,0,0,0.70705428560431116
1247,10.821661209602505,-0.50002425409184403,0,0,0,0,0,0.70705427431249035
1248,10.830339366145891,-0.50002426941489075,0,0,0,0,0,0.70705426347016953
1249,10.839017522689277,-0.50002423098077642,0,0,0,0,0,0.70705429064798508
1250,10.847695679232663,-0.50002422497862542,0,0,0,0,0,0.7070542948883265
1251,10.856373835776049,-0.50002421536108788,0,0,0,0,0,0.70705430168478767
1252,10.865051992319435,-0.50002420377853918,0,0,0,0,0,0.70705430987365503
1253,10.873730148862821,-0.5000242760466983,0,0,0,0,0,0.70705425875800465
1254,10.882408305406209,-0.50002430800208864,0,0,0,0,0,0.70705423615379326
1255,10.891086461949595,-0.50002429380784796,0,0,0,0,0,0.70705424618926571
1256,10.899764618492981,-0.50002429527755687,0,0,0,0,0,0.70705424514749637
1257,10.908442775036367,-0.50002427465527433,0,0,0,0,0,0.70705425972788394
1258,10.917120931579753,-0.50002428209054472,0,0,0,0,0,0.70705425446511327
1259,10.925799088123139,-0.50002429247268299,0,0,0,0,0,0.70705424711768305
1260,10.934477244666525,-0.50002429209129517,0,0,0,0,0,0.70705424738532807
1261,10.943155401209911,-0.50002428502479423,0,0,0,0,0,0.70705425238116915
1262,10.951833557753297,-0.50002431676759063,0,0,0,0,0,0.70705422992721423
1263,10.960511714296683,-0.50002436097789127,0,0,0,0,0,0.70705419865731933
1264,10.969189870840069,-0.50002441362023853,0,0,0,0,0,0.70705416142376265
1265,10.977868027383455,-0.50002442222023125,0,0,0,0,0,0.70705415533920735
1266,10.986546183926841,-0.50002438408719374,0,0,0,0,0,0.70705418230718187
1267,10.995224340470228,-0.5000244141242054,0,0,0,0,0,0.70705416106162478
1268,11.003902497013614,-0.5000244546328807,0,0,0,0,0,0.7070541324104993
1269,11.012580653557,-0.50002443019492315,0,0,0,0,0,0.70705414969241898
1270,11.021258810100386,-0.50002445154613739,0,0,0,0,0,0.70705413458926036
1271,11.029936966643772,-0.50002444945453994,0,0,0,0,0,0.70705413606672729
1272,11.038615123187158,-0.5000244824830844,0,0,0,0,0,0.70705411270621044
1273,11.047293279730544,-0.50002451002469939,0,0,0,0,0,0.70705409322703439
1274,11.05597143627393,-0.50002447837980779,0,0,0,0,0,0.70705411560647735
1275,11.064649592817316,-0.50002449616499223,0,0,0,0,0,0.70705410302817084
1276,11.073327749360702,-0.50002453978020833,0,0,0,0,0,0.70705407218009053
1277,11.082005905904088,-0.50002452160810973,0,0,0,0,0,0.70705408503222067
1278,11.090684062447474,-0.50002450824178712,0,0,0,0,0,0.70705409448410717
1279,11.09936221899086,-0.5000245025684974,0,0,0,0,0,0.70705409849701406
1280,11.108040375534248,-0.50002451793196012,0,0,0,0,0,0.70705408763138933
1281,11.116718532077634,-0.50002452867028602,0,0,0,0,0,0.70705408003641779
1282,11.12539668862102,-0.50002455446122496,0,0,0,0,0,0.70705406179515329
1283,11.134074845164406,-0.50002457591961458,0,0,0,0,0,0.70705404661991667
1284,11.142753001707792,-0.50002458413012452,0,0,0,0,0,0.70705404081275081
1285,11.151431158251178,-0.50002459102272645,0,0,0,0,0,0.70705403593694416
1286,11.160109314794564,-0.5000245688183379,0,0,0,0,0,0.7070540516420355
1287,11.16878747133795,-0.50002456105979476,0,0,0,0,0,0.70705405713171865
1288,11.177465627881336,-0.50002459447567948,0,0,0,0,0,0.70705403349981744
1289,11.186143784424722,-0.50002457511184994,0,0,0,0,0,0.70705404719673126
1290,11.194821940968108,-0.50002453705276872,0,0,0,0,0,0.70705407411619503
1291,11.203500097511494,-0.50002455846617389,0,0,0,0,0,0.70705405897439366
1292,11.21217825405488,-0.50002456084184266,0,0,0,0,0,0.70705405729585014
1293,11.220856410598266,-0.50002456994964217,0,0,0,0,0,0.70705405085541884
1294,11.229534567141654,-0.50002457184853544,0,0,0,0,0,0.70705404951551243
1295,11.23821272368504,-0.50002455985147243,0,0,0,0,0,0.70705405800261212
1296,11.246890880228426,-0.50002455180193395,0,0,0,0,0,0.70705406369814017
1297,11.255569036771812,-0.50002454875092128,0,0,0,0,0,0.7070540658582245
1298,11.264247193315198,-0.50002451027526862,0,0,0,0,0,0.70705409307358025
1299,11.272925349858584,-0.50002446662790623,0,0,0,0,0,0.7070541239458592
1300,11.28160350640197,-0.50002446571974379,0,0,0,0,0,0.70705412459225014
1301,11.290281662945356,-0.5000244871177264,0,0,0,0,0,0.70705410946234082
1302,11.298959819488742,-0.50002445419257635,0,0,0,0,0,0.70705413275232765
1303,11.307637976032128,-0.50002444330458662,0,0,0,0,0,0.70705414045552217
1304,11.316316132575514,-0.5000244620309674,0,0,0,0,0,0.70705412721382377
1305,11.3249942891189,-0.50002443617038139,0,0,0,0,0,0.70705414550695878
1306,11.333672445662286,-0.50002442107346357,0,0,0,0,0,0.70705415618784162
1307,11.342350602205673,-0.50002441493075211,0,0,0,0,0,0.70705416053770875
1308,11.351028758749059,-0.50002443100488148,0,0,0,0,0,0.70705414917250664
1309,11.359706915292445,-0.50002442828712845,0,0,0,0,0,0.70705415109745351
1310,11.368385071835831,-0.50002441284592303,0,0,0,0,0,0.70705416202291627
1311,11.377063228379217,-0.50002442306256401,0,0,0,0,0,0.70705415480227174
1312,11.385741384922603,-0.50002441764151151,0,0,0,0,0,0.70705415864022569
1313,11.394419541465989,-0.50002437502318486,0,0,0,0,0,0.70705418878747395
1314,11.403097698009375,-0.50002441427112287,0,0,0,0,0,0.70705416103405838
1315,11.411775854552761,-0.50002441859034263,0,0,0,0,0,0.70705415798392757
1316,11.420454011096147,-0.50002440254222957,0,0,0,0,0,0.70705416933993703
1317,11.429132167639533,-0.50002440595500697,0,0,0,0,0,0.70705416693355971
1318,11.437810324182919,-0.50002440551847194,0,0,0,0,0,0.70705416724853443
1319,11.446488480726305,-0.50002438435364494,0,0,0,0,0,0.70705418222255823
1320,11.455166637269693,-0.50002439238189533,0,0,0,0,0,0.70705417655129832
1321,11.463844793813079,-0.50002441860650371,0,0,0,0,0,0.70705415801061022
1322,11.472522950356465,-0.50002441024241273,0,0,0,0,0,0.70705416393301856
1323,11.481201106899851,-0.50002439195953796,0,0,0,0,0,0.70705417686957084
1324,11.489879263443237,-0.50002441598530545,0,0,0,0,0,0.70705415988407161
1325,11.498557419986623,-0.50002447865363175,0,0,0,0,0,0.70705411556857101
1326,11.507235576530009,-0.50002451193622888,0,0,0,0,0,0.70705409203685576
1327,11.515913733073395,-0.50002454547490927,0,0,0,0,0,0.7070540683226767
1328,11.524591889616781,-0.50002456856702915,0,0,0,0,0,0.70705405199697147
1329,11.533270046160167,-0.50002453736930297,0,0,0,0,0,0.70705407406977727
1330,11.541948202703553,-0.50002450200980431,0,0,0,0,0,0.70705409908438099
1331,11.550626359246939,-0.50002450203745041,0,0,0,0,0,0.70705409907284
1332,11.559304515790325,-0.500024534480491,0,0,0,0,0,0.70705407613516513
1333,11.567982672333713,-0.50002450579688418,0,0,0,0,0,0.70705409642890515
1334,11.576660828877099,-0.5000244602351076,0,0,0,0,0,0.70705412866070105
1335,11.585338985420485,-0.50002443975045818,0,0,0,0,0,0.70705414315729165
1336,11.594017141963871,-0.50002449450580277,0,0,0,0,0,0.70705410444071504
1337,11.602695298507257,-0.50002445101675075,0,0,0,0,0,0.70705413520703786
1338,11.611373455050643,-0.5000244141088922,0,0,0,0,0,0.70705416131731624
1339,11.620051611594029,-0.50002447670587835,0,0,0,0,0,0.70705411705439403
1340,11.628729768137415,-0.50002448880113504,0,0,0,0,0,0.70705410850812456
1341,11.637407924680801,-0.50002448234260066,0,0,0,0,0,0.70705411308425425
1342,11.646086081224187,-0.50002451647432833,0,0,0,0,0,0.7070540889540311
1343,11.654764237767573,-0.50002450090664341,0,0,0,0,0,0.70705409997411728
1344,11.663442394310959,-0.50002453945652403,0,0,0,0,0,0.70705407271992016
1345,11.672120550854345,-0.50002457518445698,0,0,0,0,0,0.70705404746200173
1346,11.680798707397733,-0.50002458425426177,0,0,0,0,0,0.70705404105774683
1347,11.689476863941119,-0.50002455864688367,0,0,0,0,0,0.70705405917660258
1348,11.698155020484505,-0.5000245383708618,0,0,0,0,0,0.70705407352550509
1349,11.706833177027891,-0.50002458574129649,0,0,0,0,0,0.70705404003368244
1350,11.715511333571277,-0.50002461731831127,0,0,0,0,0,0.70705401771212451
1351,11.724189490114663,-0.50002462707539908,0,0,0,0,0,0.70705401082229002
1352,11.732867646658049,-0.50002463151474907,0,0,0,0,0,0.70705400769239368
1353,11.741545803201435,-0.50002461396615716,0,0,0,0,0,0.70705402011298091
1354,11.750223959744821,-0.5000246093792815,0,0,0,0,0,0.70705402336766454
1355,11.758902116288207,-0.50002458895316815,0,0,0,0,0,0.70705403782462639
1356,11.767580272831593,-0.50002452991236412,0,0,0,0,0,0.70705407958962141
1357,11.776258429374979,-0.50002453237934519,0,0,0,0,0,0.70705407785465901
1358,11.784936585918365,-0.50002449748436006,0,0,0,0,0,0.70705410254406509
1359,11.793614742461752,-0.50002453269349845,0,0,0,0,0,0.707054077654238
1360,11.802292899005138,-0.50002452533661845,0,0,0,0,0,0.70705408286794125
1361,11.810971055548524,-0.5000244746864595,0,0,0,0,0,0.70705411869941059
1362,11.81964921209191,-0.50002446206344708,0,0,0,0,0,0.70705412763805242
1363,11.828327368635296,-0.50002442608193831,0,0,0,0,0,0.7070541530954344
1364,11.837005525178682,-0.50002441370162465,0,0,0,0,0,0.70705416186244818
1365,11.845683681722068,-0.50002438111626557,0,0,0,0,0,0.70705418491820637
1366,11.854361838265454,-0.50002437767802044,0,0,0,0,0,0.7070541873611722
1367,11.86303999480884,-0.50002437804122035,0,0,0,0,0,0.70705418711598167
1368,11.871718151352226,-0.50002436803212125,0,0,0,0,0,0.70705419420657378
1369,11.880396307895612,-0.50002435956031965,0,0,0,0,0,0.70705420020898568
1370,11.889074464438998,-0.50002435753152263,0,0,0,0,0,0.70705420165472432
1371,11.897752620982384,-0.50002435829529746,0,0,0,0,0,0.7070542011255263
1372,11.906430777525772,-0.50002438078433031,0,0,0,0,0,0.7070541852328418
1373,11.915108934069158,-0.50002443167739097,0,0,0,0,0,0.70705414925124099
1374,11.923787090612544,-0.50002443945106922,0,0,0,0,0,0.70705414376455167
1375,11.93246524715593,-0.50002444440222504,0,0,0,0,0,0.70705414027551239
1376,11.941143403699316,-0.50002445849963673,0,0,0,0,0,0.707054130317605
1377,11.949821560242702,-0.50002442735385266,0,0,0,0,0,0.70705415235716718
1378,11.958499716786088,-0.50002442512188583,0,0,0,0,0,0.70705415394749949
1379,11.967177873329474,-0.5000244405988874,0,0,0,0,0,0.70705414301299818
1380,11.97585602987286,-0.50002445843104237,0,0,0,0,0,0.70705413041376985
1381,11.984534186416246,-0.50002442021812943,0,0,0,0,0,0.70705415745085887
1382,11.993212342959632,-0.50002447924388793,0,0,0,0,0,0.70705411571918919
1383,12.001890499503018,-0.50002450828957445,0,0,0,0,0,0.70705409519060947
1384,12.010568656046404,-0.50002448551387946,0,0,0,0,0,0.70705411130988693
1385,12.01924681258979,-0.50002450326314962,0,0,0,0,0,0.70705409876979131
1386,12.027924969133178,-0.50002453648781409,0,0,0,0,0,0.70705407528455888
1387,12.036603125676564,-0.50002457272446432,0,0,0,0,0,0.70705404966949459
1388,12.04528128221995,-0.50002452801095809,0,0,0,0,0,0.70705408130390879
1389,12.053959438763336,-0.50002453092156884,0,0,0,0,0,0.70705407925821362
1390,12.062637595306722,-0.50002456250668181,0,0,0,0,0,0.70705405693314072
1391,12.071315751850108,-0.50002453667883862,0,0,0,0,0,0.70705407521120378
1392,12.079993908393494,-0.50002456436956366,0,0,0,0,0,0.70705405564123103
1393,12.08867206493688,-0.5000245335052832,0,0,0,0,0,0.70705407748213633
1394,12.097350221480266,-0.50002451858522123,0,0,0,0,0,0.70705408804655701
1395,12.106028378023652,-0.50002455701963122,0,0,0,0,0,0.70705406087775113
1396,12.114706534567038,-0.50002458766068902,0,0,0,0,0,0.70705403922060883
1397,12.123384691110424,-0.50002459059512849,0,0,0,0,0,0.7070540371584586
1398,12.13206284765381,-0.50002461949480048,0,0,0,0,0,0.70705401673326462
1399,12.140741004197197,-0.50002460248690173,0,0,0,0,0,0.7070540287747199
1400,12.149419160740583,-0.50002453656230883,0,0,0,0,0,0.70705407540976628
1401,12.158097317283969,-0.50002452270876829,0,0,0,0,0,0.70705408521928614
1402,12.166775473827355,-0.50002448196080684,0,0,0,0,0,0.70705411404919349
1403,12.175453630370741,-0.5000244622527239,0,0,0,0,0,0.70705412800019962
1404,12.184131786914127,-0.50002443875181513,0,0,0,0,0,0.70705414463286997
1405,12.192809943457513,-0.50002446658565636,0,0,0,0,0,0.70705412496195474
1406,12.201488100000899,-0.50002446707661807,0,0,0,0,0,0.70705412462747708
1407,12.210166256544285,-0.50002444196549967,0,0,0,0,0,0.70705414239973396
1408,12.218844413087671,-0.50002442804335034,0,0,0,0,0,0.70705415225713353
1409,12.227522569631057,-0.50002443336667757,0,0,0,0,0,0.7070541485047438
1410,12.236200726174443,-0.50002447647000325,0,0,0,0,0,0.70705411803501728
1411,12.244878882717829,-0.50002441776022932,0,0,0,0,0,0.70705415956767492
1412,12.253557039261217,-0.50002445059124689,0,0,0,0,0,0.70705413636168446
1413,12.262235195804603,-0.50002450130627063,0,0,0,0,0,0.70705410050878581
1414,12.270913352347989,-0.50002450705211499,0,0,0,0,0,0.70705409645728323
1415,12.279591508891375,-0.50002448389113585,0,0,0,0,0,0.70705411284946773
1416,12.288269665434761,-0.50002451962913885,0,0,0,0,0,0.70705408758878174
1417,12.296947821978147,-0.50002454120791617,0,0,0,0,0,0.70705407234066531
1418,12.305625978521533,-0.50002449862168119,0,0,0,0,0,0.70705410247016121
1419,12.314304135064919,-0.50002447245453663,0,0,0,0,0,0.70705412098824905
1420,12.322982291608305,-0.5000244393922082,0,0,0,0,0,0.70705414438304659
1421,12.331660448151691,-0.50002444712561278,0,0,0,0,0,0.7070541389255881
1422,12.340338604695077,-0.50002439870847737,0,0,0,0,0,0.70705417317918395
1423,12.349016761238463,-0.50002442885050968,0,0,0,0,0,0.70705415187519516
1424,12.357694917781849,-0.50002441257195795,0,0,0,0,0,0.70705416339989391
1425,12.366373074325237,-0.50002441067496062,0,0,0,0,0,0.70705416475516358
1426,12.375051230868623,-0.50002440603459097,0,0,0,0,0,0.70705416804972909
1427,12.383729387412009,-0.50002442444085171,0,0,0,0,0,0.70705415504443669
1428,12.392407543955395,-0.50002443762220761,0,0,0,0,0,0.70705414573491243
1429,12.401085700498781,-0.50002441395036812,0,0,0,0,0,0.70705416248791453
1430,12.409763857042167,-0.50002442596384178,0,0,0,0,0,0.70705415400419191
1431,12.418442013585553,-0.50002445953951702,0,0,0,0,0,0.7070541302725637
1432,12.427120170128939,-0.50002447232195302,0,0,0,0,0,0.70705412124495437
1433,12.435798326672325,-0.50002447062784905,0,0,0,0,0,0.7070541224544975
1434,12.444476483215711,-0.50002447625600199,0,0,0,0,0,0.70705411848749122
1435,12.453154639759097,-0.50002445963867459,0,0,0,0,0,0.70705413025115149
1436,12.461832796302483,-0.50002446938756906,0,0,0,0,0,0.70705412336858364
1437,12.470510952845869,-0.50002446390115096,0,0,0,0,0,0.70705412726099759
1438,12.479189109389257,-0.50002446097746722,0,0,0,0,0,0.7070541293411905
1439,12.487867265932643,-0.5000244375585019,0,0,0,0,0,0.70705414591576243
1440,12.496545422476029,-0.50002447480722079,0,0,0,0,0,0.70705411958650899
1441,12.505223579019415,-0.5000245010365304,0,0,0,0,0,0.70705410104875099
1442,12.513901735562801,-0.50002447327079957,0,0,0,0,0,0.70705412069614226
1443,12.522579892106187,-0.50002448331372107,0,0,0,0,0,0.70705411360644188
1444,12.531258048649573,-0.50002450219580752,0,0,0,0,0,0.70705410026504012
1445,12.539936205192959,-0.5000245507832648,0,0,0,0,0,0.70705406591580111
1446,12.548614361736345,-0.50002455294197201,0,0,0,0,0,0.7070540644004879
1447,12.557292518279731,-0.50002452086250138,0,0,0,0,0,0.70705408709742112
1448,12.565970674823117,-0.50002454450798917,0,0,0,0,0,0.70705407038591517
1449,12.574648831366503,-0.50002452398756836,0,0,0,0,0,0.70705408490815458
1450,12.583326987909889,-0.50002454625626869,0,0,0,0,0,0.70705406917142
1451,12.592005144453276,-0.50002456130687389,0,0,0,0,0,0.70705405853953707
1452,12.600683300996662,-0.50002455458001827,0,0,0,0,0,0.70705406330873188
1453,12.609361457540048,-0.50002451576155638,0,0,0,0,0,0.70705409077158876
1454,12.618039614083434,-0.50002447004890571,0,0,0,0,0,0.70705412310943849
1455,12.62671777062682,-0.50002444845182326,0,0,0,0,0,0.70705413839373144
1456,12.635395927170206,-0.50002447137412487,0,0,0,0,0,0.70705412219333397
1457,12.644074083713592,-0.50002442848290007,0,0,0,0,0,0.70705415253512527
1458,12.652752240256978,-0.5000244053746925,0,0,0,0,0,0.70705416888791817
1459,12.661430396800364,-0.50002441303945588,0,0,0,0,0,0.70705416347763261
1460,12.67010855334375,-0.50002436079719959,0,0,0,0,0,0.70705420043331912
1461,12.678786709887136,-0.50002431513422307,0,0,0,0,0,0.70705423273611601
1462,12.687464866430522,-0.50002431782139656,0,0,0,0,0,0.70705423084688945
1463,12.696143022973908,-0.50002436167896391,0,0,0,0,0,0.70705419984119544
1464,12.704821179517296,-0.50002432742421243,0,0,0,0,0,0.70705422407651497
1465,12.713499336060682,-0.50002435842788728,0,0,0,0,0,0.70705420216120984
1466,12.722177492604068,-0.5000243721714458,0,0,0,0,0,0.7070541924511442
1467,12.730855649147454,-0.50002430499590611,0,0,0,0,0,0.70705423996616545
1468,12.73953380569084,-0.50002431250564139,0,0,0,0,0,0.70705423466539052
1469,12.748211962234226,-0.50002431366806055,0,0,0,0,0,0.70705423385240351
1470,12.756890118777612,-0.50002433409909741,0,0,0,0,0,0.70705421941325497
1471,12.765568275320998,-0.50002435892224906,0,0,0,0,0,0.70705420186886592
1472,12.774246431864384,-0.50002438705102936,0,0,0,0,0,0.70705418198603098
1473,12.78292458840777,-0.50002439160673162,0,0,0,0,0,0.70705417877250376
1474,12.791602744951156,-0.50002438015818207,0,0,0,0,0,0.70705418687797916
1475,12.800280901494542,-0.50002435505340237,0,0,0,0,0,0.70705420463974988
1476,12.808959058037928,-0.50002439827016221,0,0,0,0,0,0.707054174087272
1477,12.817637214581316,-0.5000243752105219,0,0,0,0,0,0.70705419040276851
1478,12.826315371124702,-0.50002438132741611,0,0,0,0,0,0.70705418608551085
1479,12.834993527668088,-0.50002436000222461,0,0,0,0,0,0.70705420117381124
1480,12.843671684211474,-0.50002434062022894,0,0,0,0,0,0.7070542148888741
1481,12.85234984075486,-0.50002432225868565,0,0,0,0,0,0.70705422788166139
1482,12.861027997298246,-0.50002429364898837,0,0,0,0,0,0.70705424812096851
1483,12.869706153841632,-0.50002432846475053,0,0,0,0,0,0.70705422350900449
1484,12.878384310385018,-0.50002427501984537,0,0,0,0,0,0.70705426131114635
1485,12.887062466928404,-0.50002423395276363,0,0,0,0,0,0.70705429036014955
1486,12.89574062347179,-0.50002428313212444,0,0,0,0,0,0.70705425559024704
1487,12.904418780015176,-0.50002427497490665,0,0,0,0,0,0.70705426136540339
1488,12.913096936558562,-0.50002427901277002,0,0,0,0,0,0.70705425851712889
1489,12.921775093101948,-0.50002424732561801,0,0,0,0,0,0.70705428093241807
1490,12.930453249645334,-0.50002427523940174,0,0,0,0,0,0.70705426120027326
1491,12.939131406188721,-0.5000242539149794,0,0,0,0,0,0.70705427628661255
1492,12.947809562732107,-0.50002425884331525,0,0,0,0,0,0.70705427280829269
1493,12.956487719275493,-0.50002424765298237,0,0,0,0,0,0.70705428072810328
1494,12.965165875818879,-0.50002425896806102,0,0,0,0,0,0.7070542727329121
1495,12.973844032362265,-0.50002422500381472,0,0,0,0,0,0.70705429675744735
1496,12.982522188905651,-0.50002421853311241,0,0,0,0,0,0.70705430133908997
1497,12.991200345449037,-0.50002421988411883,0,0,0,0,0,0.70705430038964323
1498,12.999878501992423,-0.50002421333182967,0,0,0,0,0,0.70705430502918887
1499,13.008556658535809,-0.50002423371524851,0,0,0,0,0,0.70705429062029701
1500,13.017234815079195,-0.50002417420145218,0,0,0,0,0,0.70705433271175977
1501,13.025912971622581,-0.50002418413694327,0,0,0,0,0,0.70705432569134352
1502,13.034591128165967,-0.50002415805292877,0,0,0,0,0,0.7070543441424153
1503,13.043269284709353,-0.5000240994365841,0,0,0,0,0,0.70705438559876654
1504,13.051947441252741,-0.50002414738075229,0,0,0,0,0,0.7070543516996004
1505,13.060625597796127,-0.50002411994680018,0,0,0,0,0,0.7070543711044337
1506,13.069303754339513,-0.50002408576292046,0,0,0,0,0,0.70705439528243907
1507,13.077981910882899,-0.50002409417816596,0,0,0,0,0,0.70705438933618403
1508,13.086660067426285,-0.50002407698570694,0,0,0,0,0,0.70705440149830112
1509,13.095338223969671,-0.50002410066349268,0,0,0,0,0,0.70705438475858529
1510,13.104016380513057,-0.50002412006150099,0,0,0,0,0,0.70705437104528546
1511,13.112694537056443,-0.50002412756885206,0,0,0,0,0,0.70705436574009539
1512,13.121372693599829,-0.50002412777173832,0,0,0,0,0,0.7070543656004773
1513,13.130050850143215,-0.50002418116353042,0,0,0,0,0,0.70705432784756539
1514,13.138729006686601,-0.50002415674060086,0,0,0,0,0,0.70705434512208498
1515,13.147407163229987,-0.50002414068908529,0,0,0,0,0,0.70705435647624171
1516,13.156085319773373,-0.50002409461216168,0,0,0,0,0,0.70705438906318197
1517,13.164763476316761,-0.50002412965229215,0,0,0,0,0,0.70705436428719626
1518,13.173441632860147,-0.50002406880418238,0,0,0,0,0,0.70705440731940428
1519,13.182119789403533,-0.50002405625011415,0,0,0,0,0,0.70705441619979514
1520,13.190797945946919,-0.5000239923183134,0,0,0,0,0,0.70705446141241168
1521,13.199476102490305,-0.50002396942603677,0,0,0,0,0,0.70705447760331097
1522,13.208154259033691,-0.50002392596396528,0,0,0,0,0,0.70705450834020445
1523,13.216832415577077,-0.50002389293535798,0,0,0,0,0,0.70705453169879895
1524,13.225510572120463,-0.50002395590736959,0,0,0,0,0,0.70705448716945352
1525,13.234188728663849,-0.5000239508840908,0,0,0,0,0,0.70705449072335291
1526,13.242866885207235,-0.50002393139052148,0,0,0,0,0,0.70705450450997631
1527,13.251545041750621,-0.50002390884486603,0,0,0,0,0,0.70705452045480943
1528,13.260223198294007,-0.50002394155060736,0,0,0,0,0,0.70705449732794989
1529,13.268901354837393,-0.50002390410345354,0,0,0,0,0,0.70705452381017897
1530,13.277579511380781,-0.50002388454155333,0,0,0,0,0,0.7070545376445545
1531,13.286257667924167,-0.50002384806538291,0,0,0,0,0,0.70705456343978135
1532,13.294935824467553,-0.50002382943119938,0,0,0,0,0,0.70705457661769855
1533,13.303613981010939,-0.5000238490973814,0,0,0,0,0,0.70705456271108957
1534,13.312292137554325,-0.50002386421237532,0,0,0,0,0,0.70705455202270995
1535,13.320970294097711,-0.50002390149618203,0,0,0,0,0,0.70705452565728355
1536,13.329648450641097,-0.50002388941363207,0,0,0,0,0,0.70705453420157427
1537,13.338326607184483,-0.5000238612749115,0,0,0,0,0,0.70705455409991635
1538,13.347004763727869,-0.50002386083137418,0,0,0,0,0,0.70705455441326759
1539,13.355682920271255,-0.50002386817001698,0,0,0,0,0,0.70705454922321187
1540,13.364361076814641,-0.50002384921692722,0,0,0,0,0,0.70705456262541999
1541,13.373039233358027,-0.50002389936415359,0,0,0,0,0,0.70705452716255546
1542,13.381717389901413,-0.50002393139214818,0,0,0,0,0,0.70705450451270269
1543,13.3903955464448,-0.50002390419168075,0,0,0,0,0,0.70705452374659261
1544,13.399073702988186,-0.50002384474405892,0,0,0,0,0,0.70705456578422266
1545,13.407751859531572,-0.50002380230027532,0,0,0,0,0,0.70705459579723628
1546,13.416430016074958,-0.5000238088533715,0,0,0,0,0,0.7070545911614643
1547,13.425108172618344,-0.5000237422101832,0,0,0,0,0,0.70705463828703963
1548,13.43378632916173,-0.50002372563218922,0,0,0,0,0,0.7070546500084296
1549,13.442464485705116,-0.50002369872889929,0,0,0,0,0,0.70705466903122582
1550,13.451142642248502,-0.50002367370853784,0,0,0,0,0,0.70705468672232286
1551,13.459820798791888,-0.5000237040351333,0,0,0,0,0,0.70705466527414274
1552,13.468498955335274,-0.5000236618715479,0,0,0,0,0,0.70705469508793328
1553,13.47717711187866,-0.50002369315449546,0,0,0,0,0,0.70705467296304825
1554,13.485855268422046,-0.50002369871055996,0,0,0,0,0,0.7070546690311339
1555,13.494533424965432,-0.5000236845640903,0,0,0,0,0,0.70705467903183394
1556,13.50321158150882,-0.50002372255688632,0,0,0,0,0,0.70705465216146446
1557,13.511889738052206,-0.50002370508383553,0,0,0,0,0,0.70705466451438959
1558,13.520567894595592,-0.50002370513851968,0,0,0,0,0,0.70705466447203325
1559,13.529246051138978,-0.50002371034555571,0,0,0,0,0,0.70705466078615897
1560,13.537924207682364,-0.50002367442942364,0,0,0,0,0,0.70705468618062284
1561,13.54660236422575,-0.50002360685034641,0,0,0,0,0,0.70705473396576002
1562,13.555280520769136,-0.50002361961328234,0,0,0,0,0,0.70705472493604926
1563,13.563958677312522,-0.50002365100465751,0,0,0,0,0,0.70705470273277715
1564,13.572636833855908,-0.50002370358222847,0,0,0,0,0,0.70705466554756313
1565,13.581314990399294,-0.50002366094551953,0,0,0,0,0,0.70705469569388413
1566,13.58999314694268,-0.5000236633423405,0,0,0,0,0,0.7070546939936877
1567,13.598671303486066,-0.50002371386979083,0,0,0,0,0,0.70705465825778457
1568,13.607349460029452,-0.50002374249337578,0,0,0,0,0,0.70705463801072455
1569,13.61602761657284,-0.50002375766913587,0,0,0,0,0,0.70705462727362356
1570,13.624705773116226,-0.50002377793314634,0,0,0,0,0,0.70705461293849226
1571,13.633383929659612,-0.50002381719423272,0,0,0,0,0,0.70705458516901487
1572,13.642062086202998,-0.50002378824662819,0,0,0,0,0,0.70705460563371503
1573,13.650740242746384,-0.50002379049725343,0,0,0,0,0,0.70705460403594778
1574,13.65941839928977,-0.50002379696634447,0,0,0,0,0,0.70705459945475013
1575,13.668096555833156,-0.50002384747714379,0,0,0,0,0,0.70705456372926889
1576,13.676774712376542,-0.50002383061211908,0,0,0,0,0,0.70705457564926188
1577,13.685452868919928,-0.50002382275859025,0,0,0,0,0,0.70705458119642195
1578,13.694131025463314,-0.50002379237434025,0,0,0,0,0,0.70705460267652231
1579,13.7028091820067,-0.50002376325499764,0,0,0,0,0,0.70705462326166035
1580,13.711487338550086,-0.50002378821462845,0,0,0,0,0,0.70705460560477462
1581,13.720165495093472,-0.50002384173063141,0,0,0,0,0,0.70705456775347386
1582,13.728843651636859,-0.50002382751625396,0,0,0,0,0,0.70705457779772907
1583,13.737521808180245,-0.50002380432907756,0,0,0,0,0,0.70705459418764605
1584,13.746199964723631,-0.50002383802775752,0,0,0,0,0,0.70705457035013275
1585,13.754878121267017,-0.50002381956569275,0,0,0,0,0,0.70705458339828375
1586,13.763556277810403,-0.50002384584679016,0,0,0,0,0,0.70705456480559548
1587,13.772234434353789,-0.50002385991150544,0,0,0,0,0,0.70705455485183144
1588,13.780912590897175,-0.50002386526185527,0,0,0,0,0,0.70705455106032034
1589,13.789590747440561,-0.50002386985228098,0,0,0,0,0,0.70705454780642896
1590,13.798268903983947,-0.50002389430220129,0,0,0,0,0,0.70705453050869238
1591,13.806947060527333,-0.5000238774943353,0,0,0,0,0,0.70705454238620291
1592,13.815625217070719,-0.50002388081095928,0,0,0,0,0,0.70705454003257984
1593,13.824303373614105,-0.5000239070376874,0,0,0,0,0,0.70705452147740644
1594,13.832981530157491,-0.50002395836487079,0,0,0,0,0,0.70705448517178127
1595,13.841659686700877,-0.50002395288477497,0,0,0,0,0,0.70705448903728829
1596,13.850337843244265,-0.50002397486793504,0,0,0,0,0,0.70705447348262851
1597,13.859015999787651,-0.50002397031749224,0,0,0,0,0,0.70705447669076449
1598,13.867694156331037,-0.50002394015308305,0,0,0,0,0,0.70705449801319986
1599,13.876372312874423,-0.50002391370215382,0,0,0,0,0,0.70705451670899677
1600,13.885050469417809,-0.50002391966116866,0,0,0,0,0,0.70705451248573681
1601,13.893728625961195,-0.50002393292607727,0,0,0,0,0,0.70705450309520046
1602,13.902406782504581,-0.50002390053686552,0,0,0,0,0,0.70705452599034047
1603,13.911084939047967,-0.50002393115930299,0,0,0,0,0,0.70705450432561889
1604,13.919763095591353,-0.50002392679692131,0,0,0,0,0,0.70705450740118891
1605,13.928441252134739,-0.50002393671761891,0,0,0,0,0,0.70705450037598183
1606,13.937119408678125,-0.50002395218215345,0,0,0,0,0,0.70705448942983828
1607,13.945797565221511,-0.5000239637676086,0,0,0,0,0,0.70705448122566494
1608,13.954475721764897,-0.50002399053130919,0,0,0,0,0,0.70705446228842206
1609,13.963153878308285,-0.50002395044154158,0,0,0,0,0,0.70705449062868198
1610,13.971832034851671,-0.50002394425550301,0,0,0,0,0,0.70705449499213202
1611,13.980510191395057,-0.50002392597510548,0,0,0,0,0,0.70705450790940816
1612,13.989188347938443,-0.50002393004244872,0,0,0,0,0,0.70705450502192591
1613,13.997866504481829,-0.50002395395726584,0,0,0,0,0,0.70705448809867022
1614,14.006544661025215,-0.50002399250127516,0,0,0,0,0,0.70705446082970624
1615,14.015222817568601,-0.50002393372431131,0,0,0,0,0,0.70705450238467193
1616,14.023900974111987,-0.50002389661668412,0,0,0,0,0,0.70705452861514928
1617,14.032579130655373,-0.50002392125877926,0,0,0,0,0,0.70705451117824936
1618,14.041257287198759,-0.50002389666771307,0,0,0,0,0,0.70705452855801099
1619,14.049935443742145,-0.50002391446954431,0,0,0,0,0,0.70705451595672741
1620,14.058613600285531,-0.500023939317635,0,0,0,0,0,0.70705449837321943
1621,14.067291756828917,-0.50002393951430324,0,0,0,0,0,0.70705449822301958
1622,14.075969913372305,-0.50002393354918639,0,0,0,0,0,0.70705450243146561
1623,14.084648069915691,-0.5000239499671002,0,0,0,0,0,0.70705449080942451
1624,14.093326226459077,-0.50002395747845496,0,0,0,0,0,0.70705448548615379
1625,14.102004383002463,-0.50002398824312699,0,0,0,0,0,0.70705446371808289
1626,14.110682539545849,-0.50002400755580223,0,0,0,0,0,0.70705445004736767
1627,14.119360696089235,-0.50002397593601566,0,0,0,0,0,0.70705447239687302
1628,14.128038852632621,-0.50002401082496084,0,0,0,0,0,0.7070544477123617
1629,14.136717009176007,-0.50002397232258666,0,0,0,0,0,0.70705447492838758
1630,14.145395165719393,-0.50002391586794048,0,0,0,0,0,0.70705451484064952
1631,14.154073322262779,-0.50002390578464506,0,0,0,0,0,0.70705452195860552
1632,14.162751478806165,-0.50002387786397662,0,0,0,0,0,0.70705454169158788
1633,14.171429635349551,-0.50002392276581731,0,0,0,0,0,0.70705450992518593
1634,14.180107791892937,-0.50002395585723514,0,0,0,0,0,0.70705448651092162
1635,14.188785948436324,-0.50002398552705674,0,0,0,0,0,0.70705446551563078
1636,14.19746410497971,-0.50002401680097719,0,0,0,0,0,0.70705444338555168
1637,14.206142261523096,-0.50002401523906181,0,0,0,0,0,0.7070544444775706
1638,14.214820418066482,-0.50002395524100907,0,0,0,0,0,0.70705448689493977
1639,14.223498574609868,-0.50002397322736625,0,0,0,0,0,0.7070544741624154
1640,14.232176731153254,-0.50002391247067002,0,0,0,0,0,0.70705451711639888
1641,14.24085488769664,-0.50002386645203278,0,0,0,0,0,0.70705454964716807
1642,14.249533044240026,-0.50002382488061203,0,0,0,0,0,0.70705457903373015
1643,14.258211200783412,-0.50002388770564055,0,0,0,0,0,0.70705453459133416
1644,14.266889357326798,-0.50002385691014029,0,0,0,0,0,0.70705455635727521
1645,14.275567513870184,-0.50002387657380654,0,0,0,0,0,0.70705454243815824
1646,14.28424567041357,-0.50002388089273464,0,0,0,0,0,0.70705453937167118
1647,14.292923826956956,-0.50002389439112438,0,0,0,0,0,0.70705452981181316
1648,14.301601983500344,-0.50002388230428607,0,0,0,0,0,0.70705453834592991
1649,14.31028014004373,-0.50002385755085366,0,0,0,0,0,0.70705455583964394
1650,14.318958296587116,-0.50002383381915405,0,0,0,0,0,0.70705457260962135
1651,14.327636453130502,-0.50002384878463235,0,0,0,0,0,0.70705456201307304
1652,14.336314609673888,-0.5000238408683354,0,0,0,0,0,0.70705456759864227
1653,14.344992766217274,-0.50002388005441623,0,0,0,0,0,0.70705453987332367
1654,14.35367092276066,-0.50002393162815062,0,0,0,0,0,0.70705450338688591
1655,14.362349079304046,-0.50002392664976725,0,0,0,0,0,0.70705450689468607
1656,14.371027235847432,-0.50002392426504894,0,0,0,0,0,0.70705450856855656
1657,14.379705392390818,-0.50002396695023554,0,0,0,0,0,0.70705447836848367
1658,14.388383548934204,-0.50002397585166214,0,0,0,0,0,0.70705447206074534
1659,14.39706170547759,-0.50002394127469429,0,0,0,0,0,0.70705449650084184
1660,14.405739862020976,-0.50002395806827427,0,0,0,0,0,0.70705448461177467
1661,14.414418018564364,-0.50002396338454869,0,0,0,0,0,0.70705448083916522
1662,14.42309617510775,-0.50002393931104416,0,0,0,0,0,0.7070544978504496
1663,14.431774331651136,-0.50002397299487789,0,0,0,0,0,0.70705447401550903
1664,14.440452488194522,-0.50002405298392638,0,0,0,0,0,0.70705441743408393
1665,14.449130644737908,-0.50002409396702618,0,0,0,0,0,0.70705438843760904
1666,14.457808801281294,-0.50002411557932347,0,0,0,0,0,0.70705437314005737
1667,14.46648695782468,-0.50002418278825222,0,0,0,0,0,0.70705432559622583
1668,14.475165114368066,-0.50002420257806035,0,0,0,0,0,0.70705431158673815
1669,14.483843270911452,-0.50002424616977192,0,0,0,0,0,0.70705428074495069
1670,14.492521427454838,-0.50002422693326731,0,0,0,0,0,0.70705429433664357
1671,14.501199583998224,-0.50002421150847187,0,0,0,0,0,0.70705430523152657
1672,14.50987774054161,-0.50002426416632306,0,0,0,0,0,0.70705426797820325
1673,14.518555897084996,-0.5000242297575529,0,0,0,0,0,0.70705429229936834
1674,14.527234053628383,-0.50002422661413193,0,0,0,0,0,0.70705429450878776
1675,14.535912210171769,-0.50002425153865215,0,0,0,0,0,0.70705427686842359
1676,14.544590366715155,-0.50002428312823111,0,0,0,0,0,0.70705425451476189
1677,14.553268523258541,-0.5000242886022439,0,0,0,0,0,0.70705425062999927
1678,14.561946679801927,-0.5000242524642281,0,0,0,0,0,0.70705427617437522
1679,14.570624836345313,-0.50002431399372793,0,0,0,0,0,0.70705423264686584
1680,14.579302992888699,-0.5000243456101533,0,0,0,0,0,0.70705421027456339
1681,14.587981149432085,-0.50002435269391665,0,0,0,0,0,0.70705420525171703
1682,14.596659305975471,-0.50002437458582893,0,0,0,0,0,0.70705418975622281
1683,14.605337462518857,-0.50002441704771783,0,0,0,0,0,0.70705415971359376
1684,14.614015619062243,-0.50002441055840852,0,0,0,0,0,0.70705416428983803
1685,14.622693775605629,-0.5000244558265371,0,0,0,0,0,0.70705413226335168
1686,14.631371932149015,-0.50002441501905692,0,0,0,0,0,0.70705416111032182
1687,14.640050088692403,-0.50002442196616381,0,0,0,0,0,0.707054156184447
1688,14.648728245235789,-0.50002443545360697,0,0,0,0,0,0.70705414663389465
1689,14.657406401779175,-0.50002446292292557,0,0,0,0,0,0.70705412719457694
1690,14.666084558322561,-0.50002446409367884,0,0,0,0,0,0.70705412635421361
1691,14.674762714865947,-0.50002445030944165,0,0,0,0,0,0.70705413609056356
1692,14.683440871409333,-0.50002449485513079,0,0,0,0,0,0.70705410457480289
1693,14.692119027952719,-0.5000244836900829,0,0,0,0,0,0.70705411245853877
1694,14.700797184496105,-0.50002450104734042,0,0,0,0,0,0.70705410017099179
1695,14.709475341039491,-0.50002452426397448,0,0,0,0,0,0.70705408373991752
1696,14.718153497582877,-0.50002455699111692,0,0,0,0,0,0.70705406058303311
1697,14.726831654126263,-0.50002453397582947,0,0,0,0,0,0.70705407684877297
1698,14.735509810669649,-0.50002458052281251,0,0,0,0,0,0.70705404391737403
1699,14.744187967213035,-0.50002454645812999,0,0,0,0,0,0.70705406799700299
1700,14.752866123756421,-0.50002455738411056,0,0,0,0,0,0.70705406025706097
1701,14.761544280299809,-0.50002455382820576,0,0,0,0,0,0.70705406275993177
1702,14.770222436843195,-0.50002460340186172,0,0,0,0,0,0.70705402768869696
1703,14.778900593386581,-0.50002460486255695,0,0,0,0,0,0.70705402664370354
1704,14.787578749929967,-0.50002460838411333,0,0,0,0,0,0.70705402414126794
1705,14.796256906473353,-0.50002460322885878,0,0,0,0,0,0.70705402777481652
1706,14.804935063016739,-0.50002465606286961,0,0,0,0,0,0.70705399039779682
1707,14.813613219560125,-0.50002463396356456,0,0,0,0,0,0.70705400601537605
1708,14.822291376103511,-0.50002464397516511,0,0,0,0,0,0.70705399892425191
1709,14.830969532646897,-0.50002463038454148,0,0,0,0,0,0.70705400852466482
1710,14.839647689190283,-0.50002457755513552,0,0,0,0,0,0.70705404587577192
1711,14.848325845733669,-0.50002456636917147,0,0,0,0,0,0.70705405377706398
1712,14.857004002277055,-0.50002453660934087,0,0,0,0,0,0.70705407481351301
1713,14.865682158820441,-0.50002450535411214,0,0,0,0,0,0.70705409690647514
1714,14.874360315363829,-0.50002454577674571,0,0,0,0,0,0.70705406830874296
1715,14.883038471907215,-0.5000245564556095,0,0,0,0,0,0.70705406074571897
1716,14.891716628450601,-0.50002461818048605,0,0,0,0,0,0.70705401708140769
1717,14.900394784993987,-0.50002461436308643,0,0,0,0,0,0.70705401977091853
1718,14.909072941537373,-0.50002462034425699,0,0,0,0,0,0.70705401552947755
1719,14.917751098080759,-0.50002460977976204,0,0,0,0,0,0.70705402298914777
1720,14.926429254624145,-0.50002457817097079,0,0,0,0,0,0.7070540453334786
1721,14.935107411167531,-0.5000245941703555,0,0,0,0,0,0.70705403400918065
1722,14.943785567710917,-0.50002462046953922,0,0,0,0,0,0.70705401539980173
1723,14.952463724254303,-0.50002459552564305,0,0,0,0,0,0.70705403303028547
1724,14.961141880797689,-0.50002460324915943,0,0,0,0,0,0.7070540275593018
1725,14.969820037341075,-0.50002461404578447,0,0,0,0,0,0.70705401991257766
1726,14.978498193884461,-0.50002460340690535,0,0,0,0,0,0.70705402742773771
1727,14.987176350427848,-0.50002457575174297,0,0,0,0,0,0.70705404697777929
1728,14.995854506971234,-0.50002459064074289,0,0,0,0,0,0.70705403643724196
1729,15.00453266351462,-0.50002461656284647,0,0,0,0,0,0.70705401809541613
1730,15.013210820058006,-0.50002458791281756,0,0,0,0,0,0.70705403834973701
1731,15.021888976601392,-0.50002462995247399,0,0,0,0,0,0.70705400860846623
1732,15.030567133144778,-0.50002464788505474,0,0,0,0,0,0.70705399591712137
1733,15.039245289688164,-0.50002462505814305,0,0,0,0,0,0.70705401205253793
1734,15.04792344623155,-0.50002465871974744,0,0,0,0,0,0.70705398823731969
1735,15.056601602774936,-0.50002467567354103,0,0,0,0,0,0.70705397623864386
1736,15.065279759318322,-0.50002462083818067,0,0,0,0,0,0.70705401501233922
1737,15.073957915861708,-0.50002461505886786,0,0,0,0,0,0.70705401909032695
1738,15.082636072405094,-0.50002460297296336,0,0,0,0,0,0.70705402762998304
1739,15.09131422894848,-0.50002460931043535,0,0,0,0,0,0.70705402313972598
1740,15.099992385491868,-0.50002462168588346,0,0,0,0,0,0.70705401438013027
1741,15.108670542035254,-0.50002463171427325,0,0,0,0,0,0.70705400727821655
1742,15.11734869857864,-0.50002463898914729,0,0,0,0,0,0.70705400212495917
1743,15.126026855122026,-0.50002463370877059,0,0,0,0,0,0.70705400585193523
1744,15.134705011665412,-0.50002466745692842,0,0,0,0,0,0.7070539819763404
1745,15.143383168208798,-0.50002470439464297,0,0,0,0,0,0.70705395584498021
1746,15.152061324752184,-0.50002474296360644,0,0,0,0,0,0.7070539285599331
1747,15.16073948129557,-0.50002473209827314,0,0,0,0,0,0.70705393623925872
1748,15.169417637838956,-0.50002472734647352,0,0,0,0,0,0.70705393959313056
1749,15.178095794382342,-0.50002471791956227,0,0,0,0,0,0.7070539462524934
1750,15.186773950925728,-0.50002473083340271,0,0,0,0,0,0.7070539371132929
1751,15.195452107469114,-0.50002471150656225,0,0,0,0,0,0.70705395077483502
1752,15.2041302640125,-0.50002473243185019,0,0,0,0,0,0.70705393596812627
1753,15.212808420555888,-0.50002476553923381,0,0,0,0,0,0.70705391254691285
1754,15.221486577099274,-0.5000247610971793,0,0,0,0,0,0.70705391568305842
1755,15.23016473364266,-0.50002470121751286,0,0,0,0,0,0.70705395802753301
1756,15.238842890186046,-0.50002470319320691,0,0,0,0,0,0.70705395662333803
1757,15.247521046729432,-0.50002468876744821,0,0,0,0,0,0.70705396682145061
1758,15.256199203272818,-0.50002465031625698,0,0,0,0,0,0.70705399401017743
1759,15.264877359816204,-0.50002465781317396,0,0,0,0,0,0.70705398870357072
1760,15.27355551635959,-0.5000246897302435,0,0,0,0,0,0.70705396612583016
1761,15.282233672902976,-0.50002471364196255,0,0,0,0,0,0.70705394921068709
1762,15.290911829446362,-0.50002474347925929,0,0,0,0,0,0.70705392810267931
1763,15.299589985989748,-0.5000247296125423,0,0,0,0,0,0.70705393790556137
1764,15.308268142533134,-0.50002468470863715,0,0,0,0,0,0.70705396966024558
1765,15.31694629907652,-0.50002468017092838,0,0,0,0,0,0.70705397286674732
1766,15.325624455619907,-0.50002466975044757,0,0,0,0,0,0.70705398023442578
1767,15.334302612163293,-0.50002467642889503,0,0,0,0,0,0.70705397550572258
1768,15.342980768706679,-0.50002472200136927,0,0,0,0,0,0.70705394327045568
1769,15.351658925250065,-0.50002475321545203,0,0,0,0,0,0.70705392119186428
1770,15.360337081793451,-0.50002477719062699,0,0,0,0,0,0.70705390423152004
1771,15.369015238336837,-0.50002474962541621,0,0,0,0,0,0.70705392372459075
1772,15.377693394880223,-0.50002476658638195,0,0,0,0,0,0.70705391172550036
1773,15.386371551423609,-0.50002480461346677,0,0,0,0,0,0.70705388482772902
1774,15.395049707966995,-0.50002482091021627,0,0,0,0,0,0.7070538732986702
1775,15.403727864510381,-0.50002481939960108,0,0,0,0,0,0.70705387436370204
1776,15.412406021053767,-0.50002484500391287,0,0,0,0,0,0.70705385625172035
1777,15.421084177597153,-0.50002484456983021,0,0,0,0,0,0.70705385655562591
1778,15.429762334140539,-0.50002481471975313,0,0,0,0,0,0.70705387766478189
1779,15.438440490683927,-0.50002479050352444,0,0,0,0,0,0.70705389479098635
1780,15.447118647227313,-0.50002479325772875,0,0,0,0,0,0.70705389284294817
1781,15.455796803770699,-0.50002482998467357,0,0,0,0,0,0.70705386686557237
1782,15.464474960314085,-0.50002484306576256,0,0,0,0,0,0.70705385761287476
1783,15.473153116857471,-0.50002484680460957,0,0,0,0,0,0.7070538549683052
1784,15.481831273400857,-0.50002483833830602,0,0,0,0,0,0.70705386095455824
1785,15.490509429944243,-0.50002483527411079,0,0,0,0,0,0.70705386312095864
1786,15.499187586487629,-0.50002484158687777,0,0,0,0,0,0.70705385865660975
1787,15.507865743031015,-0.50002484719660778,0,0,0,0,0,0.7070538546891415
1788,15.516543899574401,-0.50002480151388407,0,0,0,0,0,0.70705388699858851
1789,15.525222056117787,-0.50002478434769682,0,0,0,0,0,0.70705389913914485
1790,15.533900212661173,-0.50002483642494999,0,0,0,0,0,0.70705386230793121
1791,15.542578369204559,-0.50002484032359407,0,0,0,0,0,0.70705385955097511
1792,15.551256525747945,-0.50002480802528604,0,0,0,0,0,0.70705388239197198
1793,15.559934682291333,-0.50002483183625279,0,0,0,0,0,0.70705386555122973
1794,15.568612838834719,-0.50002478634869896,0,0,0,0,0,0.70705389772334237
1795,15.577290995378105,-0.50002481951421074,0,0,0,0,0,0.70705387426809674
1796,15.585969151921491,-0.50002483696233679,0,0,0,0,0,0.70705386192743758
1797,15.594647308464877,-0.50002482463104114,0,0,0,0,0,0.70705387065137826
1798,15.603325465008263,-0.50002480316930187,0,0,0,0,0,0.70705388583104678
1799,15.612003621551649,-0.50002478929688721,0,0,0,0,0,0.70705389564454513
1800,15.620681778095035,-0.50002480980458319,0,0,0,0,0,0.70705388114160961
1801,15.629359934638421,-0.50002476784361716,0,0,0,0,0,0.70705391082000268
1802,15.638038091181807,-0.5000247569856292,0,0,0,0,0,0.70705391850318156
1803,15.646716247725193,-0.50002473561524385,0,0,0,0,0,0.70705393361970037
1804,15.655394404268579,-0.50002474122494067,0,0,0,0,0,0.70705392965534564
1805,15.664072560811965,-0.50002473954634674,0,0,0,0,0,0.70705393084493318
1806,15.672750717355353,-0.50002479918266041,0,0,0,0,0,0.70705388866972196
1807,15.681428873898739,-0.50002474607608927,0,0,0,0,0,0.70705392623267493
1808,15.690107030442125,-0.50002476495051562,0,0,0,0,0,0.70705391288549757
1809,15.698785186985511,-0.50002482706170404,0,0,0,0,0,0.70705386896082523
1810,15.707463343528897,-0.50002483326404978,0,0,0,0,0,0.70705386457881092
1811,15.716141500072283,-0.50002481600059412,0,0,0,0,0,0.70705387679206266
1812,15.724819656615669,-0.50002481740795657,0,0,0,0,0,0.70705387580160006
1813,15.733497813159055,-0.50002481719596226,0,0,0,0,0,0.70705387595593816
1814,15.742175969702441,-0.50002482278312677,0,0,0,0,0,0.70705387200680692
1815,15.750854126245827,-0.50002479437488845,0,0,0,0,0,0.70705389210351655
1816,15.759532282789213,-0.50002476764737336,0,0,0,0,0,0.70705391101114579
1817,15.768210439332599,-0.50002475660352108,0,0,0,0,0,0.7070539188253635
1818,15.776888595875985,-0.50002478553983543,0,0,0,0,0,0.70705389836590049
1819,15.785566752419372,-0.50002474241772266,0,0,0,0,0,0.70705392886924567
1820,15.794244908962758,-0.50002474895646387,0,0,0,0,0,0.70705392424959701
1821,15.802923065506144,-0.5000247596007158,0,0,0,0,0,0.70705391672789375
1822,15.81160122204953,-0.50002478650775262,0,0,0,0,0,0.70705389770407656
1823,15.820279378592916,-0.50002482059777265,0,0,0,0,0,0.70705387360035399
1824,15.828957535136302,-0.50002480185402265,0,0,0,0,0,0.70705388686177351
1825,15.837635691679688,-0.50002479690276047,0,0,0,0,0,0.70705389036811361
1826,15.846313848223074,-0.50002475738475338,0,0,0,0,0,0.70705391832220599
1827,15.85499200476646,-0.50002475679289737,0,0,0,0,0,0.70705391874576495
1828,15.863670161309846,-0.50002472368113604,0,0,0,0,0,0.70705394217029749
1829,15.872348317853232,-0.50002472519760766,0,0,0,0,0,0.70705394110306763
1830,15.881026474396618,-0.50002476347928781,0,0,0,0,0,0.70705391403474938
1831,15.889704630940004,-0.50002478904989656,0,0,0,0,0,0.70705389595716106
1832,15.898382787483392,-0.50002481136327837,0,0,0,0,0,0.70705388018442505
1833,15.907060944026778,-0.50002478490176883,0,0,0,0,0,0.70705389890683801
1834,15.915739100570164,-0.5000248153250586,0,0,0,0,0,0.70705387739816494
1835,15.92441725711355,-0.50002480048354769,0,0,0,0,0,0.70705388790163148
1836,15.933095413656936,-0.5000247621605477,0,0,0,0,0,0.7070539150122741
1837,15.941773570200322,-0.50002479255729293,0,0,0,0,0,0.70705389352296422
1838,15.950451726743708,-0.50002481270903165,0,0,0,0,0,0.70705387927795016
1839,15.959129883287094,-0.50002482916934599,0,0,0,0,0,0.70705386764402256
1840,15.96780803983048,-0.50002481283487732,0,0,0,0,0,0.70705387920407503
1841,15.976486196373866,-0.50002475690881831,0,0,0,0,0,0.70705391876497714
1842,15.985164352917252,-0.50002472319859614,0,0,0,0,0,0.70705394261428012
1843,15.993842509460638,-0.50002471169230034,0,0,0,0,0,0.70705395075857069
1844,16.002520666004024,-0.50002474606560809,0,0,0,0,0,0.7070539264561404
1845,16.01119882254741,-0.50002474267130415,0,0,0,0,0,0.7070539288666815
1846,16.019876979090796,-0.50002472852579327,0,0,0,0,0,0.70705393887954671
1847,16.028555135634182,-0.50002472385571828,0,0,0,0,0,0.70705394219308459
1848,16.037233292177568,-0.5000247308686866,0,0,0,0,0,0.70705393724304599
1849,16.045911448720954,-0.50002472414208099,0,0,0,0,0,0.70705394201063854
1850,16.05458960526434,-0.50002470360168283,0,0,0,0,0,0.70705395654798053
1851,16.063267761807726,-0.50002471565469864,0,0,0,0,0,0.70705394803404431
1852,16.071945918351116,-0.50002474069427361,0,0,0,0,0,0.70705393033321506
1853,16.080624074894502,-0.50002469510331027,0,0,0,0,0,0.70705396258701647
1854,16.089302231437888,-0.50002471108802704,0,0,0,0,0,0.70705395129020587
1855,16.097980387981274,-0.50002472253431551,0,0,0,0,0,0.70705394320386361
1856,16.10665854452466,-0.50002474539894104,0,0,0,0,0,0.70705392704133629
1857,16.115336701068045,-0.50002473516335022,0,0,0,0,0,0.70705393429059527
1858,16.124014857611431,-0.50002469733462318,0,0,0,0,0,0.7070539610535107
1859,16.132693014154817,-0.50002470750169281,0,0,0,0,0,0.70705395387447112
1860,16.141371170698203,-0.50002467494379221,0,0,0,0,0,0.70705397690980831
1861,16.150049327241589,-0.50002466575098548,0,0,0,0,0,0.70705398342132852
1862,16.158727483784975,-0.50002467289072772,0,0,0,0,0,0.70705397838212747
1863,16.167405640328361,-0.50002467849990517,0,0,0,0,0,0.70705397442588769
1864,16.176083796871747,-0.5000246326130916,0,0,0,0,0,0.70705400688783016
1865,16.184761953415133,-0.50002462766865829,0,0,0,0,0,0.70705401039562155
1866,16.193440109958519,-0.50002463433100985,0,0,0,0,0,0.70705400569578636
1867,16.202118266501905,-0.50002462995639141,0,0,0,0,0,0.70705400879913505
1868,16.210796423045291,-0.50002465905882876,0,0,0,0,0,0.70705398822916266
1869,16.219474579588677,-0.50002465895347925,0,0,0,0,0,0.70705398831439226
1870,16.228152736132063,-0.50002468074183448,0,0,0,0,0,0.70705397291749073
1871,16.236830892675449,-0.50002472804274078,0,0,0,0,0,0.70705393947671524
1872,16.245509049218835,-0.50002474127553509,0,0,0,0,0,0.70705393012982398
1873,16.254187205762221,-0.50002476770552029,0,0,0,0,0,0.70705391144991836
1874,16.262865362305607,-0.50002480570562202,0,0,0,0,0,0.70705388458669205
1875,16.271543518848993,-0.50002475343384778,0,0,0,0,0,0.70705392156546587
1876,16.280221675392379,-0.50002474695132837,0,0,0,0,0,0.70705392616076068
1877,16.288899831935765,-0.50002475217402886,0,0,0,0,0,0.70705392247864296
1878,16.297577988479155,-0.50002474857041324,0,0,0,0,0,0.70705392504007847
1879,16.306256145022541,-0.50002473156113425,0,0,0,0,0,0.70705393708189668
1880,16.314934301565927,-0.5000247725299789,0,0,0,0,0,0.70705390811995095
1881,16.323612458109313,-0.50002477566180803,0,0,0,0,0,0.70705390591671158
1882,16.332290614652699,-0.50002475666425106,0,0,0,0,0,0.70705391936478534
1883,16.340968771196085,-0.50002476854050215,0,0,0,0,0,0.70705391097747139
1884,16.349646927739471,-0.50002477891504882,0,0,0,0,0,0.70705390365251031
1885,16.358325084282857,-0.50002478841817122,0,0,0,0,0,0.70705389694431098
1886,16.367003240826243,-0.50002478455544652,0,0,0,0,0,0.70705389968839949
1887,16.375681397369629,-0.50002475863306273,0,0,0,0,0,0.70705391803471507
1888,16.384359553913015,-0.50002476921125605,0,0,0,0,0,0.70705391056638422
1889,16.393037710456401,-0.50002473340014364,0,0,0,0,0,0.70705393590485599
1890,16.401715866999787,-0.50002476241623939,0,0,0,0,0,0.70705391539622475
1891,16.410394023543173,-0.5000247398992298,0,0,0,0,0,0.70705393133335992
1892,16.419072180086559,-0.5000247848259739,0,0,0,0,0,0.70705389957302422
1893,16.427750336629945,-0.5000248042287555,0,0,0,0,0,0.70705388586302309
1894,16.436428493173331,-0.50002481675483434,0,0,0,0,0,0.70705387701689482
1895,16.445106649716717,-0.50002482049125263,0,0,0,0,0,0.70705387438727252
1896,16.453784806260103,-0.50002480221147605,0,0,0,0,0,0.70705388732739571
1897,16.462462962803489,-0.50002476387322581,0,0,0,0,0,0.70705391445383725
1898,16.471141119346875,-0.50002478227170766,0,0,0,0,0,0.70705390145549263
1899,16.479819275890261,-0.50002482135267556,0,0,0,0,0,0.70705387383023588
1900,16.488497432433647,-0.50002480944586747,0,0,0,0,0,0.70705388226457089
1901,16.497175588977033,-0.50002480197431554,0,0,0,0,0,0.70705388756262622
1902,16.505853745520419,-0.50002484368560884,0,0,0,0,0,0.70705385807670362
1903,16.514531902063805,-0.50002485379822559,0,0,0,0,0,0.70705385093768425
1904,16.523210058607194,-0.500024875763178,0,0,0,0,0,0.70705383541691025
1905,16.53188821515058,-0.50002485494870141,0,0,0,0,0,0.70705385015038402
1906,16.540566371693966,-0.5000248713403258,0,0,0,0,0,0.70705383857078452
1907,16.549244528237352,-0.50002487137094342,0,0,0,0,0,0.70705383856221959
1908,16.557922684780738,-0.5000248760430106,0,0,0,0,0,0.7070538352714042
1909,16.566600841324124,-0.50002480914908443,0,0,0,0,0,0.70705388259261515
1910,16.57527899786751,-0.50002477972317816,0,0,0,0,0,0.70705390341572238
1911,16.583957154410896,-0.50002471363183076,0,0,0,0,0,0.70705395016933803
1912,16.592635310954282,-0.50002466823276881,0,0,0,0,0,0.70705398228940664
1913,16.601313467497668,-0.50002468396678046,0,0,0,0,0,0.70705397117541946
1914,16.609991624041054,-0.50002468006459755,0,0,0,0,0,0.70705397394891512
1915,16.61866978058444,-0.50002464408127056,0,0,0,0,0,0.70705399941012437
1916,16.627347937127826,-0.50002466828630743,0,0,0,0,0,0.70705398230593319
1917,16.636026093671212,-0.50002468761570351,0,0,0,0,0,0.70705396864962566
1918,16.644704250214598,-0.50002468201484862,0,0,0,0,0,0.70705397262349978
1919,16.653382406757984,-0.50002465173501431,0,0,0,0,0,0.7070539940511803
1920,16.66206056330137,-0.5000246076575906,0,0,0,0,0,0.70705402523632721
1921,16.670738719844756,-0.5000246655423064,0,0,0,0,0,0.70705398431357058
1922,16.679416876388142,-0.50002469880584433,0,0,0,0,0,0.70705396080276928
1923,16.688095032931528,-0.50002468569203129,0,0,0,0,0,0.70705397009092841
1924,16.696773189474914,-0.50002467455962907,0,0,0,0,0,0.70705397797809011
1925,16.7054513460183,-0.50002469936226235,0,0,0,0,0,0.70705396045068114
1926,16.714129502561686,-0.50002473073370646,0,0,0,0,0,0.70705393827784258
1927,16.722807659105072,-0.50002472468731651,0,0,0,0,0,0.70705394256752108
1928,16.731485815648458,-0.5000247075308365,0,0,0,0,0,0.70705395471366894
1929,16.740163972191844,-0.50002472464739867,0,0,0,0,0,0.70705394262244559
1930,16.748842128735234,-0.50002474892137139,0,0,0,0,0,0.70705392546851498
1931,16.75752028527862,-0.50002477290875891,0,0,0,0,0,0.70705390851779049
1932,16.766198441822006,-0.50002477459258188,0,0,0,0,0,0.70705390734026707
1933,16.774876598365392,-0.50002477781256272,0,0,0,0,0,0.70705390507690857
1934,16.783554754908778,-0.50002479063620264,0,0,0,0,0,0.70705389602220881
1935,16.792232911452164,-0.50002480658124293,0,0,0,0,0,0.70705388475825615
1936,16.80091106799555,-0.50002481725833048,0,0,0,0,0,0.70705387722109125
1937,16.809589224538936,-0.50002475830139625,0,0,0,0,0,0.70705391892849434
1938,16.818267381082322,-0.50002481747397565,0,0,0,0,0,0.70705387709480094
1939,16.826945537625708,-0.50002485467085067,0,0,0,0,0,0.70705385080300953
1940,16.835623694169094,-0.50002479855922777,0,0,0,0,0,0.70705389049763845
1941,16.84430185071248,-0.50002482047740271,0,0,0,0,0,0.70705387500961425
1942,16.852980007255866,-0.50002485531774132,0,0,0,0,0,0.70705385038375468
1943,16.861658163799252,-0.50002488507335152,0,0,0,0,0,0.70705382935361794
1944,16.870336320342638,-0.50002486400690016,0,0,0,0,0,0.70705384426381634
1945,16.879014476886024,-0.50002485412080466,0,0,0,0,0,0.70705385126831777
1946,16.88769263342941,-0.50002484499622302,0,0,0,0,0,0.70705385773279428
1947,16.896370789972796,-0.5000248361547931,0,0,0,0,0,0.70705386399738179
1948,16.905048946516182,-0.50002488439081194,0,0,0,0,0,0.70705382989804244
1949,16.913727103059568,-0.50002482516205637,0,0,0,0,0,0.70705387179623047
1950,16.922405259602954,-0.50002486588100115,0,0,0,0,0,0.70705384301313146
1951,16.93108341614634,-0.50002484228992905,0,0,0,0,0,0.70705385970821411
1952,16.939761572689726,-0.50002485016972487,0,0,0,0,0,0.70705385414688138
1953,16.948439729233112,-0.50002486575435778,0,0,0,0,0,0.70705384313844277
1954,16.957117885776498,-0.50002487424895037,0,0,0,0,0,0.70705383714294534
1955,16.965796042319884,-0.50002487202677515,0,0,0,0,0,0.70705383872560734
1956,16.97447419886327,-0.5000248878957898,0,0,0,0,0,0.70705382751510726
1957,16.983152355406659,-0.50002488724196614,0,0,0,0,0,0.70705382798886696
1958,16.991830511950045,-0.50002487298087417,0,0,0,0,0,0.70705383808593592
1959,17.000508668493431,-0.50002487129582085,0,0,0,0,0,0.70705383928880572
1960,17.009186825036817,-0.50002492959229661,0,0,0,0,0,0.70705379807461455
1961,17.017864981580203,-0.50002488785590582,0,0,0,0,0,0.70705382760092039
1962,17.026543138123589,-0.50002485251002138,0,0,0,0,0,0.70705385260842579
1963,17.035221294666975,-0.50002486774607235,0,0,0,0,0,0.70705384184493525
1964,17.043899451210361,-0.50002485448015166,0,0,0,0,0,0.70705385123792119
1965,17.052577607753747,-0.50002490043577807,0,0,0,0,0,0.707053818750639
1966,17.061255764297133,-0.50002488442457871,0,0,0,0,0,0.70705383008475842
1967,17.069933920840519,-0.50002493443382756,0,0,0,0,0,0.70705379473044871
1968,17.078612077383905,-0.50002489945487616,0,0,0,0,0,0.70705381947788482
1969,17.087290233927291,-0.50002491594242915,0,0,0,0,0,0.7070538078293982
1970,17.095968390470677,-0.50002490272214539,0,0,0,0,0,0.70705381718929772
1971,17.104646547014063,-0.50002490879994821,0,0,0,0,0,0.70705381290228431
1972,17.113324703557449,-0.50002486142456337,0,0,0,0,0,0.70705384641592772
1973,17.122002860100835,-0.50002490816699618,0,0,0,0,0,0.70705381337078066
1974,17.130681016644221,-0.50002491747820665,0,0,0,0,0,0.70705380679594931
1975,17.139359173187607,-0.5000249510384448,0,0,0,0,0,0.70705378307236444
1976,17.148037329730993,-0.50002496395689322,0,0,0,0,0,0.70705377394641822
1977,17.156715486274379,-0.50002493739382126,0,0,0,0,0,0.70705379274144065
1978,17.165393642817765,-0.50002493699577599,0,0,0,0,0,0.70705379303247184
1979,17.174071799361151,-0.5000249625612786,0,0,0,0,0,0.70705377496366495
1980,17.182749955904537,-0.50002499364509934,0,0,0,0,0,0.70705375299237616
1981,17.191428112447923,-0.50002496387494089,0,0,0,0,0,0.70705377405498382
1982,17.200106268991309,-0.50002494284460586,0,0,0,0,0,0.70705378893593185
1983,17.208784425534699,-0.50002493714012242,0,0,0,0,0,0.70705379298007287
1984,17.217462582078085,-0.50002489094249181,0,0,0,0,0,0.70705382565957642
1985,17.226140738621471,-0.50002489134881833,0,0,0,0,0,0.70705382538037043
1986,17.234818895164857,-0.50002491437440999,0,0,0,0,0,0.70705380910666094
1987,17.243497051708243,-0.50002494826356714,0,0,0,0,0,0.70705378515059003
1988,17.252175208251629,-0.50002497066358687,0,0,0,0,0,0.70705376931903707
1989,17.260853364795015,-0.50002499188524629,0,0,0,0,0,0.70705375432036277
1990,17.269531521338401,-0.5000249953729049,0,0,0,0,0,0.7070537518632225
1991,17.278209677881787,-0.50002501823676582,0,0,0,0,0,0.70705373570341479
1992,17.286887834425173,-0.50002500310364717,0,0,0,0,0,0.70705374641323004
1993,17.295565990968559,-0.50002493907003265,0,0,0,0,0,0.70705379170316718
1994,17.304244147511945,-0.50002496482510594,0,0,0,0,0,0.70705377349866083
1995,17.312922304055331,-0.50002494499108896,0,0,0,0,0,0.70705378753219961
1996,17.321600460598717,-0.5000249637622457,0,0,0,0,0,0.70705377426557092
1997,17.330278617142103,-0.50002496300983634,0,0,0,0,0,0.70705377480484621
1998,17.338956773685489,-0.5000250257624792,0,0,0,0,0,0.70705373043597142
1999,17.347634930228875,-0.50002501419864032,0,0,0,0,0,0.70705373862084997
2000,17.356313086772261,-0.50002500015414997,0,0,0,0,0,0.70705374855999636
2001,17.364991243315647,-0.50002497131987345,0,0,0,0,0,0.70705376895739036
2002,17.373669399859033,-0.50002502834070262,0,0,0,0,0,0.70705372864169114
2003,17.382347556402419,-0.50002506553474746,0,0,0,0,0,0.7070537023464567
2004,17.391025712945805,-0.50002504832132755,0,0,0,0,0,0.70705371452524091
2005,17.399703869489191,-0.50002506436930538,0,0,0,0,0,0.70705370318261629
2006,17.408382026032577,-0.50002504265997094,0,0,0,0,0,0.70705371854043264
2007,17.417060182575963,-0.5000250976735342,0,0,0,0,0,0.70705367964330712
2008,17.425738339119349,-0.50002503509989593,0,0,0,0,0,0.70705372389888055
2009,17.434416495662738,-0.50002504549145932,0,0,0,0,0,0.70705371655614702
2010,17.443094652206124,-0.50002498420171904,0,0,0,0,0,0.70705375990356334
2011,17.45177280874951,-0.50002499343249995,0,0,0,0,0,0.70705375338135745
2012,17.460450965292896,-0.50002496541930885,0,0,0,0,0,0.70705377319675478
2013,17.469129121836282,-0.50002490532929789,0,0,0,0,0,0.7070538156954651
2014,17.477807278379668,-0.50002494321802127,0,0,0,0,0,0.70705378890749682
2015,17.486485434923054,-0.5000249755368964,0,0,0,0,0,0.70705376605780401
2016,17.49516359146644,-0.50002500844918873,0,0,0,0,0,0.70705374278835542
2017,17.503841748009826,-0.50002500257304483,0,0,0,0,0,0.70705374694810175
2018,17.512519904553212,-0.50002496987787926,0,0,0,0,0,0.70705377007343273
2019,17.521198061096598,-0.50002499051466254,0,0,0,0,0,0.70705375548445559
2020,17.529876217639984,-0.50002502120070058,0,0,0,0,0,0.70705373378876901
2021,17.53855437418337,-0.50002504608501541,0,0,0,0,0,0.70705371619573221
2022,17.547232530726756,-0.50002502448928732,0,0,0,0,0,0.70705373147108697
2023,17.555910687270142,-0.50002504341983101,0,0,0,0,0,0.70705371808801587
2024,17.564588843813528,-0.50002499363955133,0,0,0,0,0,0.70705375329416054
2025,17.573267000356914,-0.50002495831457006,0,0,0,0,0,0.70705377827799687
2026,17.5819451569003,-0.50002492854100955,0,0,0,0,0,0.70705379933596779
2027,17.590623313443686,-0.50002487468115875,0,0,0,0,0,0.70705383742655892
2028,17.599301469987072,-0.5000248736638806,0,0,0,0,0,0.70705383814885714
2029,17.607979626530458,-0.50002491487355605,0,0,0,0,0,0.70705380901006976
2030,17.616657783073844,-0.50002488286458724,0,0,0,0,0,0.70705383164808677
2031,17.62533593961723,-0.50002491593570919,0,0,0,0,0,0.70705380826409336
2032,17.634014096160616,-0.5000249207316142,0,0,0,0,0,0.70705380487503611
2033,17.642692252704002,-0.50002492240141738,0,0,0,0,0,0.70705380369655346
2034,17.651370409247388,-0.50002497558817438,0,0,0,0,0,0.70705376608727721
2035,17.660048565790778,-0.50002497124181255,0,0,0,0,0,0.70705376916269502
2036,17.668726722334164,-0.50002501467861282,0,0,0,0,0,0.70705373844779473
2037,17.67740487887755,-0.50002502709120289,0,0,0,0,0,0.70705372967183644
2038,17.686083035420936,-0.50002509491253766,0,0,0,0,0,0.70705368171301552
2039,17.694761191964322,-0.50002508565730919,0,0,0,0,0,0.70705368825913917
2040,17.703439348507708,-0.50002513965837414,0,0,0,0,0,0.70705365007307774
2041,17.712117505051094,-0.50002513071517174,0,0,0,0,0,0.70705365639822115
2042,17.720795661594479,-0.50002514623325711,0,0,0,0,0,0.70705364542529214
2043,17.729473818137865,-0.50002508990385763,0,0,0,0,0,0.70705368525958123
2044,17.738151974681251,-0.50002505465696856,0,0,0,0,0,0.70705371018506513
2045,17.746830131224637,-0.50002506014415626,0,0,0,0,0,0.70705370630513953
2046,17.755508287768023,-0.50002506196453966,0,0,0,0,0,0.70705370501801712
2047,17.764186444311409,-0.50002508594934758,0,0,0,0,0,0.70705368805701663
2048,17.772864600854795,-0.50002505928517271,0,0,0,0,0,0.70705370691259106
2049,17.781542757398181,-0.50002501412812794,0,0,0,0,0,0.70705373884527822
2050,17.790220913941567,-0.50002505265855657,0,0,0,0,0,0.70705371159770802
2051,17.798899070484953,-0.50002509423135233,0,0,0,0,0,0.7070536821985407
2052,17.807577227028339,-0.5000251036137866,0,0,0,0,0,0.70705367556279464
2053,17.816255383571725,-0.50002511556285911,0,0,0,0,0,0.7070536671119757
2054,17.824933540115111,-0.50002510103020903,0,0,0,0,0,0.70705367738768499
2055,17.833611696658497,-0.50002510151086355,0,0,0,0,0,0.70705367704651678
2056,17.842289853201883,-0.50002511819717055,0,0,0,0,0,0.70705366524522595
2057,17.850968009745269,-0.50002513944391069,0,0,0,0,0,0.70705365021878475
2058,17.859646166288655,-0.50002513834696793,0,0,0,0,0,0.70705365099273587
2059,17.868324322832041,-0.50002510790208521,0,0,0,0,0,0.70705367252009066
2060,17.877002479375427,-0.50002517117197887,0,0,0,0,0,0.70705362777617253
2061,17.885680635918813,-0.50002515219338717,0,0,0,0,0,0.70705364119474567
2062,17.894358792462203,-0.50002511515527437,0,0,0,0,0,0.70705366738404152
2063,17.903036949005589,-0.50002511646328562,0,0,0,0,0,0.70705366645648127
2064,17.911715105548975,-0.50002508599204354,0,0,0,0,0,0.70705368800152546
2065,17.920393262092361,-0.50002510585099946,0,0,0,0,0,0.70705367395509922
2066,17.929071418635747,-0.50002507995136747,0,0,0,0,0,0.70705369226713444
2067,17.937749575179133,-0.50002509219867997,0,0,0,0,0,0.70705368360310228
2068,17.946427731722519,-0.50002505100109884,0,0,0,0,0,0.70705371273285156
2069,17.955105888265905,-0.50002506863221285,0,0,0,0,0,0.70705370026114434
2070,17.963784044809291,-0.50002507769878979,0,0,0,0,0,0.70705369384579342
2071,17.972462201352677,-0.50002506246510803,0,0,0,0,0,0.70705370461446782
2072,17.981140357896063,-0.50002506475294828,0,0,0,0,0,0.70705370299262427
2073,17.989818514439449,-0.50002506941558,0,0,0,0,0,0.70705369969122156
2074,17.998496670982835,-0.50002511512536552,0,0,0,0,0,0.7070536673629344
2075,18.007174827526221,-0.50002515472530329,0,0,0,0,0,0.70705363935515919
2076,18.015852984069607,-0.5000251706234885,0,0,0,0,0,0.70705362810800221
2077,18.024531140612993,-0.5000251311716758,0,0,0,0,0,0.70705365600191517
2078,18.033209297156379,-0.50002517090806053,0,0,0,0,0,0.70705362789700388
2079,18.041887453699765,-0.50002514116011687,0,0,0,0,0,0.70705364892858658
2080,18.050565610243151,-0.50002513914527214,0,0,0,0,0,0.70705365034818612
2081,18.059243766786537,-0.5000251376735052,0,0,0,0,0,0.70705365138349663
2082,18.067921923329923,-0.50002512793944209,0,0,0,0,0,0.70705365826144728
2083,18.076600079873309,-0.50002509022681829,0,0,0,0,0,0.7070536849250475
2084,18.085278236416695,-0.50002507130514073,0,0,0,0,0,0.70705369829986786
2085,18.093956392960081,-0.50002505099147376,0,0,0,0,0,0.70705371265899863
2086,18.102634549503467,-0.50002506428186988,0,0,0,0,0,0.70705370325463601
2087,18.111312706046853,-0.50002505184825485,0,0,0,0,0,0.7070537120407554
2088,18.119990862590242,-0.50002506450865802,0,0,0,0,0,0.70705370308133997
2089,18.128669019133628,-0.50002503575489354,0,0,0,0,0,0.70705372340798434
2090,18.137347175677014,-0.50002507306488331,0,0,0,0,0,0.70705369701715526
2091,18.1460253322204,-0.50002508826646408,0,0,0,0,0,0.70705368626063247
2092,18.154703488763786,-0.50002511094016233,0,0,0,0,0,0.7070536702196577
2093,18.163381645307172,-0.50002510863848915,0,0,0,0,0,0.70705367183976087
2094,18.172059801850558,-0.50002511523286008,0,0,0,0,0,0.70705366716919826
2095,18.180737958393944,-0.50002514986759183,0,0,0,0,0,0.70705364266972026
2096,18.18941611493733,-0.50002516316724988,0,0,0,0,0,0.70705363325661708
2097,18.198094271480716,-0.50002516944118769,0,0,0,0,0,0.70705362881243516
2098,18.206772428024102,-0.50002518623169345,0,0,0,0,0,0.70705361693125113
2099,18.215450584567488,-0.50002518918261851,0,0,0,0,0,0.70705361483683404
2100,18.224128741110874,-0.50002520385056171,0,0,0,0,0,0.70705360445533216
2101,18.23280689765426,-0.50002519011728142,0,0,0,0,0,0.70705361415906509
2102,18.241485054197646,-0.50002518014956465,0,0,0,0,0,0.70705362119926463
2103,18.250163210741032,-0.50002521395831401,0,0,0,0,0,0.70705359728213324
2104,18.258841367284418,-0.50002520169541387,0,0,0,0,0,0.70705360594530298
2105,18.267519523827804,-0.50002518392737461,0,0,0,0,0,0.70705361850198045
2106,18.27619768037119,-0.50002523423544831,0,0,0,0,0,0.70705358291729681
2107,18.284875836914576,-0.50002526152258453,0,0,0,0,0,0.70705356361258964
2108,18.293553993457962,-0.50002525666616193,0,0,0,0,0,0.70705356703729194
2109,18.302232150001348,-0.50002521830088897,0,0,0,0,0,0.70705359415804026
2110,18.310910306544734,-0.50002518808896723,0,0,0,0,0,0.70705361551387824
2111,18.31958846308812,-0.50002515924217228,0,0,0,0,0,0.70705363590378845
2112,18.328266619631506,-0.50002517524347945,0,0,0,0,0,0.70705362457885457
2113,18.336944776174892,-0.50002519690400249,0,0,0,0,0,0.70705360925186156
2114,18.345622932718282,-0.50002521205467987,0,0,0,0,0,0.70705359852801308
2115,18.354301089261668,-0.50002516930476948,0,0,0,0,0,0.70705362874994471
2116,18.362979245805054,-0.50002517979989747,0,0,0,0,0,0.70705362131763216
2117,18.37165740234844,-0.50002516487038406,0,0,0,0,0,0.70705363186493742
2118,18.380335558891826,-0.50002518171438481,0,0,0,0,0,0.70705361994304106
2119,18.389013715435212,-0.50002519609753482,0,0,0,0,0,0.70705360976143439
2120,18.397691871978598,-0.50002515177286866,0,0,0,0,0,0.70705364109661062
2121,18.406370028521984,-0.50002516839583655,0,0,0,0,0,0.70705362932991989
2122,18.41504818506537,-0.50002517860715301,0,0,0,0,0,0.70705362209854883
2123,18.423726341608756,-0.50002516956432441,0,0,0,0,0,0.70705362848244491
2124,18.432404498152142,-0.50002511336198729,0,0,0,0,0,0.70705366821690419
2125,18.441082654695528,-0.50002513596988973,0,0,0,0,0,0.70705365221844474
2126,18.449760811238914,-0.50002511399580862,0,0,0,0,0,0.70705366774716438
2127,18.4584389677823,-0.50002511971215946,0,0,0,0,0,0.70705366369280043
2128,18.467117124325686,-0.50002516997609403,0,0,0,0,0,0.7070536281356965
2129,18.475795280869072,-0.50002519490572195,0,0,0,0,0,0.70705361049450488
2130,18.484473437412458,-0.50002522521645121,0,0,0,0,0,0.70705358904757887
2131,18.493151593955844,-0.50002524867742781,0,0,0,0,0,0.70705357244519895
2132,18.50182975049923,-0.50002520896058666,0,0,0,0,0,0.707053600521661
2133,18.510507907042616,-0.50002523761136264,0,0,0,0,0,0.70705358024820342
2134,18.519186063586002,-0.50002522174523678,0,0,0,0,0,0.70705359145564728
2135,18.527864220129388,-0.50002520932644612,0,0,0,0,0,0.7070536002261445
2136,18.536542376672774,-0.50002522065171084,0,0,0,0,0,0.70705359220581876
2137,18.54522053321616,-0.5000252074297129,0,0,0,0,0,0.70705360154474661
2138,18.553898689759546,-0.50002523375778185,0,0,0,0,0,0.70705358291442533
2139,18.562576846302932,-0.50002519982083848,0,0,0,0,0,0.70705360690260122
2140,18.571255002846321,-0.50002520830796027,0,0,0,0,0,0.70705360088834546
2141,18.579933159389707,-0.50002523909380858,0,0,0,0,0,0.7070535791048993
2142,18.588611315933093,-0.50002522648597647,0,0,0,0,0,0.70705358800850604
2143,18.597289472476479,-0.50002522289425988,0,0,0,0,0,0.70705359053600958
2144,18.605967629019865,-0.50002523964233503,0,0,0,0,0,0.70705357867984731
2145,18.614645785563251,-0.50002528876703911,0,0,0,0,0,0.70705354392697561
2146,18.623323942106637,-0.50002525461393954,0,0,0,0,0,0.70705356806718722
2147,18.632002098650023,-0.5000252215387222,0,0,0,0,0,0.70705359144494695
2148,18.640680255193409,-0.50002521636424879,0,0,0,0,0,0.70705359509052013
2149,18.649358411736795,-0.50002521798902222,0,0,0,0,0,0.70705359392886136
2150,18.658036568280181,-0.50002518290017162,0,0,0,0,0,0.70705361873083294
2151,18.666714724823567,-0.5000251905515416,0,0,0,0,0,0.70705361330658434
2152,18.675392881366953,-0.50002522091217039,0,0,0,0,0,0.70705359182326522
2153,18.684071037910339,-0.50002522807415217,0,0,0,0,0,0.70705358674434748
2154,18.692749194453725,-0.50002525268282272,0,0,0,0,0,0.70705356932791474
2155,18.701427350997111,-0.50002527453612311,0,0,0,0,0,0.70705355385983903
2156,18.710105507540497,-0.50002522814575434,0,0,0,0,0,0.70705358665415474
2157,18.718783664083883,-0.50002524630996592,0,0,0,0,0,0.70705357379482248
2158,18.727461820627269,-0.50002526787431711,0,0,0,0,0,0.7070535585318467
2159,18.736139977170655,-0.50002523854578418,0,0,0,0,0,0.70705357925999612
2160,18.744818133714041,-0.50002520282075757,0,0,0,0,0,0.70705360451154231
2161,18.753496290257427,-0.50002519384488597,0,0,0,0,0,0.70705361084579033
2162,18.762174446800813,-0.50002526087351995,0,0,0,0,0,0.70705356343017089
2163,18.770852603344199,-0.50002523822671574,0,0,0,0,0,0.70705357943263958
2164,18.779530759887585,-0.50002520651511151,0,0,0,0,0,0.7070536018461574
2165,18.788208916430971,-0.5000252331160614,0,0,0,0,0,0.70705358302108023
2166,18.796887072974357,-0.50002528472664531,0,0,0,0,0,0.70705354650873842
2167,18.805565229517747,-0.50002529093808168,0,0,0,0,0,0.70705354210321369
2168,18.814243386061133,-0.50002524832834427,0,0,0,0,0,0.707053572223176
2169,18.822921542604519,-0.50002525834208922,0,0,0,0,0,0.70705356512721151
2170,18.831599699147905,-0.50002524087565214,0,0,0,0,0,0.70705357746578157
2171,18.840277855691291,-0.50002524492502598,0,0,0,0,0,0.70705357458923457
2172,18.848956012234677,-0.50002524534744608,0,0,0,0,0,0.70705357427710069
2173,18.857634168778063,-0.50002523723976111,0,0,0,0,0,0.7070535799970088
2174,18.866312325321449,-0.50002526148974913,0,0,0,0,0,0.70705356283390863
2175,18.874990481864835,-0.50002526009630988,0,0,0,0,0,0.70705356380686935
2176,18.883668638408221,-0.50002524514846991,0,0,0,0,0,0.70705357436535587
2177,18.892346794951607,-0.50002527405417441,0,0,0,0,0,0.70705355390926672
2178,18.901024951494993,-0.50002528104645327,0,0,0,0,0,0.70705354895026507
2179,18.909703108038379,-0.50002524567903084,0,0,0,0,0,0.70705357394916246
2180,18.918381264581765,-0.50002521760884799,0,0,0,0,0,0.7070535937876109
2181,18.927059421125151,-0.50002520717075094,0,0,0,0,0,0.70705360115719573
2182,18.935737577668537,-0.5000251515734464,0,0,0,0,0,0.70705364046284913
2183,18.944415734211923,-0.50002515128390834,0,0,0,0,0,0.70705364065409448
2184,18.953093890755309,-0.50002520923397586,0,0,0,0,0,0.70705359965815606
2185,18.961772047298695,-0.50002516978010891,0,0,0,0,0,0.70705362754722112
2186,18.970450203842081,-0.50002514869331871,0,0,0,0,0,0.70705364244635682
2187,18.979128360385467,-0.50002514129369224,0,0,0,0,0,0.70705364766597834
2188,18.987806516928853,-0.50002512841510371,0,0,0,0,0,0.7070536567608352
2189,18.996484673472239,-0.50002513041018992,0,0,0,0,0,0.70705365533716535
2190,19.005162830015625,-0.50002516089319526,0,0,0,0,0,0.70705363376674646
2191,19.013840986559011,-0.50002512856952497,0,0,0,0,0,0.70705365661299635
2192,19.022519143102397,-0.50002518862409762,0,0,0,0,0,0.70705361412897449
2193,19.031197299645786,-0.5000252056213893,0,0,0,0,0,0.7070536020950513
2194,19.039875456189172,-0.50002521812121248,0,0,0,0,0,0.70705359324155559
2195,19.048553612732558,-0.50002523110927666,0,0,0,0,0,0.70705358404291641
2196,19.057231769275944,-0.50002523212623484,0,0,0,0,0,0.70705358331089485
2197,19.06590992581933,-0.50002519618819963,0,0,0,0,0,0.70705360871418987
2198,19.074588082362716,-0.50002519368214782,0,0,0,0,0,0.70705361047382898
2199,19.083266238906102,-0.50002521032924874,0,0,0,0,0,0.70705359868743844
2200,19.091944395449488,-0.50002520365244485,0,0,0,0,0,0.70705360339622647
2201,19.100622551992874,-0.5000252393078557,0,0,0,0,0,0.70705357816816061
2202,19.10930070853626,-0.5000252226884474,0,0,0,0,0,0.70705358990855194
2203,19.117978865079646,-0.50002524039515883,0,0,0,0,0,0.70705357737364771
2204,19.126657021623032,-0.50002520209605894,0,0,0,0,0,0.70705360444684207
2205,19.135335178166418,-0.5000252179255642,0,0,0,0,0,0.70705359323962291
2206,19.144013334709804,-0.50002523584558278,0,0,0,0,0,0.70705358055452816
2207,19.15269149125319,-0.50002522982472286,0,0,0,0,0,0.70705358479993663
2208,19.161369647796576,-0.50002520644450787,0,0,0,0,0,0.70705360132279527
2209,19.170047804339962,-0.5000252209527406,0,0,0,0,0,0.70705359105011389
2210,19.178725960883348,-0.50002525889030014,0,0,0,0,0,0.70705356420816301
2211,19.187404117426734,-0.50002524540258397,0,0,0,0,0,0.7070535737345196
2212,19.19608227397012,-0.50002522840185204,0,0,0,0,0,0.70705358574579691
2213,19.204760430513506,-0.500025228146046,0,0,0,0,0,0.70705358591455258
2214,19.213438587056892,-0.50002524789607117,0,0,0,0,0,0.70705357193545737
2215,19.222116743600278,-0.50002522562641472,0,0,0,0,0,0.70705358767312187
2216,19.230794900143664,-0.50002517095989041,0,0,0,0,0,0.70705362632297764
2217,19.23947305668705,-0.5000251993087762,0,0,0,0,0,0.70705360626242442
2218,19.248151213230436,-0.50002519688506031,0,0,0,0,0,0.70705360796524808
2219,19.256829369773826,-0.50002520993529753,0,0,0,0,0,0.70705359872530948
2220,19.265507526317212,-0.50002522332105215,0,0,0,0,0,0.70705358924689321
2221,19.274185682860598,-0.50002521113254406,0,0,0,0,0,0.70705359785466726
2222,19.282863839403984,-0.50002525920605478,0,0,0,0,0,0.70705356384499218
2223,19.29154199594737,-0.50002526104434541,0,0,0,0,0,0.70705356253295903
2224,19.300220152490756,-0.50002526944031644,0,0,0,0,0,0.70705355658406077
2225,19.308898309034142,-0.5000252521053512,0,0,0,0,0,0.70705356883294712
2226,19.317576465577528,-0.50002521475730854,0,0,0,0,0,0.70705359523496014
2227,19.326254622120913,-0.50002523987754255,0,0,0,0,0,0.70705357745820585
2228,19.334932778664299,-0.50002525514160545,0,0,0,0,0,0.70705356665130559
2229,19.343610935207685,-0.50002525789037366,0,0,0,0,0,0.70705356469544789
2230,19.352289091751071,-0.50002522323116905,0,0,0,0,0,0.70705358919632388
2231,19.360967248294457,-0.50002521165379488,0,0,0,0,0,0.70705359737364581
2232,19.369645404837843,-0.50002522621996837,0,0,0,0,0,0.70705358706240418
2233,19.378323561381229,-0.5000252485530422,0,0,0,0,0,0.70705357125758539
2234,19.387001717924615,-0.50002525337465242,0,0,0,0,0,0.70705356783794215
2235,19.395679874468001,-0.50002524876459176,0,0,0,0,0,0.70705357108724343
2236,19.404358031011387,-0.50002520794986149,0,0,0,0,0,0.70705359994293815
2237,19.413036187554773,-0.50002518510453087,0,0,0,0,0,0.70705361608936101
2238,19.421714344098159,-0.50002520453931953,0,0,0,0,0,0.70705360233412762
2239,19.430392500641545,-0.50002521955090673,0,0,0,0,0,0.70705359170901971
2240,19.439070657184931,-0.5000252174285239,0,0,0,0,0,0.70705359320217553
2241,19.447748813728317,-0.50002520078249357,0,0,0,0,0,0.70705360496467229
2242,19.456426970271703,-0.50002519933245604,0,0,0,0,0,0.70705360598111611
2243,19.465105126815089,-0.50002516333836511,0,0,0,0,0,0.70705363142747579
2244,19.473783283358475,-0.50002517164091276,0,0,0,0,0,0.70705362554653028
2245,19.482461439901865,-0.50002520715617704,0,0,0,0,0,0.70705360042018484
2246,19.491139596445251,-0.50002521887211404,0,0,0,0,0,0.70705359212611008
2247,19.499817752988637,-0.50002520694641062,0,0,0,0,0,0.70705360055072752
2248,19.508495909532023,-0.50002521511174491,0,0,0,0,0,0.70705359476683682
2249,19.517174066075409,-0.50002520666788053,0,0,0,0,0,0.70705360073051438
2250,19.525852222618795,-0.50002523474390836,0,0,0,0,0,0.70705358086564019
2251,19.534530379162181,-0.50002516659586549,0,0,0,0,0,0.70705362905425773
2252,19.543208535705567,-0.50002516512643569,0,0,0,0,0,0.70705363008645961
2253,19.551886692248953,-0.50002515304094164,0,0,0,0,0,0.70705363862703052
2254,19.560564848792339,-0.50002511323323129,0,0,0,0,0,0.70705366677317194
2255,19.569243005335725,-0.50002511856823417,0,0,0,0,0,0.70705366299351269
2256,19.577921161879111,-0.50002510036578374,0,0,0,0,0,0.70705367586102597
2257,19.586599318422497,-0.50002505709839551,0,0,0,0,0,0.7070537064535749
2258,19.595277474965883,-0.50002506932425317,0,0,0,0,0,0.70705369779933847
2259,19.603955631509269,-0.5000250538520099,0,0,0,0,0,0.7070537087367299
2260,19.612633788052655,-0.50002507756511472,0,0,0,0,0,0.70705369195741952
2261,19.621311944596041,-0.50002504433127215,0,0,0,0,0,0.70705371545463436
2262,19.629990101139427,-0.50002503148029476,0,0,0,0,0,0.70705372453627824
2263,19.638668257682813,-0.50002507237669669,0,0,0,0,0,0.70705369560636555
2264,19.647346414226199,-0.50002507535407814,0,0,0,0,0,0.70705369349459879
2265,19.656024570769585,-0.5000250698603711,0,0,0,0,0,0.70705369737332191
2266,19.664702727312971,-0.50002505833409272,0,0,0,0,0,0.70705370551941371
2267,19.673380883856357,-0.50002503596184211,0,0,0,0,0,0.70705372133684463
2268,19.682059040399743,-0.50002503007244159,0,0,0,0,0,0.70705372549733081
2269,19.690737196943129,-0.50002507248297834,0,0,0,0,0,0.70705369549659469
2270,19.699415353486515,-0.50002504318764551,0,0,0,0,0,0.70705371621034718
2271,19.708093510029901,-0.50002503346987781,0,0,0,0,0,0.70705372307739989
2272,19.71677166657329,-0.50002499802064437,0,0,0,0,0,0.70705374814499677
2273,19.725449823116676,-0.50002493715723084,0,0,0,0,0,0.70705379118574907
2274,19.734127979660062,-0.50002497400363932,0,0,0,0,0,0.70705376512189044
2275,19.742806136203448,-0.50002493651107105,0,0,0,0,0,0.7070537916334283
2276,19.751484292746834,-0.50002490970199354,0,0,0,0,0,0.7070538105901818
2277,19.76016244929022,-0.50002489012775164,0,0,0,0,0,0.70705382442895681
2278,19.768840605833606,-0.50002488719678573,0,0,0,0,0,0.70705382649756388
2279,19.777518762376992,-0.50002490920860576,0,0,0,0,0,0.70705381092641106
2280,19.786196918920378,-0.50002494306041878,0,0,0,0,0,0.70705378698079846
2281,19.794875075463764,-0.50002492527025644,0,0,0,0,0,0.70705379955865411
2282,19.80355323200715,-0.50002490938599253,0,0,0,0,0,0.70705381079124097
2283,19.812231388550536,-0.50002488580634308,0,0,0,0,0,0.70705382746415069
2284,19.820909545093922,-0.5000248476334519,0,0,0,0,0,0.70705385445903435
2285,19.829587701637308,-0.50002484530918789,0,0,0,0,0,0.70705385610048421
2286,19.838265858180694,-0.50002484532098024,0,0,0,0,0,0.70705385608985605
2287,19.84694401472408,-0.500024845662985,0,0,0,0,0,0.70705385584564961
2288,19.855622171267466,-0.50002489045460496,0,0,0,0,0,0.70705382416464202
2289,19.864300327810852,-0.50002493236229817,0,0,0,0,0,0.70705379452366746
2290,19.872978484354238,-0.50002495711588224,0,0,0,0,0,0.70705377701576433
2291,19.881656640897624,-0.50002494302725475,0,0,0,0,0,0.70705378697860022
2292,19.89033479744101,-0.50002491244171388,0,0,0,0,0,0.70705380860754707
2293,19.899012953984396,-0.50002490320434922,0,0,0,0,0,0.70705381513985355
2294,19.907691110527782,-0.50002496618912107,0,0,0,0,0,0.70705377059253394
2295,19.916369267071168,-0.50002497188691741,0,0,0,0,0,0.70705376656022945
2296,19.925047423614554,-0.50002495035081218,0,0,0,0,0,0.70705378179172285
2297,19.93372558015794,-0.50002488320951577,0,0,0,0,0,0.70705382927627147
2298,19.94240373670133,-0.50002491682427697,0,0,0,0,0,0.70705380550053576
2299,19.951081893244716,-0.5000248712180877,0,0,0,0,0,0.70705383775525366
2300,19.959760049788102,-0.50002486335514362,0,0,0,0,0,0.7070538433146405
2301,19.968438206331488,-0.50002480384533143,0,0,0,0,0,0.70705388540250935
2302,19.977116362874874,-0.50002481634862339,0,0,0,0,0,0.70705387655985708
2303,19.98579451941826,-0.50002478221085456,0,0,0,0,0,0.70705390070399976
2304,19.994472675961646,-0.50002483153651067,0,0,0,0,0,0.70705386582042207
2305,20.003150832505032,-0.50002487662848649,0,0,0,0,0,0.70705383393064125
2306,20.011828989048418,-0.50002487514719074,0,0,0,0,0,0.70705383497738272
2307,20.020507145591804,-0.50002486492005227,0,0,0,0,0,0.70705384221143908
2308,20.02918530213519,-0.50002489426890073,0,0,0,0,0,0.70705382145589779
2309,20.037863458678576,-0.50002491311740982,0,0,0,0,0,0.70705380812592356
2310,20.046541615221962,-0.50002489176778186,0,0,0,0,0,0.70705382322807409
2311,20.055219771765348,-0.50002489483732671,0,0,0,0,0,0.70705382105728598
2312,20.063897928308734,-0.50002489832668762,0,0,0,0,0,0.70705381859228078
2313,20.07257608485212,-0.5000249132873299,0,0,0,0,0,0.70705380801272577
2314,20.081254241395506,-0.50002488844596926,0,0,0,0,0,0.70705382558332031
2315,20.089932397938892,-0.50002489973005326,0,0,0,0,0,0.70705381760467345
2316,20.098610554482278,-0.50002492751253735,0,0,0,0,0,0.70705379795826251
2317,20.107288711025664,-0.50002493320672914,0,0,0,0,0,0.70705379393297729
2318,20.11596686756905,-0.50002498345370217,0,0,0,0,0,0.70705375839786277
2319,20.124645024112436,-0.50002499031895697,0,0,0,0,0,0.7070537535433159
2320,20.133323180655822,-0.5000250224399414,0,0,0,0,0,0.70705373082880651
2321,20.142001337199208,-0.50002502163412799,0,0,0,0,0,0.70705373140122152
2322,20.150679493742594,-0.50002502882361355,0,0,0,0,0,0.70705372631817642
2323,20.15935765028598,-0.50002504753118926,0,0,0,0,0,0.70705371309001874
2324,20.168035806829369,-0.50002506384266343,0,0,0,0,0,0.7070537015575642
2325,20.176713963372755,-0.50002505132504527,0,0,0,0,0,0.70705371041374354
2326,20.185392119916141,-0.5000250845169788,0,0,0,0,0,0.70705368694191506
2327,20.194070276459527,-0.50002513918995406,0,0,0,0,0,0.7070536482782579
2328,20.202748433002913,-0.50002518066205059,0,0,0,0,0,0.70705361895042884
2329,20.211426589546299,-0.50002517824397308,0,0,0,0,0,0.70705362066636823
2330,20.220104746089685,-0.50002520799429806,0,0,0,0,0,0.70705359962936676
2331,20.228782902633071,-0.50002518253111905,0,0,0,0,0,0.70705361764340324
2332,20.237461059176457,-0.50002518891859238,0,0,0,0,0,0.70705361313060422
2333,20.246139215719843,-0.50002516752020365,0,0,0,0,0,0.70705362827056017
2334,20.254817372263229,-0.50002514159274369,0,0,0,0,0,0.70705364661328485
2335,20.263495528806615,-0.50002514945478527,0,0,0,0,0,0.70705364105644897
2336,20.272173685350001,-0.50002513196887011,0,0,0,0,0,0.70705365342737636
2337,20.280851841893387,-0.50002515479813203,0,0,0,0,0,0.70705363728708281
2338,20.289529998436773,-0.50002511408797901,0,0,0,0,0,0.70705366608511966
2339,20.298208154980159,-0.50002508835768378,0,0,0,0,0,0.70705368428844828
2340,20.306886311523545,-0.50002510068626171,0,0,0,0,0,0.70705367557595622
2341,20.315564468066931,-0.50002511558933815,0,0,0,0,0,0.70705366504137146
2342,20.324242624610317,-0.50002513510950819,0,0,0,0,0,0.70705365124208974
2343,20.332920781153703,-0.50002509604391454,0,0,0,0,0,0.70705367887782522
2344,20.341598937697089,-0.50002508123894363,0,0,0,0,0,0.70705368935424673
2345,20.350277094240475,-0.50002505570629929,0,0,0,0,0,0.70705370741913676
2346,20.358955250783861,-0.50002503208360516,0,0,0,0,0,0.70705372413318823
2347,20.367633407327247,-0.50002505867106795,0,0,0,0,0,0.70705370533524103
2348,20.376311563870633,-0.50002510688071655,0,0,0,0,0,0.70705367124726948
2349,20.384989720414019,-0.50002506811155711,0,0,0,0,0,0.70705369867327761
2350,20.393667876957409,-0.50002504738066578,0,0,0,0,0,0.70705371334237199
2351,20.402346033500795,-0.50002508938821399,0,0,0,0,0,0.70705368364024679
2352,20.411024190044181,-0.50002507460820733,0,0,0,0,0,0.70705369410063135
2353,20.419702346587567,-0.50002510617794693,0,0,0,0,0,0.7070536717804039
2354,20.428380503130953,-0.5000251014328726,0,0,0,0,0,0.70705367514353235
2355,20.437058659674339,-0.50002510794416788,0,0,0,0,0,0.70705367054597268
2356,20.445736816217725,-0.50002513488690403,0,0,0,0,0,0.70705365149953536
2357,20.454414972761111,-0.50002513078873279,0,0,0,0,0,0.70705365440611345
2358,20.463093129304497,-0.50002512653766595,0,0,0,0,0,0.70705365742131931
2359,20.471771285847883,-0.50002517176873951,0,0,0,0,0,0.70705362544058481
2360,20.480449442391269,-0.50002518431641751,0,0,0,0,0,0.70705361657552679
2361,20.489127598934655,-0.50002518239346638,0,0,0,0,0,0.70705361794511923
2362,20.497805755478041,-0.50002516580548562,0,0,0,0,0,0.70705362968385543
2363,20.506483912021427,-0.50002515988053164,0,0,0,0,0,0.70705363388299958
2364,20.515162068564813,-0.50002518302381227,0,0,0,0,0,0.70705361752367324
2365,20.523840225108199,-0.50002516942446551,0,0,0,0,0,0.70705362714980424
2366,20.532518381651585,-0.5000251303137091,0,0,0,0,0,0.70705365482046467
2367,20.541196538194971,-0.50002510729218619,0,0,0,0,0,0.70705367111035677
2368,20.549874694738357,-0.50002510973431913,0,0,0,0,0,0.70705366939269965
2369,20.558552851281743,-0.50002506749978548,0,0,0,0,0,0.70705369927133077
2370,20.567231007825129,-0.50002507987810363,0,0,0,0,0,0.70705369052764766
2371,20.575909164368515,-0.5000250847716039,0,0,0,0,0,0.70705368707622362
2372,20.584587320911901,-0.50002506638074051,0,0,0,0,0,0.70705370009413215
2373,20.593265477455287,-0.50002505511890161,0,0,0,0,0,0.70705370806939527
2374,20.601943633998673,-0.50002508265631107,0,0,0,0,0,0.70705368860531692
2375,20.610621790542059,-0.50002507187779832,0,0,0,0,0,0.70705369623864556
2376,20.619299947085445,-0.50002507485476688,0,0,0,0,0,0.70705369414313246
2377,20.627978103628834,-0.50002507331943968,0,0,0,0,0,0.70705369524009143
2378,20.63665626017222,-0.50002506115897816,0,0,0,0,0,0.7070537038516953
2379,20.645334416715606,-0.50002507385058603,0,0,0,0,0,0.70705369488671721
2380,20.654012573258992,-0.50002505579736689,0,0,0,0,0,0.70705370766513198
2381,20.662690729802378,-0.50002504296322592,0,0,0,0,0,0.70705371675309436
2382,20.671368886345764,-0.50002502826755169,0,0,0,0,0,0.70705372715764092
2383,20.68004704288915,-0.50002502856005726,0,0,0,0,0,0.70705372696223634
2384,20.688725199432536,-0.50002501859383974,0,0,0,0,0,0.70705373402078386
2385,20.697403355975922,-0.5000250293221028,0,0,0,0,0,0.70705372644437325
2386,20.706081512519308,-0.50002498597539269,0,0,0,0,0,0.7070537571109341
2387,20.714759669062694,-0.50002502780181235,0,0,0,0,0,0.70705372754137841
2388,20.72343782560608,-0.50002504618094124,0,0,0,0,0,0.70705371455463784
2389,20.732115982149466,-0.50002502479036171,0,0,0,0,0,0.70705372969437974
2390,20.740794138692852,-0.50002505246539564,0,0,0,0,0,0.70705371013353524
2391,20.749472295236238,-0.50002504355766775,0,0,0,0,0,0.7070537164453583
2392,20.758150451779624,-0.50002505472176761,0,0,0,0,0,0.7070537085621531
2393,20.76682860832301,-0.50002502125298443,0,0,0,0,0,0.70705373224343226
2394,20.775506764866396,-0.50002499784057308,0,0,0,0,0,0.70705374881325511
2395,20.784184921409782,-0.50002497850374095,0,0,0,0,0,0.70705376250148255
2396,20.792863077953168,-0.5000249355482439,0,0,0,0,0,0.70705379289277559
2397,20.801541234496554,-0.5000249303549964,0,0,0,0,0,0.70705379657844958
2398,20.81021939103994,-0.50002494088721217,0,0,0,0,0,0.70705378914217754
2399,20.818897547583326,-0.50002498103251991,0,0,0,0,0,0.70705376076307136
2400,20.827575704126712,-0.50002496536688656,0,0,0,0,0,0.70705377185420915
2401,20.836253860670098,-0.50002496982043498,0,0,0,0,0,0.70705376871767633
2402,20.844932017213484,-0.5000249439753488,0,0,0,0,0,0.70705378700918331
2403,20.853610173756874,-0.50002494103940975,0,0,0,0,0,0.70705378909799776
2404,20.86228833030026,-0.50002494365628969,0,0,0,0,0,0.70705378726032286
2405,20.870966486843646,-0.50002494490471638,0,0,0,0,0,0.70705378638944838
2406,20.879644643387032,-0.50002497928822831,0,0,0,0,0,0.70705376208547932
2407,20.888322799930418,-0.50002502747528521,0,0,0,0,0,0.7070537280194622
2408,20.897000956473804,-0.50002500409638651,0,0,0,0,0,0.70705374456662007
2409,20.90567911301719,-0.50002501109923969,0,0,0,0,0,0.70705373962597795
2410,20.914357269560576,-0.50002500826738716,0,0,0,0,0,0.70705374164159096
2411,20.923035426103961,-0.5000249961238149,0,0,0,0,0,0.70705375024248873
2412,20.931713582647347,-0.50002496043670774,0,0,0,0,0,0.7070537754935009
2413,20.940391739190733,-0.50002495020161331,0,0,0,0,0,0.70705378274504116
2414,20.949069895734119,-0.50002493045891372,0,0,0,0,0,0.70705379672028812
2415,20.957748052277505,-0.50002489774282433,0,0,0,0,0,0.70705381987052007
2416,20.966426208820891,-0.50002489470970524,0,0,0,0,0,0.70705382202909317
2417,20.975104365364277,-0.50002486981081418,0,0,0,0,0,0.70705383965104751
2418,20.983782521907663,-0.50002489600070599,0,0,0,0,0,0.7070538211424332
2419,20.992460678451049,-0.50002486212214248,0,0,0,0,0,0.70705384511448566
2420,21.001138834994435,-0.50002485069167946,0,0,0,0,0,0.70705385321150083
2421,21.009816991537821,-0.50002484075238995,0,0,0,0,0,0.70705386025454708
2422,21.018495148081207,-0.50002482081771349,0,0,0,0,0,0.70705387436530165
2423,21.027173304624593,-0.50002477600158746,0,0,0,0,0,0.70705390607263818
2424,21.035851461167979,-0.50002476135865337,0,0,0,0,0,0.70705391644159776
2425,21.044529617711365,-0.5000247329445201,0,0,0,0,0,0.70705393654989668
2426,21.053207774254751,-0.50002477675360335,0,0,0,0,0,0.70705390558144399
2427,21.061885930798137,-0.50002479505555564,0,0,0,0,0,0.70705389265166985
2428,21.070564087341523,-0.50002482034548579,0,0,0,0,0,0.70705387477933013
2429,21.079242243884913,-0.50002476123036999,0,0,0,0,0,0.7070539165989298
2430,21.087920400428299,-0.50002474016903309,0,0,0,0,0,0.70705393150718154
2431,21.096598556971685,-0.50002478106916448,0,0,0,0,0,0.70705390259617173
2432,21.105276713515071,-0.50002480942724647,0,0,0,0,0,0.7070538825547561
2433,21.113954870058457,-0.50002479594960847,0,0,0,0,0,0.70705389209936043
2434,21.122633026601843,-0.50002475677820013,0,0,0,0,0,0.70705391981444543
2435,21.131311183145229,-0.5000247532662575,0,0,0,0,0,0.70705392231111897
2436,21.139989339688615,-0.50002474822098475,0,0,0,0,0,0.70705392589229221
2437,21.148667496232001,-0.50002475028845539,0,0,0,0,0,0.70705392444391002
2438,21.157345652775387,-0.50002475326211648,0,0,0,0,0,0.70705392235470288
2439,21.166023809318773,-0.50002479563235691,0,0,0,0,0,0.70705389240419458
2440,21.174701965862159,-0.50002481841946278,0,0,0,0,0,0.70705387630206684
2441,21.183380122405545,-0.50002486630792509,0,0,0,0,0,0.70705384244868985
2442,21.192058278948931,-0.50002482807540127,0,0,0,0,0,0.70705386949977622
2443,21.200736435492317,-0.50002477793386868,0,0,0,0,0,0.70705390497310217
2444,21.209414592035703,-0.50002477649710142,0,0,0,0,0,0.70705390600205686
2445,21.218092748579089,-0.50002476398490037,0,0,0,0,0,0.70705391486404578
2446,21.226770905122475,-0.50002474584082668,0,0,0,0,0,0.70705392770889353
2447,21.235449061665861,-0.50002477488799468,0,0,0,0,0,0.70705390717964178
2448,21.244127218209247,-0.50002471761451528,0,0,0,0,0,0.70705394769586949
2449,21.252805374752633,-0.50002471755252886,0,0,0,0,0,0.70705394775205832
2450,21.261483531296019,-0.50002473192539809,0,0,0,0,0,0.70705393760069457
2451,21.270161687839405,-0.50002478744033063,0,0,0,0,0,0.70705389835377019
2452,21.278839844382791,-0.50002478729466937,0,0,0,0,0,0.70705389847012601
2453,21.287518000926177,-0.50002484385359414,0,0,0,0,0,0.70705385848487801
2454,21.296196157469563,-0.50002489515287507,0,0,0,0,0,0.70705382221946866
2455,21.304874314012952,-0.5000249088362736,0,0,0,0,0,0.70705381255531652
2456,21.313552470556338,-0.50002484930886459,0,0,0,0,0,0.7070538546654106
2457,21.322230627099724,-0.50002485473752534,0,0,0,0,0,0.70705385083819072
2458,21.33090878364311,-0.50002489321758514,0,0,0,0,0,0.70705382363789537
2459,21.339586940186496,-0.50002490268747701,0,0,0,0,0,0.70705381695275449
2460,21.348265096729882,-0.50002494606184211,0,0,0,0,0,0.70705378629098448
2461,21.356943253273268,-0.50002498320519206,0,0,0,0,0,0.70705376003586373
2462,21.365621409816654,-0.50002500861347898,0,0,0,0,0,0.70705374208037863
2463,21.37429956636004,-0.50002501940969901,0,0,0,0,0,0.70705373445698161
2464,21.382977722903426,-0.500025012362879,0,0,0,0,0,0.7070537394532721
2465,21.391655879446812,-0.50002500932913896,0,0,0,0,0,0.70705374161049139
2466,21.400334035990198,-0.50002501493697382,0,0,0,0,0,0.70705373765691526
2467,21.409012192533584,-0.50002502356592116,0,0,0,0,0,0.70705373156771234
2468,21.41769034907697,-0.50002504314678642,0,0,0,0,0,0.70705371773139447
2469,21.426368505620356,-0.50002506997684149,0,0,0,0,0,0.7070536987690037
2470,21.435046662163742,-0.50002503929126807,0,0,0,0,0,0.70705372048137427
2471,21.443724818707128,-0.50002500984342824,0,0,0,0,0,0.70705374131827625
2472,21.452402975250514,-0.50002495426560922,0,0,0,0,0,0.70705378063303215
2473,21.4610811317939,-0.50002496449805434,0,0,0,0,0,0.70705377340876119
2474,21.469759288337286,-0.50002500556181706,0,0,0,0,0,0.70705374438061241
2475,21.478437444880672,-0.50002495222053189,0,0,0,0,0,0.70705378211398262
2476,21.487115601424058,-0.50002492789904074,0,0,0,0,0,0.70705379932481094
2477,21.495793757967444,-0.50002488860237193,0,0,0,0,0,0.70705382712505838
2478,21.50447191451083,-0.50002488853827687,0,0,0,0,0,0.70705382718291787
2479,21.513150071054216,-0.50002485033465116,0,0,0,0,0,0.7070538542109972
2480,21.521828227597602,-0.5000248257261305,0,0,0,0,0,0.70705387162397138
2481,21.530506384140988,-0.50002479688348311,0,0,0,0,0,0.70705389203139291
2482,21.539184540684378,-0.50002479961015178,0,0,0,0,0,0.70705389011341957
2483,21.547862697227764,-0.50002476240043081,0,0,0,0,0,0.70705391643787507
2484,21.55654085377115,-0.50002476289427533,0,0,0,0,0,0.70705391609825341
2485,21.565219010314536,-0.50002475424868187,0,0,0,0,0,0.70705392222294705
2486,21.573897166857922,-0.50002473567962391,0,0,0,0,0,0.70705393536437455
2487,21.582575323401308,-0.50002478761776636,0,0,0,0,0,0.70705389864552259
2488,21.591253479944694,-0.50002475558088066,0,0,0,0,0,0.70705392131202416
2489,21.59993163648808,-0.50002472300529233,0,0,0,0,0,0.70705394435819358
2490,21.608609793031466,-0.50002469711502795,0,0,0,0,0,0.70705396267707954
2491,21.617287949574852,-0.50002473368244549,0,0,0,0,0,0.70705393682654893
2492,21.625966106118238,-0.50002475309770278,0,0,0,0,0,0.70705392310665616
2493,21.634644262661624,-0.50002477428700121,0,0,0,0,0,0.70705390813066771
2494,21.64332241920501,-0.50002471796507053,0,0,0,0,0,0.70705394796972953
2495,21.652000575748396,-0.50002471059775688,0,0,0,0,0,0.70705395318883113
2496,21.660678732291782,-0.50002469553367113,0,0,0,0,0,0.7070539638505835
2497,21.669356888835168,-0.5000247570817814,0,0,0,0,0,0.70705392033493553
2498,21.678035045378554,-0.50002473754926025,0,0,0,0,0,0.70705393415656914
2499,21.68671320192194,-0.50002472903195794,0,0,0,0,0,0.70705394018856005
2500,21.695391358465326,-0.50002477992947625,0,0,0,0,0,0.70705390420435599
2501,21.704069515008712,-0.50002479246170339,0,0,0,0,0,0.70705389535041796
2502,21.712747671552098,-0.50002475212777597,0,0,0,0,0,0.70705392388078891
2503,21.721425828095484,-0.5000247253018778,0,0,0,0,0,0.70705394285978507
2504,21.73010398463887,-0.50002472664040376,0,0,0,0,0,0.70705394192157023
2505,21.738782141182256,-0.50002469819461026,0,0,0,0,0,0.70705396204602877
2506,21.747460297725642,-0.5000246735471171,0,0,0,0,0,0.70705397948457005
2507,21.756138454269028,-0.50002469653604265,0,0,0,0,0,0.70705396323548442
2508,21.764816610812417,-0.5000246747741941,0,0,0,0,0,0.70705397863271813
2509,21.773494767355803,-0.50002465744244395,0,0,0,0,0,0.70705399089607823
2510,21.782172923899189,-0.50002465562024412,0,0,0,0,0,0.70705399219243859
2511,21.790851080442575,-0.50002467669195549,0,0,0,0,0,0.70705397729819097
2512,21.799529236985961,-0.50002470612342098,0,0,0,0,0,0.70705395649207503
2513,21.808207393529347,-0.50002465892284775,0,0,0,0,0,0.70705398987685442
2514,21.816885550072733,-0.50002465971270371,0,0,0,0,0,0.70705398932516061
2515,21.825563706616119,-0.50002466694201997,0,0,0,0,0,0.70705398421953625
2516,21.834241863159505,-0.50002465035346999,0,0,0,0,0,0.70705399595687446
2517,21.842920019702891,-0.50002463778834294,0,0,0,0,0,0.70705400484863468
2518,21.851598176246277,-0.50002463936687613,0,0,0,0,0,0.70705400373862837
2519,21.860276332789663,-0.50002462826605953,0,0,0,0,0,0.70705401159516512
2520,21.868954489333049,-0.50002460103340163,0,0,0,0,0,0.70705403085894325
2521,21.877632645876435,-0.50002462878378129,0,0,0,0,0,0.70705401124089295
2522,21.886310802419821,-0.50002465145198915,0,0,0,0,0,0.70705399521642676
2523,21.894988958963207,-0.50002462939108383,0,0,0,0,0,0.70705401082254582
2524,21.903667115506593,-0.5000246199633005,0,0,0,0,0,0.70705401749457142
2525,21.912345272049979,-0.50002462169446782,0,0,0,0,0,0.70705401627550835
2526,21.921023428593365,-0.50002459071311101,0,0,0,0,0,0.70705403818929113
2527,21.929701585136751,-0.50002460778999891,0,0,0,0,0,0.70705402611816126
2528,21.938379741680137,-0.50002459906589758,0,0,0,0,0,0.70705403229245434
2529,21.947057898223523,-0.50002457950831947,0,0,0,0,0,0.7070540461271948
2530,21.955736054766909,-0.50002456095194103,0,0,0,0,0,0.70705405925406772
2531,21.964414211310295,-0.50002458534961713,0,0,0,0,0,0.70705404200560729
2532,21.973092367853681,-0.50002457636185704,0,0,0,0,0,0.70705404836549857
2533,21.981770524397067,-0.50002458581454634,0,0,0,0,0,0.70705404168484964
2534,21.990448680940457,-0.50002458225018598,0,0,0,0,0,0.7070540442090989
2535,21.999126837483843,-0.50002458560368634,0,0,0,0,0,0.70705404184145948
2536,22.007804994027229,-0.50002460845830954,0,0,0,0,0,0.70705402568318121
2537,22.016483150570615,-0.50002461056421521,0,0,0,0,0,0.70705402419748387
2538,22.025161307114001,-0.50002465321369494,0,0,0,0,0,0.70705399404089064
2539,22.033839463657387,-0.50002469166048191,0,0,0,0,0,0.70705396685601229
2540,22.042517620200773,-0.50002466668096435,0,0,0,0,0,0.70705398452324708
2541,22.051195776744159,-0.50002462351411747,0,0,0,0,0,0.70705401505161158
2542,22.059873933287545,-0.50002461294894429,0,0,0,0,0,0.70705402252543692
2543,22.068552089830931,-0.50002460465703724,0,0,0,0,0,0.70705402839136955
2544,22.077230246374317,-0.50002458354949852,0,0,0,0,0,0.70705404331982336
2545,22.085908402917703,-0.50002458389095816,0,0,0,0,0,0.70705404308037423
2546,22.094586559461089,-0.50002459147996126,0,0,0,0,0,0.70705403771570285
2547,22.103264716004475,-0.50002455865311557,0,0,0,0,0,0.70705406093111267
2548,22.111942872547861,-0.500024587955195,0,0,0,0,0,0.70705404021146911
2549,22.120621029091247,-0.50002460117783609,0,0,0,0,0,0.70705403086245511
2550,22.129299185634633,-0.50002459857685544,0,0,0,0,0,0.7070540327028938
2551,22.137977342178019,-0.50002461597289016,0,0,0,0,0,0.70705402040218601
2552,22.146655498721405,-0.50002456370439174,0,0,0,0,0,0.70705405736511606
2553,22.155333655264791,-0.50002460197644272,0,0,0,0,0,0.70705403030147052
2554,22.164011811808177,-0.50002461347545191,0,0,0,0,0,0.70705402217052615
2555,22.172689968351563,-0.50002462013298632,0,0,0,0,0,0.70705401746300633
2556,22.181368124894949,-0.50002465467997492,0,0,0,0,0,0.70705399303308081
2557,22.190046281438335,-0.50002465094602799,0,0,0,0,0,0.70705399567363125
2558,22.198724437981721,-0.50002464789520984,0,0,0,0,0,0.70705399783090706
2559,22.207402594525107,-0.50002461046181734,0,0,0,0,0,0.70705402430196296
2560,22.216080751068496,-0.50002458381061032,0,0,0,0,0,0.7070540431480844
2561,22.224758907611882,-0.50002462362711675,0,0,0,0,0,0.70705401499096321
2562,22.233437064155268,-0.50002460277959859,0,0,0,0,0,0.70705402973266074
2563,22.242115220698654,-0.50002458346155854,0,0,0,0,0,0.70705404339260924
2564,22.25079337724204,-0.50002461353431649,0,0,0,0,0,0.70705402212541602
2565,22.259471533785426,-0.50002461762958705,0,0,0,0,0,0.70705401922816036
2566,22.268149690328812,-0.50002459013496314,0,0,0,0,0,0.70705403866972594
2567,22.276827846872198,-0.50002457134676681,0,0,0,0,0,0.70705405195435456
2568,22.285506003415584,-0.50002456264434225,0,0,0,0,0,0.70705405810652988
2569,22.29418415995897,-0.50002454861983059,0,0,0,0,0,0.70705406802205506
2570,22.302862316502356,-0.50002450348037264,0,0,0,0,0,0.70705409994064849
2571,22.311540473045742,-0.50002450391434727,0,0,0,0,0,0.70705409963161947
2572,22.320218629589128,-0.50002450106768082,0,0,0,0,0,0.70705410164222404
2573,22.328896786132514,-0.5000244829165531,0,0,0,0,0,0.70705411447540856
2574,22.3375749426759,-0.50002449450093267,0,0,0,0,0,0.70705410628064169
2575,22.346253099219286,-0.5000245264144948,0,0,0,0,0,0.70705408370991751
2576,22.354931255762672,-0.50002453522660661,0,0,0,0,0,0.70705407747551652
2577,22.363609412306058,-0.50002449538909322,0,0,0,0,0,0.70705410564381577
2578,22.372287568849444,-0.5000245301022489,0,0,0,0,0,0.70705408109289536
2579,22.38096572539283,-0.50002450212887806,0,0,0,0,0,0.70705410087087994
2580,22.389643881936216,-0.50002448337144112,0,0,0,0,0,0.70705411413174168
2581,22.398322038479602,-0.50002450148288635,0,0,0,0,0,0.70705410132043767
2582,22.407000195022988,-0.50002449529219017,0,0,0,0,0,0.70705410569431848
2583,22.415678351566374,-0.50002449634251966,0,0,0,0,0,0.70705410494722454
2584,22.42435650810976,-0.50002449003628691,0,0,0,0,0,0.70705410940266056
2585,22.433034664653146,-0.50002445763747028,0,0,0,0,0,0.70705413230935354
2586,22.441712821196532,-0.50002443658730322,0,0,0,0,0,0.70705414719056137
2587,22.450390977739922,-0.50002443489023241,0,0,0,0,0,0.70705414838553438
2588,22.459069134283308,-0.50002447630002189,0,0,0,0,0,0.70705411909749305
2589,22.467747290826694,-0.50002441890369886,0,0,0,0,0,0.70705415968050289
2590,22.47642544737008,-0.50002441953365673,0,0,0,0,0,0.70705415923015646
2591,22.485103603913466,-0.50002446467029626,0,0,0,0,0,0.70705412730591011
2592,22.493781760456852,-0.50002441814213705,0,0,0,0,0,0.70705416020336287
2593,22.502459917000238,-0.50002441226435723,0,0,0,0,0,0.70705416435441126
2594,22.511138073543624,-0.50002441330223724,0,0,0,0,0,0.70705416361436857
2595,22.51981623008701,-0.50002437519052045,0,0,0,0,0,0.70705419055937213
2596,22.528494386630395,-0.50002438635528956,0,0,0,0,0,0.70705418265844422
2597,22.537172543173781,-0.5000244069805404,0,0,0,0,0,0.70705416806684251
2598,22.545850699717167,-0.50002435479369833,0,0,0,0,0,0.70705420496486493
2599,22.554528856260553,-0.50002432156613608,0,0,0,0,0,0.70705422845568933
2600,22.563207012803939,-0.50002432086504667,0,0,0,0,0,0.70705422894442016
2601,22.571885169347325,-0.50002432016236409,0,0,0,0,0,0.70705422943449481
2602,22.580563325890711,-0.50002433739700358,0,0,0,0,0,0.70705421724008133
2603,22.589241482434097,-0.50002426847224601,0,0,0,0,0,0.70705426597389653
2604,22.597919638977483,-0.50002423813632924,0,0,0,0,0,0.70705428741883303
2605,22.606597795520869,-0.50002428566658108,0,0,0,0,0,0.70705425379979125
2606,22.615275952064255,-0.50002428968064705,0,0,0,0,0,0.70705425095388819
2607,22.623954108607641,-0.50002431847138773,0,0,0,0,0,0.7070542305862979
2608,22.632632265151027,-0.50002434119597172,0,0,0,0,0,0.70705421450783135
2609,22.641310421694413,-0.50002438291110096,0,0,0,0,0,0.70705418500065775
2610,22.649988578237799,-0.50002435337018558,0,0,0,0,0,0.70705420588282841
2611,22.658666734781185,-0.50002430207428739,0,0,0,0,0,0.70705424214851398
2612,22.667344891324571,-0.5000242828425393,0,0,0,0,0,0.70705425574037761
2613,22.676023047867961,-0.50002424879336071,0,0,0,0,0,0.7070542798100643
2614,22.684701204411347,-0.50002426157314461,0,0,0,0,0,0.70705427076469718
2615,22.693379360954733,-0.50002430391366226,0,0,0,0,0,0.7070542408139886
2616,22.702057517498119,-0.50002432171336686,0,0,0,0,0,0.70705422821780317
2617,22.710735674041505,-0.50002429758109157,0,0,0,0,0,0.70705424527465333
2618,22.719413830584891,-0.50002425079210311,0,0,0,0,0,0.70705427835324741
2619,22.728091987128277,-0.50002425305019693,0,0,0,0,0,0.70705427674692345
2620,22.736770143671663,-0.50002423165394128,0,0,0,0,0,0.70705429186910251
2621,22.745448300215049,-0.50002422234998845,0,0,0,0,0,0.70705429843896184
2622,22.754126456758435,-0.50002419761238948,0,0,0,0,0,0.70705431592292811
2623,22.762804613301821,-0.50002420913401524,0,0,0,0,0,0.70705430776485123
2624,22.771482769845207,-0.50002419443847801,0,0,0,0,0,0.70705431814680253
2625,22.780160926388593,-0.50002421621192961,0,0,0,0,0,0.70705430273947378
2626,22.788839082931979,-0.50002420061337016,0,0,0,0,0,0.707054313760338
2627,22.797517239475365,-0.50002416874807043,0,0,0,0,0,0.70705433628399561
2628,22.806195396018751,-0.50002415836697089,0,0,0,0,0,0.70705434361576991
2629,22.814873552562137,-0.50002414791551886,0,0,0,0,0,0.70705435099603164
2630,22.823551709105523,-0.50002408993076863,0,0,0,0,0,0.70705439199176823
2631,22.832229865648909,-0.50002409628289024,0,0,0,0,0,0.70705438749001104
2632,22.840908022192295,-0.50002406419371548,0,0,0,0,0,0.70705441017182125
2633,22.849586178735681,-0.50002412051418166,0,0,0,0,0,0.70705437033184637
2634,22.858264335279067,-0.50002415206294759,0,0,0,0,0,0.70705434801056732
2635,22.866942491822453,-0.50002413671451973,0,0,0,0,0,0.70705435885364665
2636,22.875620648365839,-0.50002411536042302,0,0,0,0,0,0.70705437394369142
2637,22.884298804909225,-0.50002405803455174,0,0,0,0,0,0.70705441447225681
2638,22.892976961452611,-0.50002413432144777,0,0,0,0,0,0.70705436051220971
2639,22.901655117996,-0.50002411231387256,0,0,0,0,0,0.707054376064292
2640,22.910333274539386,-0.50002411017762471,0,0,0,0,0,0.70705437756375744
2641,22.919011431082772,-0.50002414034072107,0,0,0,0,0,0.70705435622167201
2642,22.927689587626158,-0.50002418244572189,0,0,0,0,0,0.70705432643275401
2643,22.936367744169544,-0.50002420122816871,0,0,0,0,0,0.7070543131388547
2644,22.94504590071293,-0.50002420055094488,0,0,0,0,0,0.70705431360548232
2645,22.953724057256316,-0.50002415540574707,0,0,0,0,0,0.70705434551907764
2646,22.962402213799702,-0.50002412368337334,0,0,0,0,0,0.70705436794090293
2647,22.971080370343088,-0.50002409391521996,0,0,0,0,0,0.70705438898028738
2648,22.979758526886474,-0.50002410289359778,0,0,0,0,0,0.70705438261877873
2649,22.98843668342986,-0.50002408976983348,0,0,0,0,0,0.70705439188740726
2650,22.997114839973246,-0.50002405619097945,0,0,0,0,0,0.70705441562228089
2651,23.005792996516632,-0.5000240853368364,0,0,0,0,0,0.70705439499766154
2652,23.014471153060018,-0.50002411515819445,0,0,0,0,0,0.70705437389616499
2653,23.023149309603404,-0.50002408242196383,0,0,0,0,0,0.70705439703451223
2654,23.03182746614679,-0.50002403750355118,0,0,0,0,0,0.70705442878803382
2655,23.040505622690176,-0.50002399465883318,0,0,0,0,0,0.70705445907514886
2656,23.049183779233562,-0.50002399693123112,0,0,0,0,0,0.70705445745513718
2657,23.057861935776948,-0.50002399415929122,0,0,0,0,0,0.70705445940306788
2658,23.066540092320334,-0.50002401484707948,0,0,0,0,0,0.70705444475970847
2659,23.07521824886372,-0.50002400418628701,0,0,0,0,0,0.7070544522869886
2660,23.083896405407106,-0.50002399201937853,0,0,0,0,0,0.70705446087737966
2661,23.092574561950492,-0.50002402240083266,0,0,0,0,0,0.70705443937879853
2662,23.101252718493878,-0.50002404121331068,0,0,0,0,0,0.70705442606215829
2663,23.109930875037264,-0.50002400605145358,0,0,0,0,0,0.70705445091515173
2664,23.11860903158065,-0.50002400994000462,0,0,0,0,0,0.70705444815256691
2665,23.127287188124036,-0.50002401931952256,0,0,0,0,0,0.70705444150625762
2666,23.135965344667426,-0.50002401880823222,0,0,0,0,0,0.70705444185379074
2667,23.144643501210812,-0.50002396248962266,0,0,0,0,0,0.70705448166857465
2668,23.153321657754198,-0.50002394263135708,0,0,0,0,0,0.70705449569867151
2669,23.161999814297584,-0.50002392807298013,0,0,0,0,0,0.70705450598076536
2670,23.17067797084097,-0.50002388490591709,0,0,0,0,0,0.70705453649512862
2671,23.179356127384356,-0.5000238931502462,0,0,0,0,0,0.70705453065044233
2672,23.188034283927742,-0.50002391158980286,0,0,0,0,0,0.70705451759590909
2673,23.196712440471128,-0.50002389575327122,0,0,0,0,0,0.70705452878162278
2674,23.205390597014514,-0.50002383169167075,0,0,0,0,0,0.70705457407218075
2675,23.2140687535579,-0.50002383605868894,0,0,0,0,0,0.7070545709702003
2676,23.222746910101286,-0.50002385100139746,0,0,0,0,0,0.70705456038939207
2677,23.231425066644672,-0.50002387759918843,0,0,0,0,0,0.70705454156524938
2678,23.240103223188058,-0.50002386152682921,0,0,0,0,0,0.70705455291807251
2679,23.248781379731444,-0.50002389601732677,0,0,0,0,0,0.70705452851241679
2680,23.25745953627483,-0.5000239525908855,0,0,0,0,0,0.70705448848981067
2681,23.266137692818216,-0.50002399027909927,0,0,0,0,0,0.70705446182329335
2682,23.274815849361602,-0.50002395083997042,0,0,0,0,0,0.70705448970095797
2683,23.283494005904988,-0.50002394153181151,0,0,0,0,0,0.70705449627091299
2684,23.292172162448374,-0.5000239362838147,0,0,0,0,0,0.70705449996869474
2685,23.30085031899176,-0.50002392932792994,0,0,0,0,0,0.70705450487398191
2686,23.309528475535146,-0.50002395996536653,0,0,0,0,0,0.70705448319342101
2687,23.318206632078532,-0.50002390950833542,0,0,0,0,0,0.70705451886321435
2688,23.326884788621918,-0.50002390813980513,0,0,0,0,0,0.70705451981824763
2689,23.335562945165304,-0.50002395249569664,0,0,0,0,0,0.70705448843554664
2690,23.34424110170869,-0.50002397563669498,0,0,0,0,0,0.70705447205595262
2691,23.352919258252076,-0.5000239559789621,0,0,0,0,0,0.70705448594478248
2692,23.361597414795465,-0.50002394175491882,0,0,0,0,0,0.70705449599102788
2693,23.370275571338851,-0.5000239671766824,0,0,0,0,0,0.70705447799811494
2694,23.378953727882237,-0.50002391849027983,0,0,0,0,0,0.70705451241592288
2695,23.387631884425623,-0.50002392032349285,0,0,0,0,0,0.70705451110586703
2696,23.396310040969009,-0.50002391440429983,0,0,0,0,0,0.70705451527763041
2697,23.404988197512395,-0.50002394707510422,0,0,0,0,0,0.70705449215856708
2698,23.413666354055781,-0.50002396580839537,0,0,0,0,0,0.70705447889717099
2699,23.422344510599167,-0.50002392959481767,0,0,0,0,0,0.70705450449374274
2700,23.431022667142553,-0.50002387588600916,0,0,0,0,0,0.70705454246362631
2701,23.439700823685939,-0.50002391198885621,0,0,0,0,0,0.7070545169175535
2702,23.448378980229325,-0.50002387778644142,0,0,0,0,0,0.70705454109292099
2703,23.457057136772711,-0.50002390977212141,0,0,0,0,0,0.70705451845832767
2704,23.465735293316097,-0.500023881106477,0,0,0,0,0,0.70705453871728441
2705,23.474413449859483,-0.50002392900231851,0,0,0,0,0,0.70705450483057408
2706,23.483091606402869,-0.50002387400099602,0,0,0,0,0,0.70705454371454834
2707,23.491769762946255,-0.50002388022893818,0,0,0,0,0,0.70705453929632345
2708,23.500447919489641,-0.50002385630471136,0,0,0,0,0,0.70705455620256874
2709,23.509126076033027,-0.50002383413689244,0,0,0,0,0,0.70705457186751985
2710,23.517804232576413,-0.50002383490081992,0,0,0,0,0,0.70705457131433791
2711,23.526482389119799,-0.50002381908531179,0,0,0,0,0,0.70705458248644515
2712,23.535160545663185,-0.50002384902393948,0,0,0,0,0,0.70705456129973454
2713,23.543838702206571,-0.50002389435828243,0,0,0,0,0,0.707054529225422
2714,23.552516858749957,-0.50002391857523687,0,0,0,0,0,0.70705451208621373
2715,23.561195015293343,-0.50002394747676171,0,0,0,0,0,0.70705449163405243
2716,23.569873171836729,-0.50002397890932904,0,0,0,0,0,0.70705446939151084
2717,23.578551328380115,-0.50002395337673511,0,0,0,0,0,0.70705448743602384
2718,23.587229484923505,-0.50002396059581267,0,0,0,0,0,0.70705448231778334
2719,23.595907641466891,-0.50002397613400285,0,0,0,0,0,0.70705447131700616
2720,23.604585798010277,-0.50002395403393018,0,0,0,0,0,0.70705448693341921
2721,23.613263954553663,-0.50002392848207267,0,0,0,0,0,0.70705450499258404
2722,23.621942111097049,-0.50002396002278104,0,0,0,0,0,0.70705448267363824
2723,23.630620267640435,-0.50002397311778468,0,0,0,0,0,0.70705447340043293
2724,23.639298424183821,-0.50002395989406645,0,0,0,0,0,0.7070544827389238
2725,23.647976580727207,-0.50002398916792801,0,0,0,0,0,0.70705446202281585
2726,23.656654737270593,-0.50002399656204211,0,0,0,0,0,0.70705445678063228
2727,23.665332893813979,-0.5000240605548546,0,0,0,0,0,0.7070544115103603
2728,23.674011050357365,-0.50002406131709587,0,0,0,0,0,0.70705441095901378
2729,23.682689206900751,-0.50002409993478902,0,0,0,0,0,0.70705438363462036
2730,23.691367363444137,-0.50002411433527516,0,0,0,0,0,0.70705437343785515
2731,23.700045519987523,-0.5000240950740279,0,0,0,0,0,0.70705438704720436
2732,23.708723676530909,-0.50002413044336791,0,0,0,0,0,0.70705436202009153
2733,23.717401833074295,-0.5000241196717975,0,0,0,0,0,0.70705436962561308
2734,23.726079989617681,-0.50002411738403951,0,0,0,0,0,0.70705437123187664
2735,23.734758146161067,-0.50002409870625431,0,0,0,0,0,0.70705438443026125
2736,23.743436302704453,-0.50002407758049816,0,0,0,0,0,0.70705439935817793
2737,23.752114459247839,-0.50002407255829551,0,0,0,0,0,0.70705440289819066
2738,23.760792615791225,-0.50002407382362291,0,0,0,0,0,0.7070544019924796
2739,23.769470772334611,-0.5000241051280071,0,0,0,0,0,0.70705437984072539
2740,23.778148928877997,-0.50002412794284168,0,0,0,0,0,0.70705436369531505
2741,23.786827085421383,-0.50002410560385546,0,0,0,0,0,0.70705437948197059
2742,23.795505241964769,-0.50002409106342993,0,0,0,0,0,0.70705438975509693
2743,23.804183398508155,-0.50002413416017299,0,0,0,0,0,0.70705435926591775
2744,23.812861555051544,-0.50002416907697389,0,0,0,0,0,0.70705433456075006
2745,23.82153971159493,-0.50002412390809803,0,0,0,0,0,0.70705436649480902
2746,23.830217868138316,-0.50002414710206566,0,0,0,0,0,0.70705435008239803
2747,23.838896024681702,-0.50002409714968821,0,0,0,0,0,0.70705438539939891
2748,23.847574181225088,-0.50002412178058653,0,0,0,0,0,0.70705436797003074
2749,23.856252337768474,-0.50002409928488878,0,0,0,0,0,0.70705438386872821
2750,23.86493049431186,-0.50002408571340728,0,0,0,0,0,0.70705439345656629
2751,23.873608650855246,-0.50002407179859265,0,0,0,0,0,0.70705440328746505
2752,23.882286807398632,-0.50002408616326488,0,0,0,0,0,0.70705439311894125
2753,23.890964963942018,-0.50002411941322222,0,0,0,0,0,0.70705436959289791
2754,23.899643120485404,-0.50002406852783776,0,0,0,0,0,0.70705440557210153
2755,23.90832127702879,-0.50002409768808109,0,0,0,0,0,0.70705438493965644
2756,23.916999433572176,-0.50002409713941576,0,0,0,0,0,0.70705438531976483
2757,23.925677590115562,-0.50002415001311096,0,0,0,0,0,0.70705434791613975
2758,23.934355746658948,-0.50002413685230573,0,0,0,0,0,0.70705435721324505
2759,23.943033903202334,-0.50002417820986611,0,0,0,0,0,0.70705432795591427
2760,23.95171205974572,-0.50002419714757362,0,0,0,0,0,0.70705431455339607
2761,23.960390216289106,-0.50002415589185889,0,0,0,0,0,0.70705434372369247
2762,23.969068372832492,-0.50002418026211926,0,0,0,0,0,0.70705432648031241
2763,23.977746529375878,-0.50002421096877703,0,0,0,0,0,0.70705430475622855
2764,23.986424685919264,-0.5000242166293567,0,0,0,0,0,0.70705430074296771
2765,23.99510284246265,-0.50002419740307036,0,0,0,0,0,0.70705431433344401
2766,24.003780999006036,-0.50002422318041839,0,0,0,0,0,0.70705429609519044
2767,24.012459155549422,-0.50002422730663643,0,0,0,0,0,0.70705429317080259
2768,24.021137312092808,-0.50002416096493207,0,0,0,0,0,0.70705434008293366
2769,24.029815468636194,-0.50002417916819397,0,0,0,0,0,0.70705432720151506
2770,24.03849362517958,-0.50002419121184061,0,0,0,0,0,0.70705431867720492
2771,24.04717178172297,-0.5000241819281821,0,0,0,0,0,0.70705432523719303
2772,24.055849938266356,-0.50002416436739128,0,0,0,0,0,0.70705433765013126
2773,24.064528094809742,-0.50002419613231219,0,0,0,0,0,0.70705431517698614
2774,24.073206251353128,-0.50002418520517744,0,0,0,0,0,0.70705432289800996
2775,24.081884407896514,-0.50002415505919617,0,0,0,0,0,0.70705434421278568
2776,24.0905625644399,-0.50002417761137385,0,0,0,0,0,0.70705432825511672
2777,24.099240720983286,-0.50002415515831877,0,0,0,0,0,0.70705434412891588
2778,24.107918877526672,-0.50002412977060728,0,0,0,0,0,0.70705436207732575
2779,24.116597034070058,-0.50002414234716275,0,0,0,0,0,0.70705435317645993
2780,24.125275190613443,-0.50002416539421823,0,0,0,0,0,0.70705433686900676
2781,24.133953347156829,-0.5000241762734321,0,0,0,0,0,0.70705432916801669
2782,24.142631503700215,-0.50002416131967675,0,0,0,0,0,0.70705433973851761
2783,24.151309660243601,-0.5000241989775196,0,0,0,0,0,0.70705431309910161
2784,24.159987816786987,-0.50002421648966056,0,0,0,0,0,0.70705430070807296
2785,24.168665973330373,-0.50002423927577377,0,0,0,0,0,0.70705428458623665
2786,24.177344129873759,-0.50002425619177404,0,0,0,0,0,0.70705427261638576
2787,24.186022286417145,-0.50002429418542638,0,0,0,0,0,0.70705424574108555
2788,24.194700442960531,-0.50002431568289607,0,0,0,0,0,0.707054230531869
2789,24.203378599503917,-0.50002430275162224,0,0,0,0,0,0.70705423967338232
2790,24.212056756047303,-0.50002428603691895,0,0,0,0,0,0.70705425148960988
2791,24.220734912590689,-0.5000243261028795,0,0,0,0,0,0.70705422314881083
2792,24.229413069134075,-0.50002432220542425,0,0,0,0,0,0.70705422590258538
2793,24.238091225677461,-0.50002429905523804,0,0,0,0,0,0.70705424227287628
2794,24.246769382220847,-0.50002432713230416,0,0,0,0,0,0.70705422241150906
2795,24.255447538764233,-0.50002429442587748,0,0,0,0,0,0.7070542455391351
2796,24.264125695307619,-0.50002427251771386,0,0,0,0,0,0.70705426103077818
2797,24.272803851851009,-0.50002431948875081,0,0,0,0,0,0.70705422780811089
2798,24.281482008394395,-0.50002432909921246,0,0,0,0,0,0.70705422100689574
2799,24.290160164937781,-0.50002428351078443,0,0,0,0,0,0.70705425324722171
2800,24.298838321481167,-0.50002430318024138,0,0,0,0,0,0.7070542393340018
2801,24.307516478024553,-0.50002434004977314,0,0,0,0,0,0.70705421325649098
2802,24.316194634567939,-0.50002432478966219,0,0,0,0,0,0.70705422404672591
2803,24.324872791111325,-0.50002429008028704,0,0,0,0,0,0.70705424859223531
2804,24.333550947654711,-0.50002431449041795,0,0,0,0,0,0.70705423132613987
2805,24.342229104198097,-0.5000243187753225,0,0,0,0,0,0.70705422829354925
2806,24.350907260741483,-0.50002432874799341,0,0,0,0,0,0.70705422123960693
2807,24.359585417284869,-0.50002429364735612,0,0,0,0,0,0.70705424606278777
2808,24.368263573828255,-0.50002432909960981,0,0,0,0,0,0.7070542209881594
2809,24.376941730371641,-0.5000243319007458,0,0,0,0,0,0.70705421900497645
2810,24.385619886915027,-0.50002436331892264,0,0,0,0,0,0.70705419678354109
2811,24.394298043458413,-0.50002440962094319,0,0,0,0,0,0.70705416403519716
2812,24.402976200001799,-0.50002441924830698,0,0,0,0,0,0.70705415722550979
2813,24.411654356545185,-0.50002438493593648,0,0,0,0,0,0.70705418149367971
2814,24.420332513088571,-0.50002436981657183,0,0,0,0,0,0.70705419218618371
2815,24.429010669631957,-0.50002437319496906,0,0,0,0,0,0.70705418979812618
2816,24.437688826175343,-0.50002434522085393,0,0,0,0,0,0.70705420958184417
2817,24.446366982718729,-0.50002431624599109,0,0,0,0,0,0.70705423007285562
2818,24.455045139262115,-0.50002436193074917,0,0,0,0,0,0.70705419776231571
2819,24.463723295805501,-0.5000243402664456,0,0,0,0,0,0.70705421308439165
2820,24.472401452348887,-0.50002435783828858,0,0,0,0,0,0.70705420065705671
2821,24.481079608892273,-0.5000243632132253,0,0,0,0,0,0.70705419685516702
2822,24.489757765435659,-0.50002432548711018,0,0,0,0,0,0.70705422353868497
2823,24.498435921979048,-0.50002436758184776,0,0,0,0,0,0.70705419376811451
2824,24.507114078522434,-0.50002434652559891,0,0,0,0,0,0.70705420866191071
2825,24.51579223506582,-0.50002439068812887,0,0,0,0,0,0.70705417743001964
2826,24.524470391609206,-0.50002438689111983,0,0,0,0,0,0.70705418011781518
2827,24.533148548152592,-0.5000244115966187,0,0,0,0,0,0.70705416264749776
2828,24.541826704695978,-0.50002438100274837,0,0,0,0,0,0.70705418428633804
2829,24.550504861239364,-0.50002437774767672,0,0,0,0,0,0.7070541865909401
2830,24.55918301778275,-0.50002440687595906,0,0,0,0,0,0.70705416599228155
2831,24.567861174326136,-0.50002443791471896,0,0,0,0,0,0.70705414404330824
2832,24.576539330869522,-0.5000244222536262,0,0,0,0,0,0.70705415512289838
2833,24.585217487412908,-0.50002441443728529,0,0,0,0,0,0.70705416065570859
2834,24.593895643956294,-0.50002439988170511,0,0,0,0,0,0.70705417095392065
2835,24.60257380049968,-0.50002438139306438,0,0,0,0,0,0.70705418403474152
2836,24.611251957043066,-0.5000244210680429,0,0,0,0,0,0.70705415597825061
2837,24.619930113586452,-0.50002441406677323,0,0,0,0,0,0.70705416093277762
2838,24.628608270129838,-0.50002442864967489,0,0,0,0,0,0.70705415062163013
2839,24.637286426673224,-0.50002444670081703,0,0,0,0,0,0.70705413785804838
2840,24.64596458321661,-0.50002447798251048,0,0,0,0,0,0.70705411573856836
2841,24.654642739759996,-0.50002452809262321,0,0,0,0,0,0.70705408030323103
2842,24.663320896303382,-0.50002450257924702,0,0,0,0,0,0.70705409835243316
2843,24.671999052846768,-0.50002448301005264,0,0,0,0,0,0.70705411219699688
2844,24.680677209390154,-0.50002451502964707,0,0,0,0,0,0.70705408955665394
2845,24.68935536593354,-0.5000244878226946,0,0,0,0,0,0.70705410880543695
2846,24.698033522476926,-0.50002450533866982,0,0,0,0,0,0.70705409642130057
2847,24.706711679020312,-0.50002451053468167,0,0,0,0,0,0.70705409275227282
2848,24.715389835563698,-0.50002445601188206,0,0,0,0,0,0.70705413131966299
2849,24.724067992107088,-0.50002448390579457,0,0,0,0,0,0.70705411159719933
2850,24.732746148650474,-0.50002446551301871,0,0,0,0,0,0.7070541246132418
2851,24.74142430519386,-0.50002449479655997,0,0,0,0,0,0.70705410390762324
2852,24.750102461737246,-0.5000245517714379,0,0,0,0,0,0.70705406361846457
2853,24.758780618280632,-0.5000245081164969,0,0,0,0,0,0.70705409450007473
2854,24.767458774824018,-0.50002452564353872,0,0,0,0,0,0.70705408211118836
2855,24.776136931367404,-0.50002454290790244,0,0,0,0,0,0.70705406990647113
2856,24.78481508791079,-0.5000245181628814,0,0,0,0,0,0.70705408741557463
2857,24.793493244454176,-0.50002452581204682,0,0,0,0,0,0.70705408201311926
2858,24.802171400997562,-0.50002448904403063,0,0,0,0,0,0.70705410802422364
2859,24.810849557540948,-0.50002452180407764,0,0,0,0,0,0.70705408486254129
2860,24.819527714084334,-0.50002458515923986,0,0,0,0,0,0.70705404006223915
2861,24.82820587062772,-0.50002459288487944,0,0,0,0,0,0.70705403460654992
2862,24.836884027171106,-0.50002456773899406,0,0,0,0,0,0.70705405239931451
2863,24.845562183714492,-0.50002458607678502,0,0,0,0,0,0.70705403943833289
2864,24.854240340257878,-0.50002458318501275,0,0,0,0,0,0.70705404149130402
2865,24.862918496801264,-0.50002460522914904,0,0,0,0,0,0.70705402590817101
2866,24.87159665334465,-0.50002458521672677,0,0,0,0,0,0.70705404007115469
2867,24.880274809888036,-0.50002455529178125,0,0,0,0,0,0.70705406124484149
2868,24.888952966431422,-0.50002455815521241,0,0,0,0,0,0.70705405922765863
2869,24.897631122974808,-0.50002454567685684,0,0,0,0,0,0.70705406806244042
2870,24.906309279518194,-0.50002455244002486,0,0,0,0,0,0.70705406328678144
2871,24.91498743606158,-0.50002455880111285,0,0,0,0,0,0.7070540587967713
2872,24.923665592604966,-0.50002453499766886,0,0,0,0,0,0.70705407564110345
2873,24.932343749148352,-0.50002451947255577,0,0,0,0,0,0.70705408663046398
2874,24.941021905691738,-0.50002453688085702,0,0,0,0,0,0.70705407432754974
2875,24.949700062235124,-0.50002454094950399,0,0,0,0,0,0.70705407146064658
2876,24.958378218778513,-0.50002458991907561,0,0,0,0,0,0.70705403683697732
2877,24.967056375321899,-0.50002460829664974,0,0,0,0,0,0.70705402385081939
2878,24.975734531865285,-0.50002463655147555,0,0,0,0,0,0.70705400387866923
2879,24.984412688408671,-0.50002465618101311,0,0,0,0,0,0.70705399000652491
2880,24.993090844952057,-0.5000246922083319,0,0,0,0,0,0.70705396453575631
2881,25.001769001495443,-0.50002469737524702,0,0,0,0,0,0.70705396089209671
2882,25.010447158038829,-0.50002474740085578,0,0,0,0,0,0.70705392552436663
2883,25.019125314582215,-0.50002475901856613,0,0,0,0,0,0.70705391731926426
2884,25.027803471125601,-0.50002480720809728,0,0,0,0,0,0.70705388324873297
2885,25.036481627668987,-0.50002482643704504,0,0,0,0,0,0.70705386965984474
2886,25.045159784212373,-0.50002482294250983,0,0,0,0,0,0.70705387214242066
2887,25.053837940755759,-0.50002482284116645,0,0,0,0,0,0.70705387222651694
2888,25.062516097299145,-0.50002481372813579,0,0,0,0,0,0.707053878683638
2889,25.071194253842531,-0.50002479036738645,0,0,0,0,0,0.70705389521587136
2890,25.079872410385917,-0.50002475910326205,0,0,0,0,0,0.7070539173378414
2891,25.088550566929303,-0.50002473080070287,0,0,0,0,0,0.70705393736398392
2892,25.097228723472689,-0.50002470997670212,0,0,0,0,0,0.707053952102914
2893,25.105906880016075,-0.50002470975746904,0,0,0,0,0,0.70705395227066248
2894,25.114585036559461,-0.50002472533541442,0,0,0,0,0,0.70705394126577303
2895,25.123263193102847,-0.50002470859171477,0,0,0,0,0,0.70705395311941288
2896,25.131941349646233,-0.50002469212348999,0,0,0,0,0,0.70705396477728222
2897,25.140619506189619,-0.50002468430122948,0,0,0,0,0,0.70705397032210016
2898,25.149297662733005,-0.50002464712055228,0,0,0,0,0,0.70705399662843504
2899,25.157975819276391,-0.50002462992938301,0,0,0,0,0,0.7070540087985826
2900,25.166653975819777,-0.50002464386556611,0,0,0,0,0,0.70705399895575027
2901,25.175332132363163,-0.50002459028873059,0,0,0,0,0,0.7070540368585192
2902,25.184010288906553,-0.50002456602316581,0,0,0,0,0,0.70705405403223232
2903,25.192688445449939,-0.50002456405571061,0,0,0,0,0,0.70705405543577537
2904,25.201366601993325,-0.50002457958189506,0,0,0,0,0,0.70705404446722575
2905,25.210044758536711,-0.50002456623763403,0,0,0,0,0,0.70705405391666876
2906,25.218722915080097,-0.50002455941737167,0,0,0,0,0,0.70705405875312977
2907,25.227401071623483,-0.50002461016477795,0,0,0,0,0,0.70705402287553554
2908,25.236079228166869,-0.50002460800266513,0,0,0,0,0,0.7070540244172312
2909,25.244757384710255,-0.50002460435768759,0,0,0,0,0,0.70705402700880882
2910,25.253435541253641,-0.5000246069626223,0,0,0,0,0,0.70705402517993043
2911,25.262113697797027,-0.50002461002789345,0,0,0,0,0,0.70705402302417397
2912,25.270791854340413,-0.50002458235579739,0,0,0,0,0,0.70705404260826654
2913,25.279470010883799,-0.50002457642668918,0,0,0,0,0,0.70705404681507744
2914,25.288148167427185,-0.50002456808082552,0,0,0,0,0,0.70705405273104827
2915,25.296826323970571,-0.50002458734605815,0,0,0,0,0,0.70705403911959674
2916,25.305504480513957,-0.5000246008752316,0,0,0,0,0,0.7070540295648402
2917,25.314182637057343,-0.50002456893830982,0,0,0,0,0,0.70705405216458628
2918,25.322860793600729,-0.50002453796754098,0,0,0,0,0,0.707054074080669
2919,25.331538950144115,-0.50002455368460608,0,0,0,0,0,0.70705406297900497
2920,25.340217106687501,-0.50002460768275503,0,0,0,0,0,0.70705402480362478
2921,25.348895263230887,-0.50002463667868313,0,0,0,0,0,0.70705400431065346
2922,25.357573419774273,-0.50002463424690236,0,0,0,0,0,0.70705400604419211
2923,25.366251576317659,-0.50002464293407411,0,0,0,0,0,0.70705399991388962
2924,25.374929732861045,-0.50002465566747512,0,0,0,0,0,0.7070539909225384
2925,25.383607889404431,-0.50002472165087075,0,0,0,0,0,0.70705394427214241
2926,25.392286045947817,-0.5000247417042617,0,0,0,0,0,0.70705393010333917
2927,25.400964202491203,-0.5000246870092514,0,0,0,0,0,0.7070539687982822
2928,25.409642359034592,-0.50002468565159319,0,0,0,0,0,0.70705396977236989
2929,25.418320515577978,-0.5000246834892228,0,0,0,0,0,0.7070539713158901
2930,25.426998672121364,-0.50002466844768578,0,0,0,0,0,0.70705398196802394
2931,25.43567682866475,-0.50002469650901182,0,0,0,0,0,0.7070539621368227
2932,25.444354985208136,-0.50002470233506791,0,0,0,0,0,0.70705395802963888
2933,25.453033141751522,-0.50002472571557077,0,0,0,0,0,0.70705394150902379
2934,25.461711298294908,-0.50002472882687188,0,0,0,0,0,0.70705393932316418
2935,25.470389454838294,-0.50002474426166088,0,0,0,0,0,0.70705392842121539
2936,25.47906761138168,-0.50002471801514337,0,0,0,0,0,0.70705394699739343
2937,25.487745767925066,-0.5000247739129593,0,0,0,0,0,0.70705390748042274
2938,25.496423924468452,-0.50002476788748806,0,0,0,0,0,0.70705391175553167
2939,25.505102081011838,-0.50002474471686242,0,0,0,0,0,0.70705392815566992
2940,25.513780237555224,-0.50002479436475711,0,0,0,0,0,0.70705389305837651
2941,25.52245839409861,-0.50002476544505581,0,0,0,0,0,0.70705391352495361
2942,25.531136550641996,-0.5000247194770634,0,0,0,0,0,0.70705394604755711
2943,25.539814707185382,-0.50002473858156571,0,0,0,0,0,0.7070539325507017
2944,25.548492863728768,-0.50002474704181088,0,0,0,0,0,0.70705392658134059
2945,25.557171020272154,-0.50002477393460465,0,0,0,0,0,0.70705390757714937
2946,25.56584917681554,-0.50002477448517224,0,0,0,0,0,0.70705390720202399
2947,25.574527333358926,-0.50002480880662581,0,0,0,0,0,0.70705388294407423
2948,25.583205489902312,-0.50002483871779657,0,0,0,0,0,0.7070538618052471
2949,25.591883646445698,-0.50002481131430121,0,0,0,0,0,0.70705388119896584
2950,25.600561802989084,-0.50002477913904886,0,0,0,0,0,0.70705390396739753
2951,25.60923995953247,-0.50002477997309425,0,0,0,0,0,0.70705390339119845
2952,25.617918116075856,-0.50002481310386748,0,0,0,0,0,0.70705387997531632
2953,25.626596272619242,-0.50002486184646688,0,0,0,0,0,0.70705384551878825
2954,25.635274429162632,-0.50002481248553954,0,0,0,0,0,0.70705388044095718
2955,25.643952585706018,-0.50002482448573737,0,0,0,0,0,0.70705387196808933
2956,25.652630742249404,-0.50002478898726754,0,0,0,0,0,0.70705389708628419
2957,25.66130889879279,-0.50002480967428409,0,0,0,0,0,0.70705388247005718
2958,25.669987055336176,-0.50002480930645965,0,0,0,0,0,0.70705388274350223
2959,25.678665211879562,-0.50002475861412266,0,0,0,0,0,0.70705391860646394
2960,25.687343368422948,-0.50002474577828238,0,0,0,0,0,0.7070539276973915
2961,25.696021524966334,-0.50002477052302385,0,0,0,0,0,0.70705391021157915
2962,25.70469968150972,-0.50002479205954575,0,0,0,0,0,0.70705389499534288
2963,25.713377838053106,-0.50002483157262945,0,0,0,0,0,0.70705386706546003
2964,25.722055994596492,-0.50002479590454507,0,0,0,0,0,0.7070538923036731
2965,25.730734151139877,-0.50002479300253599,0,0,0,0,0,0.70705389436971
2966,25.739412307683263,-0.50002475808692459,0,0,0,0,0,0.70705391907513171
2967,25.748090464226649,-0.5000247974158234,0,0,0,0,0,0.70705389127558327
2968,25.756768620770035,-0.50002479458207072,0,0,0,0,0,0.70705389329368185
2969,25.765446777313421,-0.50002482680955151,0,0,0,0,0,0.7070538705161562
2970,25.774124933856807,-0.50002486374726862,0,0,0,0,0,0.70705384440726604
2971,25.782803090400193,-0.50002484650804246,0,0,0,0,0,0.70705385661204723
2972,25.791481246943579,-0.50002483056417835,0,0,0,0,0,0.70705386790123859
2973,25.800159403486965,-0.50002477773775778,0,0,0,0,0,0.70705390527251533
2974,25.808837560030351,-0.50002474980204115,0,0,0,0,0,0.70705392504072861
2975,25.817515716573737,-0.50002473364357636,0,0,0,0,0,0.70705393648082904
2976,25.826193873117123,-0.50002475106032096,0,0,0,0,0,0.70705392417681878
2977,25.834872029660509,-0.50002477178615867,0,0,0,0,0,0.7070539095320818
2978,25.843550186203895,-0.5000247716465992,0,0,0,0,0,0.70705390964310411
2979,25.852228342747281,-0.50002474502912586,0,0,0,0,0,0.70705392847939663
2980,25.860906499290667,-0.50002474112884465,0,0,0,0,0,0.70705393124977256
2981,25.869584655834057,-0.5000247007597699,0,0,0,0,0,0.70705395981093311
2982,25.878262812377443,-0.50002470021019374,0,0,0,0,0,0.7070539602127921
2983,25.886940968920829,-0.5000246681301963,0,0,0,0,0,0.70705398291186938
2984,25.895619125464215,-0.50002469022593188,0,0,0,0,0,0.70705396729830916
2985,25.904297282007601,-0.50002467662497008,0,0,0,0,0,0.70705397692859506
2986,25.912975438550987,-0.50002469028529506,0,0,0,0,0,0.70705396727962189
2987,25.921653595094373,-0.50002471888257316,0,0,0,0,0,0.70705394706820357
2988,25.930331751637759,-0.50002473950031778,0,0,0,0,0,0.70705393249912341
2989,25.939009908181145,-0.50002474350923043,0,0,0,0,0,0.70705392967617797
2990,25.947688064724531,-0.50002473116306057,0,0,0,0,0,0.70705393841820552
2991,25.956366221267917,-0.50002478009988116,0,0,0,0,0,0.70705390382346422
2992,25.965044377811303,-0.50002478648519522,0,0,0,0,0,0.70705389931939422
2993,25.973722534354689,-0.50002478099532011,0,0,0,0,0,0.70705390321477779
2994,25.982400690898075,-0.50002474873987179,0,0,0,0,0,0.70705392603796469
2995,25.991078847441461,-0.50002472079829641,0,0,0,0,0,0.7070539458087346
2996,25.999757003984847,-0.50002471890605382,0,0,0,0,0,0.70705394715833769
2997,26.008435160528233,-0.50002471399248716,0,0,0,0,0,0.70705395064456766
2998,26.017113317071619,-0.50002471996274556,0,0,0,0,0,0.70705394643352903
2999,26.025791473615005,-0.5000247333187452,0,0,0,0,0,0.70705393700027841
3000,26.034469630158391,-0.50002470207602101,0,0,0,0,0,0.7070539591043854
3001,26.043147786701777,-0.50002469740174316,0,0,0,0,0,0.70705396242111007
3002,26.051825943245163,-0.50002469680091532,0,0,0,0,0,0.70705396285652355
3003,26.060504099788549,-0.50002469034092423,0,0,0,0,0,0.70705396743436921
3004,26.069182256331935,-0.50002463798579311,0,0,0,0,0,0.70705400446838951
3005,26.077860412875321,-0.50002460695280915,0,0,0,0,0,0.70705402642468229
3006,26.086538569418707,-0.50002462052973695,0,0,0,0,0,0.70705401683298064
3007,26.095216725962096,-0.50002465428547271,0,0,0,0,0,0.70705399297194305
3008,26.103894882505482,-0.50002464960555848,0,0,0,0,0,0.70705399629056309
3009,26.112573039048868,-0.5000246790242342,0,0,0,0,0,0.70705397549572169
3010,26.121251195592254,-0.50002470899689622,0,0,0,0,0,0.70705395430947959
3011,26.12992935213564,-0.50002473461415953,0,0,0,0,0,0.70705393620336032
3012,26.138607508679026,-0.50002474171025146,0,0,0,0,0,0.70705393119382443
3013,26.147285665222412,-0.50002470487401751,0,0,0,0,0,0.70705395725292775
3014,26.155963821765798,-0.50002468156708491,0,0,0,0,0,0.70705397374388568
3015,26.164641978309184,-0.50002466213133323,0,0,0,0,0,0.70705398749613124
3016,26.17332013485257,-0.50002466262200485,0,0,0,0,0,0.70705398715845647
3017,26.181998291395956,-0.50002468635389641,0,0,0,0,0,0.7070539703844112
3018,26.190676447939342,-0.5000246644074926,0,0,0,0,0,0.70705398591258017
3019,26.199354604482728,-0.50002461121602748,0,0,0,0,0,0.70705402353591396
3020,26.208032761026114,-0.50002462968321204,0,0,0,0,0,0.7070540104846188
3021,26.2167109175695,-0.50002463981583112,0,0,0,0,0,0.70705400332757584
3022,26.225389074112886,-0.50002458736388589,0,0,0,0,0,0.70705404042751496
3023,26.234067230656272,-0.50002460090200274,0,0,0,0,0,0.70705403086153851
3024,26.242745387199658,-0.50002464343875408,0,0,0,0,0,0.70705400078902869
3025,26.251423543743044,-0.50002466375126242,0,0,0,0,0,0.70705398643237771
3026,26.26010170028643,-0.50002470345181071,0,0,0,0,0,0.70705395836583662
3027,26.268779856829816,-0.50002469990918341,0,0,0,0,0,0.70705396087775085
3028,26.277458013373202,-0.50002467422488917,0,0,0,0,0,0.70705397904793799
3029,26.286136169916588,-0.50002470374949659,0,0,0,0,0,0.70705395817644501
3030,26.294814326459974,-0.50002465800711782,0,0,0,0,0,0.707053990530504
3031,26.30349248300336,-0.50002464801683155,0,0,0,0,0,0.70705399760256427
3032,26.312170639546746,-0.50002462282592874,0,0,0,0,0,0.70705401542295832
3033,26.320848796090136,-0.50002460414150207,0,0,0,0,0,0.70705402864249756
3034,26.329526952633522,-0.50002461175492829,0,0,0,0,0,0.70705402326473532
3035,26.338205109176908,-0.50002458424996787,0,0,0,0,0,0.70705404272122863
3036,26.346883265720294,-0.50002458055756949,0,0,0,0,0,0.70705404533829874
3037,26.35556142226368,-0.50002461825132294,0,0,0,0,0,0.70705401868878948
3038,26.364239578807066,-0.50002460072796917,0,0,0,0,0,0.70705403108638532
3039,26.372917735350452,-0.50002460946229788,0,0,0,0,0,0.70705402491503477
3040,26.381595891893838,-0.50002463102486139,0,0,0,0,0,0.70705400967234322
3041,26.390274048437224,-0.50002467934812278,0,0,0,0,0,0.70705397550519677
3042,26.39895220498061,-0.50002468660766575,0,0,0,0,0,0.7070539703765224
3043,26.407630361523996,-0.50002470524110276,0,0,0,0,0,0.70705395720495723
3044,26.416308518067382,-0.50002471414855698,0,0,0,0,0,0.70705395091054513
3045,26.424986674610768,-0.50002472539978138,0,0,0,0,0,0.70705394295871571
3046,26.433664831154154,-0.50002474547864073,0,0,0,0,0,0.70705392876399609
3047,26.44234298769754,-0.50002472296966971,0,0,0,0,0,0.7070539446855526
3048,26.451021144240926,-0.50002468326994465,0,0,0,0,0,0.70705397276348947
3049,26.459699300784312,-0.50002472241950724,0,0,0,0,0,0.70705394508264696
3050,26.468377457327698,-0.50002467370257275,0,0,0,0,0,0.70705397953652849
3051,26.477055613871084,-0.500024659296472,0,0,0,0,0,0.70705398972722744
3052,26.48573377041447,-0.50002467382744853,0,0,0,0,0,0.70705397945488802
3053,26.494411926957856,-0.50002469867402344,0,0,0,0,0,0.70705396188758507
3054,26.503090083501242,-0.50002468918903087,0,0,0,0,0,0.7070539685977475
3055,26.511768240044628,-0.50002473137605219,0,0,0,0,0,0.70705393876779277
3056,26.520446396588014,-0.50002477702719406,0,0,0,0,0,0.70705390648801725
3057,26.5291245531314,-0.50002477683722057,0,0,0,0,0,0.70705390662473899
3058,26.537802709674786,-0.50002480194715571,0,0,0,0,0,0.70705388887039033
3059,26.546480866218175,-0.50002474508011918,0,0,0,0,0,0.70705392908628295
3060,26.555159022761561,-0.50002476413018715,0,0,0,0,0,0.70705391561699571
3061,26.563837179304947,-0.50002475312018324,0,0,0,0,0,0.70705392340445927
3062,26.572515335848333,-0.50002476174946786,0,0,0,0,0,0.70705391730378264
3063,26.581193492391719,-0.50002479909823327,0,0,0,0,0,0.70705389089390214
3064,26.589871648935105,-0.50002483583113633,0,0,0,0,0,0.70705386491927835
3065,26.598549805478491,-0.50002482757283606,0,0,0,0,0,0.70705387076009107
3066,26.607227962021877,-0.50002479941799505,0,0,0,0,0,0.70705389067084989
3067,26.615906118565263,-0.50002477155036928,0,0,0,0,0,0.70705391037818488
3068,26.624584275108649,-0.50002471576654084,0,0,0,0,0,0.70705394982649272
3069,26.633262431652035,-0.50002468405268818,0,0,0,0,0,0.70705397225332933
3070,26.641940588195421,-0.50002473867512764,0,0,0,0,0,0.7070539336270415
3071,26.650618744738807,-0.50002475926806356,0,0,0,0,0,0.70705391906479964
3072,26.659296901282193,-0.50002478970791941,0,0,0,0,0,0.70705389753896442
3073,26.667975057825579,-0.50002474057973167,0,0,0,0,0,0.70705393227982216
3074,26.676653214368965,-0.50002477134736134,0,0,0,0,0,0.70705391052188715
3075,26.685331370912351,-0.50002479890657037,0,0,0,0,0,0.70705389103262162
3076,26.694009527455737,-0.500024785782337,0,0,0,0,0,0.70705390031258553
3077,26.702687683999123,-0.50002482380275926,0,0,0,0,0,0.70705387342528814
3078,26.711365840542509,-0.50002482261788261,0,0,0,0,0,0.70705387426198341
3079,26.720043997085895,-0.50002482042494834,0,0,0,0,0,0.70705387581138579
3080,26.728722153629281,-0.50002481655966358,0,0,0,0,0,0.70705387854315915
3081,26.737400310172667,-0.5000247973165568,0,0,0,0,0,0.70705389214922376
3082,26.746078466716053,-0.50002479249682741,0,0,0,0,0,0.707053895555529
3083,26.754756623259439,-0.50002481802823195,0,0,0,0,0,0.70705387749888349
3084,26.763434779802825,-0.50002476663500228,0,0,0,0,0,0.70705391383949534
3085,26.772112936346211,-0.50002474478656944,0,0,0,0,0,0.70705392928729127
3086,26.780791092889601,-0.50002473282117099,0,0,0,0,0,0.70705393774589176
3087,26.789469249432987,-0.50002472428512645,0,0,0,0,0,0.7070539437793828
3088,26.798147405976373,-0.50002473061409514,0,0,0,0,0,0.70705393930069915
3089,26.806825562519759,-0.50002474747587633,0,0,0,0,0,0.70705392737368378
3090,26.815503719063145,-0.50002473597769836,0,0,0,0,0,0.70705393550118334
3091,26.824181875606531,-0.50002471808917448,0,0,0,0,0,0.7070539481475997
3092,26.832860032149917,-0.50002468683123225,0,0,0,0,0,0.70705397024827032
3093,26.841538188693303,-0.50002466539810941,0,0,0,0,0,0.70705398540112929
3094,26.850216345236689,-0.50002464723397855,0,0,0,0,0,0.70705399824192749
3095,26.858894501780075,-0.50002463830355703,0,0,0,0,0,0.70705400455320344
3096,26.867572658323461,-0.50002465452411249,0,0,0,0,0,0.70705399307859018
3097,26.876250814866847,-0.50002460658364867,0,0,0,0,0,0.70705402697548481
3098,26.884928971410233,-0.50002460251286618,0,0,0,0,0,0.70705402984930465
3099,26.893607127953619,-0.50002461648928642,0,0,0,0,0,0.70705401996112371
3100,26.902285284497005,-0.50002461534010634,0,0,0,0,0,0.70705402076879276
3101,26.910963441040391,-0.50002461748494587,0,0,0,0,0,0.70705401924676892
3102,26.919641597583777,-0.50002463652596085,0,0,0,0,0,0.70705400577628907
3103,26.928319754127163,-0.50002466396879508,0,0,0,0,0,0.70705398636419403
3104,26.936997910670549,-0.50002463747056325,0,0,0,0,0,0.70705400509710969
3105,26.945676067213935,-0.5000246760930751,0,0,0,0,0,0.70705397777914047
3106,26.954354223757321,-0.50002469065075317,0,0,0,0,0,0.70705396747831273
3107,26.963032380300707,-0.50002473612449372,0,0,0,0,0,0.70705393531531158
3108,26.971710536844093,-0.50002472577316359,0,0,0,0,0,0.70705394262876453
3109,26.980388693387479,-0.50002476772547622,0,0,0,0,0,0.70705391295528486
3110,26.989066849930865,-0.5000248316476511,0,0,0,0,0,0.70705386774553958
3111,26.997745006474251,-0.50002486543669444,0,0,0,0,0,0.70705384384452863
3112,27.00642316301764,-0.50002489567585595,0,0,0,0,0,0.70705382245337933
3113,27.015101319561026,-0.50002487556271535,0,0,0,0,0,0.70705383666935617
3114,27.023779476104412,-0.50002490333322502,0,0,0,0,0,0.70705381702423153
3115,27.032457632647798,-0.50002493279693849,0,0,0,0,0,0.70705379618149067
3116,27.041135789191184,-0.50002492569815027,0,0,0,0,0,0.70705380119438743
3117,27.04981394573457,-0.50002496322513523,0,0,0,0,0,0.70705377464899577
3118,27.058492102277956,-0.50002497333404061,0,0,0,0,0,0.70705376749309856
3119,27.067170258821342,-0.50002503357790895,0,0,0,0,0,0.70705372488330021
3120,27.075848415364728,-0.50002503037076207,0,0,0,0,0,0.70705372714273906
3121,27.084526571908114,-0.50002498803497353,0,0,0,0,0,0.70705375707300533
3122,27.0932047284515,-0.50002498222095859,0,0,0,0,0,0.7070537611753771
3123,27.101882884994886,-0.50002499557678781,0,0,0,0,0,0.70705375172211404
3124,27.110561041538272,-0.50002499357093033,0,0,0,0,0,0.70705375313218255
3125,27.119239198081658,-0.50002498183204602,0,0,0,0,0,0.70705376142504939
3126,27.127917354625044,-0.50002500004662509,0,0,0,0,0,0.70705374853587344
3127,27.13659551116843,-0.5000249358359915,0,0,0,0,0,0.7070537939342465
3128,27.145273667711816,-0.50002492014053468,0,0,0,0,0,0.70705380502379178
3129,27.153951824255202,-0.50002487957687225,0,0,0,0,0,0.70705383369942254
3130,27.162629980798588,-0.50002485828677667,0,0,0,0,0,0.70705384874501931
3131,27.171308137341974,-0.50002485551440568,0,0,0,0,0,0.70705385069587123
3132,27.17998629388536,-0.50002483230006434,0,0,0,0,0,0.70705386710172746
3133,27.188664450428746,-0.50002478455133792,0,0,0,0,0,0.70705390085789688
3134,27.197342606972132,-0.50002476227777737,0,0,0,0,0,0.7070539165980172
3135,27.206020763515518,-0.50002474593980739,0,0,0,0,0,0.70705392814079637
3136,27.214698920058904,-0.50002473419419624,0,0,0,0,0,0.70705393643603465
3137,27.22337707660229,-0.50002472613963855,0,0,0,0,0,0.70705394212185269
3138,27.23205523314568,-0.50002473728468078,0,0,0,0,0,0.70705393422991492
3139,27.240733389689066,-0.50002476021702058,0,0,0,0,0,0.70705391800236228
3140,27.249411546232452,-0.50002472351904892,0,0,0,0,0,0.70705394394385834
3141,27.258089702775838,-0.50002475238961985,0,0,0,0,0,0.7070539235157014
3142,27.266767859319224,-0.50002477135957113,0,0,0,0,0,0.70705391008925389
3143,27.27544601586261,-0.50002477182847982,0,0,0,0,0,0.70705390974707427
3144,27.284124172405996,-0.50002475983394412,0,0,0,0,0,0.70705391821821983
3145,27.292802328949382,-0.50002478855369703,0,0,0,0,0,0.70705389789679707
3146,27.301480485492768,-0.50002474096265792,0,0,0,0,0,0.70705393154129403
3147,27.310158642036154,-0.50002477247016475,0,0,0,0,0,0.70705390924744904
3148,27.31883679857954,-0.50002472929097741,0,0,0,0,0,0.70705393977147324
3149,27.327514955122925,-0.5000246864612844,0,0,0,0,0,0.70705397004783066
3150,27.336193111666311,-0.50002465849094579,0,0,0,0,0,0.70705398981571577
3151,27.344871268209697,-0.50002468234975406,0,0,0,0,0,0.70705397293084005
3152,27.353549424753083,-0.50002468903026809,0,0,0,0,0,0.70705396819444566
3153,27.362227581296469,-0.50002468599133887,0,0,0,0,0,0.70705397033215434
3154,27.370905737839855,-0.50002471477869448,0,0,0,0,0,0.7070539499621038
3155,27.379583894383241,-0.50002469970077845,0,0,0,0,0,0.70705396061212866
3156,27.388262050926627,-0.50002464456024942,0,0,0,0,0,0.70705399959386384
3157,27.396940207470013,-0.5000246586302467,0,0,0,0,0,0.70705398963170829
3158,27.405618364013399,-0.50002466378735089,0,0,0,0,0,0.70705398597081182
3159,27.414296520556785,-0.50002463230691629,0,0,0,0,0,0.70705400822055253
3160,27.422974677100171,-0.50002463535562769,0,0,0,0,0,0.70705400605046798
3161,27.431652833643557,-0.50002458825797214,0,0,0,0,0,0.70705403934398703
3162,27.440330990186943,-0.50002462726397034,0,0,0,0,0,0.70705401174620697
3163,27.449009146730329,-0.5000246321098184,0,0,0,0,0,0.70705400830480158
3164,27.457687303273719,-0.50002460501680968,0,0,0,0,0,0.70705402745201873
3165,27.466365459817105,-0.50002463873148062,0,0,0,0,0,0.70705400359699411
3166,27.475043616360491,-0.50002470146830447,0,0,0,0,0,0.70705395921773206
3167,27.483721772903877,-0.50002465759307668,0,0,0,0,0,0.70705399023175186
3168,27.492399929447263,-0.50002469069855759,0,0,0,0,0,0.70705396680727439
3169,27.501078085990649,-0.50002470135259547,0,0,0,0,0,0.7070539592592695
3170,27.509756242534035,-0.50002468234614972,0,0,0,0,0,0.70705397268765324
3171,27.518434399077421,-0.50002468279210677,0,0,0,0,0,0.70705397235749068
3172,27.527112555620807,-0.5000247002528081,0,0,0,0,0,0.70705395999539356
3173,27.535790712164193,-0.50002472697382616,0,0,0,0,0,0.70705394108450514
3174,27.544468868707579,-0.50002477392994149,0,0,0,0,0,0.7070539078637168
3175,27.553147025250965,-0.50002478849846543,0,0,0,0,0,0.70705389754689429
3176,27.561825181794351,-0.50002480653212411,0,0,0,0,0,0.70705388477928732
3177,27.570503338337737,-0.50002477831242742,0,0,0,0,0,0.70705390472200502
3178,27.579181494881123,-0.5000248306231827,0,0,0,0,0,0.70705386771480416
3179,27.587859651424509,-0.50002478791679694,0,0,0,0,0,0.70705389790279227
3180,27.596537807967895,-0.50002480676229966,0,0,0,0,0,0.70705388456121798
3181,27.605215964511281,-0.50002485125676821,0,0,0,0,0,0.70705385308087898
3182,27.613894121054667,-0.50002488674851731,0,0,0,0,0,0.70705382796749761
3183,27.622572277598053,-0.50002491004983818,0,0,0,0,0,0.70705381147507307
3184,27.631250434141439,-0.5000249098143813,0,0,0,0,0,0.70705381162693248
3185,27.639928590684825,-0.50002489100934666,0,0,0,0,0,0.70705382491142332
3186,27.648606747228211,-0.50002492375326801,0,0,0,0,0,0.70705380174001564
3187,27.657284903771597,-0.50002495767352806,0,0,0,0,0,0.70705377773811406
3188,27.665963060314983,-0.50002495609056374,0,0,0,0,0,0.70705377884312381
3189,27.674641216858369,-0.50002495700259642,0,0,0,0,0,0.70705377818490156
3190,27.683319373401755,-0.50002495009879311,0,0,0,0,0,0.70705378305246414
3191,27.691997529945144,-0.50002491963459095,0,0,0,0,0,0.70705380458256062
3192,27.70067568648853,-0.50002492165077683,0,0,0,0,0,0.70705380314288002
3193,27.709353843031916,-0.50002485326789381,0,0,0,0,0,0.707053851488878
3194,27.718031999575302,-0.5000248585290249,0,0,0,0,0,0.70705384775338587
3195,27.726710156118688,-0.50002484076330656,0,0,0,0,0,0.70705386030233974
3196,27.735388312662074,-0.50002489111714243,0,0,0,0,0,0.70705382467738054
3197,27.74406646920546,-0.50002485904067906,0,0,0,0,0,0.70705384734796806
3198,27.752744625748846,-0.50002480759116419,0,0,0,0,0,0.70705388371860745
3199,27.761422782292232,-0.5000248204782044,0,0,0,0,0,0.70705387459028279
3200,27.770100938835618,-0.5000248828086693,0,0,0,0,0,0.70705383049623072
3201,27.778779095379004,-0.50002490578253256,0,0,0,0,0,0.70705381423508606
3202,27.78745725192239,-0.50002490554045886,0,0,0,0,0,0.70705381439216575
3203,27.796135408465776,-0.50002494363711969,0,0,0,0,0,0.70705378743585734
3204,27.804813565009162,-0.50002498279271124,0,0,0,0,0,0.70705375973090034
3205,27.813491721552548,-0.50002497207865204,0,0,0,0,0,0.70705376729345426
3206,27.822169878095934,-0.50002496443519617,0,0,0,0,0,0.7070537726845737
3207,27.83084803463932,-0.5000249995103474,0,0,0,0,0,0.70705374786447917
3208,27.839526191182706,-0.50002499427250791,0,0,0,0,0,0.70705375155530614
3209,27.848204347726092,-0.50002495753776843,0,0,0,0,0,0.70705377752053877
3210,27.856882504269478,-0.5000249796608256,0,0,0,0,0,0.70705376186084223
3211,27.865560660812864,-0.50002499429718728,0,0,0,0,0,0.70705375149606287
3212,27.87423881735625,-0.5000249770126004,0,0,0,0,0,0.70705376370595929
3213,27.882916973899636,-0.50002503444622015,0,0,0,0,0,0.70705372307445091
3214,27.891595130443022,-0.50002509014497065,0,0,0,0,0,0.70705368366967569
3215,27.900273286986408,-0.50002511158868668,0,0,0,0,0,0.70705366849046847
3216,27.908951443529794,-0.50002513874370125,0,0,0,0,0,0.70705364927145631
3217,27.917629600073184,-0.50002513815502059,0,0,0,0,0,0.70705364967408357
3218,27.92630775661657,-0.50002515675171433,0,0,0,0,0,0.70705363650886355
3219,27.934985913159956,-0.50002513126882042,0,0,0,0,0,0.70705365451740398
3220,27.943664069703342,-0.50002513692582107,0,0,0,0,0,0.7070536505029823
3221,27.952342226246728,-0.5000251188396867,0,0,0,0,0,0.70705366328030772
3222,27.961020382790114,-0.50002509922931693,0,0,0,0,0,0.70705367713623701
3223,27.9696985393335,-0.50002513032160278,0,0,0,0,0,0.70705365513356977
3224,27.978376695876886,-0.50002514044833724,0,0,0,0,0,0.707053647957681
3225,27.987054852420272,-0.50002514427048805,0,0,0,0,0,0.70705364524143066
3226,27.995733008963658,-0.50002517591803963,0,0,0,0,0,0.70705362284588968
3227,28.004411165507044,-0.50002518893238856,0,0,0,0,0,0.70705361362854147
3228,28.01308932205043,-0.50002522717679576,0,0,0,0,0,0.70705358656763551
3229,28.021767478593816,-0.50002526275472681,0,0,0,0,0,0.70705356139249265
3230,28.030445635137202,-0.50002527971439448,0,0,0,0,0,0.70705354938515086
3231,28.039123791680588,-0.5000253485682824,0,0,0,0,0,0.70705350067769146
3232,28.047801948223974,-0.50002533666286642,0,0,0,0,0,0.70705350908513953
3233,28.05648010476736,-0.50002537557385873,0,0,0,0,0,0.70705348155324721
3234,28.065158261310746,-0.50002534872660842,0,0,0,0,0,0.70705350052820393
3235,28.073836417854132,-0.50002541057169758,0,0,0,0,0,0.70705345677659714
3236,28.082514574397518,-0.50002539802385026,0,0,0,0,0,0.70705346563750027
3237,28.091192730940904,-0.50002538385995199,0,0,0,0,0,0.70705347564139309
3238,28.09987088748429,-0.50002536931358033,0,0,0,0,0,0.7070534859167239
3239,28.108549044027676,-0.50002537896906762,0,0,0,0,0,0.70705347907621174
3240,28.117227200571062,-0.50002535341627063,0,0,0,0,0,0.70705349713554
3241,28.125905357114448,-0.50002538404105823,0,0,0,0,0,0.70705347546481612
3242,28.134583513657834,-0.50002534122052866,0,0,0,0,0,0.70705350573643155
3243,28.143261670201223,-0.50002536896467553,0,0,0,0,0,0.70705348610402119
3244,28.151939826744609,-0.50002539986470773,0,0,0,0,0,0.7070534642387436
3245,28.160617983287995,-0.50002538307846545,0,0,0,0,0,0.70705347609875169
3246,28.169296139831381,-0.50002541461383565,0,0,0,0,0,0.70705345378278039
3247,28.177974296374767,-0.5000254071973339,0,0,0,0,0,0.70705345901666661
3248,28.186652452918153,-0.50002536907264894,0,0,0,0,0,0.70705348596752593
3249,28.195330609461539,-0.50002539671502877,0,0,0,0,0,0.70705346640743194
3250,28.204008766004925,-0.50002544322036868,0,0,0,0,0,0.7070534335069496
3251,28.212686922548311,-0.50002543681615863,0,0,0,0,0,0.70705343802476861
3252,28.221365079091697,-0.50002538711040367,0,0,0,0,0,0.7070534731670719
3253,28.230043235635083,-0.50002538326110857,0,0,0,0,0,0.70705347587763256
3254,28.238721392178469,-0.50002537304908856,0,0,0,0,0,0.70705348308964489
3255,28.247399548721855,-0.50002535779509327,0,0,0,0,0,0.70705349386738092
3256,28.256077705265241,-0.50002537408127223,0,0,0,0,0,0.70705348233896537
3257,28.264755861808627,-0.50002535661796699,0,0,0,0,0,0.70705349467872125
3258,28.273434018352013,-0.50002536828356947,0,0,0,0,0,0.70705348641759258
3259,28.282112174895399,-0.50002536922447971,0,0,0,0,0,0.70705348574104221
3260,28.290790331438785,-0.50002533284028483,0,0,0,0,0,0.70705351146256845
3261,28.299468487982171,-0.50002534339411153,0,0,0,0,0,0.70705350398948497
3262,28.308146644525557,-0.50002532133568889,0,0,0,0,0,0.70705351957952622
3263,28.316824801068943,-0.5000253307346485,0,0,0,0,0,0.70705351292326668
3264,28.325502957612329,-0.50002529768382564,0,0,0,0,0,0.70705353628739509
3265,28.334181114155715,-0.50002526446141771,0,0,0,0,0,0.70705355977456463
3266,28.342859270699101,-0.50002530677863566,0,0,0,0,0,0.70705352983662806
3267,28.351537427242487,-0.50002531261181038,0,0,0,0,0,0.70705352570139546
3268,28.360215583785873,-0.5000252856013091,0,0,0,0,0,0.70705354479398963
3269,28.368893740329263,-0.50002531764980906,0,0,0,0,0,0.70705352211920314
3270,28.377571896872649,-0.50002535052267949,0,0,0,0,0,0.70705349886015512
3271,28.386250053416035,-0.50002539314555727,0,0,0,0,0,0.70705346870662922
3272,28.394928209959421,-0.50002536914169682,0,0,0,0,0,0.70705348567340565
3273,28.403606366502807,-0.5000253754146613,0,0,0,0,0,0.70705348122910827
3274,28.412284523046193,-0.50002533402201021,0,0,0,0,0,0.70705351049592124
3275,28.420962679589579,-0.50002532468816185,0,0,0,0,0,0.70705351709018061
3276,28.429640836132965,-0.50002531034550746,0,0,0,0,0,0.70705352722672998
3277,28.438318992676351,-0.50002532611567696,0,0,0,0,0,0.70705351606476796
3278,28.446997149219737,-0.50002529531235551,0,0,0,0,0,0.70705353784165226
3279,28.455675305763123,-0.50002530160489644,0,0,0,0,0,0.70705353338433952
3280,28.464353462306509,-0.50002529544596264,0,0,0,0,0,0.70705353773202617
3281,28.473031618849895,-0.50002531063820521,0,0,0,0,0,0.7070535269801006
3282,28.481709775393281,-0.5000253422510702,0,0,0,0,0,0.70705350461561878
3283,28.490387931936667,-0.50002535683944171,0,0,0,0,0,0.70705349429049313
3284,28.499066088480053,-0.5000253135797279,0,0,0,0,0,0.70705352487939876
3285,28.507744245023439,-0.50002524816310268,0,0,0,0,0,0.70705357113841671
3286,28.516422401566825,-0.50002526337466346,0,0,0,0,0,0.7070535603720085
3287,28.525100558110211,-0.50002529516463401,0,0,0,0,0,0.7070535378820626
3288,28.533778714653597,-0.50002534120240361,0,0,0,0,0,0.70705350531588085
3289,28.542456871196983,-0.5000253380142291,0,0,0,0,0,0.70705350756442797
3290,28.551135027740369,-0.5000253598341915,0,0,0,0,0,0.70705349212530244
3291,28.559813184283755,-0.50002534278024369,0,0,0,0,0,0.7070535041807906
3292,28.568491340827141,-0.50002536744806303,0,0,0,0,0,0.70705348672747093
3293,28.577169497370527,-0.50002534707794866,0,0,0,0,0,0.70705350113030718
3294,28.585847653913913,-0.50002535309239571,0,0,0,0,0,0.70705349686985652
3295,28.594525810457299,-0.5000253759554335,0,0,0,0,0,0.70705348069517271
3296,28.603203967000688,-0.50002540696345643,0,0,0,0,0,0.70705345876048131
3297,28.611882123544074,-0.50002534909269281,0,0,0,0,0,0.70705349968458364
3298,28.62056028008746,-0.5000253222430916,0,0,0,0,0,0.70705351866960697
3299,28.629238436630846,-0.50002529338716395,0,0,0,0,0,0.70705353907344204
3300,28.637916593174232,-0.50002527524646723,0,0,0,0,0,0.70705355189828989
3301,28.646594749717618,-0.50002524663355652,0,0,0,0,0,0.7070535721307678
3302,28.655272906261004,-0.50002524470282561,0,0,0,0,0,0.70705357349131148
3303,28.66395106280439,-0.50002519471976248,0,0,0,0,0,0.70705360883812673
3304,28.672629219347776,-0.50002521133121403,0,0,0,0,0,0.70705359708560511
3305,28.681307375891162,-0.5000252296915022,0,0,0,0,0,0.707053584096343
3306,28.689985532434548,-0.50002525256804531,0,0,0,0,0,0.70705356791400931
3307,28.698663688977934,-0.50002523350952766,0,0,0,0,0,0.70705358139016949
3308,28.70734184552132,-0.5000252511906037,0,0,0,0,0,0.70705356888349868
3309,28.716020002064706,-0.50002530099150166,0,0,0,0,0,0.7070535336587116
3310,28.724698158608092,-0.50002525597812897,0,0,0,0,0,0.70705356549161791
3311,28.733376315151478,-0.50002525215238758,0,0,0,0,0,0.70705356819473142
3312,28.742054471694864,-0.50002519523373656,0,0,0,0,0,0.70705360844807741
3313,28.75073262823825,-0.50002517208587383,0,0,0,0,0,0.70705362481760936
3314,28.759410784781636,-0.50002517314087913,0,0,0,0,0,0.70705362407075478
3315,28.768088941325022,-0.50002517218511922,0,0,0,0,0,0.70705362474587596
3316,28.776767097868408,-0.50002518686395026,0,0,0,0,0,0.70705361436222258
3317,28.785445254411794,-0.50002519544488822,0,0,0,0,0,0.70705360829128505
3318,28.79412341095518,-0.50002522216757661,0,0,0,0,0,0.70705358939099927
3319,28.802801567498566,-0.50002521636171893,0,0,0,0,0,0.70705359349557151
3320,28.811479724041952,-0.50002523108088404,0,0,0,0,0,0.70705358308267396
3321,28.820157880585338,-0.50002519795374833,0,0,0,0,0,0.70705360651206917
3322,28.828836037128728,-0.50002514153478639,0,0,0,0,0,0.70705364641385882
3323,28.837514193672114,-0.50002510720050442,0,0,0,0,0,0.70705367069599523
3324,28.8461923502155,-0.50002510052916627,0,0,0,0,0,0.70705367541598774
3325,28.854870506758886,-0.50002507934579876,0,0,0,0,0,0.70705369039706123
3326,28.863548663302272,-0.50002505577994982,0,0,0,0,0,0.70705370706578052
3327,28.872226819845658,-0.50002507732674173,0,0,0,0,0,0.7070536918265844
3328,28.880904976389044,-0.50002504358859268,0,0,0,0,0,0.70705371568936293
3329,28.88958313293243,-0.50002506799070945,0,0,0,0,0,0.70705369843391574
3330,28.898261289475816,-0.50002504616760468,0,0,0,0,0,0.70705371386886384
3331,28.906939446019202,-0.50002509791152483,0,0,0,0,0,0.70705367727337398
3332,28.915617602562588,-0.5000251006494153,0,0,0,0,0,0.70705367533983365
3333,28.924295759105974,-0.50002508569232418,0,0,0,0,0,0.70705368592021134
3334,28.932973915649359,-0.50002510549357937,0,0,0,0,0,0.70705367191784418
3335,28.941652072192745,-0.50002505419391152,0,0,0,0,0,0.70705370820092384
3336,28.950330228736131,-0.50002507305656452,0,0,0,0,0,0.70705369486238179
3337,28.959008385279517,-0.50002508910763299,0,0,0,0,0,0.70705368351067421
3338,28.967686541822903,-0.50002510517764454,0,0,0,0,0,0.70705367214776804
3339,28.976364698366289,-0.50002513761220779,0,0,0,0,0,0.70705364921131142
3340,28.985042854909675,-0.50002515895589439,0,0,0,0,0,0.70705363411945243
3341,28.993721011453061,-0.50002513517367897,0,0,0,0,0,0.70705365094196826
3342,29.002399167996447,-0.50002512780142283,0,0,0,0,0,0.70705365615835092
3343,29.011077324539833,-0.50002510250178767,0,0,0,0,0,0.70705367405465069
3344,29.019755481083219,-0.50002515792264779,0,0,0,0,0,0.70705363486140027
3345,29.028433637626605,-0.50002514210611781,0,0,0,0,0,0.70705364605007515
3346,29.037111794169991,-0.5000251591526329,0,0,0,0,0,0.70705363399740584
3347,29.045789950713377,-0.50002514779280505,0,0,0,0,0,0.70705364203592413
3348,29.054468107256767,-0.50002517369342692,0,0,0,0,0,0.70705362372082248
3349,29.063146263800153,-0.50002518513759098,0,0,0,0,0,0.70705361563122082
3350,29.071824420343539,-0.50002519899555431,0,0,0,0,0,0.70705360583409149
3351,29.080502576886925,-0.50002518287612585,0,0,0,0,0,0.70705361723874205
3352,29.089180733430311,-0.50002515923087887,0,0,0,0,0,0.70705363396730991
3353,29.097858889973697,-0.50002512455539883,0,0,0,0,0,0.70705365849738699
3354,29.106537046517083,-0.50002512918890263,0,0,0,0,0,0.70705365522598873
3355,29.115215203060469,-0.5000251071369497,0,0,0,0,0,0.70705367082707271
3356,29.123893359603855,-0.50002511282880835,0,0,0,0,0,0.7070536668074805
3357,29.132571516147241,-0.50002510404693246,0,0,0,0,0,0.70705367302339184
3358,29.141249672690627,-0.50002508387426103,0,0,0,0,0,0.70705368729666063
3359,29.149927829234013,-0.50002510058577487,0,0,0,0,0,0.70705367548333697
3360,29.158605985777399,-0.50002516365556127,0,0,0,0,0,0.7070536308835127
3361,29.167284142320785,-0.50002517500037968,0,0,0,0,0,0.70705362286702034
3362,29.175962298864171,-0.50002518783795447,0,0,0,0,0,0.70705361379485243
3363,29.184640455407557,-0.50002514653873931,0,0,0,0,0,0.70705364301009155
3364,29.193318611950943,-0.50002514940749065,0,0,0,0,0,0.70705364098628198
3365,29.201996768494329,-0.50002514940273202,0,0,0,0,0,0.70705364099513179
3366,29.210674925037715,-0.50002512089730955,0,0,0,0,0,0.70705366116335622
3367,29.219353081581101,-0.50002510002690737,0,0,0,0,0,0.70705367593200563
3368,29.228031238124487,-0.5000251532938822,0,0,0,0,0,0.70705363826569467
3369,29.236709394667873,-0.5000250958723913,0,0,0,0,0,0.70705367888408865
3370,29.245387551211259,-0.50002510491043883,0,0,0,0,0,0.70705367249891804
3371,29.254065707754645,-0.50002512642910879,0,0,0,0,0,0.70705365728717062
3372,29.262743864298031,-0.5000251417855136,0,0,0,0,0,0.70705364643305124
3373,29.271422020841417,-0.50002519393543188,0,0,0,0,0,0.70705360955767738
3374,29.280100177384806,-0.50002520958739172,0,0,0,0,0,0.70705359849739224
3375,29.288778333928192,-0.50002521307659387,0,0,0,0,0,0.70705359603866924
3376,29.297456490471578,-0.50002517189939233,0,0,0,0,0,0.70705362516923387
3377,29.306134647014964,-0.50002514887654059,0,0,0,0,0,0.70705364146176741
3378,29.31481280355835,-0.5000251294861372,0,0,0,0,0,0.70705365518475283
3379,29.323490960101736,-0.50002515874531128,0,0,0,0,0,0.70705363450045233
3380,29.332169116645122,-0.50002515982903706,0,0,0,0,0,0.70705363374114327
3381,29.340847273188508,-0.50002514194535685,0,0,0,0,0,0.70705364639983159
3382,29.349525429731894,-0.50002515340601161,0,0,0,0,0,0.70705363830497703
3383,29.35820358627528,-0.50002520402833694,0,0,0,0,0,0.70705360251226423
3384,29.366881742818666,-0.50002516024238852,0,0,0,0,0,0.70705363348925943
3385,29.375559899362052,-0.50002517025153659,0,0,0,0,0,0.70705362641950842
3386,29.384238055905438,-0.50002518444897559,0,0,0,0,0,0.70705361638706421
3387,29.392916212448824,-0.50002522632540003,0,0,0,0,0,0.70705358678010555
3388,29.40159436899221,-0.50002520904891756,0,0,0,0,0,0.70705359900941289
3389,29.410272525535596,-0.50002519876931173,0,0,0,0,0,0.70705360629130354
3390,29.418950682078982,-0.50002522974205854,0,0,0,0,0,0.70705358439499655
3391,29.427628838622368,-0.50002526485881149,0,0,0,0,0,0.7070535595698324
3392,29.436306995165754,-0.50002528678729363,0,0,0,0,0,0.707053544072199
3393,29.44498515170914,-0.50002529440876153,0,0,0,0,0,0.70705353869310628
3394,29.453663308252526,-0.5000253145744048,0,0,0,0,0,0.70705352444116443
3395,29.462341464795912,-0.50002532170110414,0,0,0,0,0,0.70705351941062133
3396,29.471019621339298,-0.500025342266461,0,0,0,0,0,0.70705350487720153
3397,29.479697777882684,-0.50002533282819472,0,0,0,0,0,0.70705351156307117
3398,29.48837593442607,-0.50002535115015312,0,0,0,0,0,0.70705349861593092
3399,29.497054090969456,-0.50002535459036246,0,0,0,0,0,0.7070534961933852
3400,29.505732247512842,-0.50002534932944476,0,0,0,0,0,0.70705349992499755
3401,29.514410404056232,-0.50002536690421173,0,0,0,0,0,0.70705348750731112
3402,29.523088560599618,-0.50002537247519452,0,0,0,0,0,0.70705348357822118
3403,29.531766717143004,-0.500025396272059,0,0,0,0,0,0.70705346676034964
3404,29.54044487368639,-0.50002540442628463,0,0,0,0,0,0.70705346100569244
3405,29.549123030229776,-0.50002538984440936,0,0,0,0,0,0.70705347133049479
3406,29.557801186773162,-0.50002540158367759,0,0,0,0,0,0.70705346304030137
3407,29.566479343316548,-0.50002538951984588,0,0,0,0,0,0.70705347158448006
3408,29.575157499859934,-0.50002543375661035,0,0,0,0,0,0.70705344031123296
3409,29.58383565640332,-0.50002538885641346,0,0,0,0,0,0.70705347207797686
3410,29.592513812946706,-0.50002536831954714,0,0,0,0,0,0.70705348661351053
3411,29.601191969490092,-0.50002537003291525,0,0,0,0,0,0.70705348541447144
3412,29.609870126033478,-0.50002535123478198,0,0,0,0,0,0.70705349872151579
3413,29.618548282576864,-0.50002531552145901,0,0,0,0,0,0.70705352399077626
3414,29.62722643912025,-0.50002530706853709,0,0,0,0,0,0.70705352998181592
3415,29.635904595663636,-0.5000252808227954,0,0,0,0,0,0.70705354855580538
3416,29.644582752207022,-0.50002528480730013,0,0,0,0,0,0.70705354575117418
3417,29.653260908750408,-0.50002525447381585,0,0,0,0,0,0.70705356721740387
3418,29.661939065293794,-0.50002528196960794,0,0,0,0,0,0.7070535477847919
3419,29.67061722183718,-0.50002525063926673,0,0,0,0,0,0.70705356995514634
3420,29.679295378380566,-0.50002520987326082,0,0,0,0,0,0.70705359879975394
3421,29.687973534923952,-0.50002516111119943,0,0,0,0,0,0.70705363329827886
3422,29.696651691467338,-0.50002513656639702,0,0,0,0,0,0.70705365067093595
3423,29.705329848010724,-0.5000250802955557,0,0,0,0,0,0.70705369048108757
3424,29.71400800455411,-0.5000250365264286,0,0,0,0,0,0.70705372144981826
3425,29.722686161097496,-0.50002504050006313,0,0,0,0,0,0.70705371865348798
3426,29.731364317640882,-0.50002506793191559,0,0,0,0,0,0.70705369926678063
3427,29.740042474184271,-0.50002510334191752,0,0,0,0,0,0.70705367423762588
3428,29.748720630727657,-0.50002507811417896,0,0,0,0,0,0.70705369209251057
3429,29.757398787271043,-0.5000250640384698,0,0,0,0,0,0.70705370206034557
3430,29.766076943814429,-0.50002505979217815,0,0,0,0,0,0.70705370507793353
3431,29.774755100357815,-0.5000250736748405,0,0,0,0,0,0.70705369527351891
3432,29.783433256901201,-0.50002501764619212,0,0,0,0,0,0.70705373491106638
3433,29.792111413444587,-0.50002496374645633,0,0,0,0,0,0.7070537730440476
3434,29.800789569987973,-0.50002497751818309,0,0,0,0,0,0.70705376331842373
3435,29.809467726531359,-0.50002494464192715,0,0,0,0,0,0.707053786581886
3436,29.818145883074745,-0.50002493648960056,0,0,0,0,0,0.70705379236090593
3437,29.826824039618131,-0.50002494703622147,0,0,0,0,0,0.70705378491582449
3438,29.835502196161517,-0.50002498824194463,0,0,0,0,0,0.70705375578842999
3439,29.844180352704903,-0.50002497713634919,0,0,0,0,0,0.70705376365636852
3440,29.852858509248289,-0.50002498060247147,0,0,0,0,0,0.70705376121895669
3441,29.861536665791675,-0.50002499576338433,0,0,0,0,0,0.70705375051084141
3442,29.870214822335061,-0.50002501285300649,0,0,0,0,0,0.70705373843919195
3443,29.878892978878447,-0.50002500793762161,0,0,0,0,0,0.70705374192999981
3444,29.887571135421833,-0.50002499299518233,0,0,0,0,0,0.70705375251117553
3445,29.896249291965219,-0.50002494797434438,0,0,0,0,0,0.70705378436452015
3446,29.904927448508605,-0.50002497893170772,0,0,0,0,0,0.70705376248514218
3447,29.913605605051991,-0.50002500823466922,0,0,0,0,0,0.70705374177622105
3448,29.922283761595377,-0.50002502937276316,0,0,0,0,0,0.70705372684121537
3449,29.930961918138763,-0.50002505572666822,0,0,0,0,0,0.70705370821781677
3450,29.939640074682149,-0.50002502735450083,0,0,0,0,0,0.7070537282966346
3451,29.948318231225535,-0.50002504672099213,0,0,0,0,0,0.70705371461518951
3452,29.956996387768921,-0.50002508449884742,0,0,0,0,0,0.70705368791253098
3453,29.965674544312311,-0.50002504661338942,0,0,0,0,0,0.70705371471964296
3454,29.974352700855697,-0.50002505329949209,0,0,0,0,0,0.70705371000613604
3455,29.983030857399083,-0.50002506653466439,0,0,0,0,0,0.7070537006602462
3456,29.991709013942469,-0.50002512844202174,0,0,0,0,0,0.70705365689412569
3457,30.000387170485855,-0.5000251477434593,0,0,0,0,0,0.70705364325867281
3458,30.009065327029241,-0.50002513806094906,0,0,0,0,0,0.7070536501204191
3459,30.017743483572627,-0.50002515841251149,0,0,0,0,0,0.7070536357421755
3460,30.026421640116013,-0.50002516927680551,0,0,0,0,0,0.70705362807339345
3461,30.035099796659399,-0.50002511684467521,0,0,0,0,0,0.70705366516721369
3462,30.043777953202785,-0.50002505261410601,0,0,0,0,0,0.70705371060485622
3463,30.052456109746171,-0.5000250720907613,0,0,0,0,0,0.70705369684564434
3464,30.061134266289557,-0.5000250544232191,0,0,0,0,0,0.70705370935427481
3465,30.069812422832943,-0.5000250418777995,0,0,0,0,0,0.70705371824038332
3466,30.078490579376329,-0.50002506318655182,0,0,0,0,0,0.70705370318526606
3467,30.087168735919715,-0.500025047799181,0,0,0,0,0,0.70705371408173878
3468,30.095846892463101,-0.50002505623561655,0,0,0,0,0,0.70705370812921797
3469,30.104525049006487,-0.50002502186507647,0,0,0,0,0,0.70705373244992886
3470,30.113203205549873,-0.50002503465025583,0,0,0,0,0,0.7070537234212777
3471,30.121881362093259,-0.50002503699837098,0,0,0,0,0,0.7070537217754469
3472,30.130559518636645,-0.50002500126610683,0,0,0,0,0,0.70705374705856205
3473,30.139237675180031,-0.50002503911758733,0,0,0,0,0,0.70705372030440383
3474,30.147915831723417,-0.50002499597440853,0,0,0,0,0,0.70705375082853994
3475,30.156593988266803,-0.50002500874576961,0,0,0,0,0,0.70705374181077785
3476,30.165272144810189,-0.50002499830085811,0,0,0,0,0,0.70705374921064745
3477,30.173950301353575,-0.50002500109610004,0,0,0,0,0,0.70705374724656966
3478,30.182628457896961,-0.50002500562938701,0,0,0,0,0,0.70705374405416599
3479,30.19130661444035,-0.5000249981688889,0,0,0,0,0,0.7070537493428759
3480,30.199984770983736,-0.50002506505237709,0,0,0,0,0,0.70705370205672224
3481,30.208662927527122,-0.50002505517753659,0,0,0,0,0,0.70705370905384779
3482,30.217341084070508,-0.50002501794961951,0,0,0,0,0,0.70705373539463068
3483,30.226019240613894,-0.50002504869062792,0,0,0,0,0,0.70705371366805281
3484,30.23469739715728,-0.50002503943931276,0,0,0,0,0,0.70705372022372615
3485,30.243375553700666,-0.50002509235035431,0,0,0,0,0,0.70705368281874881
3486,30.252053710244052,-0.50002507130279494,0,0,0,0,0,0.70705369771680537
3487,30.260731866787438,-0.50002511370789193,0,0,0,0,0,0.70705366774126777
3488,30.269410023330824,-0.50002512339932115,0,0,0,0,0,0.70705366090000332
3489,30.27808817987421,-0.50002517774768718,0,0,0,0,0,0.70705362247938019
3490,30.286766336417596,-0.50002518148052522,0,0,0,0,0,0.7070536198528572
3491,30.295444492960982,-0.50002519323948602,0,0,0,0,0,0.70705361154997082
3492,30.304122649504368,-0.50002519625672759,0,0,0,0,0,0.70705360942801221
3493,30.312800806047754,-0.5000251848680537,0,0,0,0,0,0.70705361749511919
3494,30.32147896259114,-0.50002522420944095,0,0,0,0,0,0.7070535896853567
3495,30.330157119134526,-0.50002521653726772,0,0,0,0,0,0.70705359512271571
3496,30.338835275677912,-0.5000252677455842,0,0,0,0,0,0.70705355892188493
3497,30.347513432221298,-0.5000252479514552,0,0,0,0,0,0.70705357293192872
3498,30.356191588764684,-0.50002527204001823,0,0,0,0,0,0.70705355590930274
3499,30.36486974530807,-0.50002527505754124,0,0,0,0,0,0.70705355378793122
3500,30.373547901851456,-0.50002529031478193,0,0,0,0,0,0.70705354301059842
3501,30.382226058394842,-0.50002528608711239,0,0,0,0,0,0.70705354601320458
3502,30.390904214938228,-0.50002529288865083,0,0,0,0,0,0.7070535412155543
3503,30.399582371481614,-0.50002530359441089,0,0,0,0,0,0.70705353365498524
3504,30.408260528025,-0.50002528748606256,0,0,0,0,0,0.70705354505806284
3505,30.416938684568386,-0.50002530478272722,0,0,0,0,0,0.70705353283742234
3506,30.425616841111776,-0.50002528545609226,0,0,0,0,0,0.70705354651699537
3507,30.434294997655162,-0.50002525856684332,0,0,0,0,0,0.70705356554423382
3508,30.442973154198548,-0.50002525632536188,0,0,0,0,0,0.70705356714147882
3509,30.451651310741934,-0.50002527980364142,0,0,0,0,0,0.70705355054968066
3510,30.46032946728532,-0.50002531245340898,0,0,0,0,0,0.70705352747157946
3511,30.469007623828706,-0.50002529219088643,0,0,0,0,0,0.70705354181129465
3512,30.477685780372092,-0.50002527118564621,0,0,0,0,0,0.70705355667569592
3513,30.486363936915478,-0.5000252751481703,0,0,0,0,0,0.70705355388354008
3514,30.495042093458864,-0.50002523519047637,0,0,0,0,0,0.70705358215142056
3515,30.50372025000225,-0.50002525809616361,0,0,0,0,0,0.70705356596385727
3516,30.512398406545636,-0.50002526844283091,0,0,0,0,0,0.70705355865614194
3517,30.521076563089022,-0.5000252301878626,0,0,0,0,0,0.70705358571875365
3518,30.529754719632408,-0.50002525041546819,0,0,0,0,0,0.70705357142359304
3519,30.538432876175793,-0.50002522010613182,0,0,0,0,0,0.70705359286709069
3520,30.547111032719179,-0.50002525420968791,0,0,0,0,0,0.707053568760589
3521,30.555789189262565,-0.50002523058818515,0,0,0,0,0,0.7070535854734743
3522,30.564467345805951,-0.50002522266641303,0,0,0,0,0,0.7070535910850122
3523,30.573145502349337,-0.50002521806432243,0,0,0,0,0,0.70705359434830584
3524,30.581823658892723,-0.50002521836624803,0,0,0,0,0,0.70705359414372104
3525,30.590501815436109,-0.50002520122770744,0,0,0,0,0,0.70705360627290226
3526,30.599179971979495,-0.50002521922327858,0,0,0,0,0,0.70705359355681807
3527,30.607858128522881,-0.50002527906230509,0,0,0,0,0,0.70705355125036817
3528,30.616536285066267,-0.50002530208019491,0,0,0,0,0,0.70705353498217249
3529,30.625214441609653,-0.50002531909015546,0,0,0,0,0,0.70705352296154445
3530,30.633892598153039,-0.50002531541555795,0,0,0,0,0,0.70705352556780809
3531,30.642570754696425,-0.50002532098741925,0,0,0,0,0,0.70705352163541946
3532,30.651248911239815,-0.50002531753068924,0,0,0,0,0,0.70705352408803179
3533,30.659927067783201,-0.50002532859303139,0,0,0,0,0,0.70705351627305646
3534,30.668605224326587,-0.50002533541259575,0,0,0,0,0,0.70705351145819684
3535,30.677283380869973,-0.50002532342668093,0,0,0,0,0,0.7070535199421748
3536,30.685961537413359,-0.50002533687588113,0,0,0,0,0,0.70705351043899611
3537,30.694639693956745,-0.50002532682641398,0,0,0,0,0,0.70705351755282386
3538,30.703317850500131,-0.50002534333769744,0,0,0,0,0,0.70705350588347926
3539,30.711996007043517,-0.50002529658688732,0,0,0,0,0,0.70705353895038137
3540,30.720674163586903,-0.50002530153233693,0,0,0,0,0,0.70705353546001604
3541,30.729352320130289,-0.50002523640237162,0,0,0,0,0,0.70705358152373776
3542,30.738030476673675,-0.50002523986725578,0,0,0,0,0,0.70705357908010402
3543,30.746708633217061,-0.50002523985377667,0,0,0,0,0,0.70705357909589317
3544,30.755386789760447,-0.50002525230496098,0,0,0,0,0,0.70705357029703109
3545,30.764064946303833,-0.50002525214434723,0,0,0,0,0,0.70705357041719008
3546,30.772743102847219,-0.50002525810261689,0,0,0,0,0,0.70705356621003723
3547,30.781421259390605,-0.50002523905798046,0,0,0,0,0,0.70705357968279703
3548,30.790099415933991,-0.50002523472755123,0,0,0,0,0,0.70705358275068875
3549,30.798777572477377,-0.50002520175337484,0,0,0,0,0,0.70705360607376733
3550,30.807455729020763,-0.50002521793670651,0,0,0,0,0,0.70705359463500894
3551,30.816133885564149,-0.50002520622091107,0,0,0,0,0,0.70705360292482311
3552,30.824812042107535,-0.50002525099965767,0,0,0,0,0,0.70705357126389501
3553,30.833490198650921,-0.50002528900913668,0,0,0,0,0,0.70705354439031964
3554,30.842168355194307,-0.50002532715948145,0,0,0,0,0,0.70705351741658085
3555,30.850846511737693,-0.5000253151709283,0,0,0,0,0,0.70705352589874515
3556,30.859524668281079,-0.50002527901930172,0,0,0,0,0,0.70705355146758286
3557,30.868202824824465,-0.50002527062481716,0,0,0,0,0,0.70705355740809139
3558,30.876880981367854,-0.50002529322219746,0,0,0,0,0,0.70705354143207799
3559,30.88555913791124,-0.50002529520542793,0,0,0,0,0,0.70705354003337462
3560,30.894237294454626,-0.50002531660749105,0,0,0,0,0,0.70705352490237328
3561,30.902915450998012,-0.50002529906036286,0,0,0,0,0,0.70705353731425546
3562,30.911593607541398,-0.5000253019054921,0,0,0,0,0,0.70705353530552362
3563,30.920271764084784,-0.50002527087292814,0,0,0,0,0,0.70705355725321972
3564,30.92894992062817,-0.50002529961205844,0,0,0,0,0,0.70705353693305995
3565,30.937628077171556,-0.50002530600889883,0,0,0,0,0,0.70705353241219715
3566,30.946306233714942,-0.50002529543842034,0,0,0,0,0,0.70705353988975039
3567,30.954984390258328,-0.50002526907011369,0,0,0,0,0,0.70705355853848229
3568,30.963662546801714,-0.50002527043506861,0,0,0,0,0,0.70705355757535449
3569,30.9723407033451,-0.5000253243014966,0,0,0,0,0,0.70705351948559203
3570,30.981018859888486,-0.50002533551179495,0,0,0,0,0,0.70705351155993368
3571,30.989697016431872,-0.50002535938117543,0,0,0,0,0,0.70705349468236722
3572,30.998375172975258,-0.50002538949070685,0,0,0,0,0,0.70705347339181346
3573,31.007053329518644,-0.50002534646231112,0,0,0,0,0,0.70705350382078525
3574,31.01573148606203,-0.50002533518420977,0,0,0,0,0,0.70705351179727882
3575,31.024409642605416,-0.50002536230925942,0,0,0,0,0,0.7070534926167662
3576,31.033087799148802,-0.50002539869413198,0,0,0,0,0,0.7070534668878774
3577,31.041765955692188,-0.5000253979681567,0,0,0,0,0,0.70705346740178499
3578,31.050444112235574,-0.50002538449624723,0,0,0,0,0,0.70705347692902487
3579,31.05912226877896,-0.50002537737562347,0,0,0,0,0,0.70705348196462048
3580,31.067800425322346,-0.50002534750443905,0,0,0,0,0,0.70705350308825476
3581,31.076478581865732,-0.50002534538871646,0,0,0,0,0,0.70705350458425009
3582,31.085156738409118,-0.50002528862968743,0,0,0,0,0,0.70705354472131532
3583,31.093834894952504,-0.50002525889057381,0,0,0,0,0,0.70705356575098488
3584,31.10251305149589,-0.5000253238036988,0,0,0,0,0,0.70705351984690235
3585,31.11119120803928,-0.50002530851610394,0,0,0,0,0,0.70705353065682508
3586,31.119869364582666,-0.50002528702747184,0,0,0,0,0,0.70705354585153368
3587,31.128547521126052,-0.50002534371497909,0,0,0,0,0,0.70705350576373505
3588,31.137225677669438,-0.50002535562125994,0,0,0,0,0,0.70705349734288236
3589,31.145903834212824,-0.50002541345511942,0,0,0,0,0,0.70705345644408857
3590,31.15458199075621,-0.50002542554109386,0,0,0,0,0,0.70705344789585534
3591,31.163260147299596,-0.50002542885366508,0,0,0,0,0,0.70705344555161009
3592,31.171938303842982,-0.50002542308485542,0,0,0,0,0,0.70705344962907779
3593,31.180616460386368,-0.500025391737979,0,0,0,0,0,0.70705347179394873
3594,31.189294616929754,-0.50002536390973062,0,0,0,0,0,0.70705349147036189
3595,31.19797277347314,-0.50002535537623061,0,0,0,0,0,0.70705349750241053
3596,31.206650930016526,-0.50002539948479952,0,0,0,0,0,0.70705346630828814
3597,31.215329086559912,-0.50002537411590631,0,0,0,0,0,0.707053484245038
3598,31.224007243103298,-0.50002536860802638,0,0,0,0,0,0.70705348813700997
3599,31.232685399646684,-0.50002540982823462,0,0,0,0,0,0.70705345898483829
3600,31.24136355619007,-0.50002544745031496,0,0,0,0,0,0.70705343237683005
3601,31.250041712733456,-0.50002547806669562,0,0,0,0,0,0.70705341072294114
3602,31.258719869276842,-0.50002546193752384,0,0,0,0,0,0.7070534221249849
3603,31.267398025820228,-0.50002542021584229,0,0,0,0,0,0.70705345162483679
3604,31.276076182363614,-0.5000253993613426,0,0,0,0,0,0.70705346636803235
3605,31.284754338907,-0.50002537058530494,0,0,0,0,0,0.70705348671292967
3606,31.293432495450386,-0.50002540440647503,0,0,0,0,0,0.70705346279180681
3607,31.302110651993772,-0.50002542004425432,0,0,0,0,0,0.70705345172916578
3608,31.310788808537158,-0.5000254023860381,0,0,0,0,0,0.70705346421119364
3609,31.319466965080544,-0.50002538851140077,0,0,0,0,0,0.70705347401800545
3610,31.32814512162393,-0.50002538768055504,0,0,0,0,0,0.70705347460032542
3611,31.336823278167319,-0.50002537279648807,0,0,0,0,0,0.70705348512048793
3612,31.345501434710705,-0.50002538181180145,0,0,0,0,0,0.70705347874017876
3613,31.354179591254091,-0.50002537600486985,0,0,0,0,0,0.7070534828411521
3614,31.362857747797477,-0.50002541763062047,0,0,0,0,0,0.70705345339943282
3615,31.371535904340863,-0.50002543082697226,0,0,0,0,0,0.70705344406135495
3616,31.380214060884249,-0.50002541852974203,0,0,0,0,0,0.70705345275124465
3617,31.388892217427635,-0.50002538916366435,0,0,0,0,0,0.70705347351175618
3618,31.397570373971021,-0.50002541146005453,0,0,0,0,0,0.70705345773872885
3619,31.406248530514407,-0.50002537536849956,0,0,0,0,0,0.70705348325476614
3620,31.414926687057793,-0.50002538527915685,0,0,0,0,0,0.70705347623954662
3621,31.423604843601179,-0.50002538613110015,0,0,0,0,0,0.70705347563065324
3622,31.432283000144565,-0.50002538285786646,0,0,0,0,0,0.70705347793809104
3623,31.440961156687951,-0.50002539296347071,0,0,0,0,0,0.70705347078515501
3624,31.449639313231337,-0.50002540576489363,0,0,0,0,0,0.7070534617247386
3625,31.458317469774723,-0.50002540106301185,0,0,0,0,0,0.70705346504210898
3626,31.466995626318109,-0.50002538116539841,0,0,0,0,0,0.7070534791049301
3627,31.475673782861495,-0.5000254007889503,0,0,0,0,0,0.70705346522055557
3628,31.484351939404881,-0.50002538366293081,0,0,0,0,0,0.70705347732337742
3629,31.493030095948267,-0.50002538927083595,0,0,0,0,0,0.70705347334958901
3630,31.501708252491653,-0.50002536522364138,0,0,0,0,0,0.70705349034646758
3631,31.510386409035039,-0.50002535773845458,0,0,0,0,0,0.7070534956319765
3632,31.519064565578425,-0.50002531397530914,0,0,0,0,0,0.70705352657110865
3633,31.527742722121811,-0.50002531782988069,0,0,0,0,0,0.70705352383666309
3634,31.536420878665197,-0.50002531047861243,0,0,0,0,0,0.7070535290268225
3635,31.545099035208583,-0.50002531248664428,0,0,0,0,0,0.7070535275981733
3636,31.553777191751969,-0.50002533218371992,0,0,0,0,0,0.70705351366051516
3637,31.562455348295359,-0.50002532877333117,0,0,0,0,0,0.7070535160626541
3638,31.571133504838745,-0.50002532942603961,0,0,0,0,0,0.70705351559218599
3639,31.579811661382131,-0.50002533535601168,0,0,0,0,0,0.70705351139017125
3640,31.588489817925517,-0.5000253261510762,0,0,0,0,0,0.70705351789009541
3641,31.597167974468903,-0.50002533882413369,0,0,0,0,0,0.70705350891813978
3642,31.605846131012289,-0.500025370850536,0,0,0,0,0,0.70705348626040276
3643,31.614524287555675,-0.50002540033006837,0,0,0,0,0,0.70705346540304248
3644,31.623202444099061,-0.50002544457695897,0,0,0,0,0,0.70705343410360655
3645,31.631880600642447,-0.50002543996465421,0,0,0,0,0,0.70705343735510162
3646,31.640558757185833,-0.50002543227952323,0,0,0,0,0,0.70705344277948612
3647,31.649236913729219,-0.50002546480593135,0,0,0,0,0,0.70705341976773362
3648,31.657915070272605,-0.50002545989096492,0,0,0,0,0,0.70705342323226716
3649,31.666593226815991,-0.5000254599314411,0,0,0,0,0,0.70705342319327258
3650,31.675271383359377,-0.50002547950018505,0,0,0,0,0,0.70705340934352989
3651,31.683949539902763,-0.50002547734657532,0,0,0,0,0,0.70705341085535878
3652,31.692627696446149,-0.50002545607208049,0,0,0,0,0,0.70705342588831499
3653,31.701305852989535,-0.50002546691971539,0,0,0,0,0,0.70705341820609036
3654,31.709984009532921,-0.50002551877309398,0,0,0,0,0,0.7070533815254052
3655,31.718662166076307,-0.50002550703072002,0,0,0,0,0,0.70705338981753663
3656,31.727340322619693,-0.50002548424982252,0,0,0,0,0,0.7070534059166409
3657,31.736018479163079,-0.50002548296432747,0,0,0,0,0,0.70705340681380946
3658,31.744696635706465,-0.50002544354380707,0,0,0,0,0,0.70705343467909643
3659,31.753374792249851,-0.50002546998902597,0,0,0,0,0,0.70705341596694815
3660,31.762052948793237,-0.50002547228964378,0,0,0,0,0,0.70705341432823943
3661,31.770731105336623,-0.50002547513373985,0,0,0,0,0,0.70705341230461016
3662,31.779409261880009,-0.50002546095721212,0,0,0,0,0,0.70705342231808288
3663,31.788087418423398,-0.50002549843261102,0,0,0,0,0,0.70705339580410609
3664,31.796765574966784,-0.50002548158171312,0,0,0,0,0,0.70705340770971503
3665,31.80544373151017,-0.50002555769592616,0,0,0,0,0,0.70705335387071244
3666,31.814121888053556,-0.5000255685895667,0,0,0,0,0,0.70705334615435333
3667,31.822800044596942,-0.50002555902347223,0,0,0,0,0,0.70705335290710991
3668,31.831478201140328,-0.50002559528370671,0,0,0,0,0,0.7070533272513515
3669,31.840156357683714,-0.50002557813485959,0,0,0,0,0,0.70705333936591508
3670,31.8488345142271,-0.50002555204422838,0,0,0,0,0,0.70705335780429834
3671,31.857512670770486,-0.50002559814305958,0,0,0,0,0,0.70705332519188957
3672,31.866190827313872,-0.50002560217094882,0,0,0,0,0,0.70705332232965112
3673,31.874868983857258,-0.50002557595300667,0,0,0,0,0,0.7070533408587103
3674,31.883547140400644,-0.50002556861602665,0,0,0,0,0,0.70705334603445813
3675,31.89222529694403,-0.500025545290255,0,0,0,0,0,0.70705336251710627
3676,31.900903453487416,-0.50002555701215368,0,0,0,0,0,0.70705335421374027
3677,31.909581610030802,-0.50002559684786418,0,0,0,0,0,0.70705332602980242
3678,31.918259766574188,-0.50002554687399148,0,0,0,0,0,0.70705336135708752
3679,31.926937923117574,-0.50002556823613742,0,0,0,0,0,0.70705334623675054
3680,31.93561607966096,-0.50002557469916242,0,0,0,0,0,0.70705334165380407
3681,31.944294236204346,-0.50002558598569935,0,0,0,0,0,0.7070533336592435
3682,31.952972392747732,-0.50002560552083342,0,0,0,0,0,0.70705331983195485
3683,31.961650549291118,-0.50002559182351469,0,0,0,0,0,0.70705332950584143
3684,31.970328705834504,-0.50002556441535528,0,0,0,0,0,0.70705334887572313
3685,31.97900686237789,-0.50002557377631141,0,0,0,0,0,0.70705334224205796
3686,31.987685018921276,-0.50002558714762335,0,0,0,0,0,0.70705333277145099
3687,31.996363175464662,-0.50002559054090423,0,0,0,0,0,0.7070533303573896
3688,32.005041332008048,-0.5000255538597268,0,0,0,0,0,0.70705335628482402
3689,32.013719488551438,-0.50002557444094553,0,0,0,0,0,0.70705334171501377
3690,32.02239764509482,-0.50002555727505382,0,0,0,0,0,0.70705335384056411
3691,32.03107580163821,-0.50002560865060142,0,0,0,0,0,0.70705331749493361
3692,32.039753958181592,-0.50002559982033123,0,0,0,0,0,0.70705332372526009
3693,32.048432114724982,-0.50002565163744195,0,0,0,0,0,0.70705328706698767
3694,32.057110271268364,-0.50002564791435078,0,0,0,0,0,0.70705328968529058
3695,32.065788427811754,-0.50002565878082428,0,0,0,0,0,0.70705328198613016
3696,32.074466584355136,-0.50002563947924128,0,0,0,0,0,0.70705329562321584
3697,32.083144740898526,-0.50002569829757115,0,0,0,0,0,0.70705325401377372
3698,32.091822897441908,-0.50002568346762488,0,0,0,0,0,0.7070532644873132
3699,32.100501053985298,-0.50002568723777152,0,0,0,0,0,0.70705326180796924
3700,32.10917921052868,-0.50002567090365113,0,0,0,0,0,0.70705327334571177
3701,32.11785736707207,-0.50002569423989618,0,0,0,0,0,0.70705325682762621
3702,32.126535523615452,-0.50002569718804024,0,0,0,0,0,0.70705325472858571
3703,32.135213680158841,-0.50002568956267779,0,0,0,0,0,0.70705326010780278
3704,32.143891836702231,-0.50002566476527111,0,0,0,0,0,0.70705327763024295
3705,32.152569993245613,-0.50002563800041921,0,0,0,0,0,0.70705329654473148
3706,32.161248149789003,-0.50002569339265468,0,0,0,0,0,0.70705325735749291
3707,32.169926306332385,-0.50002573230577851,0,0,0,0,0,0.70705322982400232
3708,32.178604462875775,-0.50002570193086338,0,0,0,0,0,0.70705325129125141
3709,32.187282619419157,-0.50002567788719865,0,0,0,0,0,0.70705326828092008
3710,32.195960775962547,-0.50002569764492333,0,0,0,0,0,0.70705325429452737
3711,32.204638932505929,-0.50002572424956238,0,0,0,0,0,0.70705323546498033
3712,32.213317089049319,-0.5000257417127445,0,0,0,0,0,0.70705322310012186
3713,32.221995245592701,-0.50002577933691716,0,0,0,0,0,0.70705319647805775
3714,32.230673402136091,-0.50002579253170298,0,0,0,0,0,0.70705318713237542
3715,32.239351558679473,-0.50002584160435348,0,0,0,0,0,0.70705315241368294
3716,32.248029715222863,-0.50002588846557794,0,0,0,0,0,0.70705311925907199
3717,32.256707871766245,-0.50002588065901044,0,0,0,0,0,0.70705312476545434
3718,32.265386028309635,-0.50002587085961914,0,0,0,0,0,0.707053131681326
3719,32.274064184853017,-0.50002581290484671,0,0,0,0,0,0.70705317265359158
3720,32.282742341396407,-0.50002578903765904,0,0,0,0,0,0.70705318951910301
3721,32.291420497939789,-0.50002578532301789,0,0,0,0,0,0.70705319213254603
3722,32.300098654483179,-0.5000257714255999,0,0,0,0,0,0.70705320194672838
3723,32.308776811026561,-0.50002573637721037,0,0,0,0,0,0.70705322671912896
3724,32.317454967569951,-0.50002580107975292,0,0,0,0,0,0.70705318094677461
3725,32.326133124113333,-0.50002578544028653,0,0,0,0,0,0.70705319199300498
3726,32.334811280656723,-0.50002580922385442,0,0,0,0,0,0.707053175159295
3727,32.343489437200105,-0.5000257845641003,0,0,0,0,0,0.7070531925860033
3728,32.352167593743495,-0.5000258034741849,0,0,0,0,0,0.7070531791994239
3729,32.360845750286884,-0.50002580570842625,0,0,0,0,0,0.70705317760480835
3730,32.369523906830267,-0.50002580468419933,0,0,0,0,0,0.70705317831551184
3731,32.378202063373656,-0.50002574379368891,0,0,0,0,0,0.70705322136495052
3732,32.386880219917039,-0.5000257486435572,0,0,0,0,0,0.70705321792164888
3733,32.395558376460428,-0.50002579391123636,0,0,0,0,0,0.70705318589422017
3734,32.404236533003811,-0.50002581157845316,0,0,0,0,0,0.70705317338621043
3735,32.4129146895472,-0.50002582298795928,0,0,0,0,0,0.70705316530425932
3736,32.421592846090583,-0.50002588226740263,0,0,0,0,0,0.70705312336824822
3737,32.430271002633972,-0.50002589676486264,0,0,0,0,0,0.70705311310204699
3738,32.438949159177355,-0.50002591684963915,0,0,0,0,0,0.7070530988840753
3739,32.447627315720744,-0.50002594259293842,0,0,0,0,0,0.70705308066475503
3740,32.456305472264127,-0.50002591357574,0,0,0,0,0,0.70705310117237374
3741,32.464983628807516,-0.50002591424888465,0,0,0,0,0,0.70705310068344573
3742,32.473661785350899,-0.5000259507967999,0,0,0,0,0,0.70705307482362123
3743,32.482339941894288,-0.50002591377888705,0,0,0,0,0,0.70705310099038154
3744,32.491018098437671,-0.50002590316218365,0,0,0,0,0,0.70705310848644132
3745,32.49969625498106,-0.50002591602636737,0,0,0,0,0,0.70705309937576288
3746,32.508374411524443,-0.50002590076055242,0,0,0,0,0,0.7070531101592934
3747,32.517052568067832,-0.50002585092218177,0,0,0,0,0,0.7070531453941209
3748,32.525730724611215,-0.50002589945027942,0,0,0,0,0,0.707053111061823
3749,32.534408881154604,-0.5000259028041405,0,0,0,0,0,0.70705310867710836
3750,32.543087037697987,-0.50002593647689697,0,0,0,0,0,0.70705308484999208
3751,32.551765194241376,-0.50002596136743005,0,0,0,0,0,0.70705306723446881
3752,32.560443350784759,-0.50002595661657057,0,0,0,0,0,0.707053070581523
3753,32.569121507328148,-0.50002597360774281,0,0,0,0,0,0.70705305855254785
3754,32.577799663871531,-0.50002600802195007,0,0,0,0,0,0.70705303420191257
3755,32.58647782041492,-0.50002604688124308,0,0,0,0,0,0.70705300670697646
3756,32.59515597695831,-0.50002605138725364,0,0,0,0,0,0.70705300350694955
3757,32.603834133501692,-0.50002605815448753,0,0,0,0,0,0.70705299870904881
3758,32.612512290045082,-0.50002604785669313,0,0,0,0,0,0.70705300598184628
3759,32.621190446588464,-0.50002600588345925,0,0,0,0,0,0.70705303565401856
3760,32.629868603131854,-0.50002602971812982,0,0,0,0,0,0.70705301878575355
3761,32.638546759675236,-0.50002606146772299,0,0,0,0,0,0.70705299632052387
3762,32.647224916218626,-0.50002605342377748,0,0,0,0,0,0.7070530019977781
3763,32.655903072762008,-0.50002604082200586,0,0,0,0,0,0.70705301089801509
3764,32.664581229305398,-0.50002607706262281,0,0,0,0,0,0.70705298525723492
3765,32.67325938584878,-0.50002607308545266,0,0,0,0,0,0.70705298805957639
3766,32.68193754239217,-0.50002609298442424,0,0,0,0,0,0.70705297397526401
3767,32.690615698935552,-0.5000261282944185,0,0,0,0,0,0.70705294899338611
3768,32.699293855478942,-0.50002617757824186,0,0,0,0,0,0.70705291412842364
3769,32.707972012022324,-0.50002616613585682,0,0,0,0,0,0.7070529222116626
3770,32.716650168565714,-0.50002616429903346,0,0,0,0,0,0.70705292350118221
3771,32.725328325109096,-0.5000261881555651,0,0,0,0,0,0.70705290662040454
3772,32.734006481652486,-0.50002621448589546,0,0,0,0,0,0.70705288798993493
3773,32.742684638195868,-0.50002624651071392,0,0,0,0,0,0.70705286533164369
3774,32.751362794739258,-0.50002626058180488,0,0,0,0,0,0.7070528553710318
3775,32.76004095128264,-0.50002623613371067,0,0,0,0,0,0.70705287265317907
3776,32.76871910782603,-0.50002620064049663,0,0,0,0,0,0.70705289774642388
3777,32.777397264369412,-0.50002619515459701,0,0,0,0,0,0.70705290161734524
3778,32.786075420912802,-0.50002616222028562,0,0,0,0,0,0.70705292490055527
3779,32.794753577456184,-0.50002620370345896,0,0,0,0,0,0.70705289555344919
3780,32.803431733999574,-0.5000261786589526,0,0,0,0,0,0.70705291325908526
3781,32.812109890542963,-0.50002615194525901,0,0,0,0,0,0.70705293214257381
3782,32.820788047086346,-0.50002612893841902,0,0,0,0,0,0.70705294840597865
3783,32.829466203629735,-0.50002609640925377,0,0,0,0,0,0.7070529714030247
3784,32.838144360173118,-0.50002606159564678,0,0,0,0,0,0.70705299601526761
3785,32.846822516716507,-0.5000260944160978,0,0,0,0,0,0.70705297279626045
3786,32.85550067325989,-0.50002612260176915,0,0,0,0,0,0.70705295285340952
3787,32.864178829803279,-0.50002613006643681,0,0,0,0,0,0.70705294756658077
3788,32.872856986346662,-0.50002613041746757,0,0,0,0,0,0.70705294731063795
3789,32.881535142890051,-0.50002611760314242,0,0,0,0,0,0.70705295636666854
3790,32.890213299433434,-0.50002611738809433,0,0,0,0,0,0.70705295651237421
3791,32.898891455976823,-0.50002613968994747,0,0,0,0,0,0.70705294073297864
3792,32.907569612520206,-0.50002611119028495,0,0,0,0,0,0.70705296088185321
3793,32.916247769063595,-0.50002612537799007,0,0,0,0,0,0.7070529508413177
3794,32.924925925606978,-0.50002616005156231,0,0,0,0,0,0.70705292631136807
3795,32.933604082150367,-0.50002612735111573,0,0,0,0,0,0.70705294943235408
3796,32.94228223869375,-0.50002613916944816,0,0,0,0,0,0.70705294106703498
3797,32.950960395237139,-0.50002613037631827,0,0,0,0,0,0.70705294728127477
3798,32.959638551780522,-0.50002609164832679,0,0,0,0,0,0.70705297466552963
3799,32.968316708323911,-0.50002605179082471,0,0,0,0,0,0.70705300284817696
3800,32.976994864867294,-0.50002609394176012,0,0,0,0,0,0.70705297303161529
3801,32.985673021410683,-0.50002611900867022,0,0,0,0,0,0.70705295529765166
3802,32.994351177954066,-0.50002607278631894,0,0,0,0,0,0.70705298798214855
3803,33.003029334497455,-0.50002608830992412,0,0,0,0,0,0.70705297699638781
3804,33.011707491040838,-0.50002610093615985,0,0,0,0,0,0.70705296806083595
3805,33.020385647584227,-0.50002606254007054,0,0,0,0,0,0.70705299521188891
3806,33.02906380412761,-0.5000260145120059,0,0,0,0,0,0.70705302917463975
3807,33.037741960670999,-0.50002595580849374,0,0,0,0,0,0.70705307068753065
3808,33.046420117214389,-0.50002594320429883,0,0,0,0,0,0.70705307959761754
3809,33.055098273757771,-0.5000259962634831,0,0,0,0,0,0.70705304206713482
3810,33.063776430301161,-0.5000259733420882,0,0,0,0,0,0.70705305827436682
3811,33.072454586844543,-0.5000259814023108,0,0,0,0,0,0.70705305256991657
3812,33.081132743387933,-0.50002596304703972,0,0,0,0,0,0.70705306554936209
3813,33.089810899931315,-0.50002598036745505,0,0,0,0,0,0.70705305329447166
3814,33.098489056474705,-0.50002597660049242,0,0,0,0,0,0.70705305595481516
3815,33.107167213018087,-0.5000259459848363,0,0,0,0,0,0.70705307760519176
3816,33.115845369561477,-0.50002594592702376,0,0,0,0,0,0.70705307764129888
3817,33.124523526104859,-0.50002590963266558,0,0,0,0,0,0.70705310330803783
3818,33.133201682648249,-0.5000258873874478,0,0,0,0,0,0.70705311903959256
3819,33.141879839191631,-0.5000259303046074,0,0,0,0,0,0.70705308868329153
3820,33.150557995735021,-0.50002589168836353,0,0,0,0,0,0.7070531159926563
3821,33.159236152278403,-0.5000259046947485,0,0,0,0,0,0.70705310679080502
3822,33.167914308821793,-0.50002589969715305,0,0,0,0,0,0.70705311032463358
3823,33.176592465365175,-0.50002590333355079,0,0,0,0,0,0.70705310775038011
3824,33.185270621908565,-0.50002587003624532,0,0,0,0,0,0.70705313129776215
3825,33.193948778451947,-0.5000258858033616,0,0,0,0,0,0.70705312014509314
3826,33.202626934995337,-0.50002588150962501,0,0,0,0,0,0.70705312317959446
3827,33.211305091538719,-0.50002588778954116,0,0,0,0,0,0.70705311873581245
3828,33.219983248082109,-0.50002584110159132,0,0,0,0,0,0.70705315175438654
3829,33.228661404625491,-0.50002579928434365,0,0,0,0,0,0.7070531813282106
3830,33.237339561168881,-0.50002578571543577,0,0,0,0,0,0.70705319092491337
3831,33.246017717712263,-0.50002575003854499,0,0,0,0,0,0.70705321615654593
3832,33.254695874255653,-0.50002574478361494,0,0,0,0,0,0.70705321987123848
3833,33.263374030799035,-0.50002578174304613,0,0,0,0,0,0.70705319373086217
3834,33.272052187342425,-0.50002580259277729,0,0,0,0,0,0.70705317898334652
3835,33.280730343885814,-0.50002576637927765,0,0,0,0,0,0.70705320459549181
3836,33.289408500429197,-0.50002578711399459,0,0,0,0,0,0.70705318992962429
3837,33.298086656972586,-0.50002577131727144,0,0,0,0,0,0.7070532011020243
3838,33.306764813515969,-0.50002577964826944,0,0,0,0,0,0.70705319520879717
3839,33.315442970059358,-0.50002580917984252,0,0,0,0,0,0.70705317432352632
3840,33.324121126602741,-0.50002580771597582,0,0,0,0,0,0.70705317535741963
3841,33.33279928314613,-0.50002577857406205,0,0,0,0,0,0.70705319597006389
3842,33.341477439689513,-0.50002576015274758,0,0,0,0,0,0.70705320900016999
3843,33.350155596232902,-0.50002581148833203,0,0,0,0,0,0.7070531726946977
3844,33.358833752776285,-0.50002574921255993,0,0,0,0,0,0.70705321674105159
3845,33.367511909319674,-0.50002572300128012,0,0,0,0,0,0.70705323528197483
3846,33.376190065863057,-0.50002572420241331,0,0,0,0,0,0.70705323443560597
3847,33.384868222406446,-0.50002572926440392,0,0,0,0,0,0.70705323085592542
3848,33.393546378949829,-0.50002571254491479,0,0,0,0,0,0.70705324268381686
3849,33.402224535493218,-0.50002574006071754,0,0,0,0,0,0.70705322322668696
3850,33.410902692036601,-0.50002569714037137,0,0,0,0,0,0.70705325358551319
3851,33.41958084857999,-0.50002565757790773,0,0,0,0,0,0.70705328156972358
3852,33.428259005123373,-0.50002567833399314,0,0,0,0,0,0.70705326689228865
3853,33.436937161666762,-0.50002569477570491,0,0,0,0,0,0.70705325526723162
3854,33.445615318210145,-0.500025711839714,0,0,0,0,0,0.70705324320181262
3855,33.454293474753534,-0.50002569508208616,0,0,0,0,0,0.70705325505731742
3856,33.462971631296917,-0.5000257387143191,0,0,0,0,0,0.7070532242022094
3857,33.471649787840306,-0.50002575075112532,0,0,0,0,0,0.70705321569414759
3858,33.480327944383689,-0.50002571307164589,0,0,0,0,0,0.70705324234661693
3859,33.489006100927078,-0.500025708154751,0,0,0,0,0,0.70705324582654372
3860,33.497684257470468,-0.50002569943060093,0,0,0,0,0,0.70705325200198477
3861,33.50636241401385,-0.50002573920464166,0,0,0,0,0,0.70705322387628744
3862,33.51504057055724,-0.50002574460192528,0,0,0,0,0,0.70705322006291293
3863,33.523718727100622,-0.50002575604273891,0,0,0,0,0,0.70705321197750326
3864,33.532396883644012,-0.50002581015594794,0,0,0,0,0,0.70705317371136456
3865,33.541075040187394,-0.50002582972745879,0,0,0,0,0,0.70705315987498185
3866,33.549753196730784,-0.50002584896740232,0,0,0,0,0,0.70705314627263682
3867,33.558431353274166,-0.50002587266532927,0,0,0,0,0,0.70705312951859289
3868,33.567109509817556,-0.50002583201068962,0,0,0,0,0,0.70705315827644633
3869,33.575787666360938,-0.50002581669745683,0,0,0,0,0,0.7070531691126174
3870,33.584465822904328,-0.5000258316106716,0,0,0,0,0,0.70705315857028417
3871,33.59314397944771,-0.50002584435522057,0,0,0,0,0,0.70705314956123289
3872,33.6018221359911,-0.50002579657638435,0,0,0,0,0,0.7070531833591609
3873,33.610500292534482,-0.5000258176364506,0,0,0,0,0,0.70705316847215016
3874,33.619178449077872,-0.50002579928982216,0,0,0,0,0,0.70705318145517371
3875,33.627856605621254,-0.50002581057024509,0,0,0,0,0,0.70705317348365782
3876,33.636534762164644,-0.50002575749096756,0,0,0,0,0,0.70705321103064023
3877,33.645212918708026,-0.50002578645568041,0,0,0,0,0,0.70705319055270976
3878,33.653891075251416,-0.50002582846436761,0,0,0,0,0,0.70705316084961201
3879,33.662569231794798,-0.50002582958094843,0,0,0,0,0,0.7070531600672183
3880,33.671247388338188,-0.50002579478918063,0,0,0,0,0,0.7070531846810173
3881,33.67992554488157,-0.50002576101217933,0,0,0,0,0,0.70705320857789644
3882,33.68860370142496,-0.50002572283852065,0,0,0,0,0,0.70705323558343736
3883,33.697281857968342,-0.5000256811529562,0,0,0,0,0,0.70705326507294686
3884,33.705960014511732,-0.50002569012934295,0,0,0,0,0,0.70705325873127656
3885,33.714638171055114,-0.50002569015148024,0,0,0,0,0,0.70705325872274116
3886,33.723316327598504,-0.50002570133524493,0,0,0,0,0,0.70705325081997294
3887,33.731994484141893,-0.50002571710816046,0,0,0,0,0,0.70705323967316502
3888,33.740672640685275,-0.50002568086063848,0,0,0,0,0,0.70705326531846246
3889,33.749350797228665,-0.50002570732597296,0,0,0,0,0,0.70705324660980651
3890,33.758028953772047,-0.50002572678196588,0,0,0,0,0,0.70705323285977428
3891,33.766707110315437,-0.50002573380129633,0,0,0,0,0,0.70705322790486136
3892,33.775385266858819,-0.50002573408512463,0,0,0,0,0,0.70705322771370049
3893,33.784063423402209,-0.50002574570136216,0,0,0,0,0,0.70705321950885036
3894,33.792741579945591,-0.50002569734748825,0,0,0,0,0,0.70705325371658745
3895,33.801419736488981,-0.50002568654801094,0,0,0,0,0,0.70705326136325652
3896,33.810097893032363,-0.50002567523776154,0,0,0,0,0,0.70705326937324919
3897,33.818776049575753,-0.50002566991330533,0,0,0,0,0,0.70705327314698252
3898,33.827454206119135,-0.50002566652067837,0,0,0,0,0,0.7070532755576675
3899,33.836132362662525,-0.50002571344100655,0,0,0,0,0,0.70705324238381273
3900,33.844810519205907,-0.50002573407576612,0,0,0,0,0,0.70705322779858193
3901,33.853488675749297,-0.50002573171679676,0,0,0,0,0,0.70705322947621418
3902,33.862166832292679,-0.50002574627212515,0,0,0,0,0,0.70705321919221831
3903,33.870844988836069,-0.50002576243320962,0,0,0,0,0,0.70705320777447511
3904,33.879523145379451,-0.50002579514716805,0,0,0,0,0,0.7070531846477266
3905,33.888201301922841,-0.50002579429136762,0,0,0,0,0,0.70705318526328043
3906,33.896879458466223,-0.500025820053287,0,0,0,0,0,0.70705316705469023
3907,33.905557615009613,-0.50002584218088841,0,0,0,0,0,0.70705315141500691
3908,33.914235771552995,-0.50002578942649956,0,0,0,0,0,0.70705318873503842
3909,33.922913928096385,-0.50002577886330524,0,0,0,0,0,0.70705319621742646
3910,33.931592084639767,-0.50002574828477842,0,0,0,0,0,0.70705321785491115
3911,33.940270241183157,-0.50002576704161583,0,0,0,0,0,0.70705320460158205
3912,33.948948397726539,-0.50002573779491277,0,0,0,0,0,0.70705322529675385
3913,33.957626554269929,-0.50002574773933406,0,0,0,0,0,0.70705321827620615
3914,33.966304710813318,-0.50002577013181981,0,0,0,0,0,0.70705320244995207
3915,33.974982867356701,-0.50002579948751513,0,0,0,0,0,0.70705318170203491
3916,33.98366102390009,-0.50002574828565038,0,0,0,0,0,0.70705321792382314
3917,33.992339180443473,-0.50002573268572481,0,0,0,0,0,0.70705322896758105
3918,34.001017336986862,-0.50002574222591956,0,0,0,0,0,0.70705322223165723
3919,34.009695493530245,-0.50002566833469986,0,0,0,0,0,0.70705327450108868
3920,34.018373650073634,-0.50002570672144964,0,0,0,0,0,0.70705324736545094
3921,34.027051806617017,-0.50002571111450034,0,0,0,0,0,0.7070532442717159
3922,34.035729963160406,-0.50002574383843523,0,0,0,0,0,0.70705322114137914
3923,34.044408119703789,-0.50002574830984681,0,0,0,0,0,0.70705321799192866
3924,34.053086276247178,-0.50002570219380005,0,0,0,0,0,0.70705325061717872
3925,34.061764432790561,-0.50002572053647276,0,0,0,0,0,0.70705323765806583
3926,34.07044258933395,-0.50002578565441325,0,0,0,0,0,0.70705319161816416
3927,34.079120745877333,-0.50002579405525438,0,0,0,0,0,0.70705318568907316
3928,34.087798902420722,-0.50002582800834594,0,0,0,0,0,0.70705316169019294
3929,34.096477058964105,-0.5000258599186469,0,0,0,0,0,0.70705313913615697
3930,34.105155215507494,-0.50002585345889594,0,0,0,0,0,0.70705314371687589
3931,34.113833372050877,-0.50002583172491832,0,0,0,0,0,0.70705315910039523
3932,34.122511528594266,-0.5000258302015006,0,0,0,0,0,0.7070531601914869
3933,34.131189685137649,-0.50002586264289861,0,0,0,0,0,0.70705313726182517
3934,34.139867841681038,-0.50002589352408577,0,0,0,0,0,0.707053115435885
3935,34.148545998224421,-0.50002592051503991,0,0,0,0,0,0.70705309636114322
3936,34.15722415476781,-0.50002585483788931,0,0,0,0,0,0.70705314282220932
3937,34.165902311311193,-0.50002587406883259,0,0,0,0,0,0.70705312923516317
3938,34.174580467854582,-0.50002589714506274,0,0,0,0,0,0.70705311292853157
3939,34.183258624397972,-0.50002587297788781,0,0,0,0,0,0.70705313003284154
3940,34.191936780941354,-0.50002590032725669,0,0,0,0,0,0.7070531107043454
3941,34.200614937484744,-0.50002588172256179,0,0,0,0,0,0.70705312387500907
3942,34.209293094028126,-0.50002583799266775,0,0,0,0,0,0.70705315481483311
3943,34.217971250571516,-0.50002584230326685,0,0,0,0,0,0.70705315177954553
3944,34.226649407114898,-0.50002585357863083,0,0,0,0,0,0.70705314381865847
3945,34.235327563658288,-0.50002583817584845,0,0,0,0,0,0.70705315472597841
3946,34.24400572020167,-0.50002582783785465,0,0,0,0,0,0.70705316205103008
3947,34.25268387674506,-0.50002579621963228,0,0,0,0,0,0.70705318442538578
3948,34.261362033288442,-0.50002575189583953,0,0,0,0,0,0.70705321578533775
3949,34.270040189831832,-0.5000258047792695,0,0,0,0,0,0.70705317839912318
3950,34.278718346375214,-0.50002576977688573,0,0,0,0,0,0.70705320316706066
3951,34.287396502918604,-0.50002577690060901,0,0,0,0,0,0.707053198143613
3952,34.296074659461986,-0.50002581632655174,0,0,0,0,0,0.70705317027471093
3953,34.304752816005376,-0.50002588566077655,0,0,0,0,0,0.70705312125510256
3954,34.313430972548758,-0.50002591240886662,0,0,0,0,0,0.70705310235254215
3955,34.322109129092148,-0.50002592774594523,0,0,0,0,0,0.70705309151986184
3956,34.33078728563553,-0.50002586593833509,0,0,0,0,0,0.70705313524426927
3957,34.33946544217892,-0.5000259265545971,0,0,0,0,0,0.70705309238999092
3958,34.348143598722302,-0.50002593025671505,0,0,0,0,0,0.707053089785731
3959,34.356821755265692,-0.50002594240418086,0,0,0,0,0,0.70705308120909938
3960,34.365499911809074,-0.50002595411456008,0,0,0,0,0,0.70705307294135478
3961,34.374178068352464,-0.50002597895465017,0,0,0,0,0,0.70705305538867369
3962,34.382856224895846,-0.50002595444106812,0,0,0,0,0,0.70705307273840456
3963,34.391534381439236,-0.50002592330820939,0,0,0,0,0,0.70705309476943579
3964,34.400212537982618,-0.5000259735141489,0,0,0,0,0,0.70705305927790962
3965,34.408890694526008,-0.50002595081057088,0,0,0,0,0,0.70705307534841055
3966,34.417568851069397,-0.50002591470402347,0,0,0,0,0,0.7070531008969787
3967,34.42624700761278,-0.50002594511034226,0,0,0,0,0,0.70705307940776085
3968,34.434925164156169,-0.50002590432371552,0,0,0,0,0,0.70705310826500378
3969,34.443603320699552,-0.50002587878962457,0,0,0,0,0,0.70705312633633299
3970,34.452281477242941,-0.50002588111046498,0,0,0,0,0,0.70705312470940862
3971,34.460959633786324,-0.50002590945574743,0,0,0,0,0,0.70705310467805504
3972,34.469637790329713,-0.50002592347941333,0,0,0,0,0,0.70705309477508305
3973,34.478315946873096,-0.50002586800664339,0,0,0,0,0,0.70705313401928294
3974,34.486994103416485,-0.50002587749150895,0,0,0,0,0,0.70705312732484016
3975,34.495672259959868,-0.50002581912877897,0,0,0,0,0,0.70705316861238154
3976,34.504350416503257,-0.50002577308480489,0,0,0,0,0,0.70705320118843962
3977,34.51302857304664,-0.50002580692572907,0,0,0,0,0,0.70705317726970907
3978,34.521706729590029,-0.50002577860411357,0,0,0,0,0,0.70705319731278227
3979,34.530384886133412,-0.50002578608261139,0,0,0,0,0,0.70705319203746253
3980,34.539063042676801,-0.50002571726049394,0,0,0,0,0,0.70705324072142617
3981,34.547741199220184,-0.50002573509128456,0,0,0,0,0,0.70705322812601001
3982,34.556419355763573,-0.50002569972050059,0,0,0,0,0,0.70705325315379486
3983,34.565097512306956,-0.50002565995643555,0,0,0,0,0,0.70705328128790224
3984,34.573775668850345,-0.50002562502667458,0,0,0,0,0,0.70705330600339966
3985,34.582453825393728,-0.50002564822324236,0,0,0,0,0,0.70705328961269398
3986,34.591131981937117,-0.5000257040329551,0,0,0,0,0,0.70705325015790033
3987,34.5998101384805,-0.50002565411325139,0,0,0,0,0,0.70705328547394886
3988,34.608488295023889,-0.50002562580465015,0,0,0,0,0,0.7070533055074586
3989,34.617166451567272,-0.50002558871381764,0,0,0,0,0,0.70705333175098417
3990,34.625844608110661,-0.50002560227061443,0,0,0,0,0,0.70705332217672101
3991,34.634522764654051,-0.50002564593851295,0,0,0,0,0,0.70705329130887717
3992,34.643200921197433,-0.50002567707194834,0,0,0,0,0,0.70705326930473333
3993,34.651879077740823,-0.5000256664775472,0,0,0,0,0,0.70705327681134156
3994,34.660557234284205,-0.50002567951448496,0,0,0,0,0,0.70705326760420251
3995,34.669235390827595,-0.50002564714131381,0,0,0,0,0,0.70705329051108112
3996,34.677913547370977,-0.50002561994921257,0,0,0,0,0,0.70705330975341507
3997,34.686591703914367,-0.50002563630874741,0,0,0,0,0,0.70705329819652007
3998,34.695269860457749,-0.50002567985820134,0,0,0,0,0,0.70705326741116803
3999,34.703948017001139,-0.50002566986135188,0,0,0,0,0,0.70705327449331179
4000,34.712626173544521,-0.50002565445280445,0,0,0,0,0,0.70705328540295476
4001,34.721304330087911,-0.50002560028188237,0,0,0,0,0,0.70705332372425644
4002,34.729982486631293,-0.50002558696306887,0,0,0,0,0,0.70705333315566143
4003,34.738660643174683,-0.50002555122457959,0,0,0,0,0,0.70705335844098727
4004,34.747338799718065,-0.50002551738894285,0,0,0,0,0,0.70705338238098392
4005,34.756016956261455,-0.50002551292950126,0,0,0,0,0,0.70705338554664721
4006,34.764695112804837,-0.50002545625358563,0,0,0,0,0,0.70705342563942253
4007,34.773373269348227,-0.50002544839765795,0,0,0,0,0,0.70705343120741304
4008,34.782051425891609,-0.50002546568757589,0,0,0,0,0,0.70705341899327401
4009,34.790729582434999,-0.50002548409869085,0,0,0,0,0,0.70705340598443822
4010,34.799407738978381,-0.5000255159046586,0,0,0,0,0,0.70705338350438041
4011,34.808085895521771,-0.50002554823557266,0,0,0,0,0,0.70705336065236679
4012,34.816764052065153,-0.50002551281147334,0,0,0,0,0,0.70705338571447918
4013,34.825442208608543,-0.50002552915259213,0,0,0,0,0,0.70705337417028602
4014,34.834120365151925,-0.50002550229129838,0,0,0,0,0,0.70705339317724558
4015,34.842798521695315,-0.500025497097629,0,0,0,0,0,0.70705339686163171
4016,34.851476678238697,-0.50002548893131271,0,0,0,0,0,0.7070534026466504
4017,34.860154834782087,-0.50002550572535343,0,0,0,0,0,0.70705339078112672
4018,34.868832991325476,-0.50002555394017123,0,0,0,0,0,0.70705335669563496
4019,34.877511147868859,-0.50002553523737092,0,0,0,0,0,0.70705336993217394
4020,34.886189304412248,-0.50002550390243239,0,0,0,0,0,0.70705339210247686
4021,34.894867460955631,-0.50002549702447241,0,0,0,0,0,0.70705339697678582
4022,34.90354561749902,-0.5000255515143831,0,0,0,0,0,0.7070533584530807
4023,34.912223774042403,-0.50002559876857489,0,0,0,0,0,0.70705332504712004
4024,34.920901930585792,-0.50002558125289975,0,0,0,0,0,0.70705333744403731
4025,34.929580087129175,-0.50002552401617839,0,0,0,0,0,0.70705337793043199
4026,34.938258243672564,-0.50002550550731317,0,0,0,0,0,0.70705339102974918
4027,34.946936400215947,-0.50002552209291395,0,0,0,0,0,0.70705337931037171
4028,34.955614556759336,-0.50002546383187141,0,0,0,0,0,0.70705342052054476
4029,34.964292713302719,-0.50002546245117718,0,0,0,0,0,0.70705342150730388
4030,34.972970869846108,-0.500025449236843,0,0,0,0,0,0.70705343086176953
4031,34.981649026389491,-0.50002545941955578,0,0,0,0,0,0.70705342367031676
4032,34.99032718293288,-0.50002541910459442,0,0,0,0,0,0.70705345218885896
4033,34.999005339476263,-0.50002542213005186,0,0,0,0,0,0.7070534500593304
4034,35.007683496019652,-0.5000254392176543,0,0,0,0,0,0.70705343798525888
4035,35.016361652563035,-0.50002546786568358,0,0,0,0,0,0.70705341773466657
4036,35.025039809106424,-0.50002545675803201,0,0,0,0,0,0.70705342559855211
4037,35.033717965649807,-0.50002543340678784,0,0,0,0,0,0.70705344212036891
4038,35.042396122193196,-0.50002547238744066,0,0,0,0,0,0.70705341456311643
4039,35.051074278736579,-0.50002542609941891,0,0,0,0,0,0.70705344730415476
4040,35.059752435279968,-0.50002542614622214,0,0,0,0,0,0.70705344727890562
4041,35.068430591823351,-0.5000254388271218,0,0,0,0,0,0.70705343831920686
4042,35.07710874836674,-0.50002544740129284,0,0,0,0,0,0.70705343226401496
4043,35.085786904910123,-0.50002542389953575,0,0,0,0,0,0.7070534488903224
4044,35.094465061453512,-0.50002541673442102,0,0,0,0,0,0.70705345396375918
4045,35.103143217996902,-0.5000253793024757,0,0,0,0,0,0.70705348044174698
4046,35.111821374540284,-0.50002533703944141,0,0,0,0,0,0.7070535103352924
4047,35.120499531083674,-0.5000252989647741,0,0,0,0,0,0.70705353726676634
4048,35.129177687627056,-0.50002532000354172,0,0,0,0,0,0.70705352239594887
4049,35.137855844170446,-0.50002534787112263,0,0,0,0,0,0.70705350269596678
4050,35.146534000713828,-0.50002535194502107,0,0,0,0,0,0.7070534998218605
4051,35.155212157257218,-0.50002532667641075,0,0,0,0,0,0.70705351769651514
4052,35.1638903138006,-0.50002530317959593,0,0,0,0,0,0.70705353431884177
4053,35.17256847034399,-0.500025315056985,0,0,0,0,0,0.70705352592607795
4054,35.181246626887372,-0.50002533752310385,0,0,0,0,0,0.70705351004520089
4055,35.189924783430762,-0.50002536063784986,0,0,0,0,0,0.70705349370513915
4056,35.198602939974144,-0.50002537785588497,0,0,0,0,0,0.70705348153505199
4057,35.207281096517534,-0.50002539387230738,0,0,0,0,0,0.70705347021411669
4058,35.215959253060916,-0.50002540919736993,0,0,0,0,0,0.70705345938236164
4059,35.224637409604306,-0.50002535887467148,0,0,0,0,0,0.70705349497345793
4060,35.233315566147688,-0.50002537292024785,0,0,0,0,0,0.70705348504593246
4061,35.241993722691078,-0.50002538361261761,0,0,0,0,0,0.70705347748978475
4062,35.25067187923446,-0.50002539699854964,0,0,0,0,0,0.70705346802848723
4063,35.25935003577785,-0.50002537392345348,0,0,0,0,0,0.70705348435020632
4064,35.268028192321232,-0.50002543029961655,0,0,0,0,0,0.70705344448776231
4065,35.276706348864622,-0.50002544523160763,0,0,0,0,0,0.70705343393232312
4066,35.285384505408004,-0.50002541528798294,0,0,0,0,0,0.70705345511090023
4067,35.294062661951394,-0.50002537903351452,0,0,0,0,0,0.7070534807520823
4068,35.302740818494776,-0.50002534615795124,0,0,0,0,0,0.70705350400378242
4069,35.311418975038166,-0.50002536228360628,0,0,0,0,0,0.70705349260384054
4070,35.320097131581555,-0.50002539570414228,0,0,0,0,0,0.70705346897384569
4071,35.328775288124938,-0.50002535008306015,0,0,0,0,0,0.70705350123798993
4072,35.337453444668327,-0.50002533863632315,0,0,0,0,0,0.70705350933547351
4073,35.346131601211709,-0.50002531773775249,0,0,0,0,0,0.70705352411673772
4074,35.354809757755099,-0.50002534534759624,0,0,0,0,0,0.7070535045950308
4075,35.363487914298481,-0.50002530597071371,0,0,0,0,0,0.70705353244293079
4076,35.372166070841871,-0.500025344191114,0,0,0,0,0,0.70705350541749112
4077,35.380844227385253,-0.50002537611403497,0,0,0,0,0,0.7070534828452979
4078,35.389522383928643,-0.5000254129942644,0,0,0,0,0,0.70705345676727749
4079,35.398200540472025,-0.50002545669385678,0,0,0,0,0,0.70705342586670539
4080,35.406878697015415,-0.5000254849612944,0,0,0,0,0,0.70705340587896348
4081,35.415556853558797,-0.50002550022603742,0,0,0,0,0,0.7070533950858775
4082,35.424235010102187,-0.50002549143111519,0,0,0,0,0,0.70705340130639893
4083,35.432913166645569,-0.50002551002301487,0,0,0,0,0,0.70705338816022845
4084,35.441591323188959,-0.50002555022313977,0,0,0,0,0,0.70705335973347683
4085,35.450269479732341,-0.50002552784248044,0,0,0,0,0,0.70705337556070647
4086,35.458947636275731,-0.50002554882412176,0,0,0,0,0,0.70705336072403235
4087,35.467625792819113,-0.50002553674733874,0,0,0,0,0,0.70705336926444629
4088,35.476303949362503,-0.50002556889626948,0,0,0,0,0,0.70705334653055152
4089,35.484982105905885,-0.50002557231694456,0,0,0,0,0,0.70705334411166576
4090,35.493660262449275,-0.50002563007584166,0,0,0,0,0,0.70705330326722016
4091,35.502338418992657,-0.50002564149544226,0,0,0,0,0,0.70705329519155724
4092,35.511016575536047,-0.5000256956458955,0,0,0,0,0,0.70705325689844112
4093,35.519694732079429,-0.50002572284968427,0,0,0,0,0,0.70705323766058326
4094,35.528372888622819,-0.50002575850345876,0,0,0,0,0,0.7070532124470762
4095,35.537051045166201,-0.50002576402398202,0,0,0,0,0,0.70705320854230858
4096,35.545729201709591,-0.5000257812624046,0,0,0,0,0,0.70705319635091535
4097,35.55440735825298,-0.5000258028626412,0,0,0,0,0,0.70705318107501947
4098,35.563085514796363,-0.50002581747653629,0,0,0,0,0,0.70705317073926099
4099,35.571763671339752,-0.50002582421433883,0,0,0,0,0,0.70705316597292223
4100,35.580441827883135,-0.50002578335541381,0,0,0,0,0,0.70705319486454909
4101,35.589119984426524,-0.5000257843274365,0,0,0,0,0,0.70705319417516155
4102,35.597798140969907,-0.50002573408061002,0,0,0,0,0,0.70705322970516438
4103,35.606476297513296,-0.50002566968450657,0,0,0,0,0,0.70705327524075345
4104,35.615154454056679,-0.50002567263929387,0,0,0,0,0,0.70705327314884581
4105,35.623832610600068,-0.50002564136517325,0,0,0,0,0,0.70705329526185268
4106,35.632510767143451,-0.50002560532673468,0,0,0,0,0,0.70705332074375415
4107,35.64118892368684,-0.50002563532937205,0,0,0,0,0,0.70705329952430684
4108,35.649867080230223,-0.50002564898547974,0,0,0,0,0,0.70705328986432026
4109,35.658545236773612,-0.50002564000024452,0,0,0,0,0,0.70705329621471613
4110,35.667223393316995,-0.50002563591420091,0,0,0,0,0,0.70705329910068571
4111,35.675901549860384,-0.50002566607570276,0,0,0,0,0,0.7070532777680798
4112,35.684579706403767,-0.50002567842662959,0,0,0,0,0,0.70705326903021026
4113,35.693257862947156,-0.50002566486100686,0,0,0,0,0,0.70705327861925671
4114,35.701936019490539,-0.50002566971133122,0,0,0,0,0,0.70705327518521766
4115,35.710614176033928,-0.5000256919331677,0,0,0,0,0,0.7070532594667025
4116,35.719292332577311,-0.50002571567234899,0,0,0,0,0,0.70705324267482772
4117,35.7279704891207,-0.5000257074655643,0,0,0,0,0,0.70705324847350015
4118,35.736648645664083,-0.50002573478426038,0,0,0,0,0,0.70705322915022251
4119,35.745326802207472,-0.50002578243104057,0,0,0,0,0,0.70705319545172962
4120,35.754004958750855,-0.50002580093341376,0,0,0,0,0,0.70705318236278947
4121,35.762683115294244,-0.50002577072117382,0,0,0,0,0,0.70705320372237157
4122,35.771361271837627,-0.50002580354265258,0,0,0,0,0,0.70705318050691268
4123,35.780039428381016,-0.500025856235502,0,0,0,0,0,0.70705314323914781
4124,35.788717584924406,-0.50002583719318161,0,0,0,0,0,0.70705315669904323
4125,35.797395741467788,-0.5000258527371525,0,0,0,0,0,0.70705314570141553
4126,35.806073898011178,-0.50002588876303944,0,0,0,0,0,0.70705312021904376
4127,35.81475205455456,-0.50002585650537201,0,0,0,0,0,0.70705314302417666
4128,35.82343021109795,-0.50002591102750094,0,0,0,0,0,0.70705310446171232
4129,35.832108367641332,-0.50002591001900065,0,0,0,0,0,0.70705310516820852
4130,35.840786524184722,-0.50002593299319176,0,0,0,0,0,0.70705308891527352
4131,35.849464680728104,-0.50002594637137321,0,0,0,0,0,0.70705307944848528
4132,35.858142837271494,-0.50002596411475109,0,0,0,0,0,0.70705306689417213
4133,35.866820993814876,-0.50002592076734409,0,0,0,0,0,0.70705309754046919
4134,35.875499150358266,-0.50002590009745129,0,0,0,0,0,0.70705311215062316
4135,35.884177306901648,-0.50002593339294754,0,0,0,0,0,0.7070530885984283
4136,35.892855463445038,-0.50002593779363613,0,0,0,0,0,0.70705308547856838
4137,35.90153361998842,-0.50002593831476427,0,0,0,0,0,0.70705308510229514
4138,35.91021177653181,-0.50002595610417688,0,0,0,0,0,0.70705307251441241
4139,35.918889933075192,-0.50002597916051816,0,0,0,0,0,0.70705305620275283
4140,35.927568089618582,-0.50002593744604917,0,0,0,0,0,0.70705308569296221
4141,35.936246246161964,-0.5000259694024406,0,0,0,0,0,0.70705306308651927
4142,35.944924402705354,-0.50002597253142322,0,0,0,0,0,0.70705306086546216
4143,35.953602559248736,-0.50002599001210224,0,0,0,0,0,0.70705304849523998
4144,35.962280715792126,-0.50002602041653066,0,0,0,0,0,0.70705302698648609
4145,35.970958872335508,-0.50002599947217319,0,0,0,0,0,0.70705304178864736
4146,35.979637028878898,-0.50002600432026412,0,0,0,0,0,0.70705303835142885
4147,35.98831518542228,-0.50002599592269414,0,0,0,0,0,0.70705304428150839
4148,35.99699334196567,-0.50002599612754917,0,0,0,0,0,0.70705304412744141
4149,36.005671498509059,-0.5000260177243232,0,0,0,0,0,0.70705302884638854
4150,36.014349655052442,-0.50002597314532649,0,0,0,0,0,0.70705306036115445
4151,36.023027811595831,-0.50002595698778907,0,0,0,0,0,0.70705307177771815
4152,36.031705968139214,-0.50002598712808266,0,0,0,0,0,0.70705305045485645
4153,36.040384124682603,-0.50002593724667166,0,0,0,0,0,0.70705308571874959
4154,36.049062281225986,-0.50002590759232368,0,0,0,0,0,0.70705310667900534
4155,36.057740437769375,-0.50002595868422051,0,0,0,0,0,0.70705307053862043
4156,36.066418594312758,-0.50002600288739985,0,0,0,0,0,0.70705303926957441
4157,36.075096750856147,-0.50002606175155995,0,0,0,0,0,0.70705299763314322
4158,36.08377490739953,-0.50002600899626692,0,0,0,0,0,0.70705303492890614
4159,36.092453063942919,-0.50002601162104376,0,0,0,0,0,0.70705303306182898
4160,36.101131220486302,-0.50002600905612238,0,0,0,0,0,0.70705303486561988
4161,36.109809377029691,-0.50002602451948064,0,0,0,0,0,0.70705302391924008
4162,36.118487533573074,-0.50002602841318644,0,0,0,0,0,0.70705302115575819
4163,36.127165690116463,-0.50002599647359613,0,0,0,0,0,0.70705304373220912
4164,36.135843846659846,-0.50002601510102229,0,0,0,0,0,0.70705303054837998
4165,36.144522003203235,-0.50002602284348441,0,0,0,0,0,0.70705302506157786
4166,36.153200159746618,-0.50002603231673382,0,0,0,0,0,0.70705301835061007
4167,36.161878316290007,-0.50002604470169687,0,0,0,0,0,0.7070530095800649
4168,36.17055647283339,-0.50002602803233187,0,0,0,0,0,0.70705302135630177
4169,36.179234629376779,-0.50002600616358994,0,0,0,0,0,0.70705303680904308
4170,36.187912785920162,-0.50002601036146666,0,0,0,0,0,0.70705303382798235
4171,36.196590942463551,-0.50002596780826869,0,0,0,0,0,0.70705306390951783
4172,36.205269099006934,-0.50002595324452659,0,0,0,0,0,0.70705307419816954
4173,36.213947255550323,-0.50002595312547049,0,0,0,0,0,0.70705307426985087
4174,36.222625412093706,-0.5000259376842936,0,0,0,0,0,0.70705308517753807
4175,36.231303568637095,-0.5000259170978355,0,0,0,0,0,0.70705309972350605
4176,36.239981725180485,-0.50002590100698552,0,0,0,0,0,0.70705311109142599
4177,36.248659881723867,-0.5000258827745212,0,0,0,0,0,0.70705312397316789
4178,36.257338038267257,-0.50002583300917647,0,0,0,0,0,0.70705315915341416
4179,36.266016194810639,-0.50002584125313854,0,0,0,0,0,0.7070531533117741
4180,36.274694351354029,-0.50002586799164916,0,0,0,0,0,0.70705313438964801
4181,36.283372507897411,-0.50002582256421602,0,0,0,0,0,0.70705316650370342
4182,36.292050664440801,-0.50002587860161785,0,0,0,0,0,0.70705312686295585
4183,36.300728820984183,-0.50002591306535138,0,0,0,0,0,0.70705310247791076
4184,36.309406977527573,-0.50002586777177316,0,0,0,0,0,0.70705313449606066
4185,36.318085134070955,-0.50002586336258992,0,0,0,0,0,0.70705313760047961
4186,36.326763290614345,-0.50002582415947916,0,0,0,0,0,0.70705316531196694
4187,36.335441447157727,-0.50002584836261943,0,0,0,0,0,0.70705314818354381
4188,36.344119603701117,-0.50002584555332774,0,0,0,0,0,0.70705315015780812
4189,36.352797760244499,-0.50002584876699019,0,0,0,0,0,0.70705314787286433
4190,36.361475916787889,-0.50002588754580124,0,0,0,0,0,0.70705312043595026
4191,36.370154073331271,-0.50002589159752853,0,0,0,0,0,0.70705311755650424
4192,36.378832229874661,-0.50002591033475119,0,0,0,0,0,0.70705310429297885
4193,36.387510386418043,-0.5000258962068389,0,0,0,0,0,0.70705311427186679
4194,36.396188542961433,-0.50002586246499703,0,0,0,0,0,0.70705313812116088
4195,36.404866699504815,-0.50002582240595128,0,0,0,0,0,0.70705316643793514
4196,36.413544856048205,-0.50002580542703101,0,0,0,0,0,0.70705317843224691
4197,36.422223012591587,-0.50002585784763187,0,0,0,0,0,0.70705314134795794
4198,36.430901169134977,-0.5000258592764929,0,0,0,0,0,0.70705314032534705
4199,36.439579325678359,-0.50002582703020826,0,0,0,0,0,0.70705316311606659
4200,36.448257482221749,-0.50002586043451636,0,0,0,0,0,0.70705313947832638
4201,36.456935638765131,-0.50002589878926607,0,0,0,0,0,0.70705311234002277
4202,36.465613795308521,-0.50002592064484142,0,0,0,0,0,0.70705309687109974
4203,36.47429195185191,-0.50002589515476037,0,0,0,0,0,0.70705311488454115
4204,36.482970108395293,-0.50002591945367147,0,0,0,0,0,0.70705309768573343
4205,36.491648264938682,-0.50002587837102552,0,0,0,0,0,0.70705312672501552
4206,36.500326421482065,-0.50002586924341696,0,0,0,0,0,0.70705313316623419
4207,36.509004578025454,-0.50002589160840805,0,0,0,0,0,0.70705311733659615
4208,36.517682734568837,-0.50002592748964392,0,0,0,0,0,0.70705309194744248
4209,36.526360891112226,-0.50002598010311128,0,0,0,0,0,0.70705305472556867
4210,36.535039047655609,-0.50002597790073999,0,0,0,0,0,0.70705305626877823
4211,36.543717204198998,-0.50002595131157024,0,0,0,0,0,0.7070530750581191
4212,36.552395360742381,-0.50002597820915473,0,0,0,0,0,0.70705305602231372
4213,36.56107351728577,-0.50002597523466252,0,0,0,0,0,0.70705305811200669
4214,36.569751673829153,-0.5000259649738652,0,0,0,0,0,0.70705306535568146
4215,36.578429830372542,-0.50002598122210862,0,0,0,0,0,0.70705305385033945
4216,36.587107986915925,-0.50002596668546972,0,0,0,0,0,0.70705306411794233
4217,36.595786143459314,-0.50002598432406486,0,0,0,0,0,0.70705305162956955
4218,36.604464300002697,-0.50002600927894525,0,0,0,0,0,0.70705303396769215
4219,36.613142456546086,-0.50002602541608998,0,0,0,0,0,0.70705302254156344
4220,36.621820613089469,-0.50002597840200402,0,0,0,0,0,0.70705305577661504
4221,36.630498769632858,-0.50002594346012785,0,0,0,0,0,0.70705308047385773
4222,36.639176926176241,-0.50002595640877789,0,0,0,0,0,0.70705307130315043
4223,36.64785508271963,-0.50002597953119632,0,0,0,0,0,0.7070530549365196
4224,36.656533239263013,-0.50002605520275356,0,0,0,0,0,0.70705300140784366
4225,36.665211395806402,-0.50002609234220707,0,0,0,0,0,0.70705297512893883
4226,36.673889552349785,-0.50002610487611676,0,0,0,0,0,0.70705296625092429
4227,36.682567708893174,-0.50002615202801459,0,0,0,0,0,0.70705293289086968
4228,36.691245865436564,-0.50002619438191609,0,0,0,0,0,0.70705290292419753
4229,36.699924021979946,-0.50002617854988318,0,0,0,0,0,0.70705291410658977
4230,36.708602178523336,-0.50002615543453288,0,0,0,0,0,0.70705293043979056
4231,36.717280335066718,-0.50002622175729594,0,0,0,0,0,0.70705288352243501
4232,36.725958491610108,-0.5000261727109937,0,0,0,0,0,0.70705291819530647
4233,36.73463664815349,-0.50002613445906696,0,0,0,0,0,0.70705294523430107
4234,36.74331480469688,-0.50002613639082572,0,0,0,0,0,0.7070529438552029
4235,36.751992961240262,-0.50002610825380467,0,0,0,0,0,0.70705296374118487
4236,36.760671117783652,-0.50002610871682684,0,0,0,0,0,0.70705296340031432
4237,36.769349274327034,-0.50002607372362917,0,0,0,0,0,0.70705298813468442
4238,36.778027430870424,-0.50002600880107106,0,0,0,0,0,0.70705303403543285
4239,36.786705587413806,-0.50002601892579046,0,0,0,0,0,0.70705302686244376
4240,36.795383743957196,-0.50002605908604014,0,0,0,0,0,0.70705299844729796
4241,36.804061900500578,-0.50002603785399313,0,0,0,0,0,0.70705301345026261
4242,36.812740057043968,-0.50002608269716042,0,0,0,0,0,0.70705298172325248
4243,36.82141821358735,-0.50002604932456918,0,0,0,0,0,0.70705300531182091
4244,36.83009637013074,-0.50002600312932322,0,0,0,0,0,0.70705303796874763
4245,36.838774526674122,-0.50002603134095758,0,0,0,0,0,0.70705301800413789
4246,36.847452683217512,-0.50002601046987727,0,0,0,0,0,0.70705303275139508
4247,36.856130839760894,-0.5000260461548296,0,0,0,0,0,0.70705300750154265
4248,36.864808996304284,-0.50002602133406027,0,0,0,0,0,0.70705302504268985
4249,36.873487152847666,-0.50002606951815631,0,0,0,0,0,0.70705299095328389
4250,36.882165309391056,-0.50002609591695957,0,0,0,0,0,0.70705297227145536
4251,36.890843465934438,-0.50002609675585008,0,0,0,0,0,0.7070529716658891
4252,36.899521622477828,-0.50002607641541152,0,0,0,0,0,0.70705298603908595
4253,36.90819977902121,-0.50002613122147987,0,0,0,0,0,0.70705294726697687
4254,36.9168779355646,-0.50002610756710875,0,0,0,0,0,0.70705296398391226
4255,36.925556092107989,-0.50002606351580492,0,0,0,0,0,0.70705299512518138
4256,36.934234248651372,-0.50002600839702571,0,0,0,0,0,0.70705303409370757
4257,36.942912405194761,-0.5000260045670476,0,0,0,0,0,0.70705303679013909
4258,36.951590561738143,-0.50002594482659801,0,0,0,0,0,0.70705307902805092
4259,36.960268718281533,-0.50002594117624599,0,0,0,0,0,0.70705308159810087
4260,36.968946874824915,-0.50002595170280895,0,0,0,0,0,0.70705307414145402
4261,36.977625031368305,-0.50002594087135699,0,0,0,0,0,0.7070530817899856
4262,36.986303187911687,-0.50002592977691529,0,0,0,0,0,0.70705308962466695
4263,36.994981344455077,-0.50002599341375142,0,0,0,0,0,0.70705304460765372
4264,37.003659500998459,-0.50002599432842854,0,0,0,0,0,0.70705304394903834
4265,37.012337657541849,-0.50002596948298528,0,0,0,0,0,0.70705306150841363
4266,37.021015814085231,-0.50002592814488378,0,0,0,0,0,0.7070530907324839
4267,37.029693970628621,-0.50002590883725706,0,0,0,0,0,0.70705310437632818
4268,37.038372127172003,-0.5000259440289857,0,0,0,0,0,0.70705307947662988
4269,37.047050283715393,-0.50002595136580053,0,0,0,0,0,0.70705307427593311
4270,37.055728440258775,-0.50002596072686067,0,0,0,0,0,0.70705306764440934
4271,37.064406596802165,-0.50002594366278164,0,0,0,0,0,0.70705307970221298
4272,37.073084753345547,-0.50002596012879741,0,0,0,0,0,0.70705306804529933
4273,37.081762909888937,-0.50002592886556962,0,0,0,0,0,0.70705309014387296
4274,37.090441066432319,-0.50002588432194062,0,0,0,0,0,0.70705312163585532
4275,37.099119222975709,-0.50002582211476743,0,0,0,0,0,0.70705316561990728
4276,37.107797379519091,-0.50002582194611755,0,0,0,0,0,0.70705316572869492
4277,37.116475536062481,-0.50002587168846624,0,0,0,0,0,0.70705313054021346
4278,37.125153692605863,-0.50002588303849083,0,0,0,0,0,0.70705312250250074
4279,37.133831849149253,-0.50002584679647,0,0,0,0,0,0.70705314812424547
4280,37.142510005692642,-0.5000258638181615,0,0,0,0,0,0.70705313607694009
4281,37.151188162236025,-0.50002582836069642,0,0,0,0,0,0.70705316114366745
4282,37.159866318779414,-0.50002588523076874,0,0,0,0,0,0.70705312091448747
4283,37.168544475322797,-0.50002590073392073,0,0,0,0,0,0.70705310994145876
4284,37.177222631866186,-0.50002589531972275,0,0,0,0,0,0.70705311376137203
4285,37.185900788409569,-0.50002589547752718,0,0,0,0,0,0.70705311364012857
4286,37.194578944952958,-0.50002587104296092,0,0,0,0,0,0.70705313091074373
4287,37.203257101496341,-0.5000259258473656,0,0,0,0,0,0.70705309214328338
4288,37.21193525803973,-0.50002589700012234,0,0,0,0,0,0.70705311253598246
4289,37.220613414583113,-0.50002589775394757,0,0,0,0,0,0.70705311199368381
4290,37.229291571126502,-0.50002583926076094,0,0,0,0,0,0.70705315335349717
4291,37.237969727669885,-0.50002588374474866,0,0,0,0,0,0.70705312188453462
4292,37.246647884213274,-0.50002588744979903,0,0,0,0,0,0.7070531192560825
4293,37.255326040756657,-0.50002586676471972,0,0,0,0,0,0.70705313387734847
4294,37.264004197300046,-0.50002583280584534,0,0,0,0,0,0.70705315788580947
4295,37.272682353843429,-0.50002585593024884,0,0,0,0,0,0.7070531415222181
4296,37.281360510386818,-0.50002587774504537,0,0,0,0,0,0.70705312608698101
4297,37.290038666930201,-0.50002586360908052,0,0,0,0,0,0.7070531360753165
4298,37.29871682347359,-0.50002586312803921,0,0,0,0,0,0.70705313640929646
4299,37.307394980016973,-0.50002585806584354,0,0,0,0,0,0.70705313998284325
4300,37.316073136560362,-0.50002585994292625,0,0,0,0,0,0.70705313864680619
4301,37.324751293103745,-0.50002590882401365,0,0,0,0,0,0.70705310406880884
4302,37.333429449647134,-0.50002587783791097,0,0,0,0,0,0.70705312597673142
4303,37.342107606190517,-0.50002589321198054,0,0,0,0,0,0.70705311509665947
4304,37.350785762733906,-0.50002591584165335,0,0,0,0,0,0.707053099084753
4305,37.359463919277289,-0.50002591790326456,0,0,0,0,0,0.70705309762078628
4306,37.368142075820678,-0.50002594010700108,0,0,0,0,0,0.70705308191055849
4307,37.376820232364068,-0.50002595041676523,0,0,0,0,0,0.70705307461365408
4308,37.38549838890745,-0.5000259582942822,0,0,0,0,0,0.70705306903668586
4309,37.39417654545084,-0.50002592367465493,0,0,0,0,0,0.70705309351598622
4310,37.402854701994222,-0.50002590045256401,0,0,0,0,0,0.70705310993327597
4311,37.411532858537612,-0.50002590499995514,0,0,0,0,0,0.70705310671061561
4312,37.420211015080994,-0.50002589990320345,0,0,0,0,0,0.7070531103097224
4313,37.428889171624384,-0.50002591098893856,0,0,0,0,0,0.70705310246402941
4314,37.437567328167766,-0.50002589741626791,0,0,0,0,0,0.70705311205763621
4315,37.446245484711156,-0.50002590231500632,0,0,0,0,0,0.70705310858894332
4316,37.454923641254538,-0.50002589462403091,0,0,0,0,0,0.70705311402354099
4317,37.463601797797928,-0.50002586578185881,0,0,0,0,0,0.70705313441859641
4318,37.47227995434131,-0.5000258569969257,0,0,0,0,0,0.70705314062792013
4319,37.4809581108847,-0.50002587883054972,0,0,0,0,0,0.70705312518261731
4320,37.489636267428082,-0.50002592035925797,0,0,0,0,0,0.70705309580690745
4321,37.498314423971472,-0.50002592187587347,0,0,0,0,0,0.70705309472935518
4322,37.506992580514854,-0.50002587363681072,0,0,0,0,0,0.70705312884211313
4323,37.515670737058244,-0.50002589282466636,0,0,0,0,0,0.70705311526765513
4324,37.524348893601626,-0.50002585462112337,0,0,0,0,0,0.70705314228274041
4325,37.533027050145016,-0.50002586282498163,0,0,0,0,0,0.70705313647782608
4326,37.541705206688398,-0.50002581656417,0,0,0,0,0,0.70705316919217243
4327,37.550383363231788,-0.5000258552158785,0,0,0,0,0,0.70705314185199875
4328,37.55906151977517,-0.50002587460495629,0,0,0,0,0,0.70705312813515686
4329,37.56773967631856,-0.50002586981175123,0,0,0,0,0,0.70705313152351223
4330,37.576417832861942,-0.50002585851393755,0,0,0,0,0,0.70705313951154913
4331,37.585095989405332,-0.5000258550097384,0,0,0,0,0,0.70705314198773195
4332,37.593774145948714,-0.50002587263451326,0,0,0,0,0,0.70705312951998378
4333,37.602452302492104,-0.50002587704642343,0,0,0,0,0,0.70705312639782569
4334,37.611130459035493,-0.50002582492208458,0,0,0,0,0,0.70705316326125978
4335,37.619808615578876,-0.50002585806300415,0,0,0,0,0,0.70705313982148965
4336,37.628486772122265,-0.50002587205386262,0,0,0,0,0,0.70705312992597502
4337,37.637164928665648,-0.5000258934150692,0,0,0,0,0,0.70705311481658839
4338,37.645843085209037,-0.50002591220580372,0,0,0,0,0,0.70705310152440992
4339,37.65452124175242,-0.50002587527864251,0,0,0,0,0,0.70705312764056094
4340,37.663199398295809,-0.50002587935453247,0,0,0,0,0,0.70705312475640358
4341,37.671877554839192,-0.50002590234097333,0,0,0,0,0,0.70705310849790481
4342,37.680555711382581,-0.50002590714889195,0,0,0,0,0,0.70705310509565567
4343,37.689233867925964,-0.50002595902553737,0,0,0,0,0,0.70705306840530469
4344,37.697912024469353,-0.50002596663877041,0,0,0,0,0,0.70705306302110249
4345,37.706590181012736,-0.50002596574383595,0,0,0,0,0,0.70705306365334974
4346,37.715268337556125,-0.5000259552843449,0,0,0,0,0,0.70705307104942783
4347,37.723946494099508,-0.50002589391660401,0,0,0,0,0,0.70705311445201868
4348,37.732624650642897,-0.50002589442671963,0,0,0,0,0,0.70705311409025073
4349,37.74130280718628,-0.50002586245186942,0,0,0,0,0,0.70705313670486203
4350,37.749980963729669,-0.50002591682315201,0,0,0,0,0,0.70705309825206675
4351,37.758659120273052,-0.50002593433330034,0,0,0,0,0,0.70705308586927218
4352,37.767337276816441,-0.50002592119611777,0,0,0,0,0,0.70705309515943959
4353,37.776015433359824,-0.50002596389919574,0,0,0,0,0,0.70705306495823461
4354,37.784693589903213,-0.50002593121681826,0,0,0,0,0,0.70705308807473688
4355,37.793371746446596,-0.50002596523331366,0,0,0,0,0,0.7070530640185263
4356,37.802049902989985,-0.50002596584494929,0,0,0,0,0,0.70705306358620046
4357,37.810728059533368,-0.50002599733324238,0,0,0,0,0,0.70705304131754754
4358,37.819406216076757,-0.50002596570142044,0,0,0,0,0,0.70705306369243504
4359,37.828084372620147,-0.50002599057419228,0,0,0,0,0,0.70705304610387154
4360,37.836762529163529,-0.50002600899993532,0,0,0,0,0,0.70705303307360867
4361,37.845440685706919,-0.50002597850317476,0,0,0,0,0,0.70705305464586776
4362,37.854118842250301,-0.50002601030040894,0,0,0,0,0,0.70705303216102133
4363,37.862796998793691,-0.50002603259919243,0,0,0,0,0,0.70705301639410001
4364,37.871475155337073,-0.50002601912165046,0,0,0,0,0,0.70705302593031727
4365,37.880153311880463,-0.50002606958226448,0,0,0,0,0,0.70705299024548118
4366,37.888831468423845,-0.50002610831667837,0,0,0,0,0,0.70705296285363062
4367,37.897509624967235,-0.50002609510672413,0,0,0,0,0,0.70705297219984509
4368,37.906187781510617,-0.50002612556709947,0,0,0,0,0,0.70705295066028295
4369,37.914865938054007,-0.50002610984783769,0,0,0,0,0,0.70705296178222987
4370,37.923544094597389,-0.50002608119012426,0,0,0,0,0,0.70705298205564526
4371,37.932222251140779,-0.50002606556418805,0,0,0,0,0,0.70705299311101122
4372,37.940900407684161,-0.50002610225195543,0,0,0,0,0,0.70705296716840293
4373,37.949578564227551,-0.50002607962109058,0,0,0,0,0,0.70705298317959508
4374,37.958256720770933,-0.50002608857093755,0,0,0,0,0,0.70705297685279422
4375,37.966934877314323,-0.50002608137807625,0,0,0,0,0,0.7070529819450444
4376,37.975613033857705,-0.50002609049645363,0,0,0,0,0,0.70705297550018109
4377,37.984291190401095,-0.50002610082037979,0,0,0,0,0,0.70705296820487851
4378,37.992969346944477,-0.50002607972317892,0,0,0,0,0,0.70705298313141185
4379,38.001647503487867,-0.50002612005166869,0,0,0,0,0,0.70705295461396167
4380,38.010325660031249,-0.50002611847344647,0,0,0,0,0,0.7070529557355747
4381,38.019003816574639,-0.50002610672241377,0,0,0,0,0,0.70705296405261109
4382,38.027681973118021,-0.50002610656323387,0,0,0,0,0,0.70705296417030983
4383,38.036360129661411,-0.50002611815302844,0,0,0,0,0,0.70705295597985707
4384,38.045038286204793,-0.50002610816898119,0,0,0,0,0,0.70705296304725351
4385,38.053716442748183,-0.50002613766651105,0,0,0,0,0,0.70705294219239256
4386,38.062394599291572,-0.50002609816761812,0,0,0,0,0,0.70705297013443769
4387,38.071072755834955,-0.50002611787093731,0,0,0,0,0,0.70705295620729203
4388,38.079750912378344,-0.50002611919367934,0,0,0,0,0,0.70705295527788081
4389,38.088429068921727,-0.50002615821346341,0,0,0,0,0,0.70705292768750283
4390,38.097107225465116,-0.50002617807115368,0,0,0,0,0,0.70705291364923539
4391,38.105785382008499,-0.50002617765452195,0,0,0,0,0,0.70705291395176673
4392,38.114463538551888,-0.50002622127426954,0,0,0,0,0,0.70705288311000913
4393,38.123141695095271,-0.50002621011262116,0,0,0,0,0,0.7070528910122551
4394,38.13181985163866,-0.50002617862348786,0,0,0,0,0,0.7070529132900738
4395,38.140498008182043,-0.5000262173785901,0,0,0,0,0,0.70705288588827386
4396,38.149176164725432,-0.50002621136359438,0,0,0,0,0,0.70705289015073447
4397,38.157854321268815,-0.50002621602762165,0,0,0,0,0,0.70705288685842405
4398,38.166532477812204,-0.50002622800224472,0,0,0,0,0,0.70705287839736819
4399,38.175210634355587,-0.50002622090605353,0,0,0,0,0,0.70705288342533201
4400,38.183888790898976,-0.50002617629449364,0,0,0,0,0,0.70705291498426348
4401,38.192566947442359,-0.50002618588396996,0,0,0,0,0,0.70705290821105571
4402,38.201245103985748,-0.50002615320920751,0,0,0,0,0,0.70705293132993496
4403,38.209923260529131,-0.50002615191174371,0,0,0,0,0,0.70705293225454824
4404,38.21860141707252,-0.50002613159784792,0,0,0,0,0,0.70705294663025064
4405,38.227279573615903,-0.50002609666503839,0,0,0,0,0,0.70705297134578515
4406,38.235957730159292,-0.5000261163235693,0,0,0,0,0,0.70705295745166907
4407,38.244635886702675,-0.50002609439718115,0,0,0,0,0,0.70705297296822778
4408,38.253314043246064,-0.5000261089484358,0,0,0,0,0,0.70705296268607754
4409,38.261992199789447,-0.50002608192984466,0,0,0,0,0,0.70705298180500264
4410,38.270670356332836,-0.5000260822601994,0,0,0,0,0,0.70705298158250685
4411,38.279348512876219,-0.50002610508384482,0,0,0,0,0,0.70705296545039786
4412,38.288026669419608,-0.50002607921166708,0,0,0,0,0,0.70705298375795778
4413,38.296704825962998,-0.50002606782376102,0,0,0,0,0,0.70705299182206005
4414,38.30538298250638,-0.50002607221809503,0,0,0,0,0,0.70705298872519506
4415,38.31406113904977,-0.50002606889511036,0,0,0,0,0,0.70705299108538178
4416,38.322739295593152,-0.50002605269133027,0,0,0,0,0,0.7070530025547761
4417,38.331417452136542,-0.50002610372844858,0,0,0,0,0,0.70705296647101257
4418,38.340095608679924,-0.50002611983641299,0,0,0,0,0,0.70705295508938093
4419,38.348773765223314,-0.50002612938140367,0,0,0,0,0,0.70705294834979782
4420,38.357451921766696,-0.50002616106025732,0,0,0,0,0,0.70705292595700442
4421,38.366130078310086,-0.50002619010591387,0,0,0,0,0,0.70705290542755961
4422,38.374808234853468,-0.50002616398546251,0,0,0,0,0,0.70705292391135544
4423,38.383486391396858,-0.5000261440425352,0,0,0,0,0,0.70705293802726032
4424,38.39216454794024,-0.50002615890320501,0,0,0,0,0,0.70705292752889903
4425,38.40084270448363,-0.50002617339702637,0,0,0,0,0,0.70705291728988584
4426,38.409520861027012,-0.50002617060383381,0,0,0,0,0,0.7070529192765953
4427,38.418199017570402,-0.50002617823565132,0,0,0,0,0,0.70705291389050018
4428,38.426877174113784,-0.50002614020861114,0,0,0,0,0,0.70705294079486691
4429,38.435555330657174,-0.50002614969826309,0,0,0,0,0,0.70705293409539038
4430,38.444233487200556,-0.50002612536160196,0,0,0,0,0,0.70705295131916124
4431,38.452911643743946,-0.50002615770773984,0,0,0,0,0,0.70705292845516077
4432,38.461589800287328,-0.50002613760740622,0,0,0,0,0,0.70705294268147156
4433,38.470267956830718,-0.50002615922093341,0,0,0,0,0,0.70705292740802506
4434,38.4789461133741,-0.50002613787627248,0,0,0,0,0,0.70705294251517081
4435,38.48762426991749,-0.50002614279228252,0,0,0,0,0,0.70705293905099964
4436,38.496302426460872,-0.50002615066400746,0,0,0,0,0,0.70705293349540455
4437,38.504980583004262,-0.50002612128161972,0,0,0,0,0,0.70705295428727766
4438,38.513658739547651,-0.50002613788438,0,0,0,0,0,0.70705294255756357
4439,38.522336896091034,-0.50002614700929582,0,0,0,0,0,0.70705293611632403
4440,38.531015052634423,-0.50002614151810187,0,0,0,0,0,0.70705294001291641
4441,38.539693209177805,-0.5000261279231778,0,0,0,0,0,0.70705294964107068
4442,38.548371365721195,-0.50002610748473963,0,0,0,0,0,0.70705296410746321
4443,38.557049522264577,-0.50002611628773819,0,0,0,0,0,0.70705295789511613
4444,38.565727678807967,-0.50002612205390473,0,0,0,0,0,0.70705295383056921
4445,38.574405835351349,-0.50002611498472305,0,0,0,0,0,0.70705295884296504
4446,38.583083991894739,-0.50002613502627757,0,0,0,0,0,0.70705294468220625
4447,38.591762148438121,-0.50002613675876628,0,0,0,0,0,0.70705294347008607
4448,38.600440304981511,-0.50002613930210327,0,0,0,0,0,0.70705294168516808
4449,38.609118461524893,-0.50002611996923096,0,0,0,0,0,0.70705295537104362
4450,38.617796618068283,-0.50002612954706549,0,0,0,0,0,0.70705294861041423
4451,38.626474774611665,-0.50002611976869993,0,0,0,0,0,0.70705295553984193
4452,38.635152931155055,-0.5000261298059322,0,0,0,0,0,0.70705294845499189
4453,38.643831087698437,-0.50002613413561525,0,0,0,0,0,0.70705294540643582
4454,38.652509244241827,-0.50002613543630547,0,0,0,0,0,0.70705294449999601
4455,38.661187400785209,-0.50002613534643725,0,0,0,0,0,0.70705294457772006
4456,38.669865557328599,-0.5000261797745883,0,0,0,0,0,0.70705291317123908
4457,38.678543713871981,-0.5000261430303381,0,0,0,0,0,0.70705293917111867
4458,38.687221870415371,-0.50002613840999011,0,0,0,0,0,0.70705294245293882
4459,38.695900026958753,-0.50002613050597566,0,0,0,0,0,0.70705294805638275
4460,38.704578183502143,-0.50002613119409034,0,0,0,0,0,0.70705294758370352
4461,38.713256340045525,-0.50002610958556459,0,0,0,0,0,0.70705296287893638
4462,38.721934496588915,-0.50002610094027511,0,0,0,0,0,0.7070529690067282
4463,38.730612653132297,-0.50002615705434383,0,0,0,0,0,0.70705292933631525
4464,38.739290809675687,-0.50002617546490791,0,0,0,0,0,0.70705291633025347
4465,38.747968966219076,-0.50002618116343389,0,0,0,0,0,0.70705291231423106
4466,38.756647122762459,-0.50002621953318116,0,0,0,0,0,0.70705288519333032
4467,38.765325279305848,-0.50002626200988898,0,0,0,0,0,0.70705285516775496
4468,38.774003435849231,-0.50002623837484539,0,0,0,0,0,0.7070528718971123
4469,38.78268159239262,-0.50002629001691301,0,0,0,0,0,0.70705283538970232
4470,38.791359748936003,-0.50002629677858901,0,0,0,0,0,0.7070528306216961
4471,38.800037905479392,-0.50002632063314534,0,0,0,0,0,0.70705281376564733
4472,38.808716062022775,-0.50002635455783306,0,0,0,0,0,0.70705278978780783
4473,38.817394218566164,-0.50002640775944085,0,0,0,0,0,0.70705275217779029
4474,38.826072375109547,-0.50002641917111812,0,0,0,0,0,0.70705274412123442
4475,38.834750531652936,-0.50002642910493933,0,0,0,0,0,0.70705273710969685
4476,38.843428688196319,-0.5000263810247787,0,0,0,0,0,0.70705277112577414
4477,38.852106844739708,-0.5000263476659299,0,0,0,0,0,0.70705279473072535
4478,38.860785001283091,-0.50002636262089117,0,0,0,0,0,0.7070527841685762
4479,38.86946315782648,-0.50002630137792048,0,0,0,0,0,0.70705282749335308
4480,38.878141314369863,-0.50002622864551505,0,0,0,0,0,0.70705287894326541
4481,38.886819470913252,-0.50002625443347015,0,0,0,0,0,0.70705286071981233
4482,38.895497627456635,-0.50002624634034898,0,0,0,0,0,0.70705286645668097
4483,38.904175784000024,-0.50002626127180672,0,0,0,0,0,0.70705285591063494
4484,38.912853940543407,-0.50002625735024053,0,0,0,0,0,0.70705285869755907
4485,38.921532097086796,-0.50002623842497917,0,0,0,0,0,0.70705287209531209
4486,38.930210253630179,-0.5000261936208662,0,0,0,0,0,0.70705290379461472
4487,38.938888410173568,-0.50002615726225941,0,0,0,0,0,0.70705292952088739
4488,38.947566566716951,-0.50002612539899627,0,0,0,0,0,0.70705295206819896
4489,38.95624472326034,-0.50002607834926938,0,0,0,0,0,0.70705298535534988
4490,38.96492287980373,-0.50002604354903768,0,0,0,0,0,0.70705300998006315
4491,38.973601036347112,-0.50002603169387283,0,0,0,0,0,0.70705301837714474
4492,38.982279192890502,-0.5000260747493086,0,0,0,0,0,0.70705298794255045
4493,38.990957349433884,-0.50002604911383008,0,0,0,0,0,0.70705300608552468
4494,38.999635505977274,-0.50002609536095188,0,0,0,0,0,0.70705297339396855
4495,39.008313662520656,-0.5000261237565381,0,0,0,0,0,0.70705295332595597
4496,39.016991819064046,-0.50002613819799968,0,0,0,0,0,0.70705294312607592
4497,39.025669975607428,-0.50002618974371205,0,0,0,0,0,0.70705290668706522
4498,39.034348132150818,-0.50002617555685858,0,0,0,0,0,0.70705291673342252
4499,39.0430262886942,-0.50002611829187682,0,0,0,0,0,0.70705295724328776
4500,39.05170444523759,-0.50002614368922671,0,0,0,0,0,0.70705293929507151
4501,39.060382601780972,-0.50002618672986299,0,0,0,0,0,0.70705290887005257
4502,39.069060758324362,-0.5000261843147088,0,0,0,0,0,0.70705291059145203
4503,39.077738914867744,-0.50002619229817469,0,0,0,0,0,0.70705290495927775
4504,39.086417071411134,-0.50002615306753739,0,0,0,0,0,0.70705293271543201
4505,39.095095227954516,-0.5000261309692331,0,0,0,0,0,0.70705294835586585
4506,39.103773384497906,-0.50002616394789845,0,0,0,0,0,0.70705292504675743
4507,39.112451541041288,-0.50002620782180962,0,0,0,0,0,0.70705289403203508
4508,39.121129697584678,-0.50002615299211195,0,0,0,0,0,0.70705293281887371
4509,39.12980785412806,-0.50002616325300009,0,0,0,0,0,0.7070529255760114
4510,39.13848601067145,-0.50002616451438442,0,0,0,0,0,0.70705292469746883
4511,39.147164167214832,-0.50002616406997757,0,0,0,0,0,0.70705292502425809
4512,39.155842323758222,-0.50002613071286739,0,0,0,0,0,0.70705294862631085
4513,39.164520480301604,-0.50002615155523278,0,0,0,0,0,0.70705293389956925
4514,39.173198636844994,-0.50002618318807412,0,0,0,0,0,0.70705291154162175
4515,39.181876793388376,-0.50002620399984898,0,0,0,0,0,0.70705289683670269
4516,39.190554949931766,-0.50002620755745697,0,0,0,0,0,0.70705289433295349
4517,39.199233106475155,-0.50002619611322641,0,0,0,0,0,0.70705290243831165
4518,39.207911263018538,-0.50002622890549775,0,0,0,0,0,0.70705287926105864
4519,39.216589419561927,-0.50002626286715002,0,0,0,0,0,0.70705285525676054
4520,39.22526757610531,-0.50002628714130526,0,0,0,0,0,0.70705283810333253
4521,39.233945732648699,-0.50002629776131047,0,0,0,0,0,0.70705283060453095
4522,39.242623889192082,-0.50002625227147335,0,0,0,0,0,0.7070528627857513
4523,39.251302045735471,-0.50002623795499113,0,0,0,0,0,0.70705287292145691
4524,39.259980202278854,-0.50002624979354149,0,0,0,0,0,0.70705286456147576
4525,39.268658358822243,-0.50002620938416376,0,0,0,0,0,0.70705289314962094
4526,39.277336515365626,-0.50002622584279866,0,0,0,0,0,0.70705288152086254
4527,39.286014671909015,-0.50002625897363839,0,0,0,0,0,0.70705285810348784
4528,39.294692828452398,-0.50002623232035359,0,0,0,0,0,0.70705287696239338
4529,39.303370984995787,-0.50002620647822837,0,0,0,0,0,0.70705289524757831
4530,39.31204914153917,-0.5000262034656564,0,0,0,0,0,0.70705289738950405
4531,39.320727298082559,-0.50002625065107398,0,0,0,0,0,0.70705286403257084
4532,39.329405454625942,-0.50002624510165339,0,0,0,0,0,0.70705286796671096
4533,39.338083611169331,-0.5000262503641616,0,0,0,0,0,0.70705286425547342
4534,39.346761767712714,-0.5000262541433278,0,0,0,0,0,0.70705286159283531
4535,39.355439924256103,-0.50002627081182682,0,0,0,0,0,0.70705284981640126
4536,39.364118080799486,-0.50002627007693579,0,0,0,0,0,0.70705285034666332
4537,39.372796237342875,-0.50002622788753393,0,0,0,0,0,0.70705288019218671
4538,39.381474393886258,-0.50002626141066031,0,0,0,0,0,0.7070528564945171
4539,39.390152550429647,-0.50002626873375455,0,0,0,0,0,0.70705285132555673
4540,39.39883070697303,-0.50002625589484728,0,0,0,0,0,0.70705286041452098
4541,39.407508863516419,-0.50002629307313118,0,0,0,0,0,0.70705283413251507
4542,39.416187020059802,-0.50002629092498285,0,0,0,0,0,0.70705283566127974
4543,39.424865176603191,-0.5000262692236066,0,0,0,0,0,0.70705285101777804
4544,39.433543333146581,-0.50002631103681205,0,0,0,0,0,0.70705282145731729
4545,39.442221489689963,-0.50002629318606362,0,0,0,0,0,0.7070528340894171
4546,39.450899646233353,-0.5000262444304151,0,0,0,0,0,0.7070528685755928
4547,39.459577802776735,-0.50002626508230541,0,0,0,0,0,0.70705285398057072
4548,39.468255959320125,-0.50002625288136948,0,0,0,0,0,0.70705286261777189
4549,39.476934115863507,-0.50002625606622564,0,0,0,0,0,0.70705286037388149
4550,39.485612272406897,-0.50002628057824916,0,0,0,0,0,0.70705284304792393
4551,39.494290428950279,-0.50002625735143491,0,0,0,0,0,0.70705285948137231
4552,39.502968585493669,-0.50002628822644901,0,0,0,0,0,0.70705283765555649
4553,39.511646742037051,-0.50002621939233238,0,0,0,0,0,0.70705288633964614
4554,39.520324898580441,-0.50002620898929517,0,0,0,0,0,0.7070528937042333
4555,39.529003055123823,-0.50002622830755572,0,0,0,0,0,0.70705288005005329
4556,39.537681211667213,-0.50002625199535122,0,0,0,0,0,0.70705286330699124
4557,39.546359368210595,-0.50002622710901812,0,0,0,0,0,0.70705288091273744
4558,39.555037524753985,-0.50002623141902203,0,0,0,0,0,0.70705287787204085
4559,39.563715681297367,-0.50002621536424163,0,0,0,0,0,0.70705288923221943
4560,39.572393837840757,-0.50002624627437675,0,0,0,0,0,0.70705286738061801
4561,39.581071994384139,-0.50002625722853911,0,0,0,0,0,0.70705285964088915
4562,39.589750150927529,-0.5000262284922945,0,0,0,0,0,0.70705287996804245
4563,39.598428307470911,-0.50002624450542699,0,0,0,0,0,0.70705286865063499
4564,39.607106464014301,-0.50002624254827555,0,0,0,0,0,0.7070528700411991
4565,39.615784620557683,-0.50002629613988292,0,0,0,0,0,0.70705283214970294
4566,39.624462777101073,-0.5000262710937734,0,0,0,0,0,0.70705284986686667
4567,39.633140933644455,-0.50002626017214635,0,0,0,0,0,0.70705285759563274
4568,39.641819090187845,-0.5000262780364132,0,0,0,0,0,0.70705284496823673
4569,39.650497246731234,-0.50002629020596212,0,0,0,0,0,0.70705283636786831
4570,39.659175403274617,-0.50002625956171776,0,0,0,0,0,0.70705285804314499
4571,39.667853559818006,-0.5000263025875864,0,0,0,0,0,0.70705282762212018
4572,39.676531716361389,-0.50002630585180041,0,0,0,0,0,0.70705282531896785
4573,39.685209872904778,-0.50002632288026894,0,0,0,0,0,0.7070528132821039
4574,39.693888029448161,-0.50002633037560329,0,0,0,0,0,0.707052807986706
4575,39.70256618599155,-0.50002634177364003,0,0,0,0,0,0.70705279993101477
4576,39.711244342534933,-0.50002638244578246,0,0,0,0,0,0.70705277117373555
4577,39.719922499078322,-0.50002635295791675,0,0,0,0,0,0.70705279203008864
4578,39.728600655621705,-0.50002637067375888,0,0,0,0,0,0.70705277950602508
4579,39.737278812165094,-0.50002635158387876,0,0,0,0,0,0.70705279300927426
4580,39.745956968708477,-0.50002636034934522,0,0,0,0,0,0.70705278681435413
4581,39.754635125251866,-0.50002637241038395,0,0,0,0,0,0.70705277828856339
4582,39.763313281795249,-0.50002635826161979,0,0,0,0,0,0.70705278829715779
4583,39.771991438338638,-0.50002637679448081,0,0,0,0,0,0.70705277519476306
4584,39.780669594882021,-0.50002637958933494,0,0,0,0,0,0.70705277322124527
4585,39.78934775142541,-0.50002639321855902,0,0,0,0,0,0.70705276358599356
4586,39.798025907968793,-0.50002641786979285,0,0,0,0,0,0.70705274615655078
4587,39.806704064512182,-0.50002640235092033,0,0,0,0,0,0.70705275713327165
4588,39.815382221055565,-0.5000264044240248,0,0,0,0,0,0.70705275566942638
4589,39.824060377598954,-0.50002642047967172,0,0,0,0,0,0.70705274431775011
4590,39.832738534142337,-0.5000264608554621,0,0,0,0,0,0.70705271576779793
4591,39.841416690685726,-0.50002646509033466,0,0,0,0,0,0.70705271277485959
4592,39.850094847229109,-0.50002645017891345,0,0,0,0,0,0.70705272332091607
4593,39.858773003772498,-0.50002646265386308,0,0,0,0,0,0.70705271450071905
4594,39.867451160315881,-0.50002646560767361,0,0,0,0,0,0.70705271241310408
4595,39.87612931685927,-0.50002642719334622,0,0,0,0,0,0.70705273957886439
4596,39.88480747340266,-0.50002642351168669,0,0,0,0,0,0.70705274218311498
4597,39.893485629946042,-0.50002645495097853,0,0,0,0,0,0.70705271995148777
4598,39.902163786489432,-0.50002639755818612,0,0,0,0,0,0.70705276053744104
4599,39.910841943032814,-0.50002640147123945,0,0,0,0,0,0.70705275777074039
4600,39.919520099576204,-0.50002643314494688,0,0,0,0,0,0.70705273537280777
4601,39.928198256119586,-0.50002638469236083,0,0,0,0,0,0.70705276963618835
4602,39.936876412662976,-0.50002639741555321,0,0,0,0,0,0.70705276063887457
4603,39.945554569206358,-0.50002636998913241,0,0,0,0,0,0.70705278003325578
4604,39.954232725749748,-0.50002639002514027,0,0,0,0,0,0.70705276586429089
4605,39.96291088229313,-0.50002638684932266,0,0,0,0,0,0.7070527681094575
4606,39.97158903883652,-0.50002639485783962,0,0,0,0,0,0.70705276244538551
4607,39.980267195379902,-0.50002643412654935,0,0,0,0,0,0.70705273467542695
4608,39.988945351923292,-0.50002642614563531,0,0,0,0,0,0.70705274031796428
4609,39.997623508466674,-0.50002648160198326,0,0,0,0,0,0.70705270110057294
4610,40.006301665010064,-0.50002646886227886,0,0,0,0,0,0.70705271010798987
4611,40.014979821553446,-0.50002644556309206,0,0,0,0,0,0.70705272658239304
4612,40.023657978096836,-0.50002645513210253,0,0,0,0,0,0.70705271981390105
4613,40.032336134640218,-0.50002641779591683,0,0,0,0,0,0.70705274621427483
4614,40.041014291183608,-0.5000264674062882,0,0,0,0,0,0.70705271113003598
4615,40.04969244772699,-0.50002649501560759,0,0,0,0,0,0.70705269160373385
4616,40.05837060427038,-0.50002649762051743,0,0,0,0,0,0.70705268975920388
4617,40.067048760813762,-0.50002645749559116,0,0,0,0,0,0.7070527181309707
4618,40.075726917357152,-0.50002648419877449,0,0,0,0,0,0.70705269924500413
4619,40.084405073900534,-0.50002648512163161,0,0,0,0,0,0.70705269858937569
4620,40.093083230443924,-0.50002645429552062,0,0,0,0,0,0.70705272038501965
4621,40.101761386987306,-0.50002647308133574,0,0,0,0,0,0.70705270709719126
4622,40.110439543530696,-0.50002648251109194,0,0,0,0,0,0.70705270042556301
4623,40.119117700074085,-0.50002650904343759,0,0,0,0,0,0.70705268165959012
4624,40.127795856617468,-0.50002650045898545,0,0,0,0,0,0.70705268772628926
4625,40.136474013160857,-0.50002650981840724,0,0,0,0,0,0.70705268110375652
4626,40.145152169704239,-0.5000265191752975,0,0,0,0,0,0.70705267448281583
4627,40.153830326247629,-0.50002652653580004,0,0,0,0,0,0.70705266927348553
4628,40.162508482791011,-0.50002651005009968,0,0,0,0,0,0.70705268092691753
4629,40.171186639334401,-0.50002644365779114,0,0,0,0,0,0.70705272787194318
4630,40.179864795877783,-0.50002639610309563,0,0,0,0,0,0.70705276149575536
4631,40.188542952421173,-0.50002634212453756,0,0,0,0,0,0.70705279966199441
4632,40.197221108964555,-0.50002637724582999,0,0,0,0,0,0.70705277482095852
4633,40.205899265507945,-0.50002641424339411,0,0,0,0,0,0.70705274865291523
4634,40.214577422051327,-0.50002641159127847,0,0,0,0,0,0.70705275052282435
4635,40.223255578594717,-0.50002640650893959,0,0,0,0,0,0.70705275411129964
4636,40.231933735138099,-0.50002642567809197,0,0,0,0,0,0.70705274054999734
4637,40.240611891681489,-0.50002645114231403,0,0,0,0,0,0.70705272253704976
4638,40.249290048224871,-0.50002645623901565,0,0,0,0,0,0.70705271892698995
4639,40.257968204768261,-0.50002644469567692,0,0,0,0,0,0.70705272708340772
4640,40.266646361311643,-0.50002642236621941,0,0,0,0,0,0.70705274286770781
4641,40.275324517855033,-0.50002636057883743,0,0,0,0,0,0.70705278655449888
4642,40.284002674398415,-0.50002631118091423,0,0,0,0,0,0.70705282147974913
4643,40.292680830941805,-0.5000263255399211,0,0,0,0,0,0.70705281131951914
4644,40.301358987485187,-0.50002631314241919,0,0,0,0,0,0.70705282007991155
4645,40.310037144028577,-0.50002630254034541,0,0,0,0,0,0.7070528275704655
4646,40.318715300571959,-0.5000263230907912,0,0,0,0,0,0.70705281303109047
4647,40.327393457115349,-0.50002628964483176,0,0,0,0,0,0.70705283667516827
4648,40.336071613658738,-0.5000262357437264,0,0,0,0,0,0.70705287478432055
4649,40.344749770202121,-0.50002622985053791,0,0,0,0,0,0.70705287894393809
4650,40.35342792674551,-0.50002626585643628,0,0,0,0,0,0.70705285347438895
4651,40.362106083288893,-0.50002632271338521,0,0,0,0,0,0.70705281326032754
4652,40.370784239832282,-0.50002629319152525,0,0,0,0,0,0.70705283412903697
4653,40.379462396375665,-0.50002625433335335,0,0,0,0,0,0.70705286159936698
4654,40.388140552919054,-0.50002628600850807,0,0,0,0,0,0.7070528391918991
4655,40.396818709462437,-0.50002627627748786,0,0,0,0,0,0.707052846064812
4656,40.405496866005826,-0.50002627236682895,0,0,0,0,0,0.70705284882164321
4657,40.414175022549209,-0.50002628559414464,0,0,0,0,0,0.70705283945883934
4658,40.422853179092598,-0.50002630030746609,0,0,0,0,0,0.70705282904598299
4659,40.431531335635981,-0.50002629196648318,0,0,0,0,0,0.70705283493585114
4660,40.44020949217937,-0.50002630014987171,0,0,0,0,0,0.70705282913999667
4661,40.448887648722753,-0.50002629317175984,0,0,0,0,0,0.70705283406541142
4662,40.457565805266142,-0.50002626291272279,0,0,0,0,0,0.70705285545312968
4663,40.466243961809525,-0.50002628906877344,0,0,0,0,0,0.7070528369463851
4664,40.474922118352914,-0.50002629609790239,0,0,0,0,0,0.70705283196599211
4665,40.483600274896297,-0.50002629805667753,0,0,0,0,0,0.70705283057209023
4666,40.492278431439686,-0.50002629951534538,0,0,0,0,0,0.70705282953112203
4667,40.500956587983069,-0.50002631413318432,0,0,0,0,0,0.70705281918455398
4668,40.509634744526458,-0.50002632610593112,0,0,0,0,0,0.70705281070658899
4669,40.518312901069841,-0.50002632414162973,0,0,0,0,0,0.70705281208560677
4670,40.52699105761323,-0.50002628749191824,0,0,0,0,0,0.7070528379926202
4671,40.535669214156613,-0.50002623581757222,0,0,0,0,0,0.70705287452443777
4672,40.544347370700002,-0.50002617999934151,0,0,0,0,0,0.70705291398567738
4673,40.553025527243385,-0.5000261721144823,0,0,0,0,0,0.70705291955077954
4674,40.561703683786774,-0.50002618220925421,0,0,0,0,0,0.70705291239968204
4675,40.570381840330164,-0.50002616608034944,0,0,0,0,0,0.70705292379418161
4676,40.579059996873546,-0.50002616730365856,0,0,0,0,0,0.70705292291913935
4677,40.587738153416936,-0.50002620939457409,0,0,0,0,0,0.70705289314247821
4678,40.596416309960318,-0.50002625249464228,0,0,0,0,0,0.70705286265195078
4679,40.605094466503708,-0.50002621730142871,0,0,0,0,0,0.70705288752880335
4680,40.61377262304709,-0.50002622942436725,0,0,0,0,0,0.70705287894354996
4681,40.62245077959048,-0.50002628963171325,0,0,0,0,0,0.70705283635530236
4682,40.631128936133862,-0.50002628971255758,0,0,0,0,0,0.70705283628780435
4683,40.639807092677252,-0.50002632459937069,0,0,0,0,0,0.7070528116048429
4684,40.648485249220634,-0.50002630845631302,0,0,0,0,0,0.70705282300880512
4685,40.657163405764024,-0.50002631108579587,0,0,0,0,0,0.70705282113882717
4686,40.665841562307406,-0.50002630908335421,0,0,0,0,0,0.70705282254353818
4687,40.674519718850796,-0.50002635950892516,0,0,0,0,0,0.70705278687181483
4688,40.683197875394178,-0.50002636487343499,0,0,0,0,0,0.70705278306605202
4689,40.691876031937568,-0.50002635450949062,0,0,0,0,0,0.70705279038370605
4690,40.70055418848095,-0.50002635805425555,0,0,0,0,0,0.70705278786618564
4691,40.70923234502434,-0.50002635027572639,0,0,0,0,0,0.70705279335373383
4692,40.717910501567722,-0.50002639234229318,0,0,0,0,0,0.70705276359293023
4693,40.726588658111112,-0.50002643467483909,0,0,0,0,0,0.70705273364277588
4694,40.735266814654494,-0.50002638022465529,0,0,0,0,0,0.70705277213633622
4695,40.743944971197884,-0.50002635883691182,0,0,0,0,0,0.70705278724927645
4696,40.752623127741266,-0.50002636511997733,0,0,0,0,0,0.70705278279305173
4697,40.761301284284656,-0.50002638539338662,0,0,0,0,0,0.70705276844332055
4698,40.769979440828038,-0.50002634992969042,0,0,0,0,0,0.70705279351030015
4699,40.778657597371428,-0.50002639063466403,0,0,0,0,0,0.70705276471147016
4700,40.787335753914817,-0.50002640070671212,0,0,0,0,0,0.70705275757565911
4701,40.7960139104582,-0.50002642941215081,0,0,0,0,0,0.70705273726213846
4702,40.804692067001589,-0.50002647197419592,0,0,0,0,0,0.70705270714914192
4703,40.813370223544972,-0.50002649650501618,0,0,0,0,0,0.70705268978748848
4704,40.822048380088361,-0.5000264433432301,0,0,0,0,0,0.70705272737009484
4705,40.830726536631744,-0.50002646209396506,0,0,0,0,0,0.70705271409675419
4706,40.839404693175133,-0.50002649913917951,0,0,0,0,0,0.70705268788513198
4707,40.848082849718516,-0.50002648443182363,0,0,0,0,0,0.70705269827451467
4708,40.856761006261905,-0.50002645414340652,0,0,0,0,0,0.7070527196807368
4709,40.865439162805288,-0.50002644759985471,0,0,0,0,0,0.70705272429594501
4710,40.874117319348677,-0.50002643600288987,0,0,0,0,0,0.70705273248349165
4711,40.88279547589206,-0.50002639866633625,0,0,0,0,0,0.70705275887467867
4712,40.891473632435449,-0.50002639113741942,0,0,0,0,0,0.70705276418436824
4713,40.900151788978832,-0.5000264089076174,0,0,0,0,0,0.70705275160351766
4714,40.908829945522221,-0.50002643818986414,0,0,0,0,0,0.70705273088240217
4715,40.917508102065604,-0.50002644670263396,0,0,0,0,0,0.70705272484876724
4716,40.926186258608993,-0.5000264374344433,0,0,0,0,0,0.70705273138987934
4717,40.934864415152376,-0.50002647385842902,0,0,0,0,0,0.707052705617365
4718,40.943542571695765,-0.50002641335559117,0,0,0,0,0,0.70705274839102739
4719,40.952220728239148,-0.50002640597180126,0,0,0,0,0,0.70705275359941533
4720,40.960898884782537,-0.50002642930359587,0,0,0,0,0,0.70705273708501815
4721,40.96957704132592,-0.5000264828401475,0,0,0,0,0,0.70705269921058544
4722,40.978255197869309,-0.50002649902062746,0,0,0,0,0,0.7070526877539659
4723,40.986933354412692,-0.50002650519685454,0,0,0,0,0,0.70705268337211513
4724,40.995611510956081,-0.50002651709108603,0,0,0,0,0,0.70705267494625179
4725,41.004289667499464,-0.50002651512555929,0,0,0,0,0,0.70705267632187296
4726,41.012967824042853,-0.50002651677355692,0,0,0,0,0,0.70705267514310766
4727,41.021645980586243,-0.50002647023638669,0,0,0,0,0,0.70705270804029818
4728,41.030324137129625,-0.50002648559934004,0,0,0,0,0,0.70705269716253016
4729,41.039002293673015,-0.50002645741306884,0,0,0,0,0,0.70705271708181572
4730,41.047680450216397,-0.50002644315461131,0,0,0,0,0,0.70705272715227341
4731,41.056358606759787,-0.50002642624070559,0,0,0,0,0,0.70705273910062005
4732,41.065036763303169,-0.50002643503111799,0,0,0,0,0,0.70705273287021631
4733,41.073714919846559,-0.50002645961517911,0,0,0,0,0,0.70705271547028303
4734,41.082393076389941,-0.50002639105189284,0,0,0,0,0,0.70705276394457472
4735,41.091071232933331,-0.50002639380514446,0,0,0,0,0,0.70705276198375122
4736,41.099749389476713,-0.50002639007411631,0,0,0,0,0,0.70705276460850053
4737,41.108427546020103,-0.50002634734569051,0,0,0,0,0,0.70705279481211669
4738,41.117105702563485,-0.50002633801010188,0,0,0,0,0,0.70705280140097138
4739,41.125783859106875,-0.50002636065235717,0,0,0,0,0,0.70705278537493343
4740,41.134462015650257,-0.50002637471653399,0,0,0,0,0,0.70705277541556988
4741,41.143140172193647,-0.50002632569643291,0,0,0,0,0,0.70705281006936238
4742,41.151818328737029,-0.50002626383426563,0,0,0,0,0,0.70705285380518068
4743,41.160496485280419,-0.50002622466540092,0,0,0,0,0,0.70705288149167955
4744,41.169174641823801,-0.50002620504430018,0,0,0,0,0,0.70705289535429472
4745,41.177852798367191,-0.50002618832764911,0,0,0,0,0,0.70705290716281266
4746,41.186530954910573,-0.50002620056006475,0,0,0,0,0,0.70705289849870434
4747,41.195209111453963,-0.50002617147120121,0,0,0,0,0,0.70705291905741774
4748,41.203887267997345,-0.50002621769224598,0,0,0,0,0,0.70705288635643082
4749,41.212565424540735,-0.5000262149758874,0,0,0,0,0,0.7070528882645073
4750,41.221243581084117,-0.50002625091773023,0,0,0,0,0,0.70705286283211111
4751,41.229921737627507,-0.50002620643920914,0,0,0,0,0,0.70705289427393447
4752,41.238599894170889,-0.50002617483920198,0,0,0,0,0,0.70705291660835501
4753,41.247278050714279,-0.50002620992352809,0,0,0,0,0,0.70705289178282493
4754,41.255956207257668,-0.50002620599981873,0,0,0,0,0,0.70705289454484999
4755,41.264634363801051,-0.50002618665086851,0,0,0,0,0,0.70705290821527855
4756,41.27331252034444,-0.5000261916525468,0,0,0,0,0,0.70705290466526094
4757,41.281990676887823,-0.50002619517928215,0,0,0,0,0,0.7070529021580132
4758,41.290668833431212,-0.50002617702841878,0,0,0,0,0,0.70705291498099498
4759,41.299346989974595,-0.50002619534558002,0,0,0,0,0,0.70705290201380588
4760,41.308025146517984,-0.50002621339449038,0,0,0,0,0,0.70705288923637033
4761,41.316703303061367,-0.50002620258595809,0,0,0,0,0,0.70705289686811845
4762,41.325381459604756,-0.50002620271143183,0,0,0,0,0,0.70705289676726846
4763,41.334059616148139,-0.50002623486518927,0,0,0,0,0,0.70705287401501371
4764,41.342737772691528,-0.50002620562563094,0,0,0,0,0,0.70705289468155685
4765,41.351415929234911,-0.50002622681758147,0,0,0,0,0,0.70705287968211739
4766,41.3600940857783,-0.50002627577046166,0,0,0,0,0,0.70705284504873234
4767,41.368772242321683,-0.50002627750975492,0,0,0,0,0,0.70705284380520883
4768,41.377450398865072,-0.50002629615690919,0,0,0,0,0,0.70705283060516777
4769,41.386128555408455,-0.50002627158172985,0,0,0,0,0,0.70705284797191315
4770,41.394806711951844,-0.5000262943767696,0,0,0,0,0,0.70705283183831114
4771,41.403484868495227,-0.50002626645170689,0,0,0,0,0,0.70705285157612163
4772,41.412163025038616,-0.50002626445371678,0,0,0,0,0,0.70705285297723464
4773,41.420841181581999,-0.50002628592518406,0,0,0,0,0,0.70705283778036154
4774,41.429519338125388,-0.50002626165286101,0,0,0,0,0,0.70705285493400538
4775,41.438197494668771,-0.50002627910191189,0,0,0,0,0,0.70705284258172085
4776,41.44687565121216,-0.50002632769818844,0,0,0,0,0,0.70705280820162386
4777,41.455553807755543,-0.50002631549933696,0,0,0,0,0,0.70705281681738796
4778,41.464231964298932,-0.50002632419425541,0,0,0,0,0,0.70705281065677639
4779,41.472910120842322,-0.50002639267447901,0,0,0,0,0,0.70705276221466384
4780,41.481588277385704,-0.50002640685928501,0,0,0,0,0,0.7070527521721246
4781,41.490266433929094,-0.50002644286298725,0,0,0,0,0,0.70705272669872343
4782,41.498944590472476,-0.50002644855132483,0,0,0,0,0,0.70705272266391006
4783,41.507622747015866,-0.50002640524808772,0,0,0,0,0,0.7070527532792994
4784,41.516300903559248,-0.50002639044623398,0,0,0,0,0,0.7070527637362467
4785,41.524979060102638,-0.50002642392116725,0,0,0,0,0,0.70705274005196728
4786,41.53365721664602,-0.50002645502298348,0,0,0,0,0,0.70705271804607506
4787,41.54233537318941,-0.50002646755948488,0,0,0,0,0,0.70705270916993967
4788,41.551013529732792,-0.5000264579705197,0,0,0,0,0,0.70705271594234276
4789,41.559691686276182,-0.50002651039210033,0,0,0,0,0,0.70705267885883494
4790,41.568369842819564,-0.50002650976181739,0,0,0,0,0,0.70705267929344195
4791,41.577047999362954,-0.50002650116065173,0,0,0,0,0,0.70705268536719501
4792,41.585726155906336,-0.50002652764750932,0,0,0,0,0,0.70705266662602284
4793,41.594404312449726,-0.50002656555309477,0,0,0,0,0,0.70705263980801369
4794,41.603082468993108,-0.50002656565565073,0,0,0,0,0,0.70705263972608101
4795,41.611760625536498,-0.50002656693499881,0,0,0,0,0,0.70705263881148284
4796,41.62043878207988,-0.50002654693398485,0,0,0,0,0,0.70705265294655106
4797,41.62911693862327,-0.50002654235116351,0,0,0,0,0,0.70705265617762691
4798,41.637795095166652,-0.50002655542192365,0,0,0,0,0,0.70705264692317726
4799,41.646473251710042,-0.50002653424291454,0,0,0,0,0,0.70705266189262872
4800,41.655151408253424,-0.50002650320444242,0,0,0,0,0,0.70705268383531461
4801,41.663829564796814,-0.50002653092364691,0,0,0,0,0,0.70705266422078594
4802,41.672507721340196,-0.50002656955623082,0,0,0,0,0,0.70705263688872222
4803,41.681185877883586,-0.50002660614405103,0,0,0,0,0,0.70705261100357042
4804,41.689864034426968,-0.50002664193741397,0,0,0,0,0,0.70705258568080254
4805,41.698542190970358,-0.50002671026623458,0,0,0,0,0,0.70705253734777074
4806,41.707220347513747,-0.50002668575701559,0,0,0,0,0,0.70705255467294137
4807,41.71589850405713,-0.50002664751530956,0,0,0,0,0,0.70705258171035013
4808,41.724576660600519,-0.50002663408803572,0,0,0,0,0,0.70705259120023101
4809,41.733254817143902,-0.50002668652661686,0,0,0,0,0,0.70705255410574352
4810,41.741932973687291,-0.50002673150690169,0,0,0,0,0,0.70705252228693283
4811,41.750611130230673,-0.5000267720624032,0,0,0,0,0,0.70705249359707523
4812,41.759289286774063,-0.50002677948231489,0,0,0,0,0,0.70705248834238255
4813,41.767967443317445,-0.50002673152539401,0,0,0,0,0,0.70705252225210025
4814,41.776645599860835,-0.50002673085363192,0,0,0,0,0,0.70705252271858754
4815,41.785323756404217,-0.50002676585968708,0,0,0,0,0,0.70705249795466329
4816,41.794001912947607,-0.50002675849347267,0,0,0,0,0,0.70705250315571533
4817,41.802680069490989,-0.50002678742555873,0,0,0,0,0,0.70705248268682652
4818,41.811358226034379,-0.50002679369785907,0,0,0,0,0,0.70705247824342621
4819,41.820036382577761,-0.50002678656024513,0,0,0,0,0,0.70705248328549786
4820,41.828714539121151,-0.50002683019422722,0,0,0,0,0,0.70705245241984116
4821,41.837392695664533,-0.50002685332876939,0,0,0,0,0,0.70705243605270596
4822,41.846070852207923,-0.50002681518848791,0,0,0,0,0,0.70705246302092828
4823,41.854749008751305,-0.50002683979185791,0,0,0,0,0,0.70705244561415803
4824,41.863427165294695,-0.50002683711595308,0,0,0,0,0,0.70705244749958673
4825,41.872105321838077,-0.50002682365948292,0,0,0,0,0,0.70705245701208064
4826,41.880783478381467,-0.50002681768882851,0,0,0,0,0,0.70705246123020693
4827,41.889461634924849,-0.50002680865038895,0,0,0,0,0,0.70705246761762908
4828,41.898139791468239,-0.50002681808525251,0,0,0,0,0,0.70705246093934182
4829,41.906817948011621,-0.50002683202259768,0,0,0,0,0,0.70705245107837733
4830,41.915496104555011,-0.50002685459629381,0,0,0,0,0,0.70705243510728266
4831,41.924174261098393,-0.50002685970423866,0,0,0,0,0,0.70705243149113706
4832,41.932852417641783,-0.50002691268029065,0,0,0,0,0,0.70705239401949793
4833,41.941530574185172,-0.50002689112673082,0,0,0,0,0,0.70705240926046287
4834,41.950208730728555,-0.50002693500919615,0,0,0,0,0,0.70705237822115574
4835,41.958886887271944,-0.50002692979846386,0,0,0,0,0,0.70705238190307451
4836,41.967565043815327,-0.50002690180195886,0,0,0,0,0,0.70705240170004924
4837,41.976243200358716,-0.50002688737301892,0,0,0,0,0,0.70705241190098445
4838,41.984921356902099,-0.50002690705793018,0,0,0,0,0,0.70705239797660457
4839,41.993599513445488,-0.50002689023347158,0,0,0,0,0,0.70705240987295781
4840,42.002277669988871,-0.50002688138065154,0,0,0,0,0,0.70705241613138536
4841,42.01095582653226,-0.50002690062308408,0,0,0,0,0,0.7070524025181335
4842,42.019633983075643,-0.50002685149047299,0,0,0,0,0,0.70705243726423728
4843,42.028312139619032,-0.50002682303818746,0,0,0,0,0,0.70705245738451961
4844,42.036990296162415,-0.50002683780267654,0,0,0,0,0,0.70705244693950897
4845,42.045668452705804,-0.5000268639817006,0,0,0,0,0,0.70705242842262872
4846,42.054346609249187,-0.50002685813178038,0,0,0,0,0,0.70705243255867956
4847,42.063024765792576,-0.50002689007479328,0,0,0,0,0,0.70705240996431229
4848,42.071702922335959,-0.50002692494414813,0,0,0,0,0,0.70705238530080927
4849,42.080381078879348,-0.50002690078140466,0,0,0,0,0,0.7070524023883884
4850,42.089059235422731,-0.50002688725285416,0,0,0,0,0,0.70705241195432
4851,42.09773739196612,-0.50002691307819291,0,0,0,0,0,0.70705239368744
4852,42.106415548509503,-0.50002691214424577,0,0,0,0,0,0.70705239434698475
4853,42.115093705052892,-0.50002694311911533,0,0,0,0,0,0.7070523724393698
4854,42.123771861596275,-0.50002696719272988,0,0,0,0,0,0.70705235541224409
4855,42.132450018139664,-0.50002698853339556,0,0,0,0,0,0.70705234031717801
4856,42.141128174683047,-0.50002697484589653,0,0,0,0,0,0.70705234999669764
4857,42.149806331226436,-0.50002702114717978,0,0,0,0,0,0.70705231725044948
4858,42.158484487769826,-0.50002706493228932,0,0,0,0,0,0.70705228628311789
4859,42.167162644313208,-0.50002706413432874,0,0,0,0,0,0.70705228684884713
4860,42.175840800856598,-0.50002704572185497,0,0,0,0,0,0.7070522998729355
4861,42.18451895739998,-0.50002708260945394,0,0,0,0,0,0.7070522737858006
4862,42.19319711394337,-0.50002706489346449,0,0,0,0,0,0.70705228631752548
4863,42.201875270486752,-0.50002709613937857,0,0,0,0,0,0.70705226421922096
4864,42.210553427030142,-0.50002701295579044,0,0,0,0,0,0.7070523230504292
4865,42.219231583573524,-0.50002698506598153,0,0,0,0,0,0.70705234277685036
4866,42.227909740116914,-0.50002696440253735,0,0,0,0,0,0.70705235739203476
4867,42.236587896660296,-0.50002700782650067,0,0,0,0,0,0.70705232668151896
4868,42.245266053203686,-0.50002698944381074,0,0,0,0,0,0.70705233968586612
4869,42.253944209747068,-0.50002693719333446,0,0,0,0,0,0.70705237664215548
4870,42.262622366290458,-0.50002690063165833,0,0,0,0,0,0.70705240250264945
4871,42.27130052283384,-0.5000269133024059,0,0,0,0,0,0.70705239354291549
4872,42.27997867937723,-0.50002697084141645,0,0,0,0,0,0.70705235285092449
4873,42.288656835920612,-0.50002696971375071,0,0,0,0,0,0.70705235365291141
4874,42.297334992464002,-0.50002696136668023,0,0,0,0,0,0.70705235955885115
4875,42.306013149007384,-0.50002693329196135,0,0,0,0,0,0.70705237941718768
4876,42.314691305550774,-0.50002691637652241,0,0,0,0,0,0.70705239138560838
4877,42.323369462094156,-0.50002695248497686,0,0,0,0,0,0.70705236585200604
4878,42.332047618637546,-0.50002696047029438,0,0,0,0,0,0.707052360207996
4879,42.340725775180928,-0.50002690126703819,0,0,0,0,0,0.70705240208331532
4880,42.349403931724318,-0.50002687034381132,0,0,0,0,0,0.70705242395746515
4881,42.3580820882677,-0.50002685561143656,0,0,0,0,0,0.70705243437980414
4882,42.36676024481109,-0.50002681232932777,0,0,0,0,0,0.70705246499448204
4883,42.375438401354472,-0.50002682064392667,0,0,0,0,0,0.70705245911823145
4884,42.384116557897862,-0.50002686052781953,0,0,0,0,0,0.70705243091534054
4885,42.392794714441251,-0.5000268231263536,0,0,0,0,0,0.70705245737293687
4886,42.401472870984634,-0.50002685410748071,0,0,0,0,0,0.70705243546671204
4887,42.410151027528023,-0.50002684375663731,0,0,0,0,0,0.70705244279427859
4888,42.418829184071406,-0.50002682087853323,0,0,0,0,0,0.70705245898048696
4889,42.427507340614795,-0.50002684934313768,0,0,0,0,0,0.70705243885493863
4890,42.436185497158178,-0.50002683914378709,0,0,0,0,0,0.70705244607353546
4891,42.444863653701567,-0.50002685851700546,0,0,0,0,0,0.70705243237598792
4892,42.45354181024495,-0.50002686884573611,0,0,0,0,0,0.70705242507781652
4893,42.462219966788339,-0.50002684486191218,0,0,0,0,0,0.70705244204756346
4894,42.470898123331722,-0.50002678229574371,0,0,0,0,0,0.70705248630294015
4895,42.479576279875111,-0.50002679892692059,0,0,0,0,0,0.70705247454578135
4896,42.488254436418494,-0.50002681124284976,0,0,0,0,0,0.70705246584239578
4897,42.496932592961883,-0.50002683495232381,0,0,0,0,0,0.70705244908165721
4898,42.505610749505266,-0.50002688098570058,0,0,0,0,0,0.70705241653206308
4899,42.514288906048655,-0.50002688378050031,0,0,0,0,0,0.70705241456120405
4900,42.522967062592038,-0.50002689599042249,0,0,0,0,0,0.70705240593191121
4901,42.531645219135427,-0.50002692691069683,0,0,0,0,0,0.70705238406964188
4902,42.54032337567881,-0.5000269470818951,0,0,0,0,0,0.70705236981136554
4903,42.549001532222199,-0.50002698880834051,0,0,0,0,0,0.70705234030797381
4904,42.557679688765582,-0.50002696587197626,0,0,0,0,0,0.70705235653869991
4905,42.566357845308971,-0.50002693454336034,0,0,0,0,0,0.70705237870290549
4906,42.575036001852354,-0.50002687978017379,0,0,0,0,0,0.70705241744179403
4907,42.583714158395743,-0.50002685912632394,0,0,0,0,0,0.70705243205691559
4908,42.592392314939126,-0.50002688104139192,0,0,0,0,0,0.70705241656643558
4909,42.601070471482515,-0.50002693271147669,0,0,0,0,0,0.70705238003204407
4910,42.609748628025905,-0.50002688656229999,0,0,0,0,0,0.70705241267833863
4911,42.618426784569287,-0.50002688720517574,0,0,0,0,0,0.70705241223257076
4912,42.627104941112677,-0.50002690804635497,0,0,0,0,0,0.70705239750248161
4913,42.635783097656059,-0.50002690037675557,0,0,0,0,0,0.70705240293497518
4914,42.644461254199449,-0.50002688765111158,0,0,0,0,0,0.70705241194391988
4915,42.653139410742831,-0.50002688530188577,0,0,0,0,0,0.70705241361565641
4916,42.661817567286221,-0.50002687297106174,0,0,0,0,0,0.70705242234614119
4917,42.670495723829603,-0.50002689984381454,0,0,0,0,0,0.70705240335084696
4918,42.679173880372993,-0.50002691741813188,0,0,0,0,0,0.70705239093075711
4919,42.687852036916375,-0.50002692910124691,0,0,0,0,0,0.7070523826775883
4920,42.696530193459765,-0.50002691484617667,0,0,0,0,0,0.70705239276805543
4921,42.705208350003147,-0.50002690617332823,0,0,0,0,0,0.70705239891149319
4922,42.713886506546537,-0.50002685867800112,0,0,0,0,0,0.70705243251184235
4923,42.722564663089919,-0.50002681155034967,0,0,0,0,0,0.70705246585234427
4924,42.731242819633309,-0.50002682222076122,0,0,0,0,0,0.70705245831627828
4925,42.739920976176691,-0.50002681819268613,0,0,0,0,0,0.70705246117558929
4926,42.748599132720081,-0.5000267607859139,0,0,0,0,0,0.70705250178639645
4927,42.757277289263463,-0.50002677067997359,0,0,0,0,0,0.70705249479862076
4928,42.765955445806853,-0.50002673829486022,0,0,0,0,0,0.70705251771328292
4929,42.774633602350235,-0.50002672945350513,0,0,0,0,0,0.70705252397720386
4930,42.783311758893625,-0.50002672466794262,0,0,0,0,0,0.70705252737262647
4931,42.791989915437007,-0.50002669723580551,0,0,0,0,0,0.70705254678340346
4932,42.800668071980397,-0.50002673117761354,0,0,0,0,0,0.70705252279143949
4933,42.809346228523779,-0.5000267111661465,0,0,0,0,0,0.70705253695478554
4934,42.818024385067169,-0.50002667344276774,0,0,0,0,0,0.70705256364475488
4935,42.826702541610551,-0.50002666858141309,0,0,0,0,0,0.70705256709358899
4936,42.835380698153941,-0.50002667227116404,0,0,0,0,0,0.70705256449661746
4937,42.84405885469733,-0.50002669347370621,0,0,0,0,0,0.70705254951467111
4938,42.852737011240713,-0.50002667631036068,0,0,0,0,0,0.70705256166438524
4939,42.861415167784102,-0.50002673159921196,0,0,0,0,0,0.7070525225750206
4940,42.870093324327485,-0.5000267348649986,0,0,0,0,0,0.70705252027767962
4941,42.878771480870874,-0.50002676144934444,0,0,0,0,0,0.70705250148852627
4942,42.887449637414257,-0.50002677821882713,0,0,0,0,0,0.70705248963983003
4943,42.896127793957646,-0.50002679197805444,0,0,0,0,0,0.70705247992012943
4944,42.904805950501029,-0.5000267855375139,0,0,0,0,0,0.70705248448720148
4945,42.913484107044418,-0.50002677328808209,0,0,0,0,0,0.70705249316231544
4946,42.922162263587801,-0.50002672254344049,0,0,0,0,0,0.70705252906210347
4947,42.93084042013119,-0.50002670035409535,0,0,0,0,0,0.70705254476824209
4948,42.939518576674573,-0.50002673222920568,0,0,0,0,0,0.70705252223862658
4949,42.948196733217962,-0.50002674672837932,0,0,0,0,0,0.70705251199687957
4950,42.956874889761345,-0.50002676943028534,0,0,0,0,0,0.70705249595379982
4951,42.965553046304734,-0.50002674632451471,0,0,0,0,0,0.70705251230740451
4952,42.974231202848117,-0.50002671033810508,0,0,0,0,0,0.70705253776939259
4953,42.982909359391506,-0.50002675149521736,0,0,0,0,0,0.70705250867474767
4954,42.991587515934889,-0.50002673795638564,0,0,0,0,0,0.7070525182625671
4955,43.000265672478278,-0.50002673216368998,0,0,0,0,0,0.70705252237281435
4956,43.008943829021661,-0.50002675441907418,0,0,0,0,0,0.7070525066468516
4957,43.01762198556505,-0.5000267530630772,0,0,0,0,0,0.70705250761907923
4958,43.026300142108433,-0.500026808083052,0,0,0,0,0,0.70705246872111438
4959,43.034978298651822,-0.50002679640970382,0,0,0,0,0,0.70705247698962648
4960,43.043656455195205,-0.50002676989770245,0,0,0,0,0,0.70705249575309104
4961,43.052334611738594,-0.50002674781740997,0,0,0,0,0,0.7070525113816819
4962,43.061012768281977,-0.50002679143046391,0,0,0,0,0,0.70705248055144132
4963,43.069690924825366,-0.50002678485256402,0,0,0,0,0,0.7070524852170692
4964,43.078369081368756,-0.50002674290341131,0,0,0,0,0,0.70705251489707388
4965,43.087047237912138,-0.50002671136035937,0,0,0,0,0,0.70705253721794747
4966,43.095725394455528,-0.50002670938165583,0,0,0,0,0,0.7070525386312756
4967,43.10440355099891,-0.50002667135952183,0,0,0,0,0,0.707052565534664
4968,43.1130817075423,-0.50002663344149079,0,0,0,0,0,0.7070525923640818
4969,43.121759864085682,-0.50002667150002422,0,0,0,0,0,0.70705256546264605
4970,43.130438020629072,-0.5000267120092885,0,0,0,0,0,0.70705253682843239
4971,43.139116177172454,-0.50002671746686733,0,0,0,0,0,0.70705253298245552
4972,43.147794333715844,-0.50002666275331342,0,0,0,0,0,0.70705257168965918
4973,43.156472490259226,-0.50002668225096203,0,0,0,0,0,0.70705255791424015
4974,43.165150646802616,-0.50002664873574409,0,0,0,0,0,0.70705258163010387
4975,43.173828803345998,-0.5000266983839613,0,0,0,0,0,0.70705254653254523
4976,43.182506959889388,-0.50002672774698675,0,0,0,0,0,0.70705252578111133
4977,43.19118511643277,-0.50002676472978835,0,0,0,0,0,0.70705249964046235
4978,43.19986327297616,-0.50002670758418633,0,0,0,0,0,0.70705254006793439
4979,43.208541429519542,-0.5000266660917827,0,0,0,0,0,0.70705256942558337
4980,43.217219586062932,-0.50002665434202709,0,0,0,0,0,0.70705257774920538
4981,43.225897742606314,-0.50002664765020599,0,0,0,0,0,0.7070525824955739
4982,43.234575899149704,-0.50002666357430703,0,0,0,0,0,0.70705257124821164
4983,43.243254055693086,-0.50002664763462545,0,0,0,0,0,0.70705258253515768
4984,43.251932212236476,-0.50002664945366715,0,0,0,0,0,0.7070525812628119
4985,43.260610368779858,-0.50002667906706333,0,0,0,0,0,0.70705256033454011
4986,43.269288525323248,-0.50002667219999808,0,0,0,0,0,0.70705256520483806
4987,43.27796668186663,-0.50002667021319525,0,0,0,0,0,0.70705256662386917
4988,43.28664483841002,-0.50002661418896055,0,0,0,0,0,0.70705260625818067
4989,43.295322994953409,-0.50002657608573875,0,0,0,0,0,0.70705263321867129
4990,43.304001151496792,-0.50002658845102044,0,0,0,0,0,0.70705262448829631
4991,43.312679308040181,-0.50002660996513248,0,0,0,0,0,0.70705260928717506
4992,43.321357464583564,-0.50002667953169144,0,0,0,0,0,0.70705256010435458
4993,43.330035621126953,-0.5000267026085552,0,0,0,0,0,0.70705254379851401
4994,43.338713777670336,-0.50002668959086161,0,0,0,0,0,0.70705255301832937
4995,43.347391934213725,-0.50002669627027119,0,0,0,0,0,0.70705254830847319
4996,43.356070090757107,-0.50002667978958704,0,0,0,0,0,0.70705255997725902
4997,43.364748247300497,-0.50002664267994801,0,0,0,0,0,0.70705258623513778
4998,43.373426403843879,-0.50002665746950226,0,0,0,0,0,0.70705257578968905
4999,43.382104560387269,-0.50002667333078932,0,0,0,0,0,0.70705256458588717
5000,43.390782716930651,-0.50002668450696341,0,0,0,0,0,0.70705255669538847
5001,43.399460873474041,-0.50002667253508026,0,0,0,0,0,0.70705256517522619
5002,43.408139030017423,-0.5000266610303179,0,0,0,0,0,0.70705257332477733
5003,43.416817186560813,-0.50002663712844608,0,0,0,0,0,0.70705259024204725
5004,43.425495343104195,-0.50002659501556601,0,0,0,0,0,0.70705262003722491
5005,43.434173499647585,-0.50002661194336195,0,0,0,0,0,0.70705260808040582
5006,43.442851656190967,-0.50002662913882989,0,0,0,0,0,0.70705259593298675
5007,43.451529812734357,-0.50002667128956668,0,0,0,0,0,0.70705256613769407
5008,43.460207969277739,-0.50002668240116821,0,0,0,0,0,0.70705255829282354
5009,43.468886125821129,-0.5000267125167831,0,0,0,0,0,0.70705253700911541
5010,43.477564282364511,-0.50002674008251746,0,0,0,0,0,0.70705251752782572
5011,43.486242438907901,-0.50002676543288094,0,0,0,0,0,0.70705249961317751
5012,43.494920595451283,-0.50002677007702134,0,0,0,0,0,0.70705249634225398
5013,43.503598751994673,-0.50002677031807463,0,0,0,0,0,0.70705249618537547
5014,43.512276908538055,-0.50002678338486328,0,0,0,0,0,0.7070524869580832
5015,43.520955065081445,-0.50002677822975372,0,0,0,0,0,0.70705249061751907
5016,43.529633221624835,-0.50002676141028446,0,0,0,0,0,0.70705250252576324
5017,43.538311378168217,-0.50002674565241612,0,0,0,0,0,0.70705251368342736
5018,43.546989534711606,-0.50002675613681791,0,0,0,0,0,0.70705250628210159
5019,43.555667691254989,-0.50002674472237063,0,0,0,0,0,0.70705251436682914
5020,43.564345847798378,-0.50002673602478453,0,0,0,0,0,0.70705252053073764
5021,43.573024004341761,-0.50002672031559936,0,0,0,0,0,0.70705253165211701
5022,43.58170216088515,-0.50002665931214452,0,0,0,0,0,0.70705257480494499
5023,43.590380317428533,-0.5000266175525121,0,0,0,0,0,0.70705260434819728
5024,43.599058473971922,-0.50002659752542444,0,0,0,0,0,0.70705261852290491
5025,43.607736630515305,-0.50002659178388231,0,0,0,0,0,0.7070526225963647
5026,43.616414787058694,-0.50002663374785483,0,0,0,0,0,0.70705259293234235
5027,43.625092943602077,-0.50002663484145615,0,0,0,0,0,0.70705259217112459
5028,43.633771100145466,-0.50002665197659013,0,0,0,0,0,0.70705258006424643
5029,43.642449256688849,-0.5000266755867131,0,0,0,0,0,0.7070525633793423
5030,43.651127413232238,-0.50002671036298929,0,0,0,0,0,0.70705253879810925
5031,43.659805569775621,-0.50002669933278676,0,0,0,0,0,0.70705254661017847
5032,43.66848372631901,-0.50002664440069822,0,0,0,0,0,0.7070525854682268
5033,43.677161882862393,-0.50002657940535999,0,0,0,0,0,0.70705263144275676
5034,43.685840039405782,-0.50002658305341785,0,0,0,0,0,0.70705262887502585
5035,43.694518195949165,-0.50002655172953547,0,0,0,0,0,0.70705265103870829
5036,43.703196352492554,-0.50002659648499026,0,0,0,0,0,0.70705261939963471
5037,43.711874509035937,-0.50002661704564699,0,0,0,0,0,0.70705260487054389
5038,43.720552665579326,-0.50002660825290002,0,0,0,0,0,0.70705261109914908
5039,43.729230822122709,-0.50002659168017993,0,0,0,0,0,0.70705262283015813
5040,43.737908978666098,-0.5000266019158266,0,0,0,0,0,0.70705261560260624
5041,43.746587135209481,-0.50002658784817777,0,0,0,0,0,0.70705262556069748
5042,43.75526529175287,-0.50002653816488452,0,0,0,0,0,0.70705266070635275
5043,43.76394344829626,-0.5000265624503305,0,0,0,0,0,0.70705264354356245
5044,43.772621604839642,-0.50002652200735709,0,0,0,0,0,0.7070526721544379
5045,43.781299761383032,-0.50002653383005879,0,0,0,0,0,0.70705266380327103
5046,43.789977917926414,-0.50002655442547805,0,0,0,0,0,0.70705264924989564
5047,43.798656074469804,-0.50002658072741302,0,0,0,0,0,0.70705263065924839
5048,43.807334231013186,-0.50002657216869095,0,0,0,0,0,0.7070526367216452
5049,43.816012387556576,-0.50002660539254962,0,0,0,0,0,0.70705261323601754
5050,43.824690544099958,-0.5000265895351631,0,0,0,0,0,0.70705262446029238
5051,43.833368700643348,-0.50002662074734205,0,0,0,0,0,0.7070526023969137
5052,43.84204685718673,-0.5000266423634161,0,0,0,0,0,0.70705258712061614
5053,43.85072501373012,-0.50002659372272273,0,0,0,0,0,0.70705262152672432
5054,43.859403170273502,-0.50002661108145974,0,0,0,0,0,0.70705260926070501
5055,43.868081326816892,-0.50002659908671754,0,0,0,0,0,0.70705261775172978
5056,43.876759483360274,-0.50002656076491914,0,0,0,0,0,0.70705264486075237
5057,43.885437639903664,-0.500026552077665,0,0,0,0,0,0.7070526510130648
5058,43.894115796447046,-0.50002653562356314,0,0,0,0,0,0.70705266265778199
5059,43.902793952990436,-0.50002651234235951,0,0,0,0,0,0.70705267913060155
5060,43.911472109533818,-0.50002651205567628,0,0,0,0,0,0.70705267934139471
5061,43.920150266077208,-0.50002652187918428,0,0,0,0,0,0.70705267240333569
5062,43.92882842262059,-0.50002647167875347,0,0,0,0,0,0.7070527079105382
5063,43.93750657916398,-0.50002643819232984,0,0,0,0,0,0.70705273159888549
5064,43.946184735707362,-0.5000264497298218,0,0,0,0,0,0.70705272344899939
5065,43.954862892250752,-0.50002649721279024,0,0,0,0,0,0.70705268987864045
5066,43.963541048794134,-0.50002648922515758,0,0,0,0,0,0.70705269553513261
5067,43.972219205337524,-0.50002646278144647,0,0,0,0,0,0.7070527142424563
5068,43.980897361880913,-0.50002645959577841,0,0,0,0,0,0.70705271650261636
5069,43.989575518424296,-0.50002647442912651,0,0,0,0,0,0.70705270602047676
5070,43.998253674967685,-0.50002648603561817,0,0,0,0,0,0.70705269781968738
5071,44.006931831511068,-0.50002651005597887,0,0,0,0,0,0.70705268084086725
5072,44.015609988054457,-0.50002655493600812,0,0,0,0,0,0.70705264911079091
5073,44.02428814459784,-0.50002656532630807,0,0,0,0,0,0.70705264176972271
5074,44.032966301141229,-0.50002656718770766,0,0,0,0,0,0.70705264046010896
5075,44.041644457684612,-0.50002653595142288,0,0,0,0,0,0.70705266255482435
5076,44.050322614228001,-0.50002650699775097,0,0,0,0,0,0.70705268303508717
5077,44.059000770771384,-0.50002651206365167,0,0,0,0,0,0.70705267945892025
5078,44.067678927314773,-0.50002647398287636,0,0,0,0,0,0.70705270639347084
5079,44.076357083858156,-0.50002649976755997,0,0,0,0,0,0.70705268816527322
5080,44.085035240401545,-0.50002647622376506,0,0,0,0,0,0.70705270481987448
5081,44.093713396944928,-0.50002647887283358,0,0,0,0,0,0.70705270295191447
5082,44.102391553488317,-0.50002647037830694,0,0,0,0,0,0.70705270896372241
5083,44.1110697100317,-0.50002641923834013,0,0,0,0,0,0.70705274513241712
5084,44.119747866575089,-0.50002637698162744,0,0,0,0,0,0.70705277501900099
5085,44.128426023118472,-0.50002639029058138,0,0,0,0,0,0.70705276561206887
5086,44.137104179661861,-0.50002642243135043,0,0,0,0,0,0.70705274288814124
5087,44.145782336205244,-0.50002641509873402,0,0,0,0,0,0.70705274807799867
5088,44.154460492748633,-0.50002646510978987,0,0,0,0,0,0.70705271271672032
5089,44.163138649292016,-0.50002648386030857,0,0,0,0,0,0.7070526994612365
5090,44.171816805835405,-0.50002652096775124,0,0,0,0,0,0.70705267322462184
5091,44.180494962378788,-0.5000264681385298,0,0,0,0,0,0.70705271058647501
5092,44.189173118922177,-0.50002647796021105,0,0,0,0,0,0.70705270364456485
5093,44.19785127546556,-0.50002645839112014,0,0,0,0,0,0.70705271748612564
5094,44.206529432008949,-0.50002650130452464,0,0,0,0,0,0.70705268714301406
5095,44.215207588552339,-0.50002651871405002,0,0,0,0,0,0.70705267483457179
5096,44.223885745095721,-0.50002649934614307,0,0,0,0,0,0.7070526885332149
5097,44.232563901639111,-0.50002644666453411,0,0,0,0,0,0.70705272578972878
5098,44.241242058182493,-0.50002648101804115,0,0,0,0,0,0.7070527014990744
5099,44.249920214725883,-0.50002649380117981,0,0,0,0,0,0.70705269246165159
5100,44.258598371269265,-0.50002649186300985,0,0,0,0,0,0.70705269383430247
5101,44.267276527812655,-0.50002652397633351,0,0,0,0,0,0.70705267112737102
5102,44.275954684356037,-0.50002645917765109,0,0,0,0,0,0.70705271695154281
5103,44.284632840899427,-0.50002643377467815,0,0,0,0,0,0.70705273491674525
5104,44.293310997442809,-0.50002642706442146,0,0,0,0,0,0.70705273966332149
5105,44.301989153986199,-0.50002643951607639,0,0,0,0,0,0.7070527308592971
5106,44.310667310529581,-0.5000263968082389,0,0,0,0,0,0.70705276106118875
5107,44.319345467072971,-0.50002641145087745,0,0,0,0,0,0.70705275070763207
5108,44.328023623616353,-0.50002638877802386,0,0,0,0,0,0.70705276674131357
5109,44.336701780159743,-0.50002641236298007,0,0,0,0,0,0.70705275006371693
5110,44.345379936703125,-0.50002635657707561,0,0,0,0,0,0.70705278951308603
5111,44.354058093246515,-0.50002637206423606,0,0,0,0,0,0.70705277856156123
5112,44.362736249789897,-0.50002636490831875,0,0,0,0,0,0.70705278362197088
5113,44.371414406333287,-0.50002634464658013,0,0,0,0,0,0.70705279794989373
5114,44.380092562876669,-0.50002639210317523,0,0,0,0,0,0.70705276439063436
5115,44.388770719420059,-0.5000264050717973,0,0,0,0,0,0.70705275521937672
5116,44.397448875963441,-0.5000264105394413,0,0,0,0,0,0.70705275135234191
5117,44.406127032506831,-0.50002645556683312,0,0,0,0,0,0.70705271951032689
5118,44.414805189050213,-0.50002645457472417,0,0,0,0,0,0.70705272021091703
5119,44.423483345593603,-0.50002648612177159,0,0,0,0,0,0.70705269790123715
5120,44.432161502136992,-0.50002647069086659,0,0,0,0,0,0.7070527088118771
