step,time,energy,px,py,pz,lx,ly,lz
0,0,-0.50002495515154421,0,0,0,0,0,0.7070537805557251
1,0.0086781565433861306,-0.50002491750796085,0,0,0,0,0,0.70705380717567934
2,0.017356313086772261,-0.50002497114285449,0,0,0,0,0,0.70705376924701024
3,0.026034469630158392,-0.50002495582750472,0,0,0,0,0,0.70705378007702968
4,0.034712626173544522,-0.50002500955698892,0,0,0,0,0,0.70705374208116933
5,0.043390782716930656,-0.50002500361033952,0,0,0,0,0,0.70705374628572115
6,0.052068939260316784,-0.50002499773640996,0,0,0,0,0,0.70705375043868834
7,0.060747095803702911,-0.50002503811912624,0,0,0,0,0,0.7070537218806674
8,0.069425252347089045,-0.50002507128499707,0,0,0,0,0,0.70705369842596544
9,0.078103408890475179,-0.50002500750206835,0,0,0,0,0,0.70705374352941597
10,0.086781565433861313,-0.50002502576406893,0,0,0,0,0,0.70705373061383714
11,0.095459721977247433,-0.50002500553775153,0,0,0,0,0,0.70705374491547412
12,0.10413787852063357,-0.50002499149009505,0,0,0,0,0,0.70705375484771227
13,0.1128160350640197,-0.50002495202721498,0,0,0,0,0,0.70705378275245812
14,0.12149419160740582,-0.50002495946977521,0,0,0,0,0,0.70705377748733667
15,0.13017234815079196,-0.50002493155436145,0,0,0,0,0,0.70705379722581818
16,0.13885050469417809,-0.50002496669847563,0,0,0,0,0,0.70705377237105926
17,0.14752866123756422,-0.50002499230993869,0,0,0,0,0,0.70705375425720263
18,0.15620681778095036,-0.50002496866795321,0,0,0,0,0,0.70705377097323452
19,0.16488497432433649,-0.5000249294292376,0,0,0,0,0,0.70705379871846485
20,0.17356313086772263,-0.50002486656468492,0,0,0,0,0,0.70705384317083642
21,0.18224128741110873,-0.50002482094751699,0,0,0,0,0,0.70705387542658116
22,0.19091944395449487,-0.50002480752042311,0,0,0,0,0,0.70705388491843468
23,0.199597600497881,-0.5000248704218313,0,0,0,0,0,0.70705384043357355
24,0.20827575704126713,-0.50002483907141382,0,0,0,0,0,0.70705386259996317
25,0.21695391358465327,-0.50002486255057055,0,0,0,0,0,0.70705384599284438
26,0.2256320701280394,-0.50002490346690875,0,0,0,0,0,0.70705381705463921
27,0.23431022667142554,-0.50002491965639206,0,0,0,0,0,0.70705380560205011
28,0.24298838321481164,-0.50002490851647874,0,0,0,0,0,0.70705381347558438
29,0.2516665397581978,-0.50002489540340656,0,0,0,0,0,0.7070538227442924
30,0.26034469630158391,-0.50002491924652004,0,0,0,0,0,0.70705380587886779
31,0.26902285284497007,-0.50002487545054675,0,0,0,0,0,0.70705383684509471
32,0.27770100938835618,-0.50002484199351716,0,0,0,0,0,0.70705386050015662
33,0.28637916593174229,-0.50002490520502385,0,0,0,0,0,0.70705381579449877
34,0.29505732247512845,-0.50002487250480954,0,0,0,0,0,0.70705383891406992
35,0.30373547901851455,-0.50002491657623538,0,0,0,0,0,0.70705380774369964
36,0.31241363556190072,-0.50002494047415114,0,0,0,0,0,0.70705379083902375
37,0.32109179210528682,-0.50002496972089761,0,0,0,0,0,0.70705377015144322
38,0.32976994864867298,-0.50002494072876313,0,0,0,0,0,0.70705379064846952
39,0.33844810519205909,-0.50002495711520945,0,0,0,0,0,0.70705377905512723
40,0.34712626173544525,-0.50002494490904237,0,0,0,0,0,0.70705378768070837
41,0.35580441827883136,-0.50002495209717257,0,0,0,0,0,0.70705378259161566
42,0.36448257482221746,-0.50002499505002718,0,0,0,0,0,0.70705375221077205
43,0.37316073136560363,-0.50002499769034914,0,0,0,0,0,0.70705375033756113
44,0.38183888790898973,-0.50002496633431248,0,0,0,0,0,0.70705377250497747
45,0.39051704445237589,-0.5000249878253531,0,0,0,0,0,0.70705375730104691
46,0.399195200995762,-0.50002497977106952,0,0,0,0,0,0.70705376299014233
47,0.40787335753914816,-0.50002501167404645,0,0,0,0,0,0.70705374042268332
48,0.41655151408253427,-0.50002499251755728,0,0,0,0,0,0.70705375396259029
49,0.42522967062592038,-0.50002497179820482,0,0,0,0,0,0.70705376860762392
50,0.43390782716930654,-0.50002490993867355,0,0,0,0,0,0.70705381234558651
51,0.44258598371269264,-0.50002491882566258,0,0,0,0,0,0.70705380605378565
52,0.45126414025607881,-0.50002495492977794,0,0,0,0,0,0.70705378051479073
53,0.45994229679946491,-0.5000249044341335,0,0,0,0,0,0.70705381621608332
54,0.46862045334285107,-0.50002490785305342,0,0,0,0,0,0.70705381379053378
55,0.47729860988623718,-0.50002491820083805,0,0,0,0,0,0.70705380646536398
56,0.48597676642962329,-0.50002490556778612,0,0,0,0,0,0.70705381539102596
57,0.49465492297300945,-0.5000248868085635,0,0,0,0,0,0.70705382864955091
58,0.50333307951639561,-0.50002494015882248,0,0,0,0,0,0.70705379091399578
59,0.51201123605978172,-0.50002494218742055,0,0,0,0,0,0.70705378947061881
60,0.52068939260316782,-0.50002491922424597,0,0,0,0,0,0.70705380570101184
61,0.52936754914655393,-0.5000249187789152,0,0,0,0,0,0.7070538060082967
62,0.53804570568994015,-0.50002495629386257,0,0,0,0,0,0.70705377947006731
63,0.54672386223332625,-0.50002495586463325,0,0,0,0,0,0.70705377976522144
64,0.55540201877671236,-0.50002495598940155,0,0,0,0,0,0.70705377966778649
65,0.56408017532009846,-0.50002496275162156,0,0,0,0,0,0.70705377487787935
66,0.57275833186348457,-0.50002499881333673,0,0,0,0,0,0.70705374936692778
67,0.58143648840687079,-0.50002503202457005,0,0,0,0,0,0.70705372587146442
68,0.59011464495025689,-0.50002503386427288,0,0,0,0,0,0.70705372456084525
69,0.598792801493643,-0.50002502587620645,0,0,0,0,0,0.70705373020118856
70,0.60747095803702911,-0.50002507504746874,0,0,0,0,0,0.70705369541863838
71,0.61614911458041532,-0.50002504958094462,0,0,0,0,0,0.70705371341869494
72,0.62482727112380143,-0.50002502800126769,0,0,0,0,0,0.70705372866936145
73,0.63350542766718754,-0.50002499383417454,0,0,0,0,0,0.7070537528223042
74,0.64218358421057364,-0.50002499919401588,0,0,0,0,0,0.70705374902242646
75,0.65086174075395975,-0.50002498075711022,0,0,0,0,0,0.70705376205202697
76,0.65953989729734597,-0.50002494977836642,0,0,0,0,0,0.70705378394950458
77,0.66821805384073207,-0.5000249552976348,0,0,0,0,0,0.70705378003689034
78,0.67689621038411818,-0.50002494788233232,0,0,0,0,0,0.70705378527051899
79,0.68557436692750429,-0.50002490174266323,0,0,0,0,0,0.70705381788941679
80,0.6942525234708905,-0.50002487227958126,0,0,0,0,0,0.70705383871600702
81,0.70293068001427661,-0.50002487106828297,0,0,0,0,0,0.70705383956169854
82,0.71160883655766272,-0.5000248560683247,0,0,0,0,0,0.70705385015889277
83,0.72028699310104882,-0.50002482039977658,0,0,0,0,0,0.70705387537376296
84,0.72896514964443493,-0.50002481586560954,0,0,0,0,0,0.70705387857024604
85,0.73764330618782115,-0.50002487619559866,0,0,0,0,0,0.70705383589509196
86,0.74632146273120725,-0.50002489377394099,0,0,0,0,0,0.70705382345330747
87,0.75499961927459336,-0.50002486958685455,0,0,0,0,0,0.70705384054777554
88,0.76367777581797947,-0.50002484216297804,0,0,0,0,0,0.70705385993089731
89,0.77235593236136557,-0.50002488049767801,0,0,0,0,0,0.70705383281006995
90,0.78103408890475179,-0.50002485149652642,0,0,0,0,0,0.70705385330884063
91,0.7897122454481379,-0.50002486322647377,0,0,0,0,0,0.70705384500287671
92,0.798390401991524,-0.50002480075317279,0,0,0,0,0,0.70705388917165912
93,0.80706855853491011,-0.50002474249937012,0,0,0,0,0,0.70705393035635211
94,0.81574671507829632,-0.50002468147189516,0,0,0,0,0,0.70705397350316268
95,0.82442487162168243,-0.50002469804586425,0,0,0,0,0,0.70705396176981061
96,0.83310302816506854,-0.50002465326165624,0,0,0,0,0,0.70705399342945885
97,0.84178118470845464,-0.50002470699455759,0,0,0,0,0,0.70705395541905958
98,0.85045934125184075,-0.50002465531377638,0,0,0,0,0,0.70705399195547525
99,0.85913749779522697,-0.5000246703933503,0,0,0,0,0,0.70705398128049435
100,0.86781565433861307,-0.50002464859338835,0,0,0,0,0,0.70705399668624214
101,0.87649381088199918,-0.50002463799760011,0,0,0,0,0,0.70705400416846587
102,0.88517196742538529,-0.50002461404288623,0,0,0,0,0,0.70705402109796101
103,0.8938501239687715,-0.50002466047269412,0,0,0,0,0,0.70705398825131827
104,0.90252828051215761,-0.50002468347748619,0,0,0,0,0,0.70705397196969244
105,0.91120643705554372,-0.50002469686438145,0,0,0,0,0,0.70705396249054075
106,0.91988459359892982,-0.50002470600533899,0,0,0,0,0,0.70705395601297782
107,0.92856275014231593,-0.50002467649404347,0,0,0,0,0,0.70705397687085991
108,0.93724090668570215,-0.50002461408949972,0,0,0,0,0,0.70705402099084647
109,0.94591906322908825,-0.50002458071571321,0,0,0,0,0,0.70705404458036569
110,0.95459721977247436,-0.5000245485876319,0,0,0,0,0,0.70705406728906262
111,0.96327537631586047,-0.50002452148331511,0,0,0,0,0,0.70705408644484713
112,0.97195353285924657,-0.50002454927728368,0,0,0,0,0,0.70705406677655769
113,0.98063168940263279,-0.50002458642059144,0,0,0,0,0,0.70705404049608034
114,0.9893098459460189,-0.50002462870125353,0,0,0,0,0,0.70705401058313289
115,0.997988002489405,-0.50002466002066992,0,0,0,0,0,0.70705398842145883
116,1.0066661590327912,-0.50002462116829205,0,0,0,0,0,0.70705401588534489
117,1.0153443155761772,-0.50002464154238468,0,0,0,0,0,0.70705400146504505
118,1.0240224721195634,-0.50002463509728823,0,0,0,0,0,0.70705400601067181
119,1.0327006286629496,-0.50002467886364388,0,0,0,0,0,0.70705397504744782
120,1.0413787852063356,-0.50002469060850707,0,0,0,0,0,0.70705396672997156
121,1.0500569417497219,-0.50002471665206549,0,0,0,0,0,0.70705394829964341
122,1.0587350982931079,-0.50002468194713645,0,0,0,0,0,0.70705397283110683
123,1.0674132548364941,-0.50002472413136068,0,0,0,0,0,0.70705394298643787
124,1.0760914113798803,-0.50002473843780126,0,0,0,0,0,0.70705393285591989
125,1.0847695679232663,-0.50002478413705276,0,0,0,0,0,0.70705390052502493
126,1.0934477244666525,-0.50002478762827818,0,0,0,0,0,0.70705389804302399
127,1.1021258810100385,-0.50002475527679102,0,0,0,0,0,0.70705392090999053
128,1.1108040375534247,-0.50002476350732405,0,0,0,0,0,0.70705391507804538
129,1.1194821940968109,-0.5000248148616151,0,0,0,0,0,0.70705387874769821
130,1.1281603506401969,-0.5000248482352635,0,0,0,0,0,0.70705385513308994
131,1.1368385071835831,-0.50002484793457336,0,0,0,0,0,0.70705385533400267
132,1.1455166637269691,-0.50002480872547472,0,0,0,0,0,0.70705388305028039
133,1.1541948202703554,-0.50002480535982785,0,0,0,0,0,0.70705388541870062
134,1.1628729768137416,-0.50002477908074494,0,0,0,0,0,0.70705390399089307
135,1.1715511333571276,-0.50002475214513831,0,0,0,0,0,0.70705392302801839
136,1.1802292899005138,-0.5000247553239846,0,0,0,0,0,0.70705392076740681
137,1.1889074464438998,-0.50002469747959244,0,0,0,0,0,0.70705396166325629
138,1.197585602987286,-0.50002470233127072,0,0,0,0,0,0.70705395821926165
139,1.2062637595306722,-0.50002468334950689,0,0,0,0,0,0.7070539716315456
140,1.2149419160740582,-0.50002464955498771,0,0,0,0,0,0.70705399551915193
141,1.2236200726174444,-0.50002462690455374,0,0,0,0,0,0.70705401152528802
142,1.2322982291608306,-0.50002463377894257,0,0,0,0,0,0.70705400665088558
143,1.2409763857042166,-0.50002461598894388,0,0,0,0,0,0.70705401922058364
144,1.2496545422476029,-0.5000245636085362,0,0,0,0,0,0.7070540562523957
145,1.2583326987909889,-0.50002453504585564,0,0,0,0,0,0.70705407644010343
146,1.2670108553343751,-0.50002457968350056,0,0,0,0,0,0.70705404485981926
147,1.2756890118777613,-0.5000245667424994,0,0,0,0,0,0.70705405400013088
148,1.2843671684211473,-0.50002457090984809,0,0,0,0,0,0.70705405104128882
149,1.2930453249645335,-0.50002463107773065,0,0,0,0,0,0.70705400847765221
150,1.3017234815079195,-0.50002468156381841,0,0,0,0,0,0.70705397276117266
151,1.3104016380513057,-0.50002465460467616,0,0,0,0,0,0.70705399181497119
152,1.3190797945946919,-0.50002462508790058,0,0,0,0,0,0.70705401267821522
153,1.3277579511380779,-0.50002462973221606,0,0,0,0,0,0.70705400938195684
154,1.3364361076814641,-0.50002460518704839,0,0,0,0,0,0.70705402672895223
155,1.3451142642248501,-0.5000245989382418,0,0,0,0,0,0.70705403113635468
156,1.3537924207682364,-0.50002460161701823,0,0,0,0,0,0.70705402923070571
157,1.3624705773116226,-0.50002458965306695,0,0,0,0,0,0.70705403768010999
158,1.3711487338550086,-0.50002460972847262,0,0,0,0,0,0.7070540234714473
159,1.3798268903983948,-0.50002460507688129,0,0,0,0,0,0.70705402675060292
160,1.388505046941781,-0.50002461507603735,0,0,0,0,0,0.70705401966724679
161,1.397183203485167,-0.50002460623671585,0,0,0,0,0,0.70705402590662736
162,1.4058613600285532,-0.5000246011583549,0,0,0,0,0,0.70705402948806473
163,1.4145395165719392,-0.50002457460329064,0,0,0,0,0,0.70705404825712037
164,1.4232176731153254,-0.50002457401237144,0,0,0,0,0,0.70705404866353128
165,1.4318958296587116,-0.50002460681753735,0,0,0,0,0,0.70705402545190843
166,1.4405739862020976,-0.50002461397073583,0,0,0,0,0,0.70705402038159804
167,1.4492521427454839,-0.50002461797981468,0,0,0,0,0,0.70705401753584063
168,1.4579302992888699,-0.50002458695516927,0,0,0,0,0,0.70705403946582379
169,1.4666084558322561,-0.50002456621336289,0,0,0,0,0,0.70705405412472366
170,1.4752866123756423,-0.50002456106088666,0,0,0,0,0,0.70705405775759811
171,1.4839647689190283,-0.50002456246787907,0,0,0,0,0,0.70705405675184707
172,1.4926429254624145,-0.50002456186490063,0,0,0,0,0,0.70705405716655179
173,1.5013210820058005,-0.50002456733818779,0,0,0,0,0,0.70705405328519966
174,1.5099992385491867,-0.50002460776977253,0,0,0,0,0,0.70705402468009027
175,1.5186773950925729,-0.50002464499248311,0,0,0,0,0,0.70705399834533367
176,1.5273555516359589,-0.50002467270786244,0,0,0,0,0,0.70705397873352283
177,1.5360337081793451,-0.50002469579134945,0,0,0,0,0,0.70705396239785223
178,1.5447118647227311,-0.50002470488378503,0,0,0,0,0,0.70705395595714293
179,1.5533900212661174,-0.50002470027658907,0,0,0,0,0,0.70705395920484371
180,1.5620681778095036,-0.50002470175919,0,0,0,0,0,0.70705395814582772
181,1.5707463343528896,-0.50002473201807662,0,0,0,0,0,0.70705393673559058
182,1.5794244908962758,-0.50002472436371304,0,0,0,0,0,0.70705394213921835
183,1.588102647439662,-0.5000247094262259,0,0,0,0,0,0.70705395269435911
184,1.596780803983048,-0.50002467360239711,0,0,0,0,0,0.70705397802036885
185,1.6054589605264342,-0.50002470679831179,0,0,0,0,0,0.70705395453345865
186,1.6141371170698202,-0.50002472233132755,0,0,0,0,0,0.707053943538412
187,1.6228152736132064,-0.50002470674620125,0,0,0,0,0,0.70705395455130216
188,1.6314934301565926,-0.50002471405026372,0,0,0,0,0,0.70705394937641941
189,1.6401715866999786,-0.50002466130690526,0,0,0,0,0,0.70705398666911634
190,1.6488497432433649,-0.50002465190916623,0,0,0,0,0,0.70705399330498331
191,1.6575278997867509,-0.50002462629631372,0,0,0,0,0,0.70705401140915392
192,1.6662060563301371,-0.50002457720047433,0,0,0,0,0,0.70705404612158773
193,1.6748842128735233,-0.50002456554341901,0,0,0,0,0,0.70705405435870006
194,1.6835623694169093,-0.50002455991420924,0,0,0,0,0,0.70705405833215096
195,1.6922405259602955,-0.50002455705362259,0,0,0,0,0,0.70705406034542051
196,1.7009186825036815,-0.50002454928409923,0,0,0,0,0,0.70705406583222974
197,1.7095968390470677,-0.5000246139298633,0,0,0,0,0,0.70705402010364438
198,1.7182749955904539,-0.50002457381820098,0,0,0,0,0,0.70705404846427911
199,1.7269531521338399,-0.50002457137076639,0,0,0,0,0,0.70705405018644107
200,1.7356313086772261,-0.50002455744971575,0,0,0,0,0,0.70705406002474014
201,1.7443094652206121,-0.5000245909312212,0,0,0,0,0,0.70705403633798269
202,1.7529876217639984,-0.50002459989477299,0,0,0,0,0,0.70705402999164946
203,1.7616657783073846,-0.50002458546069062,0,0,0,0,0,0.70705404019196649
204,1.7703439348507706,-0.50002458623268653,0,0,0,0,0,0.70705403963999913
205,1.7790220913941568,-0.50002462306852546,0,0,0,0,0,0.70705401358131148
206,1.787700247937543,-0.50002460145604799,0,0,0,0,0,0.70705402885977264
207,1.796378404480929,-0.5000245637982843,0,0,0,0,0,0.70705405548591216
208,1.8050565610243152,-0.5000245402345217,0,0,0,0,0,0.70705407214353677
209,1.8137347175677012,-0.50002454807484986,0,0,0,0,0,0.70705406659216052
210,1.8224128741110874,-0.50002453984233508,0,0,0,0,0,0.70705407240736484
211,1.8310910306544737,-0.50002453028483551,0,0,0,0,0,0.7070540791589579
212,1.8397691871978596,-0.50002450492057915,0,0,0,0,0,0.70705409709148626
213,1.8484473437412459,-0.50002451914739143,0,0,0,0,0,0.70705408702397321
214,1.8571255002846319,-0.50002450678604637,0,0,0,0,0,0.70705409575971423
215,1.8658036568280181,-0.50002449306300056,0,0,0,0,0,0.70705410545845648
216,1.8744818133714043,-0.50002444914271704,0,0,0,0,0,0.70705413651512572
217,1.8831599699147903,-0.50002448461213322,0,0,0,0,0,0.70705411142262786
218,1.8918381264581765,-0.5000244800883723,0,0,0,0,0,0.70705411461490897
219,1.9005162830015625,-0.50002448850905201,0,0,0,0,0,0.7070541086540123
220,1.9091944395449487,-0.50002450129464016,0,0,0,0,0,0.70705409960577192
221,1.9178725960883349,-0.50002451859924646,0,0,0,0,0,0.70705408736329645
222,1.9265507526317209,-0.50002450681256649,0,0,0,0,0,0.70705409569346767
223,1.9352289091751071,-0.50002455810439472,0,0,0,0,0,0.7070540594125081
224,1.9439070657184931,-0.50002453833996585,0,0,0,0,0,0.70705407338496862
225,1.9525852222618794,-0.50002452906823225,0,0,0,0,0,0.70705407993685299
226,1.9612633788052656,-0.50002452576445888,0,0,0,0,0,0.7070540822693312
227,1.9699415353486516,-0.50002451780986767,0,0,0,0,0,0.70705408789187807
228,1.9786196918920378,-0.50002452420419419,0,0,0,0,0,0.70705408336663567
229,1.987297848435424,-0.50002453677231129,0,0,0,0,0,0.70705407447321056
230,1.99597600497881,-0.50002458690795515,0,0,0,0,0,0.70705403901054265
231,2.004654161522196,-0.50002454357513881,0,0,0,0,0,0.70705406965313422
232,2.0133323180655824,-0.50002458304102793,0,0,0,0,0,0.70705404173756126
233,2.0220104746089684,-0.50002460785113934,0,0,0,0,0,0.70705402418657393
234,2.0306886311523544,-0.50002460205938781,0,0,0,0,0,0.70705402827872632
235,2.0393667876957409,-0.50002460815478811,0,0,0,0,0,0.70705402396494321
236,2.0480449442391269,-0.50002463319784241,0,0,0,0,0,0.70705400625097115
237,2.0567231007825129,-0.50002460357381528,0,0,0,0,0,0.70705402719992616
238,2.0654012573258993,-0.50002462023017613,0,0,0,0,0,0.70705401541699864
239,2.0740794138692853,-0.50002461228958295,0,0,0,0,0,0.7070540210315901
240,2.0827575704126713,-0.50002464933941937,0,0,0,0,0,0.70705399482475073
241,2.0914357269560573,-0.50002466458870876,0,0,0,0,0,0.70705398403813602
242,2.1001138834994437,-0.500024672829119,0,0,0,0,0,0.70705397820716831
243,2.1087920400428297,-0.50002463283439591,0,0,0,0,0,0.70705400649150985
244,2.1174701965862157,-0.50002465346311153,0,0,0,0,0,0.70705399189871199
245,2.1261483531296022,-0.50002463697994626,0,0,0,0,0,0.70705400355457382
246,2.1348265096729881,-0.50002463956321463,0,0,0,0,0,0.70705400172489052
247,2.1435046662163741,-0.50002459306060765,0,0,0,0,0,0.70705403461158389
248,2.1521828227597606,-0.5000245575114477,0,0,0,0,0,0.7070540597520456
249,2.1608609793031466,-0.50002457915162868,0,0,0,0,0,0.70705404444439268
250,2.1695391358465326,-0.50002458192781962,0,0,0,0,0,0.70705404247913517
251,2.1782172923899186,-0.50002461777009755,0,0,0,0,0,0.70705401712949278
252,2.186895448933305,-0.50002458129713123,0,0,0,0,0,0.70705404292474727
253,2.195573605476691,-0.5000245555750078,0,0,0,0,0,0.70705406111588176
254,2.204251762020077,-0.50002458517972637,0,0,0,0,0,0.70705404017786888
255,2.2129299185634634,-0.50002455622264153,0,0,0,0,0,0.70705406065738063
256,2.2216080751068494,-0.50002454399837204,0,0,0,0,0,0.7070540693023486
257,2.2302862316502354,-0.50002452524505958,0,0,0,0,0,0.70705408256450297
258,2.2389643881936219,-0.50002452206312387,0,0,0,0,0,0.70705408481352805
259,2.2476425447370079,-0.50002451765706479,0,0,0,0,0,0.70705408793013091
260,2.2563207012803939,-0.50002450549244815,0,0,0,0,0,0.7070540965325538
261,2.2649988578237803,-0.50002455908078414,0,0,0,0,0,0.70705405863270987
262,2.2736770143671663,-0.50002453452312778,0,0,0,0,0,0.70705407600151826
263,2.2823551709105523,-0.50002453602163832,0,0,0,0,0,0.70705407494363226
264,2.2910333274539383,-0.5000245952243263,0,0,0,0,0,0.70705403307377912
265,2.2997114839973247,-0.50002461832978384,0,0,0,0,0,0.70705401673410706
266,2.3083896405407107,-0.50002464314307493,0,0,0,0,0,0.7070539991870608
267,2.3170677970840967,-0.50002468989796522,0,0,0,0,0,0.7070539661206432
268,2.3257459536274832,-0.500024658102733,0,0,0,0,0,0.7070539886092968
269,2.3344241101708691,-0.50002465983971023,0,0,0,0,0,0.70705398738200587
270,2.3431022667142551,-0.50002462546252502,0,0,0,0,0,0.70705401169654558
271,2.3517804232576416,-0.50002460883838662,0,0,0,0,0,0.70705402345463852
272,2.3604585798010276,-0.50002463089771076,0,0,0,0,0,0.70705400785451733
273,2.3691367363444136,-0.50002461041037738,0,0,0,0,0,0.70705402234711023
274,2.3778148928877996,-0.50002461723724556,0,0,0,0,0,0.70705401751959585
275,2.386493049431186,-0.50002457756071139,0,0,0,0,0,0.70705404558271567
276,2.395171205974572,-0.50002456459159883,0,0,0,0,0,0.70705405475670791
277,2.403849362517958,-0.50002453267731151,0,0,0,0,0,0.70705407733130698
278,2.4125275190613444,-0.50002449978951957,0,0,0,0,0,0.70705410059471152
279,2.4212056756047304,-0.50002453342794484,0,0,0,0,0,0.70705407680699217
280,2.4298838321481164,-0.50002451086748134,0,0,0,0,0,0.7070540927656328
281,2.4385619886915029,-0.50002450128256193,0,0,0,0,0,0.70705409954855014
282,2.4472401452348889,-0.50002449642540203,0,0,0,0,0,0.70705410298645033
283,2.4559183017782749,-0.50002450323871117,0,0,0,0,0,0.70705409817064702
284,2.4645964583216613,-0.5000245244149536,0,0,0,0,0,0.70705408319676444
285,2.4732746148650473,-0.50002450524846964,0,0,0,0,0,0.70705409675690944
286,2.4819527714084333,-0.50002446640033638,0,0,0,0,0,0.70705412423695702
287,2.4906309279518193,-0.50002446140967283,0,0,0,0,0,0.70705412777025067
288,2.4993090844952057,-0.50002444118051326,0,0,0,0,0,0.70705414208211614
289,2.5079872410385917,-0.50002439396694076,0,0,0,0,0,0.70705417547859817
290,2.5166653975819777,-0.50002438073002853,0,0,0,0,0,0.70705418484459415
291,2.5253435541253642,-0.50002437265341093,0,0,0,0,0,0.7070541905613581
292,2.5340217106687501,-0.50002437772275288,0,0,0,0,0,0.70705418698066591
293,2.5426998672121361,-0.50002441518287444,0,0,0,0,0,0.7070541604914844
294,2.5513780237555226,-0.50002441233946004,0,0,0,0,0,0.70705416250613062
295,2.5600561802989086,-0.50002439048527725,0,0,0,0,0,0.70705417796748193
296,2.5687343368422946,-0.50002442938867719,0,0,0,0,0,0.70705415045825326
297,2.5774124933856806,-0.50002444050161565,0,0,0,0,0,0.70705414260387656
298,2.586090649929067,-0.50002447880726408,0,0,0,0,0,0.70705411551851149
299,2.594768806472453,-0.50002448640563313,0,0,0,0,0,0.70705411015034869
300,2.603446963015839,-0.50002449858541098,0,0,0,0,0,0.70705410154294235
301,2.6121251195592254,-0.50002447732576882,0,0,0,0,0,0.70705411658522443
302,2.6208032761026114,-0.50002448136044386,0,0,0,0,0,0.70705411373788607
303,2.6294814326459974,-0.50002448985382497,0,0,0,0,0,0.70705410773824795
304,2.6381595891893839,-0.50002442735693475,0,0,0,0,0,0.70705415194469445
305,2.6468377457327699,-0.50002443394769613,0,0,0,0,0,0.7070541472884937
306,2.6555159022761559,-0.50002448096472318,0,0,0,0,0,0.70705411404241403
307,2.6641940588195423,-0.50002450317081304,0,0,0,0,0,0.70705409834506661
308,2.6728722153629283,-0.50002451151471905,0,0,0,0,0,0.70705409244980544
309,2.6815503719063143,-0.50002447695202823,0,0,0,0,0,0.70705411690241604
310,2.6902285284497003,-0.50002446445338145,0,0,0,0,0,0.70705412575005866
311,2.6989066849930867,-0.50002445085371638,0,0,0,0,0,0.70705413537725015
312,2.7075848415364727,-0.50002441609482029,0,0,0,0,0,0.70705415996703813
313,2.7162629980798587,-0.50002443783046968,0,0,0,0,0,0.70705414460316085
314,2.7249411546232452,-0.50002442007981451,0,0,0,0,0,0.70705415716450482
315,2.7336193111666311,-0.50002444045378991,0,0,0,0,0,0.70705414276169876
316,2.7422974677100171,-0.50002443718584488,0,0,0,0,0,0.70705414508016418
317,2.7509756242534036,-0.50002448279513567,0,0,0,0,0,0.70705411283172026
318,2.7596537807967896,-0.5000244548582734,0,0,0,0,0,0.70705413259912575
319,2.7683319373401756,-0.50002443278464781,0,0,0,0,0,0.70705414821929224
320,2.777010093883562,-0.50002443144024544,0,0,0,0,0,0.70705414917925147
321,2.785688250426948,-0.500024384004912,0,0,0,0,0,0.70705418273545462
322,2.794366406970334,-0.50002441469388992,0,0,0,0,0,0.70705416103948693
323,2.80304456351372,-0.50002445698995091,0,0,0,0,0,0.7070541311355214
324,2.8117227200571064,-0.50002448191557303,0,0,0,0,0,0.70705411351507053
325,2.8204008766004924,-0.50002447223812063,0,0,0,0,0,0.70705412036761395
326,2.8290790331438784,-0.50002442386293799,0,0,0,0,0,0.70705415458859378
327,2.8377571896872649,-0.50002441309275447,0,0,0,0,0,0.70705416221516515
328,2.8464353462306509,-0.50002443354451931,0,0,0,0,0,0.70705414775995123
329,2.8551135027740369,-0.5000244595762231,0,0,0,0,0,0.70705412935839362
330,2.8637916593174233,-0.50002448373902475,0,0,0,0,0,0.70705411227841353
331,2.8724698158608093,-0.50002451767822231,0,0,0,0,0,0.70705408828528604
332,2.8811479724041953,-0.50002454117269568,0,0,0,0,0,0.70705407167837464
333,2.8898261289475813,-0.50002458860199139,0,0,0,0,0,0.70705403814511314
334,2.8985042854909677,-0.50002459635486762,0,0,0,0,0,0.70705403267190547
335,2.9071824420343537,-0.50002460674481364,0,0,0,0,0,0.70705402533303463
336,2.9158605985777397,-0.50002461284001798,0,0,0,0,0,0.70705402103198622
337,2.9245387551211262,-0.50002461646733809,0,0,0,0,0,0.70705401847664007
338,2.9332169116645121,-0.50002465106473204,0,0,0,0,0,0.7070539940197289
339,2.9418950682078981,-0.50002463552230092,0,0,0,0,0,0.7070540050230214
340,2.9505732247512846,-0.5000245869149077,0,0,0,0,0,0.70705403941072476
341,2.9592513812946706,-0.50002458828135532,0,0,0,0,0,0.707054038454487
342,2.9679295378380566,-0.50002458189152954,0,0,0,0,0,0.70705404298495722
343,2.976607694381443,-0.50002460414621253,0,0,0,0,0,0.70705402725650757
344,2.985285850924829,-0.50002461884400329,0,0,0,0,0,0.70705401687254366
345,2.993964007468215,-0.50002465957125486,0,0,0,0,0,0.70705398808006947
346,3.002642164011601,-0.50002467959879704,0,0,0,0,0,0.70705397392699254
347,3.0113203205549874,-0.50002467711437859,0,0,0,0,0,0.70705397569503425
348,3.0199984770983734,-0.50002468247852638,0,0,0,0,0,0.7070539719118285
349,3.0286766336417594,-0.5000246904692468,0,0,0,0,0,0.70705396627243999
350,3.0373547901851459,-0.5000247018077203,0,0,0,0,0,0.70705395826426809
351,3.0460329467285319,-0.50002465715281852,0,0,0,0,0,0.70705398985564649
352,3.0547111032719179,-0.50002466870116169,0,0,0,0,0,0.70705398169953781
353,3.0633892598153043,-0.50002471792328562,0,0,0,0,0,0.707053946899034
354,3.0720674163586903,-0.50002472676052867,0,0,0,0,0,0.70705394066050431
355,3.0807455729020763,-0.50002473831956951,0,0,0,0,0,0.70705393249726267
356,3.0894237294454623,-0.50002477025697178,0,0,0,0,0,0.70705390992217687
357,3.0981018859888487,-0.50002473334057129,0,0,0,0,0,0.70705393604135125
358,3.1067800425322347,-0.50002473000861347,0,0,0,0,0,0.7070539384093868
359,3.1154581990756207,-0.50002477849265303,0,0,0,0,0,0.70705390413277458
360,3.1241363556190072,-0.50002477306226889,0,0,0,0,0,0.70705390798529777
361,3.1328145121623932,-0.50002474905440375,0,0,0,0,0,0.70705392497539066
362,3.1414926687057791,-0.50002469409269201,0,0,0,0,0,0.70705396385701569
363,3.1501708252491656,-0.50002472062450953,0,0,0,0,0,0.7070539451049811
364,3.1588489817925516,-0.50002476161951415,0,0,0,0,0,0.70705391612465274
365,3.1675271383359376,-0.50002474545383568,0,0,0,0,0,0.70705392756910768
366,3.176205294879324,-0.50002476780421179,0,0,0,0,0,0.70705391177467192
367,3.18488345142271,-0.50002475323076701,0,0,0,0,0,0.7070539220937353
368,3.193561607966096,-0.50002469473869049,0,0,0,0,0,0.70705396347204719
369,3.202239764509482,-0.50002467795952066,0,0,0,0,0,0.70705397535057202
370,3.2109179210528684,-0.50002470245774511,0,0,0,0,0,0.7070539580375671
371,3.2195960775962544,-0.50002474734392433,0,0,0,0,0,0.70705392630598052
372,3.2282742341396404,-0.50002475304956562,0,0,0,0,0,0.70705392228305375
373,3.2369523906830269,-0.50002478761040259,0,0,0,0,0,0.7070538978533909
374,3.2456305472264129,-0.50002482022370676,0,0,0,0,0,0.70705387480076043
375,3.2543087037697989,-0.50002478299083564,0,0,0,0,0,0.70705390114404276
376,3.2629868603131853,-0.50002473435674799,0,0,0,0,0,0.70705393555070828
377,3.2716650168565713,-0.50002477965754477,0,0,0,0,0,0.70705390352637931
378,3.2803431733999573,-0.50002478147703744,0,0,0,0,0,0.70705390225259401
379,3.2890213299433433,-0.50002481498890294,0,0,0,0,0,0.70705387856472479
380,3.2976994864867297,-0.50002480872469368,0,0,0,0,0,0.7070538830078037
381,3.3063776430301157,-0.50002478465577793,0,0,0,0,0,0.70705390004220647
382,3.3150557995735017,-0.50002478594961119,0,0,0,0,0,0.70705389914014005
383,3.3237339561168882,-0.50002478198744438,0,0,0,0,0,0.70705390195416351
384,3.3324121126602742,-0.5000247625787565,0,0,0,0,0,0.70705391569191289
385,3.3410902692036601,-0.50002476295024634,0,0,0,0,0,0.70705391544174945
386,3.3497684257470466,-0.5000247444827266,0,0,0,0,0,0.70705392851438531
387,3.3584465822904326,-0.50002477338067819,0,0,0,0,0,0.7070539080900079
388,3.3671247388338186,-0.50002481732064352,0,0,0,0,0,0.70705387702814904
389,3.375802895377205,-0.50002482982827723,0,0,0,0,0,0.70705386819508464
390,3.384481051920591,-0.50002486934543244,0,0,0,0,0,0.70705384026087548
391,3.393159208463977,-0.50002483580891099,0,0,0,0,0,0.7070538639901035
392,3.401837365007363,-0.50002487764951398,0,0,0,0,0,0.70705383441291803
393,3.4105155215507494,-0.50002484233788613,0,0,0,0,0,0.70705385939838372
394,3.4191936780941354,-0.50002484927301949,0,0,0,0,0,0.70705385450591862
395,3.4278718346375214,-0.50002489458848276,0,0,0,0,0,0.70705382247150439
396,3.4365499911809079,-0.50002490086386886,0,0,0,0,0,0.70705381804543366
397,3.4452281477242939,-0.50002489578537557,0,0,0,0,0,0.7070538216483504
398,3.4539063042676799,-0.50002486694353443,0,0,0,0,0,0.70705384205809652
399,3.4625844608110663,-0.50002480916110881,0,0,0,0,0,0.70705388293417126
400,3.4712626173544523,-0.50002482531828318,0,0,0,0,0,0.7070538715193635
401,3.4799407738978383,-0.50002483195434066,0,0,0,0,0,0.70705386683786342
402,3.4886189304412243,-0.50002479432088198,0,0,0,0,0,0.70705389346438663
403,3.4972970869846107,-0.50002474447970979,0,0,0,0,0,0.70705392872394413
404,3.5059752435279967,-0.50002473063226927,0,0,0,0,0,0.70705393852963816
405,3.5146534000713827,-0.50002473011235771,0,0,0,0,0,0.70705393890969592
406,3.5233315566147692,-0.50002476370387194,0,0,0,0,0,0.70705391516593075
407,3.5320097131581552,-0.50002472215986205,0,0,0,0,0,0.70705394455776727
408,3.5406878697015411,-0.50002472119470076,0,0,0,0,0,0.70705394525271359
409,3.5493660262449276,-0.50002475720271922,0,0,0,0,0,0.70705391979999632
410,3.5580441827883136,-0.50002479664269939,0,0,0,0,0,0.70705389192080847
411,3.5667223393316996,-0.50002480503765023,0,0,0,0,0,0.70705388599639418
412,3.575400495875086,-0.50002484110012368,0,0,0,0,0,0.70705386050435592
413,3.584078652418472,-0.50002487250124006,0,0,0,0,0,0.70705383830890156
414,3.592756808961858,-0.50002488148040891,0,0,0,0,0,0.70705383197100691
415,3.601434965505244,-0.50002488506518039,0,0,0,0,0,0.70705382944767603
416,3.6101131220486304,-0.50002488106538467,0,0,0,0,0,0.70705383228780683
417,3.6187912785920164,-0.50002486057236151,0,0,0,0,0,0.70705384679326055
418,3.6274694351354024,-0.50002489002598838,0,0,0,0,0,0.70705382597464528
419,3.6361475916787889,-0.50002487965972364,0,0,0,0,0,0.70705383331613536
420,3.6448257482221749,-0.5000248921524183,0,0,0,0,0,0.70705382449354204
421,3.6535039047655609,-0.50002488001197576,0,0,0,0,0,0.70705383309070413
422,3.6621820613089473,-0.50002489891061952,0,0,0,0,0,0.70705381973771431
423,3.6708602178523333,-0.50002492840790336,0,0,0,0,0,0.70705379888886988
424,3.6795383743957193,-0.50002495343715514,0,0,0,0,0,0.70705378119984896
425,3.6882165309391053,-0.50002493707531737,0,0,0,0,0,0.70705379278243186
426,3.6968946874824917,-0.50002494384698126,0,0,0,0,0,0.70705378800384899
427,3.7055728440258777,-0.5000249114930575,0,0,0,0,0,0.70705381089609887
428,3.7142510005692637,-0.50002488887951013,0,0,0,0,0,0.70705382689822827
429,3.7229291571126502,-0.50002493078650057,0,0,0,0,0,0.7070537972730051
430,3.7316073136560362,-0.50002495113040524,0,0,0,0,0,0.70705378289623511
431,3.7402854701994221,-0.50002492981257762,0,0,0,0,0,0.7070537979824465
432,3.7489636267428086,-0.50002496133888186,0,0,0,0,0,0.70705377569873207
433,3.7576417832861946,-0.50002501455045445,0,0,0,0,0,0.70705373807908245
434,3.7663199398295806,-0.50002502718597863,0,0,0,0,0,0.70705372915522702
435,3.774998096372967,-0.5000250710429045,0,0,0,0,0,0.70705369815109975
436,3.783676252916353,-0.50002506694599425,0,0,0,0,0,0.70705370105874721
437,3.792354409459739,-0.50002503921660801,0,0,0,0,0,0.70705372067940964
438,3.801032566003125,-0.50002501111333764,0,0,0,0,0,0.7070537405648416
439,3.8097107225465114,-0.50002497456093642,0,0,0,0,0,0.70705376642364648
440,3.8183888790898974,-0.50002494140802112,0,0,0,0,0,0.70705378987879897
441,3.8270670356332834,-0.50002495446453976,0,0,0,0,0,0.70705378065499858
442,3.8357451921766699,-0.5000249515667653,0,0,0,0,0,0.7070537827142136
443,3.8444233487200559,-0.50002493817102678,0,0,0,0,0,0.70705379219664088
444,3.8531015052634419,-0.50002495981399209,0,0,0,0,0,0.70705377690048721
445,3.8617796618068283,-0.50002496567558574,0,0,0,0,0,0.70705377276435044
446,3.8704578183502143,-0.50002495495414856,0,0,0,0,0,0.70705378035559718
447,3.8791359748936003,-0.50002494265264019,0,0,0,0,0,0.70705378906396454
448,3.8878141314369863,-0.50002493350532184,0,0,0,0,0,0.70705379554168246
449,3.8964922879803727,-0.50002489011886342,0,0,0,0,0,0.70705382623208379
450,3.9051704445237587,-0.50002488651183064,0,0,0,0,0,0.7070538287922119
451,3.9138486010671447,-0.5000249379195425,0,0,0,0,0,0.70705379244646238
452,3.9225267576105312,-0.5000249210780281,0,0,0,0,0,0.7070538043648007
453,3.9312049141539172,-0.50002496137361141,0,0,0,0,0,0.7070537758770854
454,3.9398830706973031,-0.50002497746704044,0,0,0,0,0,0.70705376450482937
455,3.9485612272406896,-0.50002496532517005,0,0,0,0,0,0.70705377309963602
456,3.9572393837840756,-0.5000249167441454,0,0,0,0,0,0.7070538074624011
457,3.9659175403274616,-0.50002495474809749,0,0,0,0,0,0.70705378059515844
458,3.974595696870848,-0.50002494242509232,0,0,0,0,0,0.70705378931732632
459,3.983273853414234,-0.50002494303274692,0,0,0,0,0,0.70705378889483228
460,3.99195200995762,-0.50002491972560847,0,0,0,0,0,0.707053805384664
461,4.000630166501006,-0.5000249390505781,0,0,0,0,0,0.70705379172706628
462,4.009308323044392,-0.50002489513053427,0,0,0,0,0,0.7070538227933767
463,4.0179864795877789,-0.50002486328484452,0,0,0,0,0,0.70705384532098137
464,4.0266646361311649,-0.50002484754940102,0,0,0,0,0,0.70705385645613461
465,4.0353427926745509,-0.50002485428951793,0,0,0,0,0,0.70705385169662449
466,4.0440209492179369,-0.50002486701216564,0,0,0,0,0,0.70705384270657667
467,4.0526991057613229,-0.50002485341135483,0,0,0,0,0,0.70705385233157259
468,4.0613772623047089,-0.5000248638370004,0,0,0,0,0,0.70705384496569224
469,4.0700554188480949,-0.50002482549518346,0,0,0,0,0,0.70705387208611548
470,4.0787335753914817,-0.50002480448260955,0,0,0,0,0,0.70705388695169979
471,4.0874117319348677,-0.50002477925379885,0,0,0,0,0,0.70705390479876407
472,4.0960898884782537,-0.50002478744101797,0,0,0,0,0,0.70705389901552618
473,4.1047680450216397,-0.50002477504982434,0,0,0,0,0,0.70705390778438826
474,4.1134462015650257,-0.50002480344395817,0,0,0,0,0,0.70705388771141031
475,4.1221243581084117,-0.50002478147274676,0,0,0,0,0,0.70705390325445805
476,4.1308025146517986,-0.50002478711674836,0,0,0,0,0,0.70705389926880713
477,4.1394806711951846,-0.50002478894467861,0,0,0,0,0,0.70705389798178331
478,4.1481588277385706,-0.50002481395500364,0,0,0,0,0,0.70705388030092031
479,4.1568369842819566,-0.50002486880825869,0,0,0,0,0,0.70705384151594508
480,4.1655151408253426,-0.50002488494389818,0,0,0,0,0,0.70705383011044454
481,4.1741932973687286,-0.50002487642530469,0,0,0,0,0,0.70705383613944406
482,4.1828714539121146,-0.50002487601311951,0,0,0,0,0,0.7070538364359944
483,4.1915496104555015,-0.5000248331899434,0,0,0,0,0,0.7070538667237205
484,4.2002277669988874,-0.50002484534951985,0,0,0,0,0,0.70705385812968835
485,4.2089059235422734,-0.50002481789801845,0,0,0,0,0,0.70705387754671278
486,4.2175840800856594,-0.5000248760266669,0,0,0,0,0,0.7070538364448935
487,4.2262622366290454,-0.50002493277126647,0,0,0,0,0,0.70705379632145338
488,4.2349403931724314,-0.50002490108684383,0,0,0,0,0,0.70705381873159068
489,4.2436185497158174,-0.5000248965487869,0,0,0,0,0,0.70705382194497046
490,4.2522967062592043,-0.50002488079907026,0,0,0,0,0,0.70705383308642666
491,4.2609748628025903,-0.50002490344066508,0,0,0,0,0,0.7070538170788998
492,4.2696530193459763,-0.50002490650174025,0,0,0,0,0,0.70705381491772012
493,4.2783311758893623,-0.50002489106972792,0,0,0,0,0,0.70705382583404841
494,4.2870093324327483,-0.5000248716233443,0,0,0,0,0,0.70705383958907242
495,4.2956874889761343,-0.50002485857305012,0,0,0,0,0,0.70705384882094036
496,4.3043656455195212,-0.50002481408623956,0,0,0,0,0,0.70705388028325644
497,4.3130438020629072,-0.50002477714393134,0,0,0,0,0,0.70705390641017951
498,4.3217219586062932,-0.50002482317185537,0,0,0,0,0,0.70705387386371177
499,4.3304001151496792,-0.50002484886982934,0,0,0,0,0,0.70705385569365164
500,4.3390782716930651,-0.50002485452295697,0,0,0,0,0,0.70705385169832757
501,4.3477564282364511,-0.50002484895952748,0,0,0,0,0,0.70705385563474876
502,4.3564345847798371,-0.50002480255247461,0,0,0,0,0,0.7070538884540345
503,4.365112741323224,-0.5000247892411479,0,0,0,0,0,0.70705389786919692
504,4.37379089786661,-0.50002481015628675,0,0,0,0,0,0.7070538830806683
505,4.382469054409996,-0.50002482625651146,0,0,0,0,0,0.70705387169688483
506,4.391147210953382,-0.5000247601793214,0,0,0,0,0,0.7070539184254967
507,4.399825367496768,-0.50002474726703161,0,0,0,0,0,0.70705392755789642
508,4.408503524040154,-0.50002474038458211,0,0,0,0,0,0.70705393242607928
509,4.4171816805835409,-0.50002467823305841,0,0,0,0,0,0.70705397637816625
510,4.4258598371269269,-0.50002468866288752,0,0,0,0,0,0.70705396900351891
511,4.4345379936703129,-0.5000247167713634,0,0,0,0,0,0.70705394912708852
512,4.4432161502136989,-0.50002475293786219,0,0,0,0,0,0.70705392355217822
513,4.4518943067570849,-0.50002471365989498,0,0,0,0,0,0.70705395132839466
514,4.4605724633004709,-0.50002476424125486,0,0,0,0,0,0.70705391555957608
515,4.4692506198438569,-0.50002482753496202,0,0,0,0,0,0.70705387080094784
516,4.4779287763872437,-0.50002487197434586,0,0,0,0,0,0.70705383937517796
517,4.4866069329306297,-0.50002485136107144,0,0,0,0,0,0.70705385395186426
518,4.4952850894740157,-0.50002482518173808,0,0,0,0,0,0.70705387246448748
519,4.5039632460174017,-0.50002483748558268,0,0,0,0,0,0.70705386376321
520,4.5126414025607877,-0.50002483449228108,0,0,0,0,0,0.70705386587931573
521,4.5213195591041737,-0.50002486709200877,0,0,0,0,0,0.70705384282531036
522,4.5299977156475606,-0.50002482790789515,0,0,0,0,0,0.7070538705337599
523,4.5386758721909466,-0.5000248827194288,0,0,0,0,0,0.70705383177216952
524,4.5473540287343326,-0.50002492860057279,0,0,0,0,0,0.70705379932559964
525,4.5560321852777186,-0.50002493420133587,0,0,0,0,0,0.70705379536357116
526,4.5647103418211046,-0.50002497066030016,0,0,0,0,0,0.70705376957969124
527,4.5733884983644906,-0.50002495645925604,0,0,0,0,0,0.70705377962036664
528,4.5820666549078766,-0.50002490162418622,0,0,0,0,0,0.70705381839565007
529,4.5907448114512635,-0.50002489832537411,0,0,0,0,0,0.70705382072650202
530,4.5994229679946494,-0.50002490933274624,0,0,0,0,0,0.70705381294045111
531,4.6081011245380354,-0.50002494285495991,0,0,0,0,0,0.70705378923254258
532,4.6167792810814214,-0.50002493178529583,0,0,0,0,0,0.70705379705808635
533,4.6254574376248074,-0.50002490865543914,0,0,0,0,0,0.70705381341195306
534,4.6341355941681934,-0.50002495829867888,0,0,0,0,0,0.70705377830353555
535,4.6428137507115803,-0.50002491821723527,0,0,0,0,0,0.70705380664459128
536,4.6514919072549663,-0.50002489347660828,0,0,0,0,0,0.70705382413712137
537,4.6601700637983523,-0.50002488691140623,0,0,0,0,0,0.70705382877657819
538,4.6688482203417383,-0.50002488174893067,0,0,0,0,0,0.70705383242383579
539,4.6775263768851243,-0.5000248927611628,0,0,0,0,0,0.70705382463290078
540,4.6862045334285103,-0.50002490831680046,0,0,0,0,0,0.70705381362882314
541,4.6948826899718963,-0.50002489705572217,0,0,0,0,0,0.70705382158841346
542,4.7035608465152832,-0.50002487948620944,0,0,0,0,0,0.70705383400902022
543,4.7122390030586692,-0.5000248906033613,0,0,0,0,0,0.70705382614325707
544,4.7209171596020552,-0.5000248999039747,0,0,0,0,0,0.70705381956192603
545,4.7295953161454412,-0.50002487264784545,0,0,0,0,0,0.70705383883178996
546,4.7382734726888271,-0.50002489238865622,0,0,0,0,0,0.70705382486742341
547,4.7469516292322131,-0.500024925012021,0,0,0,0,0,0.70705380179246191
548,4.7556297857755991,-0.50002490795875409,0,0,0,0,0,0.70705381384677679
549,4.764307942318986,-0.5000249240316631,0,0,0,0,0,0.70705380247596317
550,4.772986098862372,-0.50002489036790654,0,0,0,0,0,0.70705382627682845
551,4.781664255405758,-0.50002486945030011,0,0,0,0,0,0.70705384106395996
552,4.790342411949144,-0.50002488035344694,0,0,0,0,0,0.70705383334826877
553,4.79902056849253,-0.50002489519709714,0,0,0,0,0,0.7070538228459391
554,4.807698725035916,-0.50002489630937652,0,0,0,0,0,0.70705382205354184
555,4.8163768815793029,-0.50002493106109636,0,0,0,0,0,0.70705379747246511
556,4.8250550381226889,-0.50002489412720796,0,0,0,0,0,0.70705382358461932
557,4.8337331946660749,-0.50002493882292853,0,0,0,0,0,0.70705379197165286
558,4.8424113512094609,-0.50002493974878925,0,0,0,0,0,0.70705379131029744
559,4.8510895077528469,-0.50002488579122362,0,0,0,0,0,0.70705382946048445
560,4.8597676642962329,-0.50002487841438059,0,0,0,0,0,0.70705383467093341
561,4.8684458208396189,-0.50002493159041184,0,0,0,0,0,0.70705379706030058
562,4.8771239773830057,-0.50002488436074866,0,0,0,0,0,0.70705383045285686
563,4.8858021339263917,-0.50002493110434254,0,0,0,0,0,0.70705379739069585
564,4.8944802904697777,-0.50002494475423909,0,0,0,0,0,0.70705378773089933
565,4.9031584470131637,-0.50002495087471555,0,0,0,0,0,0.70705378339472702
566,4.9118366035565497,-0.5000249587642307,0,0,0,0,0,0.70705377780848977
567,4.9205147600999357,-0.50002500258412552,0,0,0,0,0,0.7070537468135214
568,4.9291929166433226,-0.50002501640077524,0,0,0,0,0,0.7070537370361194
569,4.9378710731867086,-0.50002503152735367,0,0,0,0,0,0.70705372633160124
570,4.9465492297300946,-0.50002500767014768,0,0,0,0,0,0.70705374319495107
571,4.9552273862734806,-0.50002501430011836,0,0,0,0,0,0.70705373849868636
572,4.9639055428168666,-0.50002503544765187,0,0,0,0,0,0.70705372353635632
573,4.9725836993602526,-0.50002505290732291,0,0,0,0,0,0.70705371118194194
574,4.9812618559036386,-0.50002507816210118,0,0,0,0,0,0.70705369331460588
575,4.9899400124470255,-0.50002509789838456,0,0,0,0,0,0.70705367935010344
576,4.9986181689904114,-0.50002514661552633,0,0,0,0,0,0.70705364489083777
577,5.0072963255337974,-0.50002514159066946,0,0,0,0,0,0.70705364843626839
578,5.0159744820771834,-0.50002512181144687,0,0,0,0,0,0.70705366241450918
579,5.0246526386205694,-0.50002510714740778,0,0,0,0,0,0.70705367277630415
580,5.0333307951639554,-0.50002511321333165,0,0,0,0,0,0.7070536684775881
581,5.0420089517073423,-0.50002510786331644,0,0,0,0,0,0.70705367225287574
582,5.0506871082507283,-0.50002507903259907,0,0,0,0,0,0.70705369263268025
583,5.0593652647941143,-0.50002504114155133,0,0,0,0,0,0.70705371942023021
584,5.0680434213375003,-0.50002502618416578,0,0,0,0,0,0.70705372998786942
585,5.0767215778808863,-0.50002503592972003,0,0,0,0,0,0.70705372308622394
586,5.0853997344242723,-0.50002502493575873,0,0,0,0,0,0.70705373085210788
587,5.0940778909676583,-0.50002497864415985,0,0,0,0,0,0.7070537635787808
588,5.1027560475110452,-0.50002496076486069,0,0,0,0,0,0.7070537762137441
589,5.1114342040544312,-0.5000249425756641,0,0,0,0,0,0.70705378906604466
590,5.1201123605978172,-0.50002498323544242,0,0,0,0,0,0.70705376030261036
591,5.1287905171412032,-0.50002501862494664,0,0,0,0,0,0.70705373526575244
592,5.1374686736845891,-0.50002507744204672,0,0,0,0,0,0.70705369366110915
593,5.1461468302279751,-0.50002509307820564,0,0,0,0,0,0.70705368259251955
594,5.1548249867713611,-0.50002511789667869,0,0,0,0,0,0.70705366503147005
595,5.163503143314748,-0.50002517999085638,0,0,0,0,0,0.70705362110957282
596,5.172181299858134,-0.50002514905277395,0,0,0,0,0,0.70705364297754514
597,5.18085945640152,-0.50002513114049341,0,0,0,0,0,0.70705365563507172
598,5.189537612944906,-0.50002510446810589,0,0,0,0,0,0.70705367448679191
599,5.198215769488292,-0.50002506294243809,0,0,0,0,0,0.70705370384201949
600,5.206893926031678,-0.5000250373311238,0,0,0,0,0,0.70705372194333194
601,5.2155720825750649,-0.50002501678387545,0,0,0,0,0,0.70705373646357828
602,5.2242502391184509,-0.50002501593341964,0,0,0,0,0,0.70705373705366625
603,5.2329283956618369,-0.50002502571558427,0,0,0,0,0,0.70705373012521378
604,5.2416065522052229,-0.50002501029546764,0,0,0,0,0,0.70705374101982699
605,5.2502847087486089,-0.50002504150359706,0,0,0,0,0,0.70705371893932423
606,5.2589628652919949,-0.50002503972684509,0,0,0,0,0,0.70705372018356094
607,5.2676410218353809,-0.50002508355196051,0,0,0,0,0,0.70705368917969302
608,5.2763191783787677,-0.5000250768941944,0,0,0,0,0,0.70705369387726513
609,5.2849973349221537,-0.5000250630247145,0,0,0,0,0,0.7070537036752178
610,5.2936754914655397,-0.50002507473235158,0,0,0,0,0,0.70705369538440443
611,5.3023536480089257,-0.50002505417625975,0,0,0,0,0,0.70705370991056782
612,5.3110318045523117,-0.50002502014536698,0,0,0,0,0,0.70705373396620308
613,5.3197099610956977,-0.50002497394414758,0,0,0,0,0,0.70705376662712549
614,5.3283881176390846,-0.50002493636610856,0,0,0,0,0,0.70705379319016348
615,5.3370662741824706,-0.50002491967167662,0,0,0,0,0,0.70705380498455739
616,5.3457444307258566,-0.50002490604287342,0,0,0,0,0,0.70705381461088868
617,5.3544225872692426,-0.50002491083459866,0,0,0,0,0,0.70705381121090305
618,5.3631007438126286,-0.5000249381827746,0,0,0,0,0,0.70705379185783279
619,5.3717789003560146,-0.50002494484848525,0,0,0,0,0,0.70705378713234435
620,5.3804570568994006,-0.50002493998833908,0,0,0,0,0,0.70705379055802098
621,5.3891352134427875,-0.50002493510921975,0,0,0,0,0,0.70705379399603352
622,5.3978133699861734,-0.50002495012379533,0,0,0,0,0,0.70705378336548508
623,5.4064915265295594,-0.50002490558008061,0,0,0,0,0,0.70705381485498631
624,5.4151696830729454,-0.50002493259225989,0,0,0,0,0,0.70705379574036176
625,5.4238478396163314,-0.50002493012920479,0,0,0,0,0,0.70705379746948638
626,5.4325259961597174,-0.50002494969450539,0,0,0,0,0,0.70705378362059423
627,5.4412041527031043,-0.50002497150833902,0,0,0,0,0,0.70705376818107313
628,5.4498823092464903,-0.50002493712123874,0,0,0,0,0,0.70705379248708822
629,5.4585604657898763,-0.50002491569464669,0,0,0,0,0,0.70705380762729586
630,5.4672386223332623,-0.50002493890629007,0,0,0,0,0,0.70705379120010448
631,5.4759167788766483,-0.5000249609827242,0,0,0,0,0,0.70705377557498617
632,5.4845949354200343,-0.50002496008815622,0,0,0,0,0,0.70705377619487586
633,5.4932730919634203,-0.50002489820058327,0,0,0,0,0,0.70705381994938765
634,5.5019512485068072,-0.50002486650682565,0,0,0,0,0,0.70705384235040136
635,5.5106294050501932,-0.50002483256366892,0,0,0,0,0,0.70705386634296341
636,5.5193075615935792,-0.50002483482053806,0,0,0,0,0,0.70705386473513243
637,5.5279857181369652,-0.5000248122938179,0,0,0,0,0,0.70705388065389863
638,5.5366638746803511,-0.50002480934676152,0,0,0,0,0,0.70705388272618408
639,5.5453420312237371,-0.5000247963211778,0,0,0,0,0,0.70705389192514312
640,5.554020187767124,-0.50002476401495988,0,0,0,0,0,0.70705391475920409
641,5.56269834431051,-0.50002474879897052,0,0,0,0,0,0.70705392550766821
642,5.571376500853896,-0.5000247131554294,0,0,0,0,0,0.70705395070238963
643,5.580054657397282,-0.50002472452741131,0,0,0,0,0,0.70705394264765176
644,5.588732813940668,-0.50002475134770863,0,0,0,0,0,0.70705392366806485
645,5.597410970484054,-0.50002474879155479,0,0,0,0,0,0.70705392546320489
646,5.60608912702744,-0.5000247759033063,0,0,0,0,0,0.70705390627730802
647,5.6147672835708269,-0.50002479359806151,0,0,0,0,0,0.70705389375180161
648,5.6234454401142129,-0.50002483215632698,0,0,0,0,0,0.70705386647094692
649,5.6321235966575989,-0.50002479858229865,0,0,0,0,0,0.70705389020262621
650,5.6408017532009849,-0.50002481555993328,0,0,0,0,0,0.70705387818335663
651,5.6494799097443709,-0.50002487887267377,0,0,0,0,0,0.70705383339613448
652,5.6581580662877569,-0.50002482960575312,0,0,0,0,0,0.70705386822595195
653,5.6668362228311429,-0.5000247774835137,0,0,0,0,0,0.70705390507471244
654,5.6755143793745297,-0.50002479446487591,0,0,0,0,0,0.70705389305313449
655,5.6841925359179157,-0.50002479926373011,0,0,0,0,0,0.70705388964688431
656,5.6928706924613017,-0.50002480417343331,0,0,0,0,0,0.70705388616246978
657,5.7015488490046877,-0.50002481422296752,0,0,0,0,0,0.70705387904300387
658,5.7102270055480737,-0.50002479575806869,0,0,0,0,0,0.70705389208977731
659,5.7189051620914597,-0.50002478192843902,0,0,0,0,0,0.70705390185805239
660,5.7275833186348466,-0.50002476059019274,0,0,0,0,0,0.70705391693602615
661,5.7362614751782326,-0.50002477158360148,0,0,0,0,0,0.70705390914914901
662,5.7449396317216186,-0.50002474596243707,0,0,0,0,0,0.7070539272560552
663,5.7536177882650046,-0.50002475291478277,0,0,0,0,0,0.70705392232617825
664,5.7622959448083906,-0.50002473558148597,0,0,0,0,0,0.70705393457232546
665,5.7709741013517766,-0.50002477831290892,0,0,0,0,0,0.70705390433972681
666,5.7796522578951626,-0.50002477795568978,0,0,0,0,0,0.70705390458114259
667,5.7883304144385495,-0.50002475663852597,0,0,0,0,0,0.70705391964558517
668,5.7970085709819354,-0.50002478952990881,0,0,0,0,0,0.70705389637260829
669,5.8056867275253214,-0.50002475904605392,0,0,0,0,0,0.70705391792036565
670,5.8143648840687074,-0.50002475501116694,0,0,0,0,0,0.70705392076146723
671,5.8230430406120934,-0.50002474448647427,0,0,0,0,0,0.70705392819269441
672,5.8317211971554794,-0.50002476020586817,0,0,0,0,0,0.70705391706456489
673,5.8403993536988663,-0.50002472813179333,0,0,0,0,0,0.70705393973687514
674,5.8490775102422523,-0.50002475284814607,0,0,0,0,0,0.70705392224564356
675,5.8577556667856383,-0.50002470888619344,0,0,0,0,0,0.70705395332534238
676,5.8664338233290243,-0.50002470136843358,0,0,0,0,0,0.70705395863065146
677,5.8751119798724103,-0.50002469527279159,0,0,0,0,0,0.70705396293087119
678,5.8837901364157963,-0.50002468475037631,0,0,0,0,0,0.70705397036230977
679,5.8924682929591823,-0.5000246995354225,0,0,0,0,0,0.70705395989582698
680,5.9011464495025692,-0.50002475788223566,0,0,0,0,0,0.70705391862026268
681,5.9098246060459552,-0.50002475806036051,0,0,0,0,0,0.70705391848245469
682,5.9185027625893412,-0.50002476997282497,0,0,0,0,0,0.70705391004694995
683,5.9271809191327272,-0.50002472191282621,0,0,0,0,0,0.70705394402402533
684,5.9358590756761132,-0.50002473704296146,0,0,0,0,0,0.70705393331261668
685,5.9445372322194991,-0.50002475592562556,0,0,0,0,0,0.70705391994832745
686,5.953215388762886,-0.50002475509875377,0,0,0,0,0,0.70705392052200722
687,5.961893545306272,-0.50002476849232469,0,0,0,0,0,0.70705391103818727
688,5.970571701849658,-0.50002474928830698,0,0,0,0,0,0.7070539246084877
689,5.979249858393044,-0.50002476455057898,0,0,0,0,0,0.7070539138045735
690,5.98792801493643,-0.50002477545521595,0,0,0,0,0,0.70705390608174312
691,5.996606171479816,-0.50002475103651389,0,0,0,0,0,0.70705392334067518
692,6.005284328023202,-0.5000247409212013,0,0,0,0,0,0.70705393048320708
693,6.0139624845665889,-0.50002478171067555,0,0,0,0,0,0.70705390162629911
694,6.0226406411099749,-0.5000248363007157,0,0,0,0,0,0.70705386300938144
695,6.0313187976533609,-0.50002484543361403,0,0,0,0,0,0.70705385653968555
696,6.0399969541967469,-0.50002487235172188,0,0,0,0,0,0.70705383749235295
697,6.0486751107401329,-0.50002487612761526,0,0,0,0,0,0.70705383481212536
698,6.0573532672835189,-0.50002490745711758,0,0,0,0,0,0.70705381264572864
699,6.0660314238269049,-0.50002488641976728,0,0,0,0,0,0.70705382751445711
700,6.0747095803702917,-0.50002492756066952,0,0,0,0,0,0.70705379840865312
701,6.0833877369136777,-0.50002496952075781,0,0,0,0,0,0.7070537687236822
702,6.0920658934570637,-0.5000249377743391,0,0,0,0,0,0.7070537911652881
703,6.1007440500004497,-0.50002492091474093,0,0,0,0,0,0.70705380308012877
704,6.1094222065438357,-0.50002491077031208,0,0,0,0,0,0.70705381024451697
705,6.1181003630872217,-0.5000248946161906,0,0,0,0,0,0.70705382166098651
706,6.1267785196306086,-0.50002488218437136,0,0,0,0,0,0.70705383044270498
707,6.1354566761739946,-0.50002488007363988,0,0,0,0,0,0.70705383192545312
708,6.1441348327173806,-0.50002490050524229,0,0,0,0,0,0.70705381746735263
709,6.1528129892607666,-0.50002491423228801,0,0,0,0,0,0.70705380775043913
710,6.1614911458041526,-0.50002488962145453,0,0,0,0,0,0.7070538251488685
711,6.1701693023475386,-0.50002485853483625,0,0,0,0,0,0.70705384712672981
712,6.1788474588909246,-0.50002483362996897,0,0,0,0,0,0.70705386473010634
713,6.1875256154343115,-0.5000248552351354,0,0,0,0,0,0.70705384944220029
714,6.1962037719776974,-0.50002483171910528,0,0,0,0,0,0.70705386606416276
715,6.2048819285210834,-0.50002478042736576,0,0,0,0,0,0.70705390233159626
716,6.2135600850644694,-0.50002475729047002,0,0,0,0,0,0.70705391868730416
717,6.2222382416078554,-0.50002479455410342,0,0,0,0,0,0.70705389232466231
718,6.2309163981512414,-0.50002483314009616,0,0,0,0,0,0.70705386502739387
719,6.2395945546946283,-0.50002484524915902,0,0,0,0,0,0.70705385645780439
720,6.2482727112380143,-0.50002487900207804,0,0,0,0,0,0.70705383257847387
721,6.2569508677814003,-0.50002484655458657,0,0,0,0,0,0.70705385551993771
722,6.2656290243247863,-0.50002482011211768,0,0,0,0,0,0.70705387421378951
723,6.2743071808681723,-0.50002485589611945,0,0,0,0,0,0.70705384889838818
724,6.2829853374115583,-0.50002486898348708,0,0,0,0,0,0.70705383963490576
725,6.2916634939549443,-0.50002484929975621,0,0,0,0,0,0.70705385354911066
726,6.3003416504983312,-0.50002481677103039,0,0,0,0,0,0.70705387654694096
727,6.3090198070417172,-0.50002483868376491,0,0,0,0,0,0.70705386104186729
728,6.3176979635851032,-0.5000248451265652,0,0,0,0,0,0.70705385647904073
729,6.3263761201284892,-0.50002485249142237,0,0,0,0,0,0.7070538512628346
730,6.3350542766718752,-0.50002488542634171,0,0,0,0,0,0.70705382796277938
731,6.3437324332152611,-0.50002490935567867,0,0,0,0,0,0.70705381103172105
732,6.352410589758648,-0.50002489238105829,0,0,0,0,0,0.70705382303146713
733,6.361088746302034,-0.50002483816778676,0,0,0,0,0,0.70705386136785808
734,6.36976690284542,-0.50002486874001673,0,0,0,0,0,0.70705383974079794
735,6.378445059388806,-0.50002487108706739,0,0,0,0,0,0.70705383807661981
736,6.387123215932192,-0.50002489109426451,0,0,0,0,0,0.70705382391997773
737,6.395801372475578,-0.50002488306674886,0,0,0,0,0,0.70705382959309482
738,6.404479529018964,-0.50002486766582099,0,0,0,0,0,0.70705384048069675
739,6.4131576855623509,-0.50002487306295929,0,0,0,0,0,0.70705383666000454
740,6.4218358421057369,-0.5000248649615423,0,0,0,0,0,0.70705384238462932
741,6.4305139986491229,-0.50002482436131868,0,0,0,0,0,0.70705387109413298
742,6.4391921551925089,-0.50002484651393853,0,0,0,0,0,0.70705385542240728
743,6.4478703117358949,-0.50002480367303059,0,0,0,0,0,0.70705388571736094
744,6.4565484682792809,-0.50002481668642718,0,0,0,0,0,0.70705387650866713
745,6.4652266248226669,-0.50002483272395692,0,0,0,0,0,0.70705386516069879
746,6.4739047813660537,-0.50002484856574969,0,0,0,0,0,0.70705385395143816
747,6.4825829379094397,-0.50002489529530336,0,0,0,0,0,0.70705382089828817
748,6.4912610944528257,-0.50002484893936372,0,0,0,0,0,0.70705385367983298
749,6.4999392509962117,-0.50002490814332967,0,0,0,0,0,0.70705381180489235
750,6.5086174075395977,-0.50002489685068563,0,0,0,0,0,0.70705381978796211
751,6.5172955640829837,-0.50002487625803582,0,0,0,0,0,0.70705383434997104
752,6.5259737206263706,-0.50002484007937675,0,0,0,0,0,0.70705385993489811
753,6.5346518771697566,-0.50002482265278325,0,0,0,0,0,0.70705387225576843
754,6.5433300337131426,-0.5000248732724657,0,0,0,0,0,0.70705383645191366
755,6.5520081902565286,-0.5000248922820768,0,0,0,0,0,0.70705382300546049
756,6.5606863467999146,-0.50002490395118071,0,0,0,0,0,0.70705381475094775
757,6.5693645033433006,-0.50002491685202211,0,0,0,0,0,0.70705380562308662
758,6.5780426598866866,-0.50002487754134184,0,0,0,0,0,0.70705383342255457
759,6.5867208164300735,-0.5000249423086085,0,0,0,0,0,0.70705378761415894
760,6.5953989729734595,-0.50002488531974987,0,0,0,0,0,0.70705382791770066
761,6.6040771295168454,-0.5000248947508863,0,0,0,0,0,0.70705382124486038
762,6.6127552860602314,-0.50002489254947691,0,0,0,0,0,0.70705382280005091
763,6.6214334426036174,-0.50002487088155889,0,0,0,0,0,0.70705383812243938
764,6.6301115991470034,-0.50002484209313702,0,0,0,0,0,0.7070538584829672
765,6.6387897556903903,-0.50002482873709442,0,0,0,0,0,0.70705386792840619
766,6.6474679122337763,-0.50002481442367686,0,0,0,0,0,0.7070538780495863
767,6.6561460687771623,-0.50002480326940413,0,0,0,0,0,0.70705388593833063
768,6.6648242253205483,-0.50002475028919213,0,0,0,0,0,0.70705392340605977
769,6.6735023818639343,-0.50002480987103237,0,0,0,0,0,0.70705388126812041
770,6.6821805384073203,-0.50002482413401406,0,0,0,0,0,0.70705387117949781
771,6.6908586949507063,-0.50002483460556091,0,0,0,0,0,0.70705386377416846
772,6.6995368514940932,-0.50002483401810072,0,0,0,0,0,0.70705386418886051
773,6.7082150080374792,-0.50002483484200466,0,0,0,0,0,0.70705386360468514
774,6.7168931645808652,-0.50002481108734054,0,0,0,0,0,0.7070538804056955
775,6.7255713211242512,-0.50002480702944296,0,0,0,0,0,0.7070538832776414
776,6.7342494776676372,-0.50002485171485789,0,0,0,0,0,0.70705385167510837
777,6.7429276342110231,-0.50002485182201939,0,0,0,0,0,0.70705385160088097
778,6.75160579075441,-0.50002484213107634,0,0,0,0,0,0.70705385845673463
779,6.760283947297796,-0.50002484381536394,0,0,0,0,0,0.70705385726617331
780,6.768962103841182,-0.50002489743724443,0,0,0,0,0,0.70705381934387201
781,6.777640260384568,-0.50002488691359837,0,0,0,0,0,0.70705382678952544
782,6.786318416927954,-0.50002490721948967,0,0,0,0,0,0.70705381242946075
783,6.79499657347134,-0.5000249301963241,0,0,0,0,0,0.70705379617961128
784,6.803674730014726,-0.50002489122532745,0,0,0,0,0,0.70705382374430448
785,6.8123528865581129,-0.50002487252959071,0,0,0,0,0,0.70705383696925495
786,6.8210310431014989,-0.50002492118301078,0,0,0,0,0,0.70705380256139438
787,6.8297091996448849,-0.50002490268706712,0,0,0,0,0,0.70705381564585323
788,6.8383873561882709,-0.50002488713811355,0,0,0,0,0,0.7070538266454931
789,6.8470655127316569,-0.50002491444895081,0,0,0,0,0,0.70705380733251166
790,6.8557436692750429,-0.50002492466574144,0,0,0,0,0,0.70705380010948282
791,6.8644218258184297,-0.50002488783563581,0,0,0,0,0,0.70705382616100465
792,6.8730999823618157,-0.50002490456145987,0,0,0,0,0,0.70705381433527048
793,6.8817781389052017,-0.50002485624329285,0,0,0,0,0,0.70705384851069031
794,6.8904562954485877,-0.50002483895514582,0,0,0,0,0,0.7070538607407002
795,6.8991344519919737,-0.50002480823905049,0,0,0,0,0,0.70705388246753387
796,6.9078126085353597,-0.50002481828094392,0,0,0,0,0,0.70705387537034881
797,6.9164907650787457,-0.50002483288317923,0,0,0,0,0,0.70705386504768164
798,6.9251689216221326,-0.50002480250930226,0,0,0,0,0,0.70705388653413692
799,6.9338470781655186,-0.5000247773326606,0,0,0,0,0,0.70705390434343585
800,6.9425252347089046,-0.50002482799766246,0,0,0,0,0,0.70705386851535224
801,6.9512033912522906,-0.50002482351523836,0,0,0,0,0,0.70705387168986267
802,6.9598815477956766,-0.50002481265669141,0,0,0,0,0,0.70705387937287512
803,6.9685597043390626,-0.50002477792474187,0,0,0,0,0,0.7070539039404018
804,6.9772378608824486,-0.50002478110200643,0,0,0,0,0,0.7070539016986217
805,6.9859160174258355,-0.50002476078258618,0,0,0,0,0,0.70705391607399282
806,6.9945941739692215,-0.50002472226480144,0,0,0,0,0,0.70705394332124527
807,7.0032723305126074,-0.5000246940707378,0,0,0,0,0,0.70705396326640546
808,7.0119504870559934,-0.50002470728722004,0,0,0,0,0,0.70705395392395243
809,7.0206286435993794,-0.50002469784295767,0,0,0,0,0,0.70705396061004944
810,7.0293068001427654,-0.50002475491831766,0,0,0,0,0,0.70705392024942615
811,7.0379849566861523,-0.50002476124967465,0,0,0,0,0,0.70705391577676835
812,7.0466631132295383,-0.5000247583295252,0,0,0,0,0,0.70705391784958138
813,7.0553412697729243,-0.50002474186363732,0,0,0,0,0,0.70705392950016588
814,7.0640194263163103,-0.50002477908597043,0,0,0,0,0,0.70705390318174111
815,7.0726975828596963,-0.5000247895428459,0,0,0,0,0,0.70705389579372024
816,7.0813757394030823,-0.50002479453329141,0,0,0,0,0,0.70705389227032001
817,7.0900538959464683,-0.50002475208652963,0,0,0,0,0,0.70705392229725561
818,7.0987320524898552,-0.50002476289132025,0,0,0,0,0,0.70705391466139744
819,7.1074102090332412,-0.50002469088436197,0,0,0,0,0,0.70705396559432465
820,7.1160883655766272,-0.50002473491161792,0,0,0,0,0,0.70705393446309373
821,7.1247665221200132,-0.50002477773888787,0,0,0,0,0,0.70705390418112124
822,7.1334446786633992,-0.50002478044505116,0,0,0,0,0,0.70705390227355203
823,7.1421228352067851,-0.50002475641731448,0,0,0,0,0,0.70705391927405437
824,7.150800991750172,-0.50002474112273743,0,0,0,0,0,0.70705393009966144
825,7.159479148293558,-0.50002477489100083,0,0,0,0,0,0.70705390622351416
826,7.168157304836944,-0.50002477735023798,0,0,0,0,0,0.70705390449092498
827,7.17683546138033,-0.50002476953677244,0,0,0,0,0,0.70705391002410423
828,7.185513617923716,-0.50002480565916685,0,0,0,0,0,0.70705388448453377
829,7.194191774467102,-0.5000248181364082,0,0,0,0,0,0.70705387566653499
830,7.202869931010488,-0.50002479357137652,0,0,0,0,0,0.70705389304693078
831,7.2115480875538749,-0.50002478861042754,0,0,0,0,0,0.7070538965639912
832,7.2202262440972609,-0.50002476334100165,0,0,0,0,0,0.70705391444374754
833,7.2289044006406469,-0.50002476470921264,0,0,0,0,0,0.70705391348337443
834,7.2375825571840329,-0.50002481312106861,0,0,0,0,0,0.70705387925366381
835,7.2462607137274189,-0.50002481242723207,0,0,0,0,0,0.70705387975412037
836,7.2549388702708049,-0.50002482050108155,0,0,0,0,0,0.70705387405274678
837,7.2636170268141917,-0.500024846161223,0,0,0,0,0,0.70705385591358549
838,7.2722951833575777,-0.5000248333085161,0,0,0,0,0,0.70705386501214562
839,7.2809733399009637,-0.50002481606429361,0,0,0,0,0,0.70705387721802992
840,7.2896514964443497,-0.5000247923118285,0,0,0,0,0,0.7070538940250124
841,7.2983296529877357,-0.50002479212304785,0,0,0,0,0,0.70705389416730924
842,7.3070078095311217,-0.50002478017029983,0,0,0,0,0,0.70705390263069567
843,7.3156859660745077,-0.5000247626844867,0,0,0,0,0,0.70705391500603199
844,7.3243641226178946,-0.50002479553243318,0,0,0,0,0,0.70705389178397127
845,7.3330422791612806,-0.50002480453320974,0,0,0,0,0,0.70705388542789116
846,7.3417204357046666,-0.5000247898423007,0,0,0,0,0,0.70705389582675515
847,7.3503985922480526,-0.50002476265211182,0,0,0,0,0,0.70705391506618831
848,7.3590767487914386,-0.50002478830333374,0,0,0,0,0,0.70705389693588927
849,7.3677549053348246,-0.50002478537991157,0,0,0,0,0,0.70705389901300286
850,7.3764330618782106,-0.50002476632461168,0,0,0,0,0,0.70705391249932603
851,7.3851112184215975,-0.50002475242125166,0,0,0,0,0,0.70705392234277298
852,7.3937893749649835,-0.50002475991336448,0,0,0,0,0,0.70705391705552501
853,7.4024675315083694,-0.50002481946945443,0,0,0,0,0,0.70705387494632177
854,7.4111456880517554,-0.5000248204573321,0,0,0,0,0,0.70705387425843114
855,7.4198238445951414,-0.50002477529453626,0,0,0,0,0,0.70705390620904573
856,7.4285020011385274,-0.5000248314104897,0,0,0,0,0,0.7070538665323598
857,7.4371801576819143,-0.50002483512718199,0,0,0,0,0,0.70705386391425762
858,7.4458583142253003,-0.5000248513519715,0,0,0,0,0,0.70705385244993835
859,7.4545364707686863,-0.50002489134387362,0,0,0,0,0,0.70705382417780349
860,7.4632146273120723,-0.50002485440156175,0,0,0,0,0,0.70705385031514378
861,7.4718927838554583,-0.500024796177169,0,0,0,0,0,0.70705389150409914
862,7.4805709403988443,-0.50002483745215409,0,0,0,0,0,0.70705386232500445
863,7.4892490969422303,-0.50002485220322368,0,0,0,0,0,0.70705385190383829
864,7.4979272534856172,-0.50002481959556233,0,0,0,0,0,0.70705387497584837
865,7.5066054100290032,-0.50002486361941134,0,0,0,0,0,0.70705384385239523
866,7.5152835665723892,-0.50002489434476072,0,0,0,0,0,0.70705382213463963
867,7.5239617231157752,-0.50002489890394064,0,0,0,0,0,0.70705381892135222
868,7.5326398796591612,-0.50002488084874963,0,0,0,0,0,0.70705383170259495
869,7.5413180362025471,-0.50002490809091704,0,0,0,0,0,0.70705381244845933
870,7.549996192745934,-0.5000248635267549,0,0,0,0,0,0.70705384397633253
871,7.55867434928932,-0.50002489357502822,0,0,0,0,0,0.70705382273718742
872,7.567352505832706,-0.50002490099791919,0,0,0,0,0,0.70705381749967566
873,7.576030662376092,-0.50002491989392539,0,0,0,0,0,0.70705380414809671
874,7.584708818919478,-0.50002492865218617,0,0,0,0,0,0.7070537979663345
875,7.593386975462864,-0.50002491336696997,0,0,0,0,0,0.70705380878812463
876,7.60206513200625,-0.50002493440208984,0,0,0,0,0,0.70705379392404399
877,7.6107432885496369,-0.5000249159537502,0,0,0,0,0,0.70705380698286957
878,7.6194214450930229,-0.5000249613536939,0,0,0,0,0,0.70705377488705068
879,7.6280996016364089,-0.50002493405814163,0,0,0,0,0,0.70705379420273218
880,7.6367777581797949,-0.50002493513391777,0,0,0,0,0,0.70705379345484776
881,7.6454559147231809,-0.50002494116648366,0,0,0,0,0,0.70705378920028994
882,7.6541340712665669,-0.50002494612812587,0,0,0,0,0,0.70705378570269761
883,7.6628122278099537,-0.50002490524576304,0,0,0,0,0,0.70705381462699701
884,7.6714903843533397,-0.50002483974003364,0,0,0,0,0,0.70705386096574641
885,7.6801685408967257,-0.5000248175328087,0,0,0,0,0,0.70705387668304098
886,7.6888466974401117,-0.50002480663846471,0,0,0,0,0,0.70705388439923167
887,7.6975248539834977,-0.50002479685122125,0,0,0,0,0,0.70705389133373608
888,7.7062030105268837,-0.50002472745368332,0,0,0,0,0,0.70705394042444514
889,7.7148811670702697,-0.50002476125000872,0,0,0,0,0,0.70705391653604077
890,7.7235593236136566,-0.50002475996013729,0,0,0,0,0,0.70705391746140434
891,7.7322374801570426,-0.50002479782751619,0,0,0,0,0,0.70705389069325175
892,7.7409156367004286,-0.50002480162751117,0,0,0,0,0,0.70705388801893432
893,7.7495937932438146,-0.50002479314632819,0,0,0,0,0,0.70705389402968377
894,7.7582719497872006,-0.5000247542319407,0,0,0,0,0,0.70705392156224867
895,7.7669501063305866,-0.50002477215782937,0,0,0,0,0,0.70705390889710296
896,7.7756282628739726,-0.50002477612166751,0,0,0,0,0,0.70705390610579411
897,7.7843064194173595,-0.50002480014522854,0,0,0,0,0,0.70705388912890332
898,7.7929845759607455,-0.50002480442398933,0,0,0,0,0,0.70705388611544373
899,7.8016627325041314,-0.5000248541024398,0,0,0,0,0,0.70705385099511098
900,7.8103408890475174,-0.50002485622601756,0,0,0,0,0,0.70705384950504957
901,7.8190190455909034,-0.50002488221372754,0,0,0,0,0,0.7070538311388459
902,7.8276972021342894,-0.5000249291857598,0,0,0,0,0,0.70705379793273959
903,7.8363753586776763,-0.50002489657505333,0,0,0,0,0,0.70705382100736891
904,7.8450535152210623,-0.50002493228970657,0,0,0,0,0,0.70705379576262484
905,7.8537316717644483,-0.50002496500042937,0,0,0,0,0,0.70705377264145253
906,7.8624098283078343,-0.50002494604600523,0,0,0,0,0,0.70705378605812697
907,7.8710879848512203,-0.50002495493398946,0,0,0,0,0,0.70705377978481287
908,7.8797661413946063,-0.50002497163194504,0,0,0,0,0,0.70705376798885111
909,7.8884442979379923,-0.50002496073110847,0,0,0,0,0,0.70705377571040273
910,7.8971224544813792,-0.50002499367122699,0,0,0,0,0,0.70705375242785884
911,7.9058006110247652,-0.50002498723961231,0,0,0,0,0,0.70705375698851025
912,7.9144787675681512,-0.50002494979371204,0,0,0,0,0,0.70705378348231762
913,7.9231569241115372,-0.5000248862791663,0,0,0,0,0,0.70705382841176534
914,7.9318350806549232,-0.50002484343169207,0,0,0,0,0,0.707053858725188
915,7.9405132371983091,-0.50002482441450324,0,0,0,0,0,0.70705387218723459
916,7.949191393741696,-0.50002484537216696,0,0,0,0,0,0.7070538573776961
917,7.957869550285082,-0.50002485876053848,0,0,0,0,0,0.70705384792063031
918,7.966547706828468,-0.50002485519350626,0,0,0,0,0,0.70705385045571756
919,7.975225863371854,-0.5000248305842746,0,0,0,0,0,0.70705386787108315
920,7.98390401991524,-0.50002482648966862,0,0,0,0,0,0.70705387077849302
921,7.992582176458626,-0.50002483013993859,0,0,0,0,0,0.70705386820853988
922,8.001260333002012,-0.50002481609865157,0,0,0,0,0,0.70705387815012477
923,8.009938489545398,-0.50002478956373109,0,0,0,0,0,0.70705389692805554
924,8.018616646088784,-0.50002477471425721,0,0,0,0,0,0.70705390744082663
925,8.02729480263217,-0.50002477065152084,0,0,0,0,0,0.70705391032639842
926,8.0359729591755578,-0.50002480587635556,0,0,0,0,0,0.7070538854280386
927,8.0446511157189438,-0.50002478412504092,0,0,0,0,0,0.70705390082168407
928,8.0533292722623298,-0.50002478320842636,0,0,0,0,0,0.70705390148186353
929,8.0620074288057157,-0.50002481596775139,0,0,0,0,0,0.70705387832674038
930,8.0706855853491017,-0.50002478131549777,0,0,0,0,0,0.70705390284343306
931,8.0793637418924877,-0.50002481468421323,0,0,0,0,0,0.70705387925748919
932,8.0880418984358737,-0.50002476963237552,0,0,0,0,0,0.70705391112866778
933,8.0967200549792597,-0.50002478647944082,0,0,0,0,0,0.7070538992253752
934,8.1053982115226457,-0.50002472708456469,0,0,0,0,0,0.70705394124059673
935,8.1140763680660317,-0.5000247612622154,0,0,0,0,0,0.70705391708203535
936,8.1227545246094177,-0.50002477167984438,0,0,0,0,0,0.70705390972550397
937,8.1314326811528037,-0.50002478784640969,0,0,0,0,0,0.70705389830354548
938,8.1401108376961897,-0.50002473685088911,0,0,0,0,0,0.70705393437797426
939,8.1487889942395775,-0.50002469998461219,0,0,0,0,0,0.70705396046015245
940,8.1574671507829635,-0.50002469542263706,0,0,0,0,0,0.7070539636975095
941,8.1661453073263495,-0.5000246823560911,0,0,0,0,0,0.70705397294901573
942,8.1748234638697355,-0.50002464541440295,0,0,0,0,0,0.70705399908533373
943,8.1835016204131215,-0.50002461570503065,0,0,0,0,0,0.70705402010553087
944,8.1921797769565075,-0.50002458393453508,0,0,0,0,0,0.70705404258391447
945,8.2008579334998934,-0.50002456733574963,0,0,0,0,0,0.70705405433388968
946,8.2095360900432794,-0.50002455617691977,0,0,0,0,0,0.70705406223595446
947,8.2182142465866654,-0.50002456664843831,0,0,0,0,0,0.70705405484162398
948,8.2268924031300514,-0.50002456255775685,0,0,0,0,0,0.70705405774462626
949,8.2355705596734374,-0.50002451041030183,0,0,0,0,0,0.70705409463234403
950,8.2442487162168234,-0.50002452213979232,0,0,0,0,0,0.707054086346524
951,8.2529268727602094,-0.50002453590543994,0,0,0,0,0,0.70705407662107334
952,8.2616050293035972,-0.50002453606479302,0,0,0,0,0,0.70705407651938934
953,8.2702831858469832,-0.50002455621201658,0,0,0,0,0,0.70705406228144696
954,8.2789613423903692,-0.50002458777412573,0,0,0,0,0,0.70705403997105165
955,8.2876394989337552,-0.50002456053512367,0,0,0,0,0,0.70705405924338471
956,8.2963176554771412,-0.50002456936273065,0,0,0,0,0,0.70705405301020186
957,8.3049958120205272,-0.50002457337092787,0,0,0,0,0,0.70705405018431122
958,8.3136739685639132,-0.50002452045228707,0,0,0,0,0,0.7070540876165996
959,8.3223521251072992,-0.50002449997946452,0,0,0,0,0,0.70705410210354813
960,8.3310302816506852,-0.50002449515949765,0,0,0,0,0,0.70705410552163528
961,8.3397084381940711,-0.50002449776809121,0,0,0,0,0,0.70705410368600674
962,8.3483865947374571,-0.50002448551059686,0,0,0,0,0,0.70705411236286153
963,8.3570647512808431,-0.50002450621823691,0,0,0,0,0,0.70705409772838834
964,8.3657429078242291,-0.50002451528211744,0,0,0,0,0,0.70705409132684949
965,8.3744210643676169,-0.50002453765369936,0,0,0,0,0,0.70705407551471744
966,8.3830992209110029,-0.50002454067190305,0,0,0,0,0,0.70705407338859239
967,8.3917773774543889,-0.50002458227900037,0,0,0,0,0,0.70705404397373961
968,8.4004555339977749,-0.50002460768011392,0,0,0,0,0,0.70705402601941181
969,8.4091336905411609,-0.50002463488812221,0,0,0,0,0,0.70705400678669506
970,8.4178118470845469,-0.50002462790481461,0,0,0,0,0,0.70705401173353444
971,8.4264900036279329,-0.50002466991156924,0,0,0,0,0,0.7070539820364985
972,8.4351681601713189,-0.50002464657826307,0,0,0,0,0,0.70705399854511697
973,8.4438463167147049,-0.50002466838367121,0,0,0,0,0,0.70705398313289258
974,8.4525244732580909,-0.50002472110912655,0,0,0,0,0,0.70705394585520409
975,8.4612026298014769,-0.50002471673564008,0,0,0,0,0,0.7070539489553731
976,8.4698807863448629,-0.50002470378697472,0,0,0,0,0,0.70705395811964422
977,8.4785589428882489,-0.50002465036151122,0,0,0,0,0,0.70705399590718088
978,8.4872370994316348,-0.50002465783677752,0,0,0,0,0,0.70705399062805796
979,8.4959152559750226,-0.50002469307136455,0,0,0,0,0,0.70705396571868206
980,8.5045934125184086,-0.50002472383204544,0,0,0,0,0,0.70705394397271348
981,8.5132715690617946,-0.50002475867687712,0,0,0,0,0,0.70705391933841533
982,8.5219497256051806,-0.50002472294110756,0,0,0,0,0,0.70705394461583371
983,8.5306278821485666,-0.50002473288582971,0,0,0,0,0,0.70705393758969137
984,8.5393060386919526,-0.50002474454605916,0,0,0,0,0,0.70705392935050426
985,8.5479841952353386,-0.50002470941532029,0,0,0,0,0,0.70705395419983041
986,8.5566623517787246,-0.50002474831144406,0,0,0,0,0,0.70705392669989564
987,8.5653405083221106,-0.50002476465128032,0,0,0,0,0,0.70705391515114968
988,8.5740186648654966,-0.50002480623142431,0,0,0,0,0,0.7070538857527513
989,8.5826968214088826,-0.50002481163407786,0,0,0,0,0,0.70705388193768925
990,8.5913749779522686,-0.50002487043139399,0,0,0,0,0,0.70705384036362773
991,8.6000531344956546,-0.50002486874371199,0,0,0,0,0,0.70705384156222628
992,8.6087312910390423,-0.50002487912999682,0,0,0,0,0,0.70705383422268042
993,8.6174094475824283,-0.50002490405619637,0,0,0,0,0,0.7070538166011282
994,8.6260876041258143,-0.50002488579148063,0,0,0,0,0,0.707053829522299
995,8.6347657606692003,-0.50002486195832851,0,0,0,0,0,0.70705384638113955
996,8.6434439172125863,-0.50002484648610446,0,0,0,0,0,0.70705385732687542
997,8.6521220737559723,-0.50002484187941398,0,0,0,0,0,0.70705386058924713
998,8.6608002302993583,-0.50002487357621273,0,0,0,0,0,0.70705383817882383
999,8.6694783868427443,-0.50002487890542213,0,0,0,0,0,0.707053834414479
1000,8.6781565433861303,-0.50002487433295628,0,0,0,0,0,0.70705383765193197
1001,8.6868346999295163,-0.50002491865808929,0,0,0,0,0,0.70705380631087777
1002,8.6955128564729023,-0.50002492384553687,0,0,0,0,0,0.70705380264640016
1003,8.7041910130162883,-0.50002491374714475,0,0,0,0,0,0.70705380979135146
1004,8.7128691695596743,-0.50002484865673591,0,0,0,0,0,0.70705385582439817
1005,8.721547326103062,-0.50002484434221917,0,0,0,0,0,0.70705385887890415
1006,8.730225482646448,-0.50002486152030023,0,0,0,0,0,0.70705384673444227
1007,8.738903639189834,-0.5000249046892643,0,0,0,0,0,0.70705381621017893
1008,8.74758179573322,-0.50002488089096186,0,0,0,0,0,0.70705383304230018
1009,8.756259952276606,-0.50002488182640947,0,0,0,0,0,0.70705383238348984
1010,8.764938108819992,-0.50002489981470677,0,0,0,0,0,0.70705381966554826
1011,8.773616265363378,-0.50002491425681905,0,0,0,0,0,0.70705380945515428
1012,8.782294421906764,-0.50002494867671565,0,0,0,0,0,0.70705378511713368
1013,8.79097257845015,-0.5000249849413001,0,0,0,0,0,0.70705375947446902
1014,8.799650734993536,-0.50002499388308264,0,0,0,0,0,0.70705375315324592
1015,8.808328891536922,-0.50002504786193813,0,0,0,0,0,0.70705371498349157
1016,8.817007048080308,-0.50002506257188994,0,0,0,0,0,0.70705370458294481
1017,8.825685204623694,-0.50002508205182905,0,0,0,0,0,0.70705369080911395
1018,8.8343633611670818,-0.50002502766846724,0,0,0,0,0,0.70705372926830012
1019,8.8430415177104678,-0.50002503395205777,0,0,0,0,0,0.7070537248261094
1020,8.8517196742538538,-0.50002505258524887,0,0,0,0,0,0.70705371165062969
1021,8.8603978307972397,-0.50002502127893267,0,0,0,0,0,0.70705373379020287
1022,8.8690759873406257,-0.50002498205589418,0,0,0,0,0,0.70705376152801991
1023,8.8777541438840117,-0.50002496316152278,0,0,0,0,0,0.70705377489006771
1024,8.8864323004273977,-0.50002497842421367,0,0,0,0,0,0.70705376409746112
1025,8.8951104569707837,-0.50002497805428359,0,0,0,0,0,0.70705376435946599
1026,8.9037886135141697,-0.50002492283089672,0,0,0,0,0,0.70705380341148216
1027,8.9124667700575557,-0.5000248783791974,0,0,0,0,0,0.70705383484604023
1028,8.9211449266009417,-0.50002489600117439,0,0,0,0,0,0.70705382238444037
1029,8.9298230831443277,-0.50002490419050794,0,0,0,0,0,0.70705381659306898
1030,8.9385012396877137,-0.50002490070408534,0,0,0,0,0,0.707053819058169
1031,8.9471793962311015,-0.50002492871479032,0,0,0,0,0,0.70705379924961598
1032,8.9558575527744875,-0.50002493371930412,0,0,0,0,0,0.70705379570998028
1033,8.9645357093178735,-0.50002496475802749,0,0,0,0,0,0.7070537737598358
1034,8.9732138658612595,-0.50002491470235633,0,0,0,0,0,0.70705380915621885
1035,8.9818920224046455,-0.50002494510383844,0,0,0,0,0,0.70705378765639026
1036,8.9905701789480315,-0.50002495564909122,0,0,0,0,0,0.70705378019797038
1037,8.9992483354914174,-0.50002491129360838,0,0,0,0,0,0.70705381156299363
1038,9.0079264920348034,-0.50002488438509141,0,0,0,0,0,0.70705383059004312
1039,9.0166046485781894,-0.50002493024139516,0,0,0,0,0,0.70705379816062619
1040,9.0252828051215754,-0.50002492343665372,0,0,0,0,0,0.70705380297077269
1041,9.0339609616649614,-0.50002486926023249,0,0,0,0,0,0.7070538412801497
1042,9.0426391182083474,-0.50002486614496233,0,0,0,0,0,0.70705384348098188
1043,9.0513172747517334,-0.50002489119543014,0,0,0,0,0,0.70705382576398002
1044,9.0599954312951212,-0.50002490508989916,0,0,0,0,0,0.70705381593594607
1045,9.0686735878385072,-0.50002488604331785,0,0,0,0,0,0.70705382940234696
1046,9.0773517443818932,-0.50002491417046824,0,0,0,0,0,0.70705380950921359
1047,9.0860299009252792,-0.50002491495449974,0,0,0,0,0,0.70705380895196868
1048,9.0947080574686652,-0.50002490309993741,0,0,0,0,0,0.7070538173320422
1049,9.1033862140120512,-0.50002494600222835,0,0,0,0,0,0.70705378699005728
1050,9.1120643705554372,-0.50002495349167719,0,0,0,0,0,0.70705378169043787
1051,9.1207425270988232,-0.5000249549189516,0,0,0,0,0,0.70705378067777236
1052,9.1294206836422092,-0.50002492845368007,0,0,0,0,0,0.70705379938930868
1053,9.1380988401855952,-0.50002492059869208,0,0,0,0,0,0.70705380494035186
1054,9.1467769967289811,-0.50002492972015822,0,0,0,0,0,0.70705379848636341
1055,9.1554551532723671,-0.50002493059033937,0,0,0,0,0,0.70705379786697797
1056,9.1641333098157531,-0.50002495802107416,0,0,0,0,0,0.70705377846476658
1057,9.1728114663591409,-0.50002499904155295,0,0,0,0,0,0.70705374945240962
1058,9.1814896229025269,-0.50002496965709164,0,0,0,0,0,0.70705377022758853
1059,9.1901677794459129,-0.50002498924157657,0,0,0,0,0,0.70705375637335166
1060,9.1988459359892989,-0.50002498328106459,0,0,0,0,0,0.70705376058333158
1061,9.2075240925326849,-0.50002496699379095,0,0,0,0,0,0.70705377209628928
1062,9.2162022490760709,-0.50002499842237846,0,0,0,0,0,0.70705374986631142
1063,9.2248804056194569,-0.50002499617433827,0,0,0,0,0,0.70705375145088034
1064,9.2335585621628429,-0.50002502626137246,0,0,0,0,0,0.70705373016890682
1065,9.2422367187062289,-0.50002504603763154,0,0,0,0,0,0.70705371617826529
1066,9.2509148752496149,-0.50002509139661044,0,0,0,0,0,0.70705368409656355
1067,9.2595930317930009,-0.5000250625287439,0,0,0,0,0,0.70705370450509974
1068,9.2682711883363869,-0.50002503619024485,0,0,0,0,0,0.70705372312461279
1069,9.2769493448797729,-0.50002503958553812,0,0,0,0,0,0.70705372071766703
1070,9.2856275014231606,-0.50002509994075184,0,0,0,0,0,0.70705367803041597
1071,9.2943056579665466,-0.50002512190196946,0,0,0,0,0,0.70705366249422141
1072,9.3029838145099326,-0.50002518386171824,0,0,0,0,0,0.70705361867239702
1073,9.3116619710533186,-0.50002512994908577,0,0,0,0,0,0.70705365679098975
1074,9.3203401275967046,-0.50002514410319099,0,0,0,0,0,0.70705364677460025
1075,9.3290182841400906,-0.50002512122497766,0,0,0,0,0,0.70705366294690464
1076,9.3376964406834766,-0.5000251221919324,0,0,0,0,0,0.70705366225629795
1077,9.3463745972268626,-0.5000250902615494,0,0,0,0,0,0.70705368482927611
1078,9.3550527537702486,-0.50002507212283609,0,0,0,0,0,0.70705369764894854
1079,9.3637309103136346,-0.50002504859555075,0,0,0,0,0,0.7070537142791693
1080,9.3724090668570206,-0.50002506092713306,0,0,0,0,0,0.70705370555207736
1081,9.3810872234004066,-0.5000250108397688,0,0,0,0,0,0.7070537409646569
1082,9.3897653799437926,-0.50002505057129665,0,0,0,0,0,0.7070537128602723
1083,9.3984435364871786,-0.50002505392560181,0,0,0,0,0,0.70705371048037868
1084,9.4071216930305663,-0.50002504864697794,0,0,0,0,0,0.70705371420490337
1085,9.4157998495739523,-0.50002510194331851,0,0,0,0,0,0.70705367650775308
1086,9.4244780061173383,-0.5000250943322363,0,0,0,0,0,0.70705368188173168
1087,9.4331561626607243,-0.50002511516141013,0,0,0,0,0,0.70705366714392781
1088,9.4418343192041103,-0.5000251352257632,0,0,0,0,0,0.70705365294726263
1089,9.4505124757474963,-0.50002513167051255,0,0,0,0,0,0.70705365545255283
1090,9.4591906322908823,-0.50002515426785865,0,0,0,0,0,0.70705363946289346
1091,9.4678687888342683,-0.50002516807098696,0,0,0,0,0,0.70705362969260932
1092,9.4765469453776543,-0.50002518184072209,0,0,0,0,0,0.70705361994569671
1093,9.4852251019210403,-0.50002520847596543,0,0,0,0,0,0.7070536011004549
1094,9.4939032584644263,-0.50002517635264221,0,0,0,0,0,0.70705362380905612
1095,9.5025814150078123,-0.50002515631406352,0,0,0,0,0,0.70705363797101839
1096,9.5112595715511983,-0.50002518664146223,0,0,0,0,0,0.70705361651416609
1097,9.519937728094586,-0.50002519519707478,0,0,0,0,0,0.70705361045386539
1098,9.528615884637972,-0.5000252200942813,0,0,0,0,0,0.707053592837525
1099,9.537294041181358,-0.5000251952903304,0,0,0,0,0,0.70705361037022385
1100,9.545972197724744,-0.50002516487224158,0,0,0,0,0,0.70705363187165915
1101,9.55465035426813,-0.50002520673257311,0,0,0,0,0,0.70705360225936786
1102,9.563328510811516,-0.50002517743806441,0,0,0,0,0,0.70705362296537722
1103,9.572006667354902,-0.50002516697619248,0,0,0,0,0,0.70705363035363611
1104,9.580684823898288,-0.5000251682094744,0,0,0,0,0,0.70705362947220607
1105,9.589362980441674,-0.50002518267750418,0,0,0,0,0,0.70705361923077703
1106,9.59804113698506,-0.50002521163371672,0,0,0,0,0,0.70705359874343898
1107,9.606719293528446,-0.50002515605972564,0,0,0,0,0,0.70705363803401866
1108,9.615397450071832,-0.50002515489622223,0,0,0,0,0,0.70705363884532346
1109,9.624075606615218,-0.50002514678412513,0,0,0,0,0,0.70705364457273667
1110,9.6327537631586058,-0.50002515140560044,0,0,0,0,0,0.70705364129516024
1111,9.6414319197019918,-0.50002514020555822,0,0,0,0,0,0.70705364920450897
1112,9.6501100762453778,-0.5000251201825221,0,0,0,0,0,0.70705366335476683
1113,9.6587882327887638,-0.50002508624031827,0,0,0,0,0,0.70705368734773
1114,9.6674663893321497,-0.50002511860861787,0,0,0,0,0,0.70705366444594375
1115,9.6761445458755357,-0.50002512752588824,0,0,0,0,0,0.70705365812864951
1116,9.6848227024189217,-0.50002516925978713,0,0,0,0,0,0.70705362860369547
1117,9.6935008589623077,-0.50002515796877656,0,0,0,0,0,0.70705363657708276
1118,9.7021790155056937,-0.50002519774147491,0,0,0,0,0,0.70705360843881682
1119,9.7108571720490797,-0.50002519277421043,0,0,0,0,0,0.70705361194064409
1120,9.7195353285924657,-0.50002518807613661,0,0,0,0,0,0.707053615250814
1121,9.7282134851358517,-0.50002521534064603,0,0,0,0,0,0.70705359595762118
1122,9.7368916416792377,-0.50002521686736678,0,0,0,0,0,0.70705359486631902
1123,9.7455697982226255,-0.50002522294453333,0,0,0,0,0,0.70705359055725303
1124,9.7542479547660115,-0.50002524113609492,0,0,0,0,0,0.70705357768159605
1125,9.7629261113093975,-0.50002528915925482,0,0,0,0,0,0.70705354370810625
1126,9.7716042678527835,-0.50002523327094361,0,0,0,0,0,0.70705358322019052
1127,9.7802824243961695,-0.50002522102147196,0,0,0,0,0,0.70705359187173311
1128,9.7889605809395555,-0.5000252430812876,0,0,0,0,0,0.70705357625973742
1129,9.7976387374829415,-0.5000252480279771,0,0,0,0,0,0.7070535727496603
1130,9.8063168940263274,-0.50002522897459178,0,0,0,0,0,0.70705358621211101
1131,9.8149950505697134,-0.50002520297138187,0,0,0,0,0,0.70705360459044542
1132,9.8236732071130994,-0.50002514307477919,0,0,0,0,0,0.70705364693685402
1133,9.8323513636564854,-0.50002516187556423,0,0,0,0,0,0.70705363362917417
1134,9.8410295201998714,-0.5000252209002376,0,0,0,0,0,0.70705359187554473
1135,9.8497076767432574,-0.50002518161861531,0,0,0,0,0,0.70705361964314495
1136,9.8583858332866452,-0.50002523645239316,0,0,0,0,0,0.70705358085318548
1137,9.8670639898300312,-0.50002519610855323,0,0,0,0,0,0.70705360937227546
1138,9.8757421463734172,-0.50002519375534427,0,0,0,0,0,0.70705361102493558
1139,9.8844203029168032,-0.50002521050523929,0,0,0,0,0,0.70705359916775246
1140,9.8930984594601892,-0.50002518736867652,0,0,0,0,0,0.70705361551820001
1141,9.9017766160035752,-0.50002519155590064,0,0,0,0,0,0.70705361254539945
1142,9.9104547725469612,-0.50002519309847171,0,0,0,0,0,0.70705361144238266
1143,9.9191329290903472,-0.50002520634184167,0,0,0,0,0,0.70705360206392398
1144,9.9278110856337332,-0.50002520723903943,0,0,0,0,0,0.70705360141686402
1145,9.9364892421771192,-0.50002515673889369,0,0,0,0,0,0.70705363711829705
1146,9.9451673987205051,-0.50002514416684496,0,0,0,0,0,0.707053645996645
1147,9.9538455552638911,-0.5000251362680519,0,0,0,0,0,0.70705365157083222
1148,9.9625237118072771,-0.50002511060689092,0,0,0,0,0,0.70705366970587002
1149,9.9712018683506649,-0.50002512438871505,0,0,0,0,0,0.70705365994756775
1150,9.9798800248940509,-0.50002510157091962,0,0,0,0,0,0.70705367607177094
1151,9.9885581814374369,-0.50002513035110907,0,0,0,0,0,0.70705365570582834
1152,9.9972363379808229,-0.50002514101031115,0,0,0,0,0,0.70705364815490734
1153,10.005914494524209,-0.50002516864553104,0,0,0,0,0,0.70705362859917387
1154,10.014592651067595,-0.50002517459126306,0,0,0,0,0,0.70705362438201624
1155,10.023270807610981,-0.50002522493714807,0,0,0,0,0,0.70705358876509761
1156,10.031948964154367,-0.50002522788665182,0,0,0,0,0,0.70705358666627049
1157,10.040627120697753,-0.50002525573868173,0,0,0,0,0,0.70705356695681609
1158,10.049305277241139,-0.50002530712454762,0,0,0,0,0,0.70705353060429643
1159,10.057983433784525,-0.50002528208286001,0,0,0,0,0,0.70705354830128753
1160,10.066661590327911,-0.50002532984864678,0,0,0,0,0,0.70705351450908649
1161,10.075339746871297,-0.50002529756985015,0,0,0,0,0,0.70705353732477483
1162,10.084017903414685,-0.50002530226678166,0,0,0,0,0,0.70705353399054927
1163,10.092696059958071,-0.50002534381761332,0,0,0,0,0,0.70705350459316829
1164,10.101374216501457,-0.50002534208448901,0,0,0,0,0,0.7070535058057339
1165,10.110052373044843,-0.50002538402259245,0,0,0,0,0,0.70705347613473024
1166,10.118730529588229,-0.50002533932716464,0,0,0,0,0,0.70705350773157427
1167,10.127408686131615,-0.50002532028503155,0,0,0,0,0,0.70705352118683429
1168,10.136086842675001,-0.50002528730978069,0,0,0,0,0,0.70705354449553481
1169,10.144764999218387,-0.50002532532539856,0,0,0,0,0,0.70705351759800994
1170,10.153443155761773,-0.50002531700386865,0,0,0,0,0,0.70705352347098538
1171,10.162121312305159,-0.50002528642667254,0,0,0,0,0,0.70705354508302642
1172,10.170799468848545,-0.5000252895451528,0,0,0,0,0,0.70705354286570765
1173,10.179477625391931,-0.50002529644562543,0,0,0,0,0,0.7070535379731151
1174,10.188155781935317,-0.50002525619513005,0,0,0,0,0,0.70705356642695349
1175,10.196833938478704,-0.50002527366300342,0,0,0,0,0,0.70705355406196801
1176,10.20551209502209,-0.50002526208158826,0,0,0,0,0,0.70705356224011062
1177,10.214190251565476,-0.50002520937722572,0,0,0,0,0,0.70705359950155611
1178,10.222868408108862,-0.50002515459412999,0,0,0,0,0,0.70705363823236222
1179,10.231546564652248,-0.50002519239553989,0,0,0,0,0,0.70705361148652113
1180,10.240224721195634,-0.50002518120514738,0,0,0,0,0,0.70705361938873734
1181,10.24890287773902,-0.5000252078632984,0,0,0,0,0,0.70705360052433086
1182,10.257581034282406,-0.50002522806960603,0,0,0,0,0,0.7070535862220737
1183,10.266259190825792,-0.50002520476916879,0,0,0,0,0,0.70705360268829054
1184,10.274937347369178,-0.50002518095778559,0,0,0,0,0,0.70705361951704404
1185,10.283615503912564,-0.50002520305106912,0,0,0,0,0,0.70705360388094185
1186,10.29229366045595,-0.50002525294191869,0,0,0,0,0,0.70705356858583102
1187,10.300971816999336,-0.50002524687030092,0,0,0,0,0,0.70705357286863446
1188,10.309649973542722,-0.50002519292791192,0,0,0,0,0,0.70705361100585762
1189,10.31832813008611,-0.50002515106771706,0,0,0,0,0,0.70705364059890652
1190,10.327006286629496,-0.50002514891199445,0,0,0,0,0,0.70705364211273913
1191,10.335684443172882,-0.50002512625836804,0,0,0,0,0,0.70705365812245002
1192,10.344362599716268,-0.50002514713961688,0,0,0,0,0,0.70705364334414078
1193,10.353040756259654,-0.50002512773714725,0,0,0,0,0,0.70705365705574863
1194,10.36171891280304,-0.50002516452209245,0,0,0,0,0,0.70705363102939955
1195,10.370397069346426,-0.50002517211567776,0,0,0,0,0,0.70705362564822138
1196,10.379075225889812,-0.50002519182920435,0,0,0,0,0,0.70705361169576264
1197,10.387753382433198,-0.50002516335929759,0,0,0,0,0,0.7070536318200098
1198,10.396431538976584,-0.50002521585720383,0,0,0,0,0,0.70705359468239948
1199,10.40510969551997,-0.50002520536467387,0,0,0,0,0,0.70705360209308488
1200,10.413787852063356,-0.50002522603539012,0,0,0,0,0,0.70705358746430136
1201,10.422466008606742,-0.50002517683293302,0,0,0,0,0,0.70705362225086432
1202,10.43114416515013,-0.50002516914746897,0,0,0,0,0,0.70705362767596647
1203,10.439822321693516,-0.50002518474756974,0,0,0,0,0,0.70705361663274147
1204,10.448500478236902,-0.50002518932067386,0,0,0,0,0,0.70705361338857386
1205,10.457178634780288,-0.50002514844780499,0,0,0,0,0,0.70705364228409273
1206,10.465856791323674,-0.50002514292578604,0,0,0,0,0,0.70705364618028632
1207,10.47453494786706,-0.50002517913567512,0,0,0,0,0,0.70705362056279242
1208,10.483213104410446,-0.50002516911053863,0,0,0,0,0,0.70705362764373803
1209,10.491891260953832,-0.50002514409604581,0,0,0,0,0,0.70705364532430082
1210,10.500569417497218,-0.50002514527008945,0,0,0,0,0,0.70705364448336105
1211,10.509247574040604,-0.50002512964874801,0,0,0,0,0,0.70705365552158383
1212,10.51792573058399,-0.50002509012230389,0,0,0,0,0,0.70705368346549591
1213,10.526603887127376,-0.50002512963152612,0,0,0,0,0,0.70705365551475552
1214,10.535282043670762,-0.50002512809410027,0,0,0,0,0,0.70705365659375197
1215,10.543960200214149,-0.50002510171727121,0,0,0,0,0,0.70705367523800078
1216,10.552638356757535,-0.50002509445521204,0,0,0,0,0,0.70705368036387028
1217,10.561316513300921,-0.50002511122205484,0,0,0,0,0,0.70705366849757922
1218,10.569994669844307,-0.50002506945167935,0,0,0,0,0,0.7070536980301938
1219,10.578672826387693,-0.50002506627087684,0,0,0,0,0,0.70705370027151915
1220,10.587350982931079,-0.50002511102411695,0,0,0,0,0,0.7070536686125326
1221,10.596029139474465,-0.50002508152958791,0,0,0,0,0,0.70705368946400782
1222,10.604707296017851,-0.50002510459896055,0,0,0,0,0,0.70705367313991907
1223,10.613385452561237,-0.50002507921988659,0,0,0,0,0,0.70705369108027583
1224,10.622063609104623,-0.50002508687307057,0,0,0,0,0,0.7070536856591314
1225,10.630741765648009,-0.5000250934701348,0,0,0,0,0,0.70705368098516175
1226,10.639419922191395,-0.50002505153830967,0,0,0,0,0,0.70705371063353617
1227,10.648098078734781,-0.50002507388030959,0,0,0,0,0,0.70705369482463176
1228,10.656776235278169,-0.50002507177510658,0,0,0,0,0,0.70705369630649528
1229,10.665454391821555,-0.50002504887898991,0,0,0,0,0,0.70705371249188431
1230,10.674132548364941,-0.50002507541030949,0,0,0,0,0,0.70705369372120686
1231,10.682810704908327,-0.50002502657204528,0,0,0,0,0,0.70705372825490187
1232,10.691488861451713,-0.50002498763522174,0,0,0,0,0,0.7070537557859673
1233,10.700167017995099,-0.50002503252176556,0,0,0,0,0,0.70705372403375222
1234,10.708845174538485,-0.50002499521885502,0,0,0,0,0,0.70705375040860829
1235,10.717523331081871,-0.50002497114281363,0,0,0,0,0,0.70705376743077153
1236,10.726201487625257,-0.50002492662461362,0,0,0,0,0,0.70705379890874021
1237,10.734879644168643,-0.50002490109800268,0,0,0,0,0,0.70705381695610114
1238,10.743557800712029,-0.50002491966401497,0,0,0,0,0,0.70705380381889427
1239,10.752235957255415,-0.50002489600314926,0,0,0,0,0,0.70705382054659616
1240,10.760914113798801,-0.50002485809118136,0,0,0,0,0,0.7070538473528698
1241,10.769592270342189,-0.50002490626346507,0,0,0,0,0,0.7070538132778621
1242,10.778270426885575,-0.50002487895401404,0,0,0,0,0,0.70705383258698618
1243,10.786948583428961,-0.50002488732833517,0,0,0,0,0,0.7070538266592532
1244,10.795626739972347,-0.50002490805309074,0,0,0,0,0,0.70705381199489903
1245,10.804304896515733,-0.50002485850073675,0,0,0,0,0,0.70705384703544283
1246,10.812983053059119,-0.50002486879834607,0,0,0,0,0,0.70705383974624603
1247,10.821661209602505,-0.50002487974021737,0,0,0,0,0,0.70705383200241734
1248,10.830339366145891,-0.50002488682807322,0,0,0,0,0,0.70705382698409913
1249,10.839017522689277,-0.5000248368117165,0,0,0,0,0,0.70705386235285594
1250,10.847695679232663,-0.50002481575273616,0,0,0,0,0,0.70705387724165547
1251,10.856373835776049,-0.50002484331506725,0,0,0,0,0,0.70705385774453156
1252,10.865051992319435,-0.5000248788734678,0,0,0,0,0,0.70705383259099364
1253,10.873730148862821,-0.50002490925341947,0,0,0,0,0,0.70705381110030174
1254,10.882408305406209,-0.50002489650867754,0,0,0,0,0,0.70705382010961326
1255,10.891086461949595,-0.50002485008565523,0,0,0,0,0,0.70705385293823841
1256,10.899764618492981,-0.50002488092467479,0,0,0,0,0,0.70705383112294706
1257,10.908442775036367,-0.50002487171252097,0,0,0,0,0,0.70705383763509033
1258,10.917120931579753,-0.50002488697316472,0,0,0,0,0,0.70705382683946283
1259,10.925799088123139,-0.50002489383932103,0,0,0,0,0,0.70705382198024802
1260,10.934477244666525,-0.50002491073383815,0,0,0,0,0,0.70705381002734669
1261,10.943155401209911,-0.5000249177940097,0,0,0,0,0,0.70705380502988957
1262,10.951833557753297,-0.50002493627905864,0,0,0,0,0,0.70705379195402873
1263,10.960511714296683,-0.50002490537830435,0,0,0,0,0,0.70705381380567367
1264,10.969189870840069,-0.50002487891341396,0,0,0,0,0,0.70705383251997977
1265,10.977868027383455,-0.50002494298398403,0,0,0,0,0,0.70705378720390577
1266,10.986546183926841,-0.50002495348513754,0,0,0,0,0,0.70705377977511263
1267,10.995224340470228,-0.50002488726106553,0,0,0,0,0,0.70705382660926019
1268,11.003902497013614,-0.50002491129033177,0,0,0,0,0,0.70705380961097841
1269,11.012580653557,-0.50002492401200094,0,0,0,0,0,0.70705380061151613
1270,11.021258810100386,-0.50002489553828633,0,0,0,0,0,0.70705382074827516
1271,11.029936966643772,-0.50002492409047239,0,0,0,0,0,0.70705380055273004
1272,11.038615123187158,-0.50002498383254901,0,0,0,0,0,0.70705375829896311
1273,11.047293279730544,-0.50002497464293694,0,0,0,0,0,0.70705376479553694
1274,11.05597143627393,-0.50002496194915236,0,0,0,0,0,0.70705377377142209
1275,11.064649592817316,-0.50002493585625407,0,0,0,0,0,0.70705379222339504
1276,11.073327749360702,-0.50002490734489025,0,0,0,0,0,0.7070538123880159
1277,11.082005905904088,-0.50002489796046923,0,0,0,0,0,0.70705381902463493
1278,11.090684062447474,-0.50002489024122043,0,0,0,0,0,0.70705382448224863
1279,11.09936221899086,-0.50002488722144567,0,0,0,0,0,0.70705382661803251
1280,11.108040375534248,-0.5000249022596468,0,0,0,0,0,0.70705381598209938
1281,11.116718532077634,-0.50002490979065795,0,0,0,0,0,0.70705381065513773
1282,11.12539668862102,-0.5000249295026008,0,0,0,0,0,0.70705379671293445
1283,11.134074845164406,-0.50002494229048167,0,0,0,0,0,0.70705378766952331
1284,11.142753001707792,-0.50002493921208568,0,0,0,0,0,0.70705378984603406
1285,11.151431158251178,-0.50002499169648973,0,0,0,0,0,0.70705375272725257
1286,11.160109314794564,-0.50002495368079136,0,0,0,0,0,0.70705377961432681
1287,11.16878747133795,-0.50002501136948707,0,0,0,0,0,0.70705373881455169
1288,11.177465627881336,-0.50002502432568996,0,0,0,0,0,0.70705372965236357
1289,11.186143784424722,-0.50002498198244838,0,0,0,0,0,0.70705375960086325
1290,11.194821940968108,-0.50002500393966609,0,0,0,0,0,0.70705374407179833
1291,11.203500097511494,-0.50002499903183151,0,0,0,0,0,0.70705374754519634
1292,11.21217825405488,-0.50002497455625161,0,0,0,0,0,0.70705376485669202
1293,11.220856410598266,-0.50002495364078448,0,0,0,0,0,0.70705377964972493
1294,11.229534567141654,-0.5000249227877297,0,0,0,0,0,0.70705380147302899
1295,11.23821272368504,-0.50002488172489967,0,0,0,0,0,0.70705383051632342
1296,11.246890880228426,-0.50002484042278361,0,0,0,0,0,0.70705385972913271
1297,11.255569036771812,-0.50002480465858246,0,0,0,0,0,0.70705388502506494
1298,11.264247193315198,-0.5000248147498273,0,0,0,0,0,0.70705387788944019
1299,11.272925349858584,-0.50002487488298852,0,0,0,0,0,0.70705383536316191
1300,11.28160350640197,-0.50002492025582279,0,0,0,0,0,0.70705380327540546
1301,11.290281662945356,-0.50002490364049557,0,0,0,0,0,0.70705381502988196
1302,11.298959819488742,-0.50002491713285835,0,0,0,0,0,0.70705380548910268
1303,11.307637976032128,-0.50002492046656122,0,0,0,0,0,0.70705380313565414
1304,11.316316132575514,-0.50002489935529748,0,0,0,0,0,0.70705381806864498
1305,11.3249942891189,-0.5000248402705072,0,0,0,0,0,0.70705385985903657
1306,11.333672445662286,-0.50002479014539358,0,0,0,0,0,0.70705389531305141
1307,11.342350602205673,-0.50002483358440131,0,0,0,0,0,0.70705386459443353
1308,11.351028758749059,-0.50002481757702977,0,0,0,0,0,0.70705387591846902
1309,11.359706915292445,-0.50002483688991173,0,0,0,0,0,0.70705386226409317
1310,11.368385071835831,-0.50002485654045337,0,0,0,0,0,0.70705384836897167
1311,11.377063228379217,-0.50002482808346038,0,0,0,0,0,0.70705386849968654
1312,11.385741384922603,-0.50002478177958354,0,0,0,0,0,0.70705390125143452
1313,11.394419541465989,-0.50002478513401583,0,0,0,0,0,0.70705389888256676
1314,11.403097698009375,-0.50002480767278079,0,0,0,0,0,0.70705388294656668
1315,11.411775854552761,-0.50002476434563981,0,0,0,0,0,0.70705391359366754
1316,11.420454011096147,-0.50002479206386752,0,0,0,0,0,0.70705389399407359
1317,11.429132167639533,-0.50002483094332939,0,0,0,0,0,0.70705386650198498
1318,11.437810324182919,-0.50002480622849521,0,0,0,0,0,0.70705388398737767
1319,11.446488480726305,-0.50002475912293387,0,0,0,0,0,0.70705391730754741
1320,11.455166637269693,-0.50002473939581216,0,0,0,0,0,0.70705393126583616
1321,11.463844793813079,-0.50002473589965057,0,0,0,0,0,0.70705393374474745
1322,11.472522950356465,-0.50002476906632543,0,0,0,0,0,0.70705391029269293
1323,11.481201106899851,-0.50002473735489816,0,0,0,0,0,0.70705393272622885
1324,11.489879263443237,-0.5000247617123913,0,0,0,0,0,0.70705391550612262
1325,11.498557419986623,-0.50002480156805695,0,0,0,0,0,0.70705388732470098
1326,11.507235576530009,-0.50002480992717513,0,0,0,0,0,0.70705388141975867
1327,11.515913733073395,-0.50002481627799877,0,0,0,0,0,0.70705387693389454
1328,11.524591889616781,-0.5000248662076503,0,0,0,0,0,0.70705384162788754
1329,11.533270046160167,-0.50002489721521026,0,0,0,0,0,0.707053819704484
1330,11.541948202703553,-0.50002488631982345,0,0,0,0,0,0.70705382741724954
1331,11.550626359246939,-0.50002490994899995,0,0,0,0,0,0.70705381071394058
1332,11.559304515790325,-0.50002491705935959,0,0,0,0,0,0.70705380569083687
1333,11.567982672333713,-0.50002493564456996,0,0,0,0,0,0.70705379255446488
1334,11.576660828877099,-0.50002493678414361,0,0,0,0,0,0.70705379175743488
1335,11.585338985420485,-0.50002492505244189,0,0,0,0,0,0.70705380006345919
1336,11.594017141963871,-0.50002491367912183,0,0,0,0,0,0.70705380811352114
1337,11.602695298507257,-0.5000249130042308,0,0,0,0,0,0.70705380860015588
1338,11.611373455050643,-0.50002491761482259,0,0,0,0,0,0.70705380534726103
1339,11.620051611594029,-0.50002490825314527,0,0,0,0,0,0.70705381197411121
1340,11.628729768137415,-0.50002491408376459,0,0,0,0,0,0.70705380785670258
1341,11.637407924680801,-0.50002494420505239,0,0,0,0,0,0.70705378656243667
1342,11.646086081224187,-0.50002496970683696,0,0,0,0,0,0.70705376853391044
1343,11.654764237767573,-0.50002494432303179,0,0,0,0,0,0.70705378649437733
1344,11.663442394310959,-0.50002497170445692,0,0,0,0,0,0.70705376713712553
1345,11.672120550854345,-0.50002499474797713,0,0,0,0,0,0.70705375084827438
1346,11.680798707397733,-0.50002498945262497,0,0,0,0,0,0.70705375460165598
1347,11.689476863941119,-0.50002498062891843,0,0,0,0,0,0.70705376084977622
1348,11.698155020484505,-0.5000249873359488,0,0,0,0,0,0.7070537561138881
1349,11.706833177027891,-0.50002498794513517,0,0,0,0,0,0.70705375569238171
1350,11.715511333571277,-0.5000249987510974,0,0,0,0,0,0.70705374805883991
1351,11.724189490114663,-0.50002495807750236,0,0,0,0,0,0.70705377683426107
1352,11.732867646658049,-0.50002497532605206,0,0,0,0,0,0.70705376464444569
1353,11.741545803201435,-0.50002495061249197,0,0,0,0,0,0.70705378213189007
1354,11.750223959744821,-0.50002495705356165,0,0,0,0,0,0.70705377758628885
1355,11.758902116288207,-0.50002499398751177,0,0,0,0,0,0.70705375147596072
1356,11.767580272831593,-0.50002499195162275,0,0,0,0,0,0.70705375292490658
1357,11.776258429374979,-0.50002505087154125,0,0,0,0,0,0.70705371126435779
1358,11.784936585918365,-0.5000250716794068,0,0,0,0,0,0.70705369655863137
1359,11.793614742461752,-0.50002505843284673,0,0,0,0,0,0.70705370593574202
1360,11.802292899005138,-0.50002504811970616,0,0,0,0,0,0.70705371323893473
1361,11.810971055548524,-0.50002505082492699,0,0,0,0,0,0.70705371133549377
1362,11.81964921209191,-0.50002503554382638,0,0,0,0,0,0.70705372215276441
1363,11.828327368635296,-0.50002502861950715,0,0,0,0,0,0.70705372706080638
1364,11.837005525178682,-0.50002501360326479,0,0,0,0,0,0.7070537376906838
1365,11.845683681722068,-0.50002502974958984,0,0,0,0,0,0.70705372628160745
1366,11.854361838265454,-0.50002503725763936,0,0,0,0,0,0.70705372098278829
1367,11.86303999480884,-0.50002503325099878,0,0,0,0,0,0.70705372382681375
1368,11.871718151352226,-0.5000250324815233,0,0,0,0,0,0.70705372438256564
1369,11.880396307895612,-0.50002508730856465,0,0,0,0,0,0.70705368561918824
1370,11.889074464438998,-0.50002509271879181,0,0,0,0,0,0.70705368180353645
1371,11.897752620982384,-0.50002515281018733,0,0,0,0,0,0.70705363931674015
1372,11.906430777525772,-0.50002516683845277,0,0,0,0,0,0.7070536294063956
1373,11.915108934069158,-0.50002519035255755,0,0,0,0,0,0.70705361278771051
1374,11.923787090612544,-0.50002522463857402,0,0,0,0,0,0.70705358855143974
1375,11.93246524715593,-0.50002520609105983,0,0,0,0,0,0.70705360167881448
1376,11.941143403699316,-0.50002517935663793,0,0,0,0,0,0.70705362059684163
1377,11.949821560242702,-0.50002512268457511,0,0,0,0,0,0.70705366068668951
1378,11.958499716786088,-0.50002508897953402,0,0,0,0,0,0.70705368453510964
1379,11.967177873329474,-0.50002512008718136,0,0,0,0,0,0.70705366254736823
1380,11.97585602987286,-0.500025086854191,0,0,0,0,0,0.7070536860617942
1381,11.984534186416246,-0.50002513993085373,0,0,0,0,0,0.70705364853632879
1382,11.993212342959632,-0.5000251536452045,0,0,0,0,0,0.70705363884848671
1383,12.001890499503018,-0.50002513604125876,0,0,0,0,0,0.70705365131006293
1384,12.010568656046404,-0.50002511599767141,0,0,0,0,0,0.70705366549723392
1385,12.01924681258979,-0.50002512742206995,0,0,0,0,0,0.70705365742936621
1386,12.027924969133178,-0.50002510467510508,0,0,0,0,0,0.70705367352745174
1387,12.036603125676564,-0.50002512807325561,0,0,0,0,0,0.70705365699174205
1388,12.04528128221995,-0.50002516099169592,0,0,0,0,0,0.70705363372279706
1389,12.053959438763336,-0.50002517810739988,0,0,0,0,0,0.70705362162997343
1390,12.062637595306722,-0.50002519591874783,0,0,0,0,0,0.70705360904570425
1391,12.071315751850108,-0.50002515575098783,0,0,0,0,0,0.70705363746491834
1392,12.079993908393494,-0.50002518966127696,0,0,0,0,0,0.70705361349430773
1393,12.08867206493688,-0.50002521928378219,0,0,0,0,0,0.70705359255757427
1394,12.097350221480266,-0.50002526682153392,0,0,0,0,0,0.70705355895015765
1395,12.106028378023652,-0.50002528253195799,0,0,0,0,0,0.70705354785200969
1396,12.114706534567038,-0.50002528832950344,0,0,0,0,0,0.70705354376476504
1397,12.123384691110424,-0.50002529041286692,0,0,0,0,0,0.70705354230321804
1398,12.13206284765381,-0.50002523112444297,0,0,0,0,0,0.70705358424468301
1399,12.140741004197197,-0.50002520933212691,0,0,0,0,0,0.70705359966817061
1400,12.149419160740583,-0.50002519586528238,0,0,0,0,0,0.70705360920408344
1401,12.158097317283969,-0.50002515062814734,0,0,0,0,0,0.70705364120848235
1402,12.166775473827355,-0.50002516174954248,0,0,0,0,0,0.70705363335520099
1403,12.175453630370741,-0.50002513402811921,0,0,0,0,0,0.7070536529716922
1404,12.184131786914127,-0.50002516134813813,0,0,0,0,0,0.7070536336628398
1405,12.192809943457513,-0.50002517985426775,0,0,0,0,0,0.70705362058686061
1406,12.201488100000899,-0.50002523037336022,0,0,0,0,0,0.70705358487146042
1407,12.210166256544285,-0.50002519553943003,0,0,0,0,0,0.70705360951809559
1408,12.218844413087671,-0.50002514717314495,0,0,0,0,0,0.70705364373468715
1409,12.227522569631057,-0.50002511815479311,0,0,0,0,0,0.70705366426904337
1410,12.236200726174443,-0.50002506758164422,0,0,0,0,0,0.70705370004680279
1411,12.244878882717829,-0.50002505928361785,0,0,0,0,0,0.70705370592749595
1412,12.253557039261217,-0.50002505886716409,0,0,0,0,0,0.70705370623456021
1413,12.262235195804603,-0.50002501740174909,0,0,0,0,0,0.70705373557110829
1414,12.270913352347989,-0.50002499065879091,0,0,0,0,0,0.70705375449601182
1415,12.279591508891375,-0.50002502007596783,0,0,0,0,0,0.70705373370416824
1416,12.288269665434761,-0.50002496567635235,0,0,0,0,0,0.70705377218813636
1417,12.296947821978147,-0.50002495857939067,0,0,0,0,0,0.7070537772199188
1418,12.305625978521533,-0.5000249722784279,0,0,0,0,0,0.70705376754376958
1419,12.314304135064919,-0.50002500055627319,0,0,0,0,0,0.70705374755806105
1420,12.322982291608305,-0.50002502369738533,0,0,0,0,0,0.70705373120517256
1421,12.331660448151691,-0.50002500581886355,0,0,0,0,0,0.70705374386098274
1422,12.340338604695077,-0.50002501752025141,0,0,0,0,0,0.70705373559810103
1423,12.349016761238463,-0.50002502871453047,0,0,0,0,0,0.70705372769465491
1424,12.357694917781849,-0.50002507768055326,0,0,0,0,0,0.70705369307772781
1425,12.366373074325237,-0.50002508290495917,0,0,0,0,0,0.70705368939473789
1426,12.375051230868623,-0.50002508702655102,0,0,0,0,0,0.70705368649168587
1427,12.383729387412009,-0.50002509385487104,0,0,0,0,0,0.70705368167491667
1428,12.392407543955395,-0.50002509603857093,0,0,0,0,0,0.70705368014354875
1429,12.401085700498781,-0.50002505642652439,0,0,0,0,0,0.70705370816953739
1430,12.409763857042167,-0.50002506179881834,0,0,0,0,0,0.70705370438275938
1431,12.418442013585553,-0.50002503190302039,0,0,0,0,0,0.70705372553685653
1432,12.427120170128939,-0.50002498797342099,0,0,0,0,0,0.70705375661520797
1433,12.435798326672325,-0.50002498740268131,0,0,0,0,0,0.70705375703110462
1434,12.444476483215711,-0.50002501801594668,0,0,0,0,0,0.707053735393254
1435,12.453154639759097,-0.50002501273323141,0,0,0,0,0,0.70705373914134917
1436,12.461832796302483,-0.50002503455986247,0,0,0,0,0,0.70705372371769926
1437,12.470510952845869,-0.50002499315932258,0,0,0,0,0,0.70705375300769413
1438,12.479189109389257,-0.50002495570416261,0,0,0,0,0,0.70705377950762482
1439,12.487867265932643,-0.50002496165356125,0,0,0,0,0,0.70705377531054658
1440,12.496545422476029,-0.50002496578821376,0,0,0,0,0,0.70705377239855949
1441,12.505223579019415,-0.50002495979744832,0,0,0,0,0,0.70705377664588642
1442,12.513901735562801,-0.50002497763181242,0,0,0,0,0,0.70705376404367293
1443,12.522579892106187,-0.50002495633809607,0,0,0,0,0,0.70705377911423284
1444,12.531258048649573,-0.50002494428448985,0,0,0,0,0,0.70705378764953331
1445,12.539936205192959,-0.50002496217630799,0,0,0,0,0,0.70705377500718214
1446,12.548614361736345,-0.5000250003464467,0,0,0,0,0,0.70705374802513354
1447,12.557292518279731,-0.50002497063441165,0,0,0,0,0,0.70705376904760442
1448,12.565970674823117,-0.50002498393727168,0,0,0,0,0,0.70705375965044048
1449,12.574648831366503,-0.50002496790880946,0,0,0,0,0,0.70705377099573496
1450,12.583326987909889,-0.50002497489237496,0,0,0,0,0,0.70705376606725334
1451,12.592005144453276,-0.50002499573060266,0,0,0,0,0,0.70705375134210868
1452,12.600683300996662,-0.50002501069651528,0,0,0,0,0,0.70705374076974969
1453,12.609361457540048,-0.50002501670450605,0,0,0,0,0,0.7070537365321492
1454,12.618039614083434,-0.50002501757062878,0,0,0,0,0,0.70705373593034437
1455,12.62671777062682,-0.50002502116291669,0,0,0,0,0,0.70705373340046052
1456,12.635395927170206,-0.50002496658766971,0,0,0,0,0,0.70705377200626351
1457,12.644074083713592,-0.50002497347971808,0,0,0,0,0,0.70705376714227341
1458,12.652752240256978,-0.50002497691513526,0,0,0,0,0,0.70705376472317738
1459,12.661430396800364,-0.50002494272258657,0,0,0,0,0,0.70705378891408799
1460,12.67010855334375,-0.50002491736116783,0,0,0,0,0,0.70705380685948782
1461,12.678786709887136,-0.50002489817403195,0,0,0,0,0,0.70705382043843734
1462,12.687464866430522,-0.50002490562699886,0,0,0,0,0,0.70705381517774413
1463,12.696143022973908,-0.50002488933914602,0,0,0,0,0,0.70705382670566408
1464,12.704821179517296,-0.5000248732691257,0,0,0,0,0,0.7070538380786342
1465,12.713499336060682,-0.50002488594610162,0,0,0,0,0,0.70705382912295534
1466,12.722177492604068,-0.50002489052384058,0,0,0,0,0,0.70705382589593135
1467,12.730855649147454,-0.50002491745922073,0,0,0,0,0,0.70705380685726382
1468,12.73953380569084,-0.50002491257282777,0,0,0,0,0,0.70705381032224501
1469,12.748211962234226,-0.50002490688761769,0,0,0,0,0,0.70705381435294257
1470,12.756890118777612,-0.50002487740032853,0,0,0,0,0,0.70705383521488585
1471,12.765568275320998,-0.50002489485758783,0,0,0,0,0,0.70705382287894025
1472,12.774246431864384,-0.50002487538881335,0,0,0,0,0,0.70705383665594468
1473,12.78292458840777,-0.50002486315231098,0,0,0,0,0,0.70705384531802373
1474,12.791602744951156,-0.50002484737101294,0,0,0,0,0,0.70705385648588148
1475,12.800280901494542,-0.50002485082562786,0,0,0,0,0,0.70705385405124765
1476,12.808959058037928,-0.50002481798429965,0,0,0,0,0,0.70705387728452962
1477,12.817637214581316,-0.5000248259188238,0,0,0,0,0,0.70705387168183087
1478,12.826315371124702,-0.5000248645746227,0,0,0,0,0,0.70705384435396823
1479,12.834993527668088,-0.50002487714943467,0,0,0,0,0,0.70705383546924061
1480,12.843671684211474,-0.50002485499118543,0,0,0,0,0,0.70705385114666264
1481,12.85234984075486,-0.50002487326306644,0,0,0,0,0,0.7070538382334135
1482,12.861027997298246,-0.50002488209394491,0,0,0,0,0,0.70705383199596028
1483,12.869706153841632,-0.50002485181094003,0,0,0,0,0,0.70705385341820914
1484,12.878384310385018,-0.50002483682661536,0,0,0,0,0,0.70705386402229564
1485,12.887062466928404,-0.50002483448468338,0,0,0,0,0,0.70705386568614514
1486,12.89574062347179,-0.50002488810362311,0,0,0,0,0,0.70705382777584802
1487,12.904418780015176,-0.5000248953632066,0,0,0,0,0,0.70705382264939942
1488,12.913096936558562,-0.50002488222433628,0,0,0,0,0,0.70705383194775884
1489,12.921775093101948,-0.50002483496729744,0,0,0,0,0,0.70705386537341042
1490,12.930453249645334,-0.5000248713383193,0,0,0,0,0,0.70705383965979784
1491,12.939131406188721,-0.50002486804805812,0,0,0,0,0,0.70705384199361987
1492,12.947809562732107,-0.50002486019165071,0,0,0,0,0,0.70705384755606815
1493,12.956487719275493,-0.50002483716622781,0,0,0,0,0,0.70705386384512892
1494,12.965165875818879,-0.50002481662501053,0,0,0,0,0,0.70705387837793943
1495,12.973844032362265,-0.500024824867494,0,0,0,0,0,0.70705387255489693
1496,12.982522188905651,-0.50002486362937781,0,0,0,0,0,0.70705384515043157
1497,12.991200345449037,-0.50002485704932098,0,0,0,0,0,0.70705384980940789
1498,12.999878501992423,-0.50002486348296304,0,0,0,0,0,0.70705384526548709
1499,13.008556658535809,-0.50002485860277845,0,0,0,0,0,0.70705384872242405
1500,13.017234815079195,-0.50002490455281934,0,0,0,0,0,0.70705381623412045
1501,13.025912971622581,-0.50002493297579931,0,0,0,0,0,0.70705379613974628
1502,13.034591128165967,-0.50002492703395496,0,0,0,0,0,0.70705380034682719
1503,13.043269284709353,-0.50002496747714653,0,0,0,0,0,0.7070537717520704
1504,13.051947441252741,-0.50002498371200288,0,0,0,0,0,0.70705376027658051
1505,13.060625597796127,-0.50002500336132472,0,0,0,0,0,0.707053746386201
1506,13.069303754339513,-0.50002501742865413,0,0,0,0,0,0.70705373644307201
1507,13.077981910882899,-0.50002505193939129,0,0,0,0,0,0.70705371204289147
1508,13.086660067426285,-0.50002506748319764,0,0,0,0,0,0.70705370105537835
1509,13.095338223969671,-0.5000250460061767,0,0,0,0,0,0.70705371624740465
1510,13.104016380513057,-0.50002507776081484,0,0,0,0,0,0.707053693795761
1511,13.112694537056443,-0.50002504207649623,0,0,0,0,0,0.70705371903412484
1512,13.121372693599829,-0.50002505060608182,0,0,0,0,0,0.70705371300621156
1513,13.130050850143215,-0.50002504818559879,0,0,0,0,0,0.70705371472151946
1514,13.138729006686601,-0.50002502691477668,0,0,0,0,0,0.70705372976686931
1515,13.147407163229987,-0.50002496581074318,0,0,0,0,0,0.70705377298066718
1516,13.156085319773373,-0.50002492938839993,0,0,0,0,0,0.70705379874031715
1517,13.164763476316761,-0.50002491721872588,0,0,0,0,0,0.70705380734933998
1518,13.173441632860147,-0.50002495012226933,0,0,0,0,0,0.70705378408420394
1519,13.182119789403533,-0.50002494261133168,0,0,0,0,0,0.7070537893984028
1520,13.190797945946919,-0.50002497196350593,0,0,0,0,0,0.70705376864436587
1521,13.199476102490305,-0.50002496068360269,0,0,0,0,0,0.70705377662352187
1522,13.208154259033691,-0.50002492762485518,0,0,0,0,0,0.70705380000372875
1523,13.216832415577077,-0.50002490400479971,0,0,0,0,0,0.70705381670914491
1524,13.225510572120463,-0.50002491446257957,0,0,0,0,0,0.70705380931592376
1525,13.234188728663849,-0.500024941453595,0,0,0,0,0,0.70705379023085513
1526,13.242866885207235,-0.50002495420194482,0,0,0,0,0,0.70705378121751439
1527,13.251545041750621,-0.50002494051002433,0,0,0,0,0,0.70705379090153375
1528,13.260223198294007,-0.50002498193572231,0,0,0,0,0,0.70705376160840905
1529,13.268901354837393,-0.5000249540186793,0,0,0,0,0,0.70705378135154939
1530,13.277579511380781,-0.50002494487282656,0,0,0,0,0,0.70705378782031136
1531,13.286257667924167,-0.50002500309533993,0,0,0,0,0,0.70705374664869236
1532,13.294935824467553,-0.5000250200770362,0,0,0,0,0,0.70705373464078947
1533,13.303613981010939,-0.50002505138341202,0,0,0,0,0,0.70705371250289695
1534,13.312292137554325,-0.50002507864204648,0,0,0,0,0,0.70705369322726852
1535,13.320970294097711,-0.5000250691982786,0,0,0,0,0,0.70705369990595768
1536,13.329648450641097,-0.5000250707092716,0,0,0,0,0,0.70705369883773572
1537,13.338326607184483,-0.50002508166377613,0,0,0,0,0,0.7070536910912768
1538,13.347004763727869,-0.50002509653492022,0,0,0,0,0,0.70705368057498685
1539,13.355682920271255,-0.50002512024950529,0,0,0,0,0,0.7070536638048186
1540,13.364361076814641,-0.50002511890017165,0,0,0,0,0,0.70705366475870823
1541,13.373039233358027,-0.50002512801032029,0,0,0,0,0,0.70705365831590405
1542,13.381717389901413,-0.50002512069881133,0,0,0,0,0,0.7070536634857012
1543,13.3903955464448,-0.50002513908489887,0,0,0,0,0,0.70705365048303359
1544,13.399073702988186,-0.50002518638300897,0,0,0,0,0,0.70705361703478142
1545,13.407751859531572,-0.50002525012193511,0,0,0,0,0,0.70705357196010876
1546,13.416430016074958,-0.50002522234633751,0,0,0,0,0,0.70705359160073011
1547,13.425108172618344,-0.50002526377295198,0,0,0,0,0,0.70705356230412142
1548,13.43378632916173,-0.50002527294513865,0,0,0,0,0,0.70705355581643659
1549,13.442464485705116,-0.50002527607504355,0,0,0,0,0,0.70705355360148103
1550,13.451142642248502,-0.50002522306983144,0,0,0,0,0,0.70705359108293209
1551,13.459820798791888,-0.50002522620394452,0,0,0,0,0,0.70705358886472269
1552,13.468498955335274,-0.50002521799957156,0,0,0,0,0,0.70705359466442852
1553,13.47717711187866,-0.50002522411030659,0,0,0,0,0,0.70705359034104376
1554,13.485855268422046,-0.50002526444351769,0,0,0,0,0,0.7070535618165803
1555,13.494533424965432,-0.50002523062047377,0,0,0,0,0,0.70705358573247734
1556,13.50321158150882,-0.50002524957404226,0,0,0,0,0,0.7070535723265774
1557,13.511889738052206,-0.50002527275724906,0,0,0,0,0,0.70705355592938268
1558,13.520567894595592,-0.50002526239585465,0,0,0,0,0,0.70705356325377444
1559,13.529246051138978,-0.50002525564147848,0,0,0,0,0,0.70705356802715835
1560,13.537924207682364,-0.50002521690235024,0,0,0,0,0,0.70705359541880775
1561,13.54660236422575,-0.50002520438952947,0,0,0,0,0,0.70705360426397457
1562,13.555280520769136,-0.50002520674428097,0,0,0,0,0,0.70705360259514904
1563,13.563958677312522,-0.50002523743272131,0,0,0,0,0,0.70705358088981995
1564,13.572636833855908,-0.50002520048214394,0,0,0,0,0,0.70705360701594522
1565,13.581314990399294,-0.50002521402139999,0,0,0,0,0,0.70705359743751117
1566,13.58999314694268,-0.5000252167224406,0,0,0,0,0,0.70705359552318381
1567,13.598671303486066,-0.50002518936183937,0,0,0,0,0,0.70705361486746465
1568,13.607349460029452,-0.50002521871629935,0,0,0,0,0,0.7070535941045577
1569,13.61602761657284,-0.50002523441361524,0,0,0,0,0,0.70705358299961585
1570,13.624705773116226,-0.50002519478086327,0,0,0,0,0,0.70705361102152153
1571,13.633383929659612,-0.50002518778945215,0,0,0,0,0,0.70705361596066219
1572,13.642062086202998,-0.50002519061096407,0,0,0,0,0,0.70705361396033517
1573,13.650740242746384,-0.50002520694002395,0,0,0,0,0,0.70705360240816262
1574,13.65941839928977,-0.50002522714393494,0,0,0,0,0,0.70705358811563102
1575,13.668096555833156,-0.50002523539870891,0,0,0,0,0,0.70705358227265869
1576,13.676774712376542,-0.50002523202378346,0,0,0,0,0,0.70705358465430646
1577,13.685452868919928,-0.500025257113343,0,0,0,0,0,0.70705356690626964
1578,13.694131025463314,-0.50002525957808253,0,0,0,0,0,0.70705356515763018
1579,13.7028091820067,-0.50002527801842678,0,0,0,0,0,0.70705355211156729
1580,13.711487338550086,-0.50002527838699939,0,0,0,0,0,0.70705355184540863
1581,13.720165495093472,-0.50002522640868252,0,0,0,0,0,0.70705358859648371
1582,13.728843651636859,-0.5000252606308434,0,0,0,0,0,0.70705356438951483
1583,13.737521808180245,-0.50002528555651571,0,0,0,0,0,0.7070535467570771
1584,13.746199964723631,-0.5000252636734378,0,0,0,0,0,0.70705356222515725
1585,13.754878121267017,-0.50002529210542745,0,0,0,0,0,0.70705354211276727
1586,13.763556277810403,-0.500025330160077,0,0,0,0,0,0.70705351519480075
1587,13.772234434353789,-0.50002534493385598,0,0,0,0,0,0.70705350473980211
1588,13.780912590897175,-0.50002539451892958,0,0,0,0,0,0.70705346966832749
1589,13.789590747440561,-0.50002541998553485,0,0,0,0,0,0.70705345165266209
1590,13.798268903983947,-0.50002544598017207,0,0,0,0,0,0.70705343326264902
1591,13.806947060527333,-0.50002540477045887,0,0,0,0,0,0.70705346239707723
1592,13.815625217070719,-0.50002538307465716,0,0,0,0,0,0.70705347773207805
1593,13.824303373614105,-0.50002538352878656,0,0,0,0,0,0.70705347740312874
1594,13.832981530157491,-0.50002536301237521,0,0,0,0,0,0.70705349190422062
1595,13.841659686700877,-0.50002538822256992,0,0,0,0,0,0.70705347406941854
1596,13.850337843244265,-0.50002536616766324,0,0,0,0,0,0.70705348965766746
1597,13.859015999787651,-0.50002537978195949,0,0,0,0,0,0.70705348002167412
1598,13.867694156331037,-0.50002540981925814,0,0,0,0,0,0.70705345877197345
1599,13.876372312874423,-0.50002537972631,0,0,0,0,0,0.70705348004475255
1600,13.885050469417809,-0.50002534092993567,0,0,0,0,0,0.70705350747168438
1601,13.893728625961195,-0.50002533869957899,0,0,0,0,0,0.70705350903992326
1602,13.902406782504581,-0.50002534489305361,0,0,0,0,0,0.70705350465120098
1603,13.911084939047967,-0.50002536992477975,0,0,0,0,0,0.70705348693982728
1604,13.919763095591353,-0.50002536230687822,0,0,0,0,0,0.70705349231894132
1605,13.928441252134739,-0.50002535250101343,0,0,0,0,0,0.70705349924467242
1606,13.937119408678125,-0.50002534652336272,0,0,0,0,0,0.70705350346280227
1607,13.945797565221511,-0.50002538036264965,0,0,0,0,0,0.70705347952328879
1608,13.954475721764897,-0.50002540153007846,0,0,0,0,0,0.70705346454496265
1609,13.963153878308285,-0.50002535538873716,0,0,0,0,0,0.70705349716601518
1610,13.971832034851671,-0.50002534253743658,0,0,0,0,0,0.70705350624435148
1611,13.980510191395057,-0.50002534236957852,0,0,0,0,0,0.70705350635473074
1612,13.989188347938443,-0.50002536278941223,0,0,0,0,0,0.70705349190510169
1613,13.997866504481829,-0.50002537640562672,0,0,0,0,0,0.70705348226614007
1614,14.006544661025215,-0.50002540339076984,0,0,0,0,0,0.70705346317268614
1615,14.015222817568601,-0.50002533163677698,0,0,0,0,0,0.70705351390581939
1616,14.023900974111987,-0.50002535001008319,0,0,0,0,0,0.70705350090123353
1617,14.032579130655373,-0.50002535893385647,0,0,0,0,0,0.70705349458108557
1618,14.041257287198759,-0.50002531672021178,0,0,0,0,0,0.70705352442415759
1619,14.049935443742145,-0.50002536554567023,0,0,0,0,0,0.70705348988584049
1620,14.058613600285531,-0.50002534717496117,0,0,0,0,0,0.70705350286614532
1621,14.067291756828917,-0.50002532391873389,0,0,0,0,0,0.70705351930234173
1622,14.075969913372305,-0.5000253652636315,0,0,0,0,0,0.70705349005359253
1623,14.084648069915691,-0.50002533912364666,0,0,0,0,0,0.70705350852915672
1624,14.093326226459077,-0.50002530186734595,0,0,0,0,0,0.70705353486615152
1625,14.102004383002463,-0.50002528550936809,0,0,0,0,0,0.707053546423829
1626,14.110682539545849,-0.50002530840263737,0,0,0,0,0,0.70705353022359674
1627,14.119360696089235,-0.50002535407663617,0,0,0,0,0,0.70705349791332672
1628,14.128038852632621,-0.5000253222222959,0,0,0,0,0,0.70705352043046332
1629,14.136717009176007,-0.5000253578630699,0,0,0,0,0,0.70705349521469341
1630,14.145395165719393,-0.50002535678556959,0,0,0,0,0,0.70705349596520151
1631,14.154073322262779,-0.50002534038359436,0,0,0,0,0,0.7070535075539599
1632,14.162751478806165,-0.50002536496183858,0,0,0,0,0,0.70705349016054697
1633,14.171429635349551,-0.50002533213840861,0,0,0,0,0,0.70705351336215383
1634,14.180107791892937,-0.50002529520606387,0,0,0,0,0,0.70705353946895588
1635,14.188785948436324,-0.50002528905488641,0,0,0,0,0,0.70705354380829188
1636,14.19746410497971,-0.50002528217848863,0,0,0,0,0,0.70705354866010239
1637,14.206142261523096,-0.50002531965764574,0,0,0,0,0,0.70705352214379857
1638,14.214820418066482,-0.50002529672672569,0,0,0,0,0,0.70705353834860052
1639,14.223498574609868,-0.50002534059399339,0,0,0,0,0,0.70705350731506966
1640,14.232176731153254,-0.50002531274291395,0,0,0,0,0,0.70705352699933144
1641,14.24085488769664,-0.50002528876866892,0,0,0,0,0,0.70705354394197784
1642,14.249533044240026,-0.50002526158306215,0,0,0,0,0,0.70705356315593093
1643,14.258211200783412,-0.50002520339388112,0,0,0,0,0,0.70705360429544939
1644,14.266889357326798,-0.50002519148562907,0,0,0,0,0,0.70705361270558731
1645,14.275567513870184,-0.50002521879568218,0,0,0,0,0,0.70705359338007678
1646,14.28424567041357,-0.50002522854324705,0,0,0,0,0,0.70705358647545857
1647,14.292923826956956,-0.50002524636078916,0,0,0,0,0,0.7070535738630046
1648,14.301601983500344,-0.50002523879389049,0,0,0,0,0,0.70705357920206779
1649,14.31028014004373,-0.50002521142810286,0,0,0,0,0,0.70705359854396654
1650,14.318958296587116,-0.50002517960082149,0,0,0,0,0,0.70705362104023084
1651,14.327636453130502,-0.50002518205132174,0,0,0,0,0,0.70705361929518917
1652,14.336314609673888,-0.50002516052399804,0,0,0,0,0,0.70705363450754266
1653,14.344992766217274,-0.50002517957322823,0,0,0,0,0,0.70705362102429725
1654,14.35367092276066,-0.5000252092993146,0,0,0,0,0,0.70705359998969275
1655,14.362349079304046,-0.50002517949359093,0,0,0,0,0,0.70705362105630998
1656,14.371027235847432,-0.50002514735436399,0,0,0,0,0,0.70705364377339064
1657,14.379705392390818,-0.50002515741138476,0,0,0,0,0,0.70705363664894261
1658,14.388383548934204,-0.50002513048341724,0,0,0,0,0,0.70705365568091505
1659,14.39706170547759,-0.5000251404879924,0,0,0,0,0,0.70705364859306785
1660,14.405739862020976,-0.50002511444518349,0,0,0,0,0,0.70705366699889316
1661,14.414418018564364,-0.50002507354747472,0,0,0,0,0,0.70705369590981615
1662,14.42309617510775,-0.50002505952759213,0,0,0,0,0,0.70705370581306948
1663,14.431774331651136,-0.50002504048255458,0,0,0,0,0,0.70705371926923466
1664,14.440452488194522,-0.5000250645688189,0,0,0,0,0,0.70705370222367636
1665,14.449130644737908,-0.50002504657817792,0,0,0,0,0,0.70705371493467339
1666,14.457808801281294,-0.50002500618520551,0,0,0,0,0,0.70705374348852223
1667,14.46648695782468,-0.50002500846773268,0,0,0,0,0,0.70705374186219128
1668,14.475165114368066,-0.50002501982083247,0,0,0,0,0,0.70705373382121461
1669,14.483843270911452,-0.50002499239059939,0,0,0,0,0,0.70705375320769148
1670,14.492521427454838,-0.50002498352728342,0,0,0,0,0,0.70705375946358195
1671,14.501199583998224,-0.50002495153512083,0,0,0,0,0,0.7070537820769025
1672,14.50987774054161,-0.50002492456705638,0,0,0,0,0,0.70705380113686356
1673,14.518555897084996,-0.50002495211649167,0,0,0,0,0,0.70705378164191224
1674,14.527234053628383,-0.50002492375790464,0,0,0,0,0,0.70705380168556031
1675,14.535912210171769,-0.50002491900875679,0,0,0,0,0,0.70705380503238457
1676,14.544590366715155,-0.50002491819037631,0,0,0,0,0,0.70705380559981634
1677,14.553268523258541,-0.50002488744296592,0,0,0,0,0,0.70705382733293565
1678,14.561946679801927,-0.50002489847753107,0,0,0,0,0,0.70705381951751711
1679,14.570624836345313,-0.500024863719565,0,0,0,0,0,0.7070538440863432
1680,14.579302992888699,-0.50002487852819555,0,0,0,0,0,0.70705383360090801
1681,14.587981149432085,-0.50002492335361837,0,0,0,0,0,0.70705380188771372
1682,14.596659305975471,-0.50002489972847819,0,0,0,0,0,0.70705381858430449
1683,14.605337462518857,-0.5000248350401526,0,0,0,0,0,0.70705386432071915
1684,14.614015619062243,-0.500024866234412,0,0,0,0,0,0.7070538422478192
1685,14.622693775605629,-0.5000248841352336,0,0,0,0,0,0.70705382957588592
1686,14.631371932149015,-0.50002487751111058,0,0,0,0,0,0.70705383424927737
1687,14.640050088692403,-0.50002485770537963,0,0,0,0,0,0.70705384824414885
1688,14.648728245235789,-0.50002483233572048,0,0,0,0,0,0.70705386617374799
1689,14.657406401779175,-0.50002487340932755,0,0,0,0,0,0.7070538371139854
1690,14.666084558322561,-0.50002489910233927,0,0,0,0,0,0.70705381893195796
1691,14.674762714865947,-0.50002490583296955,0,0,0,0,0,0.70705381416059154
1692,14.683440871409333,-0.50002491055269449,0,0,0,0,0,0.7070538108106561
1693,14.692119027952719,-0.50002492187031922,0,0,0,0,0,0.70705380279589747
1694,14.700797184496105,-0.50002496534114371,0,0,0,0,0,0.70705377204151887
1695,14.709475341039491,-0.50002499217208141,0,0,0,0,0,0.70705375305510643
1696,14.718153497582877,-0.5000249958731986,0,0,0,0,0,0.70705375042579277
1697,14.726831654126263,-0.50002494080035287,0,0,0,0,0,0.70705378936277086
1698,14.735509810669649,-0.50002493503272227,0,0,0,0,0,0.7070537934304113
1699,14.744187967213035,-0.50002491601636334,0,0,0,0,0,0.70705380686775765
1700,14.752866123756421,-0.50002493252092517,0,0,0,0,0,0.70705379518508948
1701,14.761544280299809,-0.50002494830483568,0,0,0,0,0,0.70705378401167707
1702,14.770222436843195,-0.5000249466343526,0,0,0,0,0,0.70705378518125883
1703,14.778900593386581,-0.50002495930734003,0,0,0,0,0,0.70705377620792031
1704,14.787578749929967,-0.5000249696678285,0,0,0,0,0,0.70705376887003979
1705,14.796256906473353,-0.500024981110331,0,0,0,0,0,0.70705376076738524
1706,14.804935063016739,-0.5000249798539067,0,0,0,0,0,0.70705376164514533
1707,14.813613219560125,-0.50002496588566281,0,0,0,0,0,0.70705377151417537
1708,14.822291376103511,-0.50002496417314124,0,0,0,0,0,0.70705377271567471
1709,14.830969532646897,-0.50002495552736659,0,0,0,0,0,0.70705377881876075
1710,14.839647689190283,-0.500025006002488,0,0,0,0,0,0.70705374311176783
1711,14.848325845733669,-0.50002499016374169,0,0,0,0,0,0.70705375430323514
1712,14.857004002277055,-0.50002505377588535,0,0,0,0,0,0.70705370930607359
1713,14.865682158820441,-0.50002504103436463,0,0,0,0,0,0.70705371830712238
1714,14.874360315363829,-0.50002501257205467,0,0,0,0,0,0.70705373842590724
1715,14.883038471907215,-0.50002498427827669,0,0,0,0,0,0.70705375842648976
1716,14.891716628450601,-0.50002500308543485,0,0,0,0,0,0.70705374511617158
1717,14.900394784993987,-0.50002499967064407,0,0,0,0,0,0.70705374752244765
1718,14.909072941537373,-0.5000250008277336,0,0,0,0,0,0.70705374669433851
1719,14.917751098080759,-0.50002501718873371,0,0,0,0,0,0.70705373511500014
1720,14.926429254624145,-0.50002499693766012,0,0,0,0,0,0.70705374942697219
1721,14.935107411167531,-0.50002497359099274,0,0,0,0,0,0.7070537659292313
1722,14.943785567710917,-0.50002495619967235,0,0,0,0,0,0.70705377821906268
1723,14.952463724254303,-0.50002496713209033,0,0,0,0,0,0.70705377047886131
1724,14.961141880797689,-0.50002495021205606,0,0,0,0,0,0.70705378243523143
1725,14.969820037341075,-0.50002498774122428,0,0,0,0,0,0.7070537558847434
1726,14.978498193884461,-0.50002500464001365,0,0,0,0,0,0.7070537439230975
1727,14.987176350427848,-0.50002502236022972,0,0,0,0,0,0.70705373138305561
1728,14.995854506971234,-0.50002504805171932,0,0,0,0,0,0.70705371320487131
1729,15.00453266351462,-0.50002509693772756,0,0,0,0,0,0.70705367862298374
1730,15.013210820058006,-0.50002508627676956,0,0,0,0,0,0.70705368615522346
1731,15.021888976601392,-0.50002511238756497,0,0,0,0,0,0.7070536676801602
1732,15.030567133144778,-0.50002510971495906,0,0,0,0,0,0.70705366956212323
1733,15.039245289688164,-0.50002506139118719,0,0,0,0,0,0.70705370373016052
1734,15.04792344623155,-0.5000250644489731,0,0,0,0,0,0.70705370155970471
1735,15.056601602774936,-0.50002504547746995,0,0,0,0,0,0.70705371496923064
1736,15.065279759318322,-0.50002506030176308,0,0,0,0,0,0.70705370447726779
1737,15.073957915861708,-0.5000250549187889,0,0,0,0,0,0.70705370827740843
1738,15.082636072405094,-0.5000251305191129,0,0,0,0,0,0.70705365480261761
1739,15.09131422894848,-0.50002512712711245,0,0,0,0,0,0.70705365719580549
1740,15.099992385491868,-0.50002514406123788,0,0,0,0,0,0.70705364521054648
1741,15.108670542035254,-0.50002513325633846,0,0,0,0,0,0.70705365284514343
1742,15.11734869857864,-0.50002518257275685,0,0,0,0,0,0.70705361795895172
1743,15.126026855122026,-0.50002518055347855,0,0,0,0,0,0.70705361937953626
1744,15.134705011665412,-0.50002517663209811,0,0,0,0,0,0.70705362214771839
1745,15.143383168208798,-0.50002516924530716,0,0,0,0,0,0.70705362736676136
1746,15.152061324752184,-0.50002519584459837,0,0,0,0,0,0.70705360854737975
1747,15.16073948129557,-0.50002516826007171,0,0,0,0,0,0.70705362805097849
1748,15.169417637838956,-0.50002517249938105,0,0,0,0,0,0.70705362504619096
1749,15.178095794382342,-0.50002519579059357,0,0,0,0,0,0.70705360856812405
1750,15.186773950925728,-0.50002519062724804,0,0,0,0,0,0.70705361221393126
1751,15.195452107469114,-0.50002519908436027,0,0,0,0,0,0.7070536062275341
1752,15.2041302640125,-0.50002522204738964,0,0,0,0,0,0.70705358998177026
1753,15.212808420555888,-0.50002518540101504,0,0,0,0,0,0.7070536158932148
1754,15.221486577099274,-0.5000251999968256,0,0,0,0,0,0.70705360556300523
1755,15.23016473364266,-0.50002520702529629,0,0,0,0,0,0.70705360058695099
1756,15.238842890186046,-0.50002519449219895,0,0,0,0,0,0.70705360944588413
1757,15.247521046729432,-0.50002521814067713,0,0,0,0,0,0.70705359271610391
1758,15.256199203272818,-0.50002521290517432,0,0,0,0,0,0.70705359641299914
1759,15.264877359816204,-0.50002523673157817,0,0,0,0,0,0.7070535795573214
1760,15.27355551635959,-0.50002528027339932,0,0,0,0,0,0.70705354875800985
1761,15.282233672902976,-0.50002525554618393,0,0,0,0,0,0.70705356624024773
1762,15.290911829446362,-0.50002527135999064,0,0,0,0,0,0.70705355505018019
1763,15.299589985989748,-0.50002525370755513,0,0,0,0,0,0.70705356753014392
1764,15.308268142533134,-0.50002527864195057,0,0,0,0,0,0.70705354988988844
1765,15.31694629907652,-0.50002524241687785,0,0,0,0,0,0.70705357550657144
1766,15.325624455619907,-0.50002527528569329,0,0,0,0,0,0.70705355225591493
1767,15.334302612163293,-0.50002529710120591,0,0,0,0,0,0.70705353682333616
1768,15.342980768706679,-0.50002529573801591,0,0,0,0,0,0.70705353778290903
1769,15.351658925250065,-0.50002527426934418,0,0,0,0,0,0.7070535529635813
1770,15.360337081793451,-0.50002523394193144,0,0,0,0,0,0.70705358148055453
1771,15.369015238336837,-0.50002521783873832,0,0,0,0,0,0.70705359286480984
1772,15.377693394880223,-0.5000252132620332,0,0,0,0,0,0.70705359609972263
1773,15.386371551423609,-0.5000251614337281,0,0,0,0,0,0.7070536327513488
1774,15.395049707966995,-0.50002514045924729,0,0,0,0,0,0.70705364758371125
1775,15.403727864510381,-0.50002517556693271,0,0,0,0,0,0.70705362275042294
1776,15.412406021053767,-0.50002514610462478,0,0,0,0,0,0.70705364358555567
1777,15.421084177597153,-0.50002517225444532,0,0,0,0,0,0.70705362508788738
1778,15.429762334140539,-0.50002515916819057,0,0,0,0,0,0.7070536343404048
1779,15.438440490683927,-0.50002514254761721,0,0,0,0,0,0.70705364609402133
1780,15.447118647227313,-0.50002508985722738,0,0,0,0,0,0.7070536833564417
1781,15.455796803770699,-0.50002512139453847,0,0,0,0,0,0.70705366104925416
1782,15.464474960314085,-0.50002512582701364,0,0,0,0,0,0.70705365791289365
1783,15.473153116857471,-0.50002511363739677,0,0,0,0,0,0.70705366653317503
1784,15.481831273400857,-0.50002508236109355,0,0,0,0,0,0.70705368865120111
1785,15.490509429944243,-0.50002505065477698,0,0,0,0,0,0.70705371107410131
1786,15.499187586487629,-0.50002502285516059,0,0,0,0,0,0.70705373073505418
1787,15.507865743031015,-0.50002498824435171,0,0,0,0,0,0.70705375521285774
1788,15.516543899574401,-0.5000249812684916,0,0,0,0,0,0.70705376014458354
1789,15.525222056117787,-0.50002499773435349,0,0,0,0,0,0.70705374849675673
1790,15.533900212661173,-0.50002499406526402,0,0,0,0,0,0.7070537510916044
1791,15.542578369204559,-0.50002502149294781,0,0,0,0,0,0.70705373169165153
1792,15.551256525747945,-0.50002504290085215,0,0,0,0,0,0.70705371655249805
1793,15.559934682291333,-0.50002505622653803,0,0,0,0,0,0.7070537071290014
1794,15.568612838834719,-0.50002508002949586,0,0,0,0,0,0.70705369029517395
1795,15.577290995378105,-0.50002503436779311,0,0,0,0,0,0.70705372258967358
1796,15.585969151921491,-0.50002502855039377,0,0,0,0,0,0.707053726704997
1797,15.594647308464877,-0.50002501337841454,0,0,0,0,0,0.70705373743557165
1798,15.603325465008263,-0.50002504440184348,0,0,0,0,0,0.70705371549496143
1799,15.612003621551649,-0.50002502055634768,0,0,0,0,0,0.70705373235947677
1800,15.620681778095035,-0.50002508685865465,0,0,0,0,0,0.70705368546836855
1801,15.629359934638421,-0.50002508874196094,0,0,0,0,0,0.70705368413759828
1802,15.638038091181807,-0.50002505908306594,0,0,0,0,0,0.70705370511515686
1803,15.646716247725193,-0.50002507462745638,0,0,0,0,0,0.70705369412344687
1804,15.655394404268579,-0.50002505619401538,0,0,0,0,0,0.7070537071611801
1805,15.664072560811965,-0.50002508671280155,0,0,0,0,0,0.70705368557900217
1806,15.672750717355353,-0.50002503225378925,0,0,0,0,0,0.70705372409680534
1807,15.681428873898739,-0.50002500887325696,0,0,0,0,0,0.70705374063555437
1808,15.690107030442125,-0.50002505325911006,0,0,0,0,0,0.707053709245407
1809,15.698785186985511,-0.50002507806283492,0,0,0,0,0,0.70705369170424981
1810,15.707463343528897,-0.50002505030488831,0,0,0,0,0,0.70705371133813344
1811,15.716141500072283,-0.50002505317262524,0,0,0,0,0,0.70705370931329536
1812,15.724819656615669,-0.50002502108084801,0,0,0,0,0,0.7070537320125847
1813,15.733497813159055,-0.50002497843546323,0,0,0,0,0,0.70705376217535232
1814,15.742175969702441,-0.50002500818852791,0,0,0,0,0,0.70705374113491359
1815,15.750854126245827,-0.50002500012840267,0,0,0,0,0,0.70705374684007616
1816,15.759532282789213,-0.50002499572650794,0,0,0,0,0,0.70705374995762593
1817,15.768210439332599,-0.50002500309201947,0,0,0,0,0,0.70705374475165783
1818,15.776888595875985,-0.50002499621047136,0,0,0,0,0,0.70705374962200906
1819,15.785566752419372,-0.50002504298161277,0,0,0,0,0,0.70705371654667459
1820,15.794244908962758,-0.50002506162256288,0,0,0,0,0,0.70705370336759898
1821,15.802923065506144,-0.50002503422456146,0,0,0,0,0,0.70705372274875566
1822,15.81160122204953,-0.50002503450003366,0,0,0,0,0,0.70705372255785726
1823,15.820279378592916,-0.500025031137867,0,0,0,0,0,0.70705372493979013
1824,15.828957535136302,-0.5000250376103258,0,0,0,0,0,0.7070537203670213
1825,15.837635691679688,-0.50002505393052954,0,0,0,0,0,0.7070537088291502
1826,15.846313848223074,-0.50002504846894524,0,0,0,0,0,0.70705371269684925
1827,15.85499200476646,-0.50002507832574272,0,0,0,0,0,0.70705369158582343
1828,15.863670161309846,-0.50002507174977784,0,0,0,0,0,0.70705369624283065
1829,15.872348317853232,-0.5000251086148505,0,0,0,0,0,0.70705367017563514
1830,15.881026474396618,-0.50002512511692665,0,0,0,0,0,0.70705365850888935
1831,15.889704630940004,-0.50002512538823585,0,0,0,0,0,0.70705365832198108
1832,15.898382787483392,-0.5000251185979846,0,0,0,0,0,0.70705366313040585
1833,15.907060944026778,-0.50002507921929429,0,0,0,0,0,0.70705369098619375
1834,15.915739100570164,-0.50002509325662059,0,0,0,0,0,0.70705368106430377
1835,15.92441725711355,-0.50002507944588437,0,0,0,0,0,0.7070536908367373
1836,15.933095413656936,-0.50002506956824389,0,0,0,0,0,0.70705369782776373
1837,15.941773570200322,-0.5000250729403054,0,0,0,0,0,0.70705369544928587
1838,15.950451726743708,-0.50002509324770217,0,0,0,0,0,0.70705368109236133
1839,15.959129883287094,-0.50002512911026931,0,0,0,0,0,0.70705365573461165
1840,15.96780803983048,-0.50002512905001761,0,0,0,0,0,0.70705365578296409
1841,15.976486196373866,-0.50002510976072168,0,0,0,0,0,0.70705366943096237
1842,15.985164352917252,-0.50002510979246306,0,0,0,0,0,0.70705366941477621
1843,15.993842509460638,-0.50002506045018857,0,0,0,0,0,0.70705370431832648
1844,16.002520666004024,-0.50002504221235333,0,0,0,0,0,0.70705371722305799
1845,16.01119882254741,-0.50002501677022382,0,0,0,0,0,0.70705373522267223
1846,16.019876979090796,-0.50002505023583121,0,0,0,0,0,0.70705371156129004
1847,16.028555135634182,-0.50002504297813377,0,0,0,0,0,0.70705371670086947
1848,16.037233292177568,-0.50002504436628581,0,0,0,0,0,0.70705371572488396
1849,16.045911448720954,-0.50002506698383031,0,0,0,0,0,0.70705369973548926
1850,16.05458960526434,-0.50002510074829365,0,0,0,0,0,0.70705367586273482
1851,16.063267761807726,-0.50002507396026397,0,0,0,0,0,0.70705369481684777
1852,16.071945918351116,-0.50002505837072297,0,0,0,0,0,0.70705370584880356
1853,16.080624074894502,-0.50002506053716433,0,0,0,0,0,0.70705370432296455
1854,16.089302231437888,-0.50002507215932945,0,0,0,0,0,0.7070536961102718
1855,16.097980387981274,-0.50002506546493242,0,0,0,0,0,0.70705370085203256
1856,16.10665854452466,-0.50002511005644157,0,0,0,0,0,0.70705366932234881
1857,16.115336701068045,-0.5000251501869053,0,0,0,0,0,0.70705364094967393
1858,16.124014857611431,-0.50002513115272751,0,0,0,0,0,0.70705365441911283
1859,16.132693014154817,-0.50002507377274996,0,0,0,0,0,0.70705369500772264
1860,16.141371170698203,-0.50002502714972019,0,0,0,0,0,0.70705372798996535
1861,16.150049327241589,-0.50002502987172759,0,0,0,0,0,0.70705372607345041
1862,16.158727483784975,-0.50002508206429552,0,0,0,0,0,0.70705368917122158
1863,16.167405640328361,-0.50002513861637365,0,0,0,0,0,0.70705364918468661
1864,16.176083796871747,-0.50002518202665591,0,0,0,0,0,0.70705361849307735
1865,16.184761953415133,-0.50002520174267984,0,0,0,0,0,0.70705360455948174
1866,16.193440109958519,-0.50002521273592959,0,0,0,0,0,0.70705359679432433
1867,16.202118266501905,-0.50002526925557711,0,0,0,0,0,0.70705355683265481
1868,16.210796423045291,-0.500025299850686,0,0,0,0,0,0.70705353520451553
1869,16.219474579588677,-0.5000253227346102,0,0,0,0,0,0.70705351903024827
1870,16.228152736132063,-0.50002528381833578,0,0,0,0,0,0.70705354656198693
1871,16.236830892675449,-0.500025303583995,0,0,0,0,0,0.70705353259352677
1872,16.245509049218835,-0.50002530352484553,0,0,0,0,0,0.70705353264427018
1873,16.254187205762221,-0.50002526639034195,0,0,0,0,0,0.70705355891542609
1874,16.262865362305607,-0.50002527130730801,0,0,0,0,0,0.70705355544793136
1875,16.271543518848993,-0.50002530536432732,0,0,0,0,0,0.7070535313716082
1876,16.280221675392379,-0.50002528982486572,0,0,0,0,0,0.70705354237225748
1877,16.288899831935765,-0.50002532673444566,0,0,0,0,0,0.70705351627852764
1878,16.297577988479155,-0.5000253548583673,0,0,0,0,0,0.70705349639942661
1879,16.306256145022541,-0.50002536928987518,0,0,0,0,0,0.70705348620341368
1880,16.314934301565927,-0.50002534689539668,0,0,0,0,0,0.707053502052716
1881,16.323612458109313,-0.50002533853501741,0,0,0,0,0,0.70705350797682076
1882,16.332290614652699,-0.50002538824227805,0,0,0,0,0,0.70705347283271358
1883,16.340968771196085,-0.50002539651415912,0,0,0,0,0,0.70705346699263139
1884,16.349646927739471,-0.50002540297719944,0,0,0,0,0,0.70705346243205724
1885,16.358325084282857,-0.5000254079527009,0,0,0,0,0,0.70705345892375249
1886,16.367003240826243,-0.50002537607068254,0,0,0,0,0,0.70705348148242209
1887,16.375681397369629,-0.50002533156089357,0,0,0,0,0,0.70705351297103114
1888,16.384359553913015,-0.50002531794599092,0,0,0,0,0,0.70705352261153909
1889,16.393037710456401,-0.50002530125135125,0,0,0,0,0,0.70705353442920327
1890,16.401715866999787,-0.50002533419434514,0,0,0,0,0,0.70705351114329051
1891,16.410394023543173,-0.50002527517416706,0,0,0,0,0,0.70705355289411198
1892,16.419072180086559,-0.50002526528292091,0,0,0,0,0,0.70705355989954999
1893,16.427750336629945,-0.50002528880292796,0,0,0,0,0,0.70705354327744718
1894,16.436428493173331,-0.50002529580549693,0,0,0,0,0,0.70705353833637208
1895,16.445106649716717,-0.50002529414020114,0,0,0,0,0,0.70705353952566519
1896,16.453784806260103,-0.50002527026991961,0,0,0,0,0,0.70705355641817391
1897,16.462462962803489,-0.50002530676231605,0,0,0,0,0,0.70705353062148957
1898,16.471141119346875,-0.5000252992744596,0,0,0,0,0,0.70705353592935616
1899,16.479819275890261,-0.50002531304230313,0,0,0,0,0,0.70705352620483719
1900,16.488497432433647,-0.50002535418932947,0,0,0,0,0,0.7070534971167457
1901,16.497175588977033,-0.50002540059093958,0,0,0,0,0,0.70705346431291805
1902,16.505853745520419,-0.50002540980312782,0,0,0,0,0,0.70705345780976891
1903,16.514531902063805,-0.5000253845197109,0,0,0,0,0,0.707053475701791
1904,16.523210058607194,-0.50002536722058366,0,0,0,0,0,0.70705348794806611
1905,16.53188821515058,-0.5000253087579869,0,0,0,0,0,0.70705352930473087
1906,16.540566371693966,-0.50002534079527616,0,0,0,0,0,0.70705350666003242
1907,16.549244528237352,-0.50002529839818166,0,0,0,0,0,0.70705353665565607
1908,16.557922684780738,-0.5000252570834488,0,0,0,0,0,0.70705356588586699
1909,16.566600841324124,-0.50002528727223572,0,0,0,0,0,0.70705354454825353
1910,16.57527899786751,-0.50002526846135775,0,0,0,0,0,0.70705355786430835
1911,16.583957154410896,-0.50002529670533635,0,0,0,0,0,0.70705353790233161
1912,16.592635310954282,-0.50002528543474689,0,0,0,0,0,0.70705354588476199
1913,16.601313467497668,-0.50002525104979312,0,0,0,0,0,0.70705357021407833
1914,16.609991624041054,-0.50002528020767856,0,0,0,0,0,0.7070535496050534
1915,16.61866978058444,-0.50002527714626099,0,0,0,0,0,0.70705355178154849
1916,16.627347937127826,-0.50002525066745707,0,0,0,0,0,0.70705357052011397
1917,16.636026093671212,-0.50002521987126647,0,0,0,0,0,0.70705359231154175
1918,16.644704250214598,-0.50002522415344242,0,0,0,0,0,0.70705358929577478
1919,16.653382406757984,-0.50002522936082938,0,0,0,0,0,0.70705358562478116
1920,16.66206056330137,-0.50002522183213749,0,0,0,0,0,0.70705359096055898
1921,16.670738719844756,-0.5000252332926185,0,0,0,0,0,0.70705358286789832
1922,16.679416876388142,-0.50002522166562924,0,0,0,0,0,0.70705359110265142
1923,16.688095032931528,-0.50002524972693352,0,0,0,0,0,0.70705357126961665
1924,16.696773189474914,-0.50002528178399908,0,0,0,0,0,0.70705354861105052
1925,16.7054513460183,-0.50002526821067594,0,0,0,0,0,0.70705355822201177
1926,16.714129502561686,-0.50002526322773366,0,0,0,0,0,0.70705356175796874
1927,16.722807659105072,-0.50002530767669062,0,0,0,0,0,0.7070535303352492
1928,16.731485815648458,-0.50002525852563617,0,0,0,0,0,0.70705356510681672
1929,16.740163972191844,-0.5000252476983027,0,0,0,0,0,0.70705357277615422
1930,16.748842128735234,-0.50002524691027228,0,0,0,0,0,0.70705357334489682
1931,16.75752028527862,-0.50002525038046464,0,0,0,0,0,0.7070535709021748
1932,16.766198441822006,-0.50002523642472951,0,0,0,0,0,0.70705358078377412
1933,16.774876598365392,-0.50002522602886468,0,0,0,0,0,0.70705358814838559
1934,16.783554754908778,-0.50002523127613097,0,0,0,0,0,0.70705358445039401
1935,16.792232911452164,-0.50002524168065254,0,0,0,0,0,0.70705357710333683
1936,16.80091106799555,-0.50002525059217939,0,0,0,0,0,0.70705357081371245
1937,16.809589224538936,-0.50002519461770645,0,0,0,0,0,0.70705361041068171
1938,16.818267381082322,-0.50002518083574088,0,0,0,0,0,0.70705362017012474
1939,16.826945537625708,-0.50002517150050652,0,0,0,0,0,0.70705362678340755
1940,16.835623694169094,-0.50002513225885525,0,0,0,0,0,0.70705365454654778
1941,16.84430185071248,-0.50002518185179168,0,0,0,0,0,0.70705361948595691
1942,16.852980007255866,-0.50002516928387908,0,0,0,0,0,0.70705362838644259
1943,16.861658163799252,-0.50002516990993884,0,0,0,0,0,0.70705362795445348
1944,16.870336320342638,-0.50002518451457045,0,0,0,0,0,0.70705361763806263
1945,16.879014476886024,-0.50002516386066631,0,0,0,0,0,0.70705363225532025
1946,16.88769263342941,-0.50002520941780637,0,0,0,0,0,0.70705360004885875
1947,16.896370789972796,-0.50002518716152833,0,0,0,0,0,0.70705361580032022
1948,16.905048946516182,-0.50002516887356108,0,0,0,0,0,0.70705362874481192
1949,16.913727103059568,-0.5000251812757196,0,0,0,0,0,0.70705361998535832
1950,16.922405259602954,-0.50002516103040495,0,0,0,0,0,0.70705363431419066
1951,16.93108341614634,-0.50002522059484933,0,0,0,0,0,0.70705359220200847
1952,16.939761572689726,-0.50002523525803533,0,0,0,0,0,0.70705358184403266
1953,16.948439729233112,-0.50002521652756227,0,0,0,0,0,0.70705359510149179
1954,16.957117885776498,-0.50002519365609122,0,0,0,0,0,0.70705361128637101
1955,16.965796042319884,-0.50002518023281861,0,0,0,0,0,0.7070536207899103
1956,16.97447419886327,-0.50002518821379294,0,0,0,0,0,0.70705361515728793
1957,16.983152355406659,-0.50002519572561199,0,0,0,0,0,0.7070536098554836
1958,16.991830511950045,-0.5000251796471229,0,0,0,0,0,0.70705362123740656
1959,17.000508668493431,-0.50002517856779016,0,0,0,0,0,0.70705362201146471
1960,17.009186825036817,-0.50002520101341774,0,0,0,0,0,0.70705360614809809
1961,17.017864981580203,-0.50002519911163745,0,0,0,0,0,0.70705360750400637
1962,17.026543138123589,-0.50002518595082146,0,0,0,0,0,0.70705361682178491
1963,17.035221294666975,-0.50002522523374404,0,0,0,0,0,0.70705358905175864
1964,17.043899451210361,-0.50002519275045076,0,0,0,0,0,0.70705361203414441
1965,17.052577607753747,-0.50002523088688711,0,0,0,0,0,0.70705358507377625
1966,17.061255764297133,-0.50002528228767606,0,0,0,0,0,0.70705354873473958
1967,17.069933920840519,-0.50002528113533207,0,0,0,0,0,0.70705354956027477
1968,17.078612077383905,-0.50002531847295106,0,0,0,0,0,0.70705352316631576
1969,17.087290233927291,-0.50002529002755647,0,0,0,0,0,0.70705354329300008
1970,17.095968390470677,-0.50002530402698142,0,0,0,0,0,0.7070535334019894
1971,17.104646547014063,-0.50002527065723235,0,0,0,0,0,0.70705355701106498
1972,17.113324703557449,-0.50002525421613664,0,0,0,0,0,0.70705356864703361
1973,17.122002860100835,-0.50002529132810902,0,0,0,0,0,0.70705354241245821
1974,17.130681016644221,-0.50002526800048375,0,0,0,0,0,0.70705355891862354
1975,17.139359173187607,-0.50002529698818621,0,0,0,0,0,0.70705353842870267
1976,17.148037329730993,-0.50002530763379072,0,0,0,0,0,0.70705353091022971
1977,17.156715486274379,-0.50002531911961012,0,0,0,0,0,0.70705352279755473
1978,17.165393642817765,-0.50002535960391992,0,0,0,0,0,0.70705349417699814
1979,17.174071799361151,-0.50002538388143203,0,0,0,0,0,0.70705347701734667
1980,17.182749955904537,-0.50002541686503887,0,0,0,0,0,0.70705345370087969
1981,17.191428112447923,-0.50002542053647303,0,0,0,0,0,0.70705345111354134
1982,17.200106268991309,-0.50002541840401282,0,0,0,0,0,0.70705345263183261
1983,17.208784425534699,-0.50002545276537969,0,0,0,0,0,0.70705342834150287
1984,17.217462582078085,-0.50002541962437619,0,0,0,0,0,0.70705345178640577
1985,17.226140738621471,-0.5000254059890904,0,0,0,0,0,0.7070534614375088
1986,17.234818895164857,-0.50002544770011259,0,0,0,0,0,0.70705343194960157
1987,17.243497051708243,-0.50002543352740503,0,0,0,0,0,0.7070534419807224
1988,17.252175208251629,-0.50002541199967254,0,0,0,0,0,0.70705345721289348
1989,17.260853364795015,-0.50002539316181482,0,0,0,0,0,0.70705347054242651
1990,17.269531521338401,-0.50002540526675798,0,0,0,0,0,0.70705346199013874
1991,17.278209677881787,-0.50002541385485944,0,0,0,0,0,0.70705345592508806
1992,17.286887834425173,-0.50002538923220408,0,0,0,0,0,0.70705347334518365
1993,17.295565990968559,-0.50002542325436306,0,0,0,0,0,0.70705344929451641
1994,17.304244147511945,-0.50002544832480655,0,0,0,0,0,0.70705343157363032
1995,17.312922304055331,-0.50002545136724386,0,0,0,0,0,0.7070534294305304
1996,17.321600460598717,-0.50002542939192496,0,0,0,0,0,0.70705344497849687
1997,17.330278617142103,-0.50002541390809452,0,0,0,0,0,0.7070534559356183
1998,17.338956773685489,-0.50002541717227023,0,0,0,0,0,0.70705345363541738
1999,17.347634930228875,-0.50002539802958657,0,0,0,0,0,0.70705346717997664
2000,17.356313086772261,-0.50002541663350109,0,0,0,0,0,0.70705345403128206
2001,17.364991243315647,-0.50002545847329471,0,0,0,0,0,0.70705342445123165
2002,17.373669399859033,-0.50002548700422789,0,0,0,0,0,0.70705340428177976
2003,17.382347556402419,-0.50002549947762542,0,0,0,0,0,0.70705339546741541
2004,17.391025712945805,-0.50002547003521247,0,0,0,0,0,0.70705341629501817
2005,17.399703869489191,-0.50002544664605209,0,0,0,0,0,0.70705343284101474
2006,17.408382026032577,-0.50002547736596725,0,0,0,0,0,0.70705341112364462
2007,17.417060182575963,-0.50002550059331696,0,0,0,0,0,0.70705339470444528
2008,17.425738339119349,-0.50002553636734903,0,0,0,0,0,0.70705336941242258
2009,17.434416495662738,-0.50002552219139429,0,0,0,0,0,0.70705337944297497
2010,17.443094652206124,-0.50002556755679983,0,0,0,0,0,0.70705334736812731
2011,17.45177280874951,-0.50002554520995213,0,0,0,0,0,0.7070533631762812
2012,17.460450965292896,-0.50002556466468895,0,0,0,0,0,0.70705334942437581
2013,17.469129121836282,-0.50002560970636312,0,0,0,0,0,0.70705331757792589
2014,17.477807278379668,-0.5000255958454678,0,0,0,0,0,0.70705332738519644
2015,17.486485434923054,-0.50002559189403883,0,0,0,0,0,0.70705333018474459
2016,17.49516359146644,-0.50002559131700808,0,0,0,0,0,0.70705333059792963
2017,17.503841748009826,-0.5000256215984672,0,0,0,0,0,0.70705330918868725
2018,17.512519904553212,-0.50002560574341381,0,0,0,0,0,0.7070533204053584
2019,17.521198061096598,-0.50002558017577292,0,0,0,0,0,0.70705333849022445
2020,17.529876217639984,-0.50002557072167708,0,0,0,0,0,0.70705334518032004
2021,17.53855437418337,-0.50002554839864677,0,0,0,0,0,0.7070533609705425
2022,17.547232530726756,-0.500025556064014,0,0,0,0,0,0.70705335555413651
2023,17.555910687270142,-0.50002551888854885,0,0,0,0,0,0.70705338184707989
2024,17.564588843813528,-0.50002556311244961,0,0,0,0,0,0.70705335057758312
2025,17.573267000356914,-0.50002554472507899,0,0,0,0,0,0.70705336358417625
2026,17.5819451569003,-0.50002555067337862,0,0,0,0,0,0.70705335938140479
2027,17.590623313443686,-0.50002559371313415,0,0,0,0,0,0.70705332894875816
2028,17.599301469987072,-0.50002563031129632,0,0,0,0,0,0.70705330307137104
2029,17.607979626530458,-0.50002563065313721,0,0,0,0,0,0.70705330283291179
2030,17.616657783073844,-0.50002561072850671,0,0,0,0,0,0.70705331692586126
2031,17.62533593961723,-0.50002560127414686,0,0,0,0,0,0.70705332361451467
2032,17.634014096160616,-0.50002556373119489,0,0,0,0,0,0.70705335016620019
2033,17.642692252704002,-0.5000255848647418,0,0,0,0,0,0.70705333522401137
2034,17.651370409247388,-0.50002559842507033,0,0,0,0,0,0.70705332563727852
2035,17.660048565790778,-0.50002564019346019,0,0,0,0,0,0.70705329610270251
2036,17.668726722334164,-0.50002564668765415,0,0,0,0,0,0.70705329151251328
2037,17.67740487887755,-0.50002568455749874,0,0,0,0,0,0.70705326473459829
2038,17.686083035420936,-0.50002572015691726,0,0,0,0,0,0.70705323956205057
2039,17.694761191964322,-0.50002568072649245,0,0,0,0,0,0.70705326744752384
2040,17.703439348507708,-0.50002570704560489,0,0,0,0,0,0.70705324883735055
2041,17.712117505051094,-0.50002567267255793,0,0,0,0,0,0.70705327314614586
2042,17.720795661594479,-0.50002566498948919,0,0,0,0,0,0.70705327858069789
2043,17.729473818137865,-0.50002564738716448,0,0,0,0,0,0.707053291029618
2044,17.738151974681251,-0.50002559436404481,0,0,0,0,0,0.70705332852654668
2045,17.746830131224637,-0.50002564451986076,0,0,0,0,0,0.70705329305930487
2046,17.755508287768023,-0.5000256940300899,0,0,0,0,0,0.70705325804846797
2047,17.764186444311409,-0.50002570917732447,0,0,0,0,0,0.70705324733758779
2048,17.772864600854795,-0.50002573641393944,0,0,0,0,0,0.70705322807746585
2049,17.781542757398181,-0.50002568875550124,0,0,0,0,0,0.70705326177997618
2050,17.790220913941567,-0.5000257280897733,0,0,0,0,0,0.70705323396457798
2051,17.798899070484953,-0.50002577393726944,0,0,0,0,0,0.70705320154314499
2052,17.807577227028339,-0.50002579102633216,0,0,0,0,0,0.70705318945839102
2053,17.816255383571725,-0.50002578926898045,0,0,0,0,0,0.70705319070094541
2054,17.824933540115111,-0.50002584890117041,0,0,0,0,0,0.70705314853110146
2055,17.833611696658497,-0.50002584266353622,0,0,0,0,0,0.70705315294164439
2056,17.842289853201883,-0.50002579783587608,0,0,0,0,0,0.70705318464134281
2057,17.850968009745269,-0.50002576069004878,0,0,0,0,0,0.70705321090861073
2058,17.859646166288655,-0.50002576543430943,0,0,0,0,0,0.70705320755273748
2059,17.868324322832041,-0.5000258272905399,0,0,0,0,0,0.70705316380940109
2060,17.877002479375427,-0.50002584614360479,0,0,0,0,0,0.70705315047606643
2061,17.885680635918813,-0.50002586680451544,0,0,0,0,0,0.70705313586412899
2062,17.894358792462203,-0.50002587596306791,0,0,0,0,0,0.70705312938605525
2063,17.903036949005589,-0.50002584317322907,0,0,0,0,0,0.70705315257204893
2064,17.911715105548975,-0.50002586195777032,0,0,0,0,0,0.70705313928658908
2065,17.920393262092361,-0.5000258578033,0,0,0,0,0,0.70705314222252502
2066,17.929071418635747,-0.50002588974621232,0,0,0,0,0,0.70705311963167006
2067,17.937749575179133,-0.50002588301119821,0,0,0,0,0,0.70705312439215562
2068,17.946427731722519,-0.50002590697153726,0,0,0,0,0,0.70705310744603178
2069,17.955105888265905,-0.50002591360970849,0,0,0,0,0,0.70705310274922661
2070,17.963784044809291,-0.50002591949353159,0,0,0,0,0,0.70705309858562115
2071,17.972462201352677,-0.50002598453207303,0,0,0,0,0,0.70705305259010753
2072,17.981140357896063,-0.50002598804559517,0,0,0,0,0,0.70705305010242636
2073,17.989818514439449,-0.50002599590520358,0,0,0,0,0,0.70705304454120288
2074,17.998496670982835,-0.50002598992496317,0,0,0,0,0,0.70705304876698172
2075,18.007174827526221,-0.50002597977932506,0,0,0,0,0,0.70705305593825107
2076,18.015852984069607,-0.500026020868516,0,0,0,0,0,0.70705302687794624
2077,18.024531140612993,-0.50002600878447334,0,0,0,0,0,0.70705303541959807
2078,18.033209297156379,-0.5000260221770928,0,0,0,0,0,0.7070530259450365
2079,18.041887453699765,-0.5000259760826673,0,0,0,0,0,0.70705305853725964
2080,18.050565610243151,-0.50002599917472745,0,0,0,0,0,0.70705304220337695
2081,18.059243766786537,-0.50002598524873276,0,0,0,0,0,0.7070530520468532
2082,18.067921923329923,-0.50002601455174034,0,0,0,0,0,0.70705303132073283
2083,18.076600079873309,-0.50002602185524581,0,0,0,0,0,0.70705302615137278
2084,18.085278236416695,-0.50002600761833982,0,0,0,0,0,0.70705303621457194
2085,18.093956392960081,-0.5000260474772853,0,0,0,0,0,0.70705300802290072
2086,18.102634549503467,-0.50002605997258998,0,0,0,0,0,0.70705299918168762
2087,18.111312706046853,-0.50002607100257668,0,0,0,0,0,0.70705299137680289
2088,18.119990862590242,-0.50002609491764449,0,0,0,0,0,0.70705297445966586
2089,18.128669019133628,-0.50002609266231579,0,0,0,0,0,0.70705297604927608
2090,18.137347175677014,-0.50002608438152296,0,0,0,0,0,0.70705298189968069
2091,18.1460253322204,-0.50002612894606635,0,0,0,0,0,0.70705295038021276
2092,18.154703488763786,-0.50002610943915426,0,0,0,0,0,0.70705296416890207
2093,18.163381645307172,-0.50002613839654353,0,0,0,0,0,0.70705294368528904
2094,18.172059801850558,-0.50002617655990211,0,0,0,0,0,0.70705291669179537
2095,18.180737958393944,-0.50002617211011879,0,0,0,0,0,0.70705291983244933
2096,18.18941611493733,-0.50002616781368447,0,0,0,0,0,0.7070529228646194
2097,18.198094271480716,-0.50002613648992278,0,0,0,0,0,0.70705294500920957
2098,18.206772428024102,-0.50002609162930711,0,0,0,0,0,0.70705297672641976
2099,18.215450584567488,-0.50002608323199804,0,0,0,0,0,0.7070529826574905
2100,18.224128741110874,-0.50002604990406274,0,0,0,0,0,0.70705300621931677
2101,18.23280689765426,-0.5000259794956512,0,0,0,0,0,0.70705305600260537
2102,18.241485054197646,-0.50002595077158607,0,0,0,0,0,0.70705307630836778
2103,18.250163210741032,-0.50002596807239463,0,0,0,0,0,0.70705306406673429
2104,18.258841367284418,-0.50002594132026479,0,0,0,0,0,0.70705308297781855
2105,18.267519523827804,-0.50002591818741104,0,0,0,0,0,0.70705309932857041
2106,18.27619768037119,-0.50002595631689484,0,0,0,0,0,0.70705307235764892
2107,18.284875836914576,-0.50002597274806737,0,0,0,0,0,0.70705306073133478
2108,18.293553993457962,-0.50002602065139001,0,0,0,0,0,0.70705302684837257
2109,18.302232150001348,-0.50002603450620597,0,0,0,0,0,0.70705301704311374
2110,18.310910306544734,-0.50002603563273684,0,0,0,0,0,0.70705301623969241
2111,18.31958846308812,-0.50002599798649638,0,0,0,0,0,0.70705304285379356
2112,18.328266619631506,-0.50002600532199382,0,0,0,0,0,0.70705303765851113
2113,18.336944776174892,-0.50002604834061926,0,0,0,0,0,0.70705300722846331
2114,18.345622932718282,-0.5000260136025142,0,0,0,0,0,0.70705303178651491
2115,18.354301089261668,-0.5000260673613719,0,0,0,0,0,0.70705299376123776
2116,18.362979245805054,-0.50002608523735215,0,0,0,0,0,0.70705298111125359
2117,18.37165740234844,-0.50002610634502831,0,0,0,0,0,0.70705296617635938
2118,18.380335558891826,-0.50002611383094753,0,0,0,0,0,0.70705296087349723
2119,18.389013715435212,-0.50002611733285052,0,0,0,0,0,0.70705295838804361
2120,18.397691871978598,-0.50002617147791206,0,0,0,0,0,0.70705292008893039
2121,18.406370028521984,-0.50002618377679908,0,0,0,0,0,0.70705291138309256
2122,18.41504818506537,-0.50002614254954081,0,0,0,0,0,0.70705294052955914
2123,18.423726341608756,-0.50002610257890234,0,0,0,0,0,0.70705296878712431
2124,18.432404498152142,-0.50002610841616391,0,0,0,0,0,0.70705296465021661
2125,18.441082654695528,-0.50002607691245582,0,0,0,0,0,0.70705298691996532
2126,18.449760811238914,-0.50002609207279813,0,0,0,0,0,0.70705297618904694
2127,18.4584389677823,-0.50002609005725329,0,0,0,0,0,0.70705297760539487
2128,18.467117124325686,-0.50002610754438359,0,0,0,0,0,0.70705296522955052
2129,18.475795280869072,-0.50002612176667793,0,0,0,0,0,0.70705295516317435
2130,18.484473437412458,-0.50002611672607622,0,0,0,0,0,0.70705295871817775
2131,18.493151593955844,-0.50002610342937492,0,0,0,0,0,0.70705296811214957
2132,18.50182975049923,-0.50002609756336502,0,0,0,0,0,0.70705297225068087
2133,18.510507907042616,-0.50002608650246183,0,0,0,0,0,0.70705298006258488
2134,18.519186063586002,-0.50002606593793153,0,0,0,0,0,0.70705299459625781
2135,18.527864220129388,-0.50002606948593209,0,0,0,0,0,0.70705299207649119
2136,18.536542376672774,-0.50002609004522047,0,0,0,0,0,0.70705297752591179
2137,18.54522053321616,-0.50002609088242533,0,0,0,0,0,0.70705297692346836
2138,18.553898689759546,-0.50002611088334037,0,0,0,0,0,0.70705296276786633
2139,18.562576846302932,-0.50002611032869271,0,0,0,0,0,0.70705296315039945
2140,18.571255002846321,-0.50002615254680072,0,0,0,0,0,0.70705293328397278
2141,18.579933159389707,-0.5000261040223738,0,0,0,0,0,0.7070529675900481
2142,18.588611315933093,-0.50002613598638634,0,0,0,0,0,0.70705294497437876
2143,18.597289472476479,-0.50002612603322649,0,0,0,0,0,0.70705295200198126
2144,18.605967629019865,-0.50002611806272579,0,0,0,0,0,0.7070529576269573
2145,18.614645785563251,-0.50002606279210271,0,0,0,0,0,0.7070529967026431
2146,18.623323942106637,-0.50002604520752703,0,0,0,0,0,0.70705300912788616
2147,18.632002098650023,-0.50002603841664406,0,0,0,0,0,0.70705301391920949
2148,18.640680255193409,-0.50002605494067109,0,0,0,0,0,0.70705300222246947
2149,18.649358411736795,-0.50002607942356769,0,0,0,0,0,0.70705298489727397
2150,18.658036568280181,-0.50002605566833536,0,0,0,0,0,0.70705300168609853
2151,18.666714724823567,-0.50002607295579848,0,0,0,0,0,0.70705298944929273
2152,18.675392881366953,-0.50002609617788019,0,0,0,0,0,0.70705297301634218
2153,18.684071037910339,-0.50002610110034496,0,0,0,0,0,0.70705296952373153
2154,18.692749194453725,-0.50002612972107896,0,0,0,0,0,0.70705294927191531
2155,18.701427350997111,-0.50002615290643315,0,0,0,0,0,0.70705293286368942
2156,18.710105507540497,-0.50002609613824389,0,0,0,0,0,0.70705297299845715
2157,18.718783664083883,-0.5000261016151466,0,0,0,0,0,0.70705296911306359
2158,18.727461820627269,-0.50002610466042108,0,0,0,0,0,0.70705296694843867
2159,18.736139977170655,-0.50002613681648,0,0,0,0,0,0.70705294419579623
2160,18.744818133714041,-0.50002615740333456,0,0,0,0,0,0.70705292962489175
2161,18.753496290257427,-0.50002617442500674,0,0,0,0,0,0.70705291757637889
2162,18.762174446800813,-0.50002620596778602,0,0,0,0,0,0.70705289525830051
2163,18.770852603344199,-0.50002614779396071,0,0,0,0,0,0.70705293638677036
2164,18.779530759887585,-0.50002616089535779,0,0,0,0,0,0.70705292710925005
2165,18.788208916430971,-0.50002614239851373,0,0,0,0,0,0.70705294017874964
2166,18.796887072974357,-0.5000261451214395,0,0,0,0,0,0.70705293824144766
2167,18.805565229517747,-0.50002609835599054,0,0,0,0,0,0.70705297130238187
2168,18.814243386061133,-0.50002614231331488,0,0,0,0,0,0.70705294020405929
2169,18.822921542604519,-0.50002615214577417,0,0,0,0,0,0.70705293323925977
2170,18.831599699147905,-0.50002613110762928,0,0,0,0,0,0.70705294810636521
2171,18.840277855691291,-0.50002615264798322,0,0,0,0,0,0.7070529328611268
2172,18.848956012234677,-0.50002614222333308,0,0,0,0,0,0.70705294022249243
2173,18.857634168778063,-0.5000261199135958,0,0,0,0,0,0.70705295598872986
2174,18.866312325321449,-0.500026066858968,0,0,0,0,0,0.70705299349703299
2175,18.874990481864835,-0.5000260689651671,0,0,0,0,0,0.70705299199568583
2176,18.883668638408221,-0.50002611376956607,0,0,0,0,0,0.70705296029905829
2177,18.892346794951607,-0.50002611479225467,0,0,0,0,0,0.70705295956455139
2178,18.901024951494993,-0.50002609056245539,0,0,0,0,0,0.70705297668839084
2179,18.909703108038379,-0.50002610494064093,0,0,0,0,0,0.7070529665086599
2180,18.918381264581765,-0.50002612311126826,0,0,0,0,0,0.70705295364711029
2181,18.927059421125151,-0.50002609648441276,0,0,0,0,0,0.70705297246603271
2182,18.935737577668537,-0.50002608046415287,0,0,0,0,0,0.70705298378404913
2183,18.944415734211923,-0.50002611679522524,0,0,0,0,0,0.70705295807872537
2184,18.953093890755309,-0.50002606489322143,0,0,0,0,0,0.7070529947723907
2185,18.961772047298695,-0.50002605488577823,0,0,0,0,0,0.70705300183839692
2186,18.970450203842081,-0.50002606326871224,0,0,0,0,0,0.70705299589788484
2187,18.979128360385467,-0.50002608260465853,0,0,0,0,0,0.70705298221165735
2188,18.987806516928853,-0.50002609156139965,0,0,0,0,0,0.70705297586581217
2189,18.996484673472239,-0.50002605628543118,0,0,0,0,0,0.70705300080111444
2190,19.005162830015625,-0.50002604402943018,0,0,0,0,0,0.7070530094570584
2191,19.013840986559011,-0.50002602609486024,0,0,0,0,0,0.70705302212929277
2192,19.022519143102397,-0.50002604386944627,0,0,0,0,0,0.70705300954674488
2193,19.031197299645786,-0.5000260690168572,0,0,0,0,0,0.70705299175094138
2194,19.039875456189172,-0.50002608506130752,0,0,0,0,0,0.7070529803925405
2195,19.048553612732558,-0.50002610014757842,0,0,0,0,0,0.70705296971230713
2196,19.057231769275944,-0.50002610357708732,0,0,0,0,0,0.70705296727567912
2197,19.06590992581933,-0.50002606551027751,0,0,0,0,0,0.70705299418574885
2198,19.074588082362716,-0.50002606957211571,0,0,0,0,0,0.70705299130223587
2199,19.083266238906102,-0.50002608307809326,0,0,0,0,0,0.70705298173971887
2200,19.091944395449488,-0.50002607471853322,0,0,0,0,0,0.7070529876402385
2201,19.100622551992874,-0.50002604745918666,0,0,0,0,0,0.70705300690725625
2202,19.10930070853626,-0.50002602031342547,0,0,0,0,0,0.70705302609358256
2203,19.117978865079646,-0.50002602939935314,0,0,0,0,0,0.70705301965648726
2204,19.126657021623032,-0.50002606717832354,0,0,0,0,0,0.70705299292753931
2205,19.135335178166418,-0.50002607506427121,0,0,0,0,0,0.70705298733996802
2206,19.144013334709804,-0.50002606980100461,0,0,0,0,0,0.70705299105129171
2207,19.15269149125319,-0.50002603832709602,0,0,0,0,0,0.70705301329971171
2208,19.161369647796576,-0.50002607791764475,0,0,0,0,0,0.70705298528931593
2209,19.170047804339962,-0.50002609492788896,0,0,0,0,0,0.70705297324734317
2210,19.178725960883348,-0.50002610739252296,0,0,0,0,0,0.70705296442142895
2211,19.187404117426734,-0.50002615206802636,0,0,0,0,0,0.70705293281536186
2212,19.19608227397012,-0.50002618734918247,0,0,0,0,0,0.70705290785344932
2213,19.204760430513506,-0.50002618886917061,0,0,0,0,0,0.70705290676784305
2214,19.213438587056892,-0.50002619305415374,0,0,0,0,0,0.70705290379724772
2215,19.222116743600278,-0.50002623886150888,0,0,0,0,0,0.70705287139070006
2216,19.230794900143664,-0.50002624677925722,0,0,0,0,0,0.70705286578060011
2217,19.23947305668705,-0.500026258018749,0,0,0,0,0,0.70705285782161287
2218,19.248151213230436,-0.50002625488892793,0,0,0,0,0,0.70705286002431045
2219,19.256829369773826,-0.5000262402054616,0,0,0,0,0,0.70705287039941744
2220,19.265507526317212,-0.50002616905885056,0,0,0,0,0,0.70705292070476133
2221,19.274185682860598,-0.500026117955233,0,0,0,0,0,0.7070529568352768
2222,19.282863839403984,-0.50002612094119336,0,0,0,0,0,0.70705295471391061
2223,19.29154199594737,-0.50002612661662305,0,0,0,0,0,0.70705295069010532
2224,19.300220152490756,-0.50002615478676848,0,0,0,0,0,0.7070529307577651
2225,19.308898309034142,-0.50002620116843399,0,0,0,0,0,0.70705289794640969
2226,19.317576465577528,-0.50002622116916029,0,0,0,0,0,0.70705288379151909
2227,19.326254622120913,-0.50002624861596412,0,0,0,0,0,0.70705286437069503
2228,19.334932778664299,-0.50002619231200818,0,0,0,0,0,0.70705290417973821
2229,19.343610935207685,-0.50002620180241175,0,0,0,0,0,0.70705289745966127
2230,19.352289091751071,-0.5000262140883488,0,0,0,0,0,0.70705288876148487
2231,19.360967248294457,-0.50002618795887488,0,0,0,0,0,0.70705290723075365
2232,19.369645404837843,-0.5000261357685013,0,0,0,0,0,0.70705294413142639
2233,19.378323561381229,-0.50002608590381536,0,0,0,0,0,0.70705297938682143
2234,19.387001717924615,-0.50002604030682607,0,0,0,0,0,0.7070530116233833
2235,19.395679874468001,-0.50002603632669784,0,0,0,0,0,0.70705301442946578
2236,19.404358031011387,-0.50002603661088829,0,0,0,0,0,0.70705301421936007
2237,19.413036187554773,-0.50002604881522528,0,0,0,0,0,0.70705300557833795
2238,19.421714344098159,-0.50002606791904436,0,0,0,0,0,0.7070529920591575
2239,19.430392500641545,-0.50002610456868224,0,0,0,0,0,0.70705296613174795
2240,19.439070657184931,-0.50002614686193736,0,0,0,0,0,0.70705293621240273
2241,19.447748813728317,-0.50002615107060777,0,0,0,0,0,0.70705293322831864
2242,19.456426970271703,-0.5000261951177043,0,0,0,0,0,0.70705290206929305
2243,19.465105126815089,-0.50002619918263447,0,0,0,0,0,0.70705289918593195
2244,19.473783283358475,-0.5000262417843333,0,0,0,0,0,0.70705286904906828
2245,19.482461439901865,-0.50002626093296054,0,0,0,0,0,0.70705285549739827
2246,19.491139596445251,-0.50002629398740883,0,0,0,0,0,0.70705283211347947
2247,19.499817752988637,-0.50002625826614466,0,0,0,0,0,0.70705285736803347
2248,19.508495909532023,-0.50002627460039073,0,0,0,0,0,0.70705284580824568
2249,19.517174066075409,-0.50002626699853647,0,0,0,0,0,0.70705285117762351
2250,19.525852222618795,-0.50002625155314406,0,0,0,0,0,0.7070528620936809
2251,19.534530379162181,-0.50002628361808676,0,0,0,0,0,0.70705283940908004
2252,19.543208535705567,-0.50002629286521694,0,0,0,0,0,0.70705283286102016
2253,19.551886692248953,-0.50002628533244442,0,0,0,0,0,0.70705283818048414
2254,19.560564848792339,-0.50002630233404521,0,0,0,0,0,0.70705282614987652
2255,19.569243005335725,-0.50002629919256147,0,0,0,0,0,0.70705282836391348
2256,19.577921161879111,-0.50002631489963112,0,0,0,0,0,0.70705281725004099
2257,19.586599318422497,-0.50002629892591255,0,0,0,0,0,0.70705282854005347
2258,19.595277474965883,-0.50002633149918618,0,0,0,0,0,0.70705280549631588
2259,19.603955631509269,-0.50002627841191816,0,0,0,0,0,0.70705284303493876
2260,19.612633788052655,-0.50002625479902374,0,0,0,0,0,0.70705285972694298
2261,19.621311944596041,-0.50002624998551459,0,0,0,0,0,0.70705286312665905
2262,19.629990101139427,-0.50002619242565682,0,0,0,0,0,0.70705290382845476
2263,19.638668257682813,-0.50002618160266277,0,0,0,0,0,0.70705291147719329
2264,19.647346414226199,-0.50002617990370879,0,0,0,0,0,0.70705291267123904
2265,19.656024570769585,-0.50002620310068557,0,0,0,0,0,0.7070528962592304
2266,19.664702727312971,-0.50002623453004347,0,0,0,0,0,0.70705287402588368
2267,19.673380883856357,-0.50002624911614002,0,0,0,0,0,0.70705286370523535
2268,19.682059040399743,-0.50002622001259134,0,0,0,0,0,0.70705288428202451
2269,19.690737196943129,-0.50002626844608788,0,0,0,0,0,0.7070528500223503
2270,19.699415353486515,-0.50002623909805111,0,0,0,0,0,0.70705287077347201
2271,19.708093510029901,-0.50002622292352761,0,0,0,0,0,0.70705288220727525
2272,19.71677166657329,-0.50002625210761931,0,0,0,0,0,0.70705286156185032
2273,19.725449823116676,-0.50002630489577615,0,0,0,0,0,0.70705282422379057
2274,19.734127979660062,-0.50002630437724971,0,0,0,0,0,0.70705282458634411
2275,19.742806136203448,-0.50002635724921529,0,0,0,0,0,0.70705278718864095
2276,19.751484292746834,-0.50002635144608232,0,0,0,0,0,0.70705279128726595
2277,19.76016244929022,-0.5000264026688418,0,0,0,0,0,0.70705275505579745
2278,19.768840605833606,-0.50002646413293084,0,0,0,0,0,0.70705271158195337
2279,19.777518762376992,-0.50002647795248323,0,0,0,0,0,0.70705270180309077
2280,19.786196918920378,-0.50002646697389808,0,0,0,0,0,0.70705270956550281
2281,19.794875075463764,-0.50002647838265557,0,0,0,0,0,0.70705270149275101
2282,19.80355323200715,-0.50002642200657521,0,0,0,0,0,0.70705274136069818
2283,19.812231388550536,-0.50002640642622231,0,0,0,0,0,0.70705275237609744
2284,19.820909545093922,-0.50002636448249382,0,0,0,0,0,0.70705278203759114
2285,19.829587701637308,-0.50002635192450096,0,0,0,0,0,0.70705279091674011
2286,19.838265858180694,-0.50002633025150001,0,0,0,0,0,0.70705280624245503
2287,19.84694401472408,-0.50002629916428942,0,0,0,0,0,0.7070528282262396
2288,19.855622171267466,-0.50002630591218455,0,0,0,0,0,0.70705282345163067
2289,19.864300327810852,-0.5000263000812597,0,0,0,0,0,0.70705282757363119
2290,19.872978484354238,-0.50002635138474882,0,0,0,0,0,0.70705279128694443
2291,19.881656640897624,-0.5000263572017174,0,0,0,0,0,0.70705278716981645
2292,19.89033479744101,-0.50002639311962549,0,0,0,0,0,0.70705276176471799
2293,19.899012953984396,-0.50002638304586855,0,0,0,0,0,0.7070527688866064
2294,19.907691110527782,-0.50002635507282311,0,0,0,0,0,0.70705278866876575
2295,19.916369267071168,-0.50002631875873549,0,0,0,0,0,0.70705281435088052
2296,19.925047423614554,-0.50002627249626697,0,0,0,0,0,0.7070528470677786
2297,19.93372558015794,-0.50002623223772391,0,0,0,0,0,0.70705287553925678
2298,19.94240373670133,-0.5000262848325423,0,0,0,0,0,0.70705283834040134
2299,19.951081893244716,-0.50002625092471686,0,0,0,0,0,0.70705286232119224
2300,19.959760049788102,-0.50002624750391544,0,0,0,0,0,0.70705286473892914
2301,19.968438206331488,-0.50002626951854656,0,0,0,0,0,0.70705284916718658
2302,19.977116362874874,-0.50002627239936781,0,0,0,0,0,0.70705284713001593
2303,19.98579451941826,-0.50002630621769695,0,0,0,0,0,0.70705282321081253
2304,19.994472675961646,-0.50002627310620196,0,0,0,0,0,0.70705284662856382
2305,20.003150832505032,-0.50002628910615132,0,0,0,0,0,0.70705283531414098
2306,20.011828989048418,-0.50002625253378419,0,0,0,0,0,0.70705286117878274
2307,20.020507145591804,-0.50002628578817332,0,0,0,0,0,0.70705283765909455
2308,20.02918530213519,-0.50002626890538115,0,0,0,0,0,0.70705284960065562
2309,20.037863458678576,-0.50002623579316641,0,0,0,0,0,0.7070528730195933
2310,20.046541615221962,-0.50002624123484307,0,0,0,0,0,0.70705286917185417
2311,20.055219771765348,-0.50002624182574151,0,0,0,0,0,0.70705286875604478
2312,20.063897928308734,-0.50002626286180463,0,0,0,0,0,0.70705285387951933
2313,20.07257608485212,-0.50002629242700281,0,0,0,0,0,0.70705283296944987
2314,20.081254241395506,-0.50002627717950654,0,0,0,0,0,0.70705284375298949
2315,20.089932397938892,-0.50002629533572229,0,0,0,0,0,0.70705283091247795
2316,20.098610554482278,-0.50002632457267804,0,0,0,0,0,0.70705281023588284
2317,20.107288711025664,-0.50002632721128393,0,0,0,0,0,0.70705280836999895
2318,20.11596686756905,-0.50002628757922141,0,0,0,0,0,0.70705283640143357
2319,20.124645024112436,-0.50002625992888983,0,0,0,0,0,0.70705285595981637
2320,20.133323180655822,-0.50002627965217405,0,0,0,0,0,0.70705284201201657
2321,20.142001337199208,-0.50002626461835809,0,0,0,0,0,0.70705285264541096
2322,20.150679493742594,-0.50002631294905586,0,0,0,0,0,0.70705281846603829
2323,20.15935765028598,-0.5000263118499354,0,0,0,0,0,0.70705281924450514
2324,20.168035806829369,-0.50002631097091577,0,0,0,0,0,0.70705281986834301
2325,20.176713963372755,-0.50002633865568702,0,0,0,0,0,0.7070528002920371
2326,20.185392119916141,-0.50002635666015149,0,0,0,0,0,0.70705278756010514
2327,20.194070276459527,-0.50002638858512749,0,0,0,0,0,0.70705276498357295
2328,20.202748433002913,-0.50002640410499088,0,0,0,0,0,0.70705275400899215
2329,20.211426589546299,-0.50002637617445556,0,0,0,0,0,0.70705277376666498
2330,20.220104746089685,-0.50002638121774723,0,0,0,0,0,0.70705277020215362
2331,20.228782902633071,-0.50002634186444783,0,0,0,0,0,0.7070527980381236
2332,20.237461059176457,-0.50002632950646675,0,0,0,0,0,0.70705280678141147
2333,20.246139215719843,-0.50002629143783761,0,0,0,0,0,0.70705283370952499
2334,20.254817372263229,-0.50002623927994028,0,0,0,0,0,0.70705287060173294
2335,20.263495528806615,-0.5000262938582325,0,0,0,0,0,0.70705283200601343
2336,20.272173685350001,-0.50002632916286494,0,0,0,0,0,0.70705280704200213
2337,20.280851841893387,-0.50002633325828127,0,0,0,0,0,0.70705280414974681
2338,20.289529998436773,-0.50002626828683228,0,0,0,0,0,0.70705285010461694
2339,20.298208154980159,-0.50002622475060221,0,0,0,0,0,0.70705288089944407
2340,20.306886311523545,-0.50002623160300497,0,0,0,0,0,0.70705287605860612
2341,20.315564468066931,-0.50002624897350678,0,0,0,0,0,0.70705286377787768
2342,20.324242624610317,-0.50002625278539992,0,0,0,0,0,0.70705286108686405
2343,20.332920781153703,-0.50002620582425772,0,0,0,0,0,0.70705289430505047
2344,20.341598937697089,-0.50002621132925573,0,0,0,0,0,0.70705289041634245
2345,20.350277094240475,-0.50002620165561573,0,0,0,0,0,0.70705289726380993
2346,20.358955250783861,-0.50002618903268536,0,0,0,0,0,0.70705290619714845
2347,20.367633407327247,-0.50002614847433158,0,0,0,0,0,0.7070529348881287
2348,20.376311563870633,-0.50002613084053527,0,0,0,0,0,0.70705294736404234
2349,20.384989720414019,-0.50002612431302917,0,0,0,0,0,0.7070529519863733
2350,20.393667876957409,-0.50002613086964309,0,0,0,0,0,0.70705294735562063
2351,20.402346033500795,-0.50002609701037526,0,0,0,0,0,0.70705297130845324
2352,20.411024190044181,-0.50002612312543737,0,0,0,0,0,0.70705295284536973
2353,20.419702346587567,-0.50002607150914913,0,0,0,0,0,0.70705298935641636
2354,20.428380503130953,-0.500026097587845,0,0,0,0,0,0.707052970918852
2355,20.437058659674339,-0.50002607151597411,0,0,0,0,0,0.70705298936455918
2356,20.445736816217725,-0.50002606340379607,0,0,0,0,0,0.70705299510951569
2357,20.454414972761111,-0.50002608853643482,0,0,0,0,0,0.7070529773403571
2358,20.463093129304497,-0.50002614559040559,0,0,0,0,0,0.70705293699603189
2359,20.471771285847883,-0.50002614529656353,0,0,0,0,0,0.70705293721151996
2360,20.480449442391269,-0.50002613494243897,0,0,0,0,0,0.70705294454260326
2361,20.489127598934655,-0.50002617103812652,0,0,0,0,0,0.70705291902126355
2362,20.497805755478041,-0.50002616203083428,0,0,0,0,0,0.70705292539828157
2363,20.506483912021427,-0.50002616033119085,0,0,0,0,0,0.70705292660860408
2364,20.515162068564813,-0.50002618393232567,0,0,0,0,0,0.70705290992514591
2365,20.523840225108199,-0.50002619524668579,0,0,0,0,0,0.70705290193113157
2366,20.532518381651585,-0.50002617720994824,0,0,0,0,0,0.70705291469680276
2367,20.541196538194971,-0.50002617099935487,0,0,0,0,0,0.70705291909692036
2368,20.549874694738357,-0.50002618557119938,0,0,0,0,0,0.70705290880020399
2369,20.558552851281743,-0.50002622306402877,0,0,0,0,0,0.70705288229294894
2370,20.567231007825129,-0.50002625760869113,0,0,0,0,0,0.7070528578701385
2371,20.575909164368515,-0.50002621953763171,0,0,0,0,0,0.7070528848020512
2372,20.584587320911901,-0.5000262593406235,0,0,0,0,0,0.70705285666132056
2373,20.593265477455287,-0.50002623988595163,0,0,0,0,0,0.70705287042850884
2374,20.601943633998673,-0.50002625126574163,0,0,0,0,0,0.70705286238850462
2375,20.610621790542059,-0.50002624037458787,0,0,0,0,0,0.70705287009992723
2376,20.619299947085445,-0.50002623411857128,0,0,0,0,0,0.70705287453418464
2377,20.627978103628834,-0.50002625542743806,0,0,0,0,0,0.70705285947235552
2378,20.63665626017222,-0.50002623749581332,0,0,0,0,0,0.70705287216384249
2379,20.645334416715606,-0.50002624217177993,0,0,0,0,0,0.70705286886607865
2380,20.654012573258992,-0.50002621343484943,0,0,0,0,0,0.7070528891986072
2381,20.662690729802378,-0.50002618683831901,0,0,0,0,0,0.70705290801793552
2382,20.671368886345764,-0.50002615488491453,0,0,0,0,0,0.70705293062574803
2383,20.68004704288915,-0.50002620343615467,0,0,0,0,0,0.70705289629885826
2384,20.688725199432536,-0.5000262151033481,0,0,0,0,0,0.70705288805720556
2385,20.697403355975922,-0.50002624472367907,0,0,0,0,0,0.70705286711918092
2386,20.706081512519308,-0.5000262673875755,0,0,0,0,0,0.70705285110122418
2387,20.714759669062694,-0.50002632171476724,0,0,0,0,0,0.70705281269022002
2388,20.72343782560608,-0.50002636890081587,0,0,0,0,0,0.7070527793284711
2389,20.732115982149466,-0.50002637384942628,0,0,0,0,0,0.70705277583835624
2390,20.740794138692852,-0.50002635233010773,0,0,0,0,0,0.70705279106725794
2391,20.749472295236238,-0.50002640260159614,0,0,0,0,0,0.70705275552407798
2392,20.758150451779624,-0.50002639744890232,0,0,0,0,0,0.70705275917832822
2393,20.76682860832301,-0.50002640030421053,0,0,0,0,0,0.70705275716926863
2394,20.775506764866396,-0.5000264120170792,0,0,0,0,0,0.70705274889659009
2395,20.784184921409782,-0.50002643159449256,0,0,0,0,0,0.70705273506060529
2396,20.792863077953168,-0.50002646094976599,0,0,0,0,0,0.70705271431071015
2397,20.801541234496554,-0.50002647268150691,0,0,0,0,0,0.70705270602462633
2398,20.81021939103994,-0.5000264978304656,0,0,0,0,0,0.70705268824900713
2399,20.818897547583326,-0.5000265214070414,0,0,0,0,0,0.70705267158567153
2400,20.827575704126712,-0.50002654263772273,0,0,0,0,0,0.70705265658176764
2401,20.836253860670098,-0.50002652727477526,0,0,0,0,0,0.70705266745771844
2402,20.844932017213484,-0.50002646844493559,0,0,0,0,0,0.70705270907346129
2403,20.853610173756874,-0.50002647883970253,0,0,0,0,0,0.70705270173270574
2404,20.86228833030026,-0.50002649322606296,0,0,0,0,0,0.7070526915696087
2405,20.870966486843646,-0.5000265042482398,0,0,0,0,0,0.7070526837847062
2406,20.879644643387032,-0.50002652330375819,0,0,0,0,0,0.70705267031933516
2407,20.888322799930418,-0.50002656401969892,0,0,0,0,0,0.70705264153636627
2408,20.897000956473804,-0.50002660278381983,0,0,0,0,0,0.70705261413302045
2409,20.90567911301719,-0.50002658367515473,0,0,0,0,0,0.70705262765772536
2410,20.914357269560576,-0.50002663395733349,0,0,0,0,0,0.70705259210892457
2411,20.923035426103961,-0.50002657857187871,0,0,0,0,0,0.70705263128948825
2412,20.931713582647347,-0.50002657460581801,0,0,0,0,0,0.70705263410554142
2413,20.940391739190733,-0.50002659159980123,0,0,0,0,0,0.70705262209845898
2414,20.949069895734119,-0.50002659003222172,0,0,0,0,0,0.70705262321826234
2415,20.957748052277505,-0.50002657479023316,0,0,0,0,0,0.70705263400875484
2416,20.966426208820891,-0.50002658516176735,0,0,0,0,0,0.70705262668508051
2417,20.975104365364277,-0.50002656580709615,0,0,0,0,0,0.70705264038390325
2418,20.983782521907663,-0.50002651191121161,0,0,0,0,0,0.70705267851129872
2419,20.992460678451049,-0.50002653864259328,0,0,0,0,0,0.70705265961829622
2420,21.001138834994435,-0.50002658067410011,0,0,0,0,0,0.70705262990487372
2421,21.009816991537821,-0.50002656164391657,0,0,0,0,0,0.70705264337505414
2422,21.018495148081207,-0.50002658781359621,0,0,0,0,0,0.70705262487913489
2423,21.027173304624593,-0.50002658667149857,0,0,0,0,0,0.70705262569866112
2424,21.035851461167979,-0.5000265541815585,0,0,0,0,0,0.70705264868701945
2425,21.044529617711365,-0.50002650687381867,0,0,0,0,0,0.70705268215499084
2426,21.053207774254751,-0.50002652899582678,0,0,0,0,0,0.70705266652156951
2427,21.061885930798137,-0.50002652412546744,0,0,0,0,0,0.70705266997703009
2428,21.070564087341523,-0.5000264994180651,0,0,0,0,0,0.70705268746248162
2429,21.079242243884913,-0.50002647325074634,0,0,0,0,0,0.70705270598005154
2430,21.087920400428299,-0.50002648408001316,0,0,0,0,0,0.70705269833393691
2431,21.096598556971685,-0.50002649661654563,0,0,0,0,0,0.70705268947952615
2432,21.105276713515071,-0.50002649617605832,0,0,0,0,0,0.70705268980223501
2433,21.113954870058457,-0.50002651339900162,0,0,0,0,0,0.70705267763412083
2434,21.122633026601843,-0.50002650506165158,0,0,0,0,0,0.70705268354205908
2435,21.131311183145229,-0.50002653287219301,0,0,0,0,0,0.70705266388622123
2436,21.139989339688615,-0.50002655989522771,0,0,0,0,0,0.70705264478750418
2437,21.148667496232001,-0.50002653546170106,0,0,0,0,0,0.70705266207846085
2438,21.157345652775387,-0.50002651315759761,0,0,0,0,0,0.70705267786355352
2439,21.166023809318773,-0.5000265320236672,0,0,0,0,0,0.70705266453294136
2440,21.174701965862159,-0.50002659291639129,0,0,0,0,0,0.70705262148162906
2441,21.183380122405545,-0.50002653869615754,0,0,0,0,0,0.70705265983807009
2442,21.192058278948931,-0.50002654397040158,0,0,0,0,0,0.70705265612029644
2443,21.200736435492317,-0.5000265399482331,0,0,0,0,0,0.70705265897725655
2444,21.209414592035703,-0.50002658960707091,0,0,0,0,0,0.70705262387035939
2445,21.218092748579089,-0.50002656988576033,0,0,0,0,0,0.70705263782828043
2446,21.226770905122475,-0.50002654916749811,0,0,0,0,0,0.7070526524911438
2447,21.235449061665861,-0.50002649517741693,0,0,0,0,0,0.70705269068419829
2448,21.244127218209247,-0.50002650574196861,0,0,0,0,0,0.70705268322507564
2449,21.252805374752633,-0.50002649176775493,0,0,0,0,0,0.70705269312028296
2450,21.261483531296019,-0.5000265202764046,0,0,0,0,0,0.70705267297000418
2451,21.270161687839405,-0.50002651181155389,0,0,0,0,0,0.70705267896760571
2452,21.278839844382791,-0.50002653546644327,0,0,0,0,0,0.70705266225029195
2453,21.287518000926177,-0.50002654011444536,0,0,0,0,0,0.70705265897546621
2454,21.296196157469563,-0.50002654453061046,0,0,0,0,0,0.70705265586445343
2455,21.304874314012952,-0.50002651818542332,0,0,0,0,0,0.7070526745077732
2456,21.313552470556338,-0.50002650902877943,0,0,0,0,0,0.70705268099398166
2457,21.322230627099724,-0.50002649154463064,0,0,0,0,0,0.70705269336985754
2458,21.33090878364311,-0.50002650855494346,0,0,0,0,0,0.70705268135201127
2459,21.339586940186496,-0.50002651404735865,0,0,0,0,0,0.70705267747887746
2460,21.348265096729882,-0.5000265452262076,0,0,0,0,0,0.70705265544143137
2461,21.356943253273268,-0.50002658116726018,0,0,0,0,0,0.70705263003570629
2462,21.365621409816654,-0.50002655820646869,0,0,0,0,0,0.70705264628465159
2463,21.37429956636004,-0.5000265774957906,0,0,0,0,0,0.7070526326546327
2464,21.382977722903426,-0.50002652438549078,0,0,0,0,0,0.70705267022486051
2465,21.391655879446812,-0.50002654245952594,0,0,0,0,0,0.70705265745396062
2466,21.400334035990198,-0.50002656951549329,0,0,0,0,0,0.70705263833156096
2467,21.409012192533584,-0.50002657512824977,0,0,0,0,0,0.70705263437349686
2468,21.41769034907697,-0.50002657103029247,0,0,0,0,0,0.70705263728304946
2469,21.426368505620356,-0.50002652209053844,0,0,0,0,0,0.70705267190322729
2470,21.435046662163742,-0.50002654598564933,0,0,0,0,0,0.70705265501635317
2471,21.443724818707128,-0.50002655093798165,0,0,0,0,0,0.70705265152453212
2472,21.452402975250514,-0.5000265838809751,0,0,0,0,0,0.70705262823864246
2473,21.4610811317939,-0.50002663075595677,0,0,0,0,0,0.7070525950999027
2474,21.469759288337286,-0.50002665032445637,0,0,0,0,0,0.70705258127197901
2475,21.478437444880672,-0.50002668633254965,0,0,0,0,0,0.70705255581751203
2476,21.487115601424058,-0.50002668088104196,0,0,0,0,0,0.70705255968355019
2477,21.495793757967444,-0.50002666293236564,0,0,0,0,0,0.70705257238663854
2478,21.50447191451083,-0.50002661336918841,0,0,0,0,0,0.70705260744702514
2479,21.513150071054216,-0.50002660011493527,0,0,0,0,0,0.70705261683108844
2480,21.521828227597602,-0.50002660162834844,0,0,0,0,0,0.70705261577095335
2481,21.530506384140988,-0.50002659963699447,0,0,0,0,0,0.70705261718946133
2482,21.539184540684378,-0.50002660493788742,0,0,0,0,0,0.7070526134502586
2483,21.547862697227764,-0.50002660667298482,0,0,0,0,0,0.7070526122323173
2484,21.55654085377115,-0.50002658062289196,0,0,0,0,0,0.70705263066378876
2485,21.565219010314536,-0.50002661567385154,0,0,0,0,0,0.7070526058858313
2486,21.573897166857922,-0.50002657567455155,0,0,0,0,0,0.70705263418208375
2487,21.582575323401308,-0.50002652466923181,0,0,0,0,0,0.70705267026173502
2488,21.591253479944694,-0.50002652094101419,0,0,0,0,0,0.7070526729071247
2489,21.59993163648808,-0.50002649957856637,0,0,0,0,0,0.70705268802419496
2490,21.608609793031466,-0.50002652552518689,0,0,0,0,0,0.70705266968515801
2491,21.617287949574852,-0.50002653225893701,0,0,0,0,0,0.70705266493156493
2492,21.625966106118238,-0.50002652371127265,0,0,0,0,0,0.70705267098566438
2493,21.634644262661624,-0.5000265002833274,0,0,0,0,0,0.70705268756351813
2494,21.64332241920501,-0.50002645973805548,0,0,0,0,0,0.70705271624463428
2495,21.652000575748396,-0.50002645766896914,0,0,0,0,0,0.70705271771695521
2496,21.660678732291782,-0.50002649092455687,0,0,0,0,0,0.70705269420771444
2497,21.669356888835168,-0.5000265010609436,0,0,0,0,0,0.70705268704732305
2498,21.678035045378554,-0.50002653441036493,0,0,0,0,0,0.70705266347283846
2499,21.68671320192194,-0.50002651924435682,0,0,0,0,0,0.70705267420613893
2500,21.695391358465326,-0.50002652368579137,0,0,0,0,0,0.70705267107280001
2501,21.704069515008712,-0.50002652579751916,0,0,0,0,0,0.70705266958805169
2502,21.712747671552098,-0.50002651672679643,0,0,0,0,0,0.70705267601125854
2503,21.721425828095484,-0.50002652941535142,0,0,0,0,0,0.70705266704654868
2504,21.73010398463887,-0.50002652703562123,0,0,0,0,0,0.70705266873791928
2505,21.738782141182256,-0.50002654275028779,0,0,0,0,0,0.70705265763323766
2506,21.747460297725642,-0.50002652742202369,0,0,0,0,0,0.70705266848033688
2507,21.756138454269028,-0.50002653150473109,0,0,0,0,0,0.70705266560011459
2508,21.764816610812417,-0.50002652264675396,0,0,0,0,0,0.70705267187117471
2509,21.773494767355803,-0.50002656347043772,0,0,0,0,0,0.70705264300916326
2510,21.782172923899189,-0.50002658873811157,0,0,0,0,0,0.70705262514882961
2511,21.790851080442575,-0.50002664917713824,0,0,0,0,0,0.70705258241614999
2512,21.799529236985961,-0.50002665130596802,0,0,0,0,0,0.70705258091763667
2513,21.808207393529347,-0.50002664913400552,0,0,0,0,0,0.7070525824605518
2514,21.816885550072733,-0.50002666545416863,0,0,0,0,0,0.70705257092630802
2515,21.825563706616119,-0.5000266483093232,0,0,0,0,0,0.70705258305687124
2516,21.834241863159505,-0.50002665362872545,0,0,0,0,0,0.70705257930164223
2517,21.842920019702891,-0.50002665288084847,0,0,0,0,0,0.70705257983722447
2518,21.851598176246277,-0.50002663812697223,0,0,0,0,0,0.7070525902767173
2519,21.860276332789663,-0.50002661285036987,0,0,0,0,0,0.7070526081577011
2520,21.868954489333049,-0.50002659494376311,0,0,0,0,0,0.70705262082709908
2521,21.877632645876435,-0.50002659226839374,0,0,0,0,0,0.70705262272531755
2522,21.886310802419821,-0.50002657290461727,0,0,0,0,0,0.7070526364243559
2523,21.894988958963207,-0.50002660513008612,0,0,0,0,0,0.70705261364120986
2524,21.903667115506593,-0.50002662077891702,0,0,0,0,0,0.70705260258020441
2525,21.912345272049979,-0.50002663278612069,0,0,0,0,0,0.70705259409493948
2526,21.921023428593365,-0.50002664465924351,0,0,0,0,0,0.70705258570414831
2527,21.929701585136751,-0.50002669408911737,0,0,0,0,0,0.70705255075443052
2528,21.938379741680137,-0.50002671923665254,0,0,0,0,0,0.70705253297618498
2529,21.947057898223523,-0.50002671892761053,0,0,0,0,0,0.70705253319982475
2530,21.955736054766909,-0.50002676603768326,0,0,0,0,0,0.70705249989013197
2531,21.964414211310295,-0.50002676911013033,0,0,0,0,0,0.70705249772175538
2532,21.973092367853681,-0.50002676690865289,0,0,0,0,0,0.70705249928331337
2533,21.981770524397067,-0.50002677492747682,0,0,0,0,0,0.70705249361705258
2534,21.990448680940457,-0.50002676507737653,0,0,0,0,0,0.70705250058705582
2535,21.999126837483843,-0.50002681175278751,0,0,0,0,0,0.70705246758407814
2536,22.007804994027229,-0.50002682351547134,0,0,0,0,0,0.70705245926996252
2537,22.016483150570615,-0.50002679256199689,0,0,0,0,0,0.70705248116271635
2538,22.025161307114001,-0.50002673225390426,0,0,0,0,0,0.70705252381380745
2539,22.033839463657387,-0.50002667696457814,0,0,0,0,0,0.70705256291580199
2540,22.042517620200773,-0.50002668947415119,0,0,0,0,0,0.70705255407299927
2541,22.051195776744159,-0.50002668563068631,0,0,0,0,0,0.70705255679430468
2542,22.059873933287545,-0.50002670456707043,0,0,0,0,0,0.70705254340648538
2543,22.068552089830931,-0.50002666968292397,0,0,0,0,0,0.70705256807819206
2544,22.077230246374317,-0.50002662345028248,0,0,0,0,0,0.70705260077498355
2545,22.085908402917703,-0.50002665166410065,0,0,0,0,0,0.70705258082614142
2546,22.094586559461089,-0.50002668634955139,0,0,0,0,0,0.70705255630067065
2547,22.103264716004475,-0.50002668234765202,0,0,0,0,0,0.70705255913318865
2548,22.111942872547861,-0.50002667971749915,0,0,0,0,0,0.70705256099554648
2549,22.120621029091247,-0.50002663570020023,0,0,0,0,0,0.70705259212496419
2550,22.129299185634633,-0.50002659919932135,0,0,0,0,0,0.707052617938982
2551,22.137977342178019,-0.50002658104415854,0,0,0,0,0,0.70705263077948499
2552,22.146655498721405,-0.50002655289147058,0,0,0,0,0,0.70705265068973033
2553,22.155333655264791,-0.50002655556441722,0,0,0,0,0,0.70705264880117769
2554,22.164011811808177,-0.50002650725394382,0,0,0,0,0,0.70705268296586077
2555,22.172689968351563,-0.50002653833303545,0,0,0,0,0,0.70705266098939568
2556,22.181368124894949,-0.50002653855341272,0,0,0,0,0,0.70705266083475837
2557,22.190046281438335,-0.5000265606959674,0,0,0,0,0,0.7070526451775494
2558,22.198724437981721,-0.50002652488252386,0,0,0,0,0,0.70705267050424248
2559,22.207402594525107,-0.50002651516767238,0,0,0,0,0,0.70705267737495836
2560,22.216080751068496,-0.50002651737759718,0,0,0,0,0,0.7070526758128588
2561,22.224758907611882,-0.5000265277668664,0,0,0,0,0,0.70705266846648329
2562,22.233437064155268,-0.50002653851510392,0,0,0,0,0,0.70705266086614516
2563,22.242115220698654,-0.50002655225643666,0,0,0,0,0,0.70705265114907434
2564,22.25079337724204,-0.50002653283158871,0,0,0,0,0,0.70705266488560436
2565,22.259471533785426,-0.50002657345233414,0,0,0,0,0,0.70705263616024727
2566,22.268149690328812,-0.50002658486790474,0,0,0,0,0,0.70705262808742342
2567,22.276827846872198,-0.50002660654440501,0,0,0,0,0,0.70705261275835385
2568,22.285506003415584,-0.50002658038991044,0,0,0,0,0,0.70705263125320361
2569,22.29418415995897,-0.50002655283616759,0,0,0,0,0,0.70705265073741042
2570,22.302862316502356,-0.50002655426147424,0,0,0,0,0,0.70705264972870552
2571,22.311540473045742,-0.50002651946973031,0,0,0,0,0,0.70705267433103047
2572,22.320218629589128,-0.50002650889828193,0,0,0,0,0,0.70705268180562886
2573,22.328896786132514,-0.50002654863339424,0,0,0,0,0,0.70705265370538306
2574,22.3375749426759,-0.50002656011475943,0,0,0,0,0,0.70705264558488423
2575,22.346253099219286,-0.50002651151635025,0,0,0,0,0,0.70705267995016641
2576,22.354931255762672,-0.50002650604863985,0,0,0,0,0,0.70705268381503572
2577,22.363609412306058,-0.50002653542045983,0,0,0,0,0,0.70705266304269698
2578,22.372287568849444,-0.50002650230943113,0,0,0,0,0,0.70705268645552821
2579,22.38096572539283,-0.5000264928380459,0,0,0,0,0,0.70705269315125285
2580,22.389643881936216,-0.50002655077405078,0,0,0,0,0,0.70705265217915358
2581,22.398322038479602,-0.50002651130913178,0,0,0,0,0,0.70705268008476541
2582,22.407000195022988,-0.50002650950988092,0,0,0,0,0,0.70705268135457189
2583,22.415678351566374,-0.50002653880403714,0,0,0,0,0,0.7070526606362848
2584,22.42435650810976,-0.50002654273322111,0,0,0,0,0,0.70705265785484883
2585,22.433034664653146,-0.50002654391901757,0,0,0,0,0,0.70705265701329356
2586,22.441712821196532,-0.5000264848810696,0,0,0,0,0,0.7070526987594552
2587,22.450390977739922,-0.50002653471887193,0,0,0,0,0,0.70705266351309071
2588,22.459069134283308,-0.50002654507809541,0,0,0,0,0,0.70705265618405111
2589,22.467747290826694,-0.50002654584159556,0,0,0,0,0,0.7070526556406187
2590,22.47642544737008,-0.50002654042923822,0,0,0,0,0,0.70705265946434892
2591,22.485103603913466,-0.50002656459891404,0,0,0,0,0,0.70705264236873155
2592,22.493781760456852,-0.50002659039092467,0,0,0,0,0,0.70705262412565872
2593,22.502459917000238,-0.50002659006045058,0,0,0,0,0,0.70705262435531591
2594,22.511138073543624,-0.50002659675201688,0,0,0,0,0,0.7070526196187723
2595,22.51981623008701,-0.50002654650173628,0,0,0,0,0,0.70705265514956928
2596,22.528494386630395,-0.50002656182971161,0,0,0,0,0,0.70705264430589665
2597,22.537172543173781,-0.50002659852320375,0,0,0,0,0,0.70705261835318822
2598,22.545850699717167,-0.50002656152743552,0,0,0,0,0,0.70705264451040684
2599,22.554528856260553,-0.50002650860381126,0,0,0,0,0,0.70705268193101745
2600,22.563207012803939,-0.50002648809222039,0,0,0,0,0,0.70705269643062874
2601,22.571885169347325,-0.50002646706281328,0,0,0,0,0,0.70705271129652481
2602,22.580563325890711,-0.5000264042989897,0,0,0,0,0,0.70705275567536763
2603,22.589241482434097,-0.50002639511082136,0,0,0,0,0,0.70705276216753887
2604,22.597919638977483,-0.50002640804466603,0,0,0,0,0,0.70705275301523329
2605,22.606597795520869,-0.50002644580821354,0,0,0,0,0,0.70705272630468841
2606,22.615275952064255,-0.5000264606399295,0,0,0,0,0,0.70705271581022089
2607,22.623954108607641,-0.50002653122787799,0,0,0,0,0,0.7070526658872538
2608,22.632632265151027,-0.50002659511553993,0,0,0,0,0,0.70705262070189789
2609,22.641310421694413,-0.50002655816163477,0,0,0,0,0,0.70705264682845836
2610,22.649988578237799,-0.50002656823856284,0,0,0,0,0,0.70705263969627197
2611,22.658666734781185,-0.50002655465693735,0,0,0,0,0,0.70705264929381606
2612,22.667344891324571,-0.50002650302778073,0,0,0,0,0,0.7070526857972812
2613,22.676023047867961,-0.50002650222176359,0,0,0,0,0,0.70705268636052843
2614,22.684701204411347,-0.50002650441571406,0,0,0,0,0,0.70705268480172023
2615,22.693379360954733,-0.50002646179152266,0,0,0,0,0,0.707052714936939
2616,22.702057517498119,-0.50002648474897315,0,0,0,0,0,0.70705269869521103
2617,22.710735674041505,-0.50002648245262515,0,0,0,0,0,0.70705270031178102
2618,22.719413830584891,-0.50002647461835326,0,0,0,0,0,0.70705270584542745
2619,22.728091987128277,-0.50002645017242009,0,0,0,0,0,0.70705272312523348
2620,22.736770143671663,-0.50002642884521242,0,0,0,0,0,0.70705273819965875
2621,22.745448300215049,-0.50002645170238702,0,0,0,0,0,0.70705272202886071
2622,22.754126456758435,-0.50002642329578795,0,0,0,0,0,0.70705274210861724
2623,22.762804613301821,-0.50002642803108033,0,0,0,0,0,0.70705273875236507
2624,22.771482769845207,-0.50002636418082724,0,0,0,0,0,0.70705278389678483
2625,22.780160926388593,-0.5000263767482156,0,0,0,0,0,0.70705277500085373
2626,22.788839082931979,-0.50002635069539936,0,0,0,0,0,0.70705279341723859
2627,22.797517239475365,-0.50002630685204807,0,0,0,0,0,0.70705282441404904
2628,22.806195396018751,-0.50002632264818292,0,0,0,0,0,0.70705281323590796
2629,22.814873552562137,-0.50002629539383758,0,0,0,0,0,0.70705283250131146
2630,22.823551709105523,-0.50002632057411001,0,0,0,0,0,0.70705281468548975
2631,22.832229865648909,-0.50002634152884839,0,0,0,0,0,0.7070527998578342
2632,22.840908022192295,-0.50002639535983873,0,0,0,0,0,0.70705276178149568
2633,22.849586178735681,-0.50002635993542466,0,0,0,0,0,0.70705278682385853
2634,22.858264335279067,-0.50002633400296603,0,0,0,0,0,0.70705280515366198
2635,22.866942491822453,-0.50002637153214158,0,0,0,0,0,0.70705277860468385
2636,22.875620648365839,-0.5000264007793721,0,0,0,0,0,0.7070527579122583
2637,22.884298804909225,-0.50002639133822302,0,0,0,0,0,0.7070527645792275
2638,22.892976961452611,-0.50002633613493896,0,0,0,0,0,0.7070528036078283
2639,22.901655117996,-0.50002632147306347,0,0,0,0,0,0.70705281396735131
2640,22.910333274539386,-0.50002635706419107,0,0,0,0,0,0.70705278878826405
2641,22.919011431082772,-0.50002642050751445,0,0,0,0,0,0.7070527439126213
2642,22.927689587626158,-0.50002645904149157,0,0,0,0,0,0.70705271665152125
2643,22.936367744169544,-0.50002644800321805,0,0,0,0,0,0.70705272444758904
2644,22.94504590071293,-0.50002646495237379,0,0,0,0,0,0.70705271245165058
2645,22.953724057256316,-0.50002647681125312,0,0,0,0,0,0.70705270405508713
2646,22.962402213799702,-0.5000265154022967,0,0,0,0,0,0.70705267675411854
2647,22.971080370343088,-0.50002655343986169,0,0,0,0,0,0.70705264984404614
2648,22.979758526886474,-0.50002655299397603,0,0,0,0,0,0.707052650149814
2649,22.98843668342986,-0.50002652605990372,0,0,0,0,0,0.70705266918728604
2650,22.997114839973246,-0.5000265490914676,0,0,0,0,0,0.70705265288944119
2651,23.005792996516632,-0.50002654174668626,0,0,0,0,0,0.70705265807346507
2652,23.014471153060018,-0.50002651200350756,0,0,0,0,0,0.70705267909711722
2653,23.023149309603404,-0.50002649696577162,0,0,0,0,0,0.70705268972143465
2654,23.03182746614679,-0.50002651487302441,0,0,0,0,0,0.70705267704744124
2655,23.040505622690176,-0.50002653098622429,0,0,0,0,0,0.70705266564209879
2656,23.049183779233562,-0.50002652142612891,0,0,0,0,0,0.70705267239109304
2657,23.057861935776948,-0.50002649105752539,0,0,0,0,0,0.70705269385659264
2658,23.066540092320334,-0.50002647974433601,0,0,0,0,0,0.70705270184564384
2659,23.07521824886372,-0.50002650384416858,0,0,0,0,0,0.7070526847906935
2660,23.083896405407106,-0.50002649916128195,0,0,0,0,0,0.70705268809081012
2661,23.092574561950492,-0.5000265157114997,0,0,0,0,0,0.70705267637600855
2662,23.101252718493878,-0.5000264762220038,0,0,0,0,0,0.70705270429082745
2663,23.109930875037264,-0.50002649839513891,0,0,0,0,0,0.70705268859828108
2664,23.11860903158065,-0.5000265467460816,0,0,0,0,0,0.70705265439419751
2665,23.127287188124036,-0.50002651817633581,0,0,0,0,0,0.70705267458683352
2666,23.135965344667426,-0.50002653195521385,0,0,0,0,0,0.70705266483131979
2667,23.144643501210812,-0.50002655854742784,0,0,0,0,0,0.70705264601443263
2668,23.153321657754198,-0.50002661353310141,0,0,0,0,0,0.70705260711806606
2669,23.161999814297584,-0.50002661131507831,0,0,0,0,0,0.7070526086743818
2670,23.17067797084097,-0.50002662532517272,0,0,0,0,0,0.70705259875549631
2671,23.179356127384356,-0.50002660369791785,0,0,0,0,0,0.70705261403889508
2672,23.188034283927742,-0.50002658676184775,0,0,0,0,0,0.7070526260048533
2673,23.196712440471128,-0.5000266058119307,0,0,0,0,0,0.70705261252077856
2674,23.205390597014514,-0.50002657076286439,0,0,0,0,0,0.70705263729581114
2675,23.2140687535579,-0.50002659866947929,0,0,0,0,0,0.70705261754911408
2676,23.222746910101286,-0.50002656851410598,0,0,0,0,0,0.70705263886265257
2677,23.231425066644672,-0.50002660164053081,0,0,0,0,0,0.70705261542373499
2678,23.240103223188058,-0.50002658298679059,0,0,0,0,0,0.70705262860400253
2679,23.248781379731444,-0.50002660793290632,0,0,0,0,0,0.70705261095006222
2680,23.25745953627483,-0.50002664750475012,0,0,0,0,0,0.70705258295342888
2681,23.266137692818216,-0.5000266610248032,0,0,0,0,0,0.70705257338080751
2682,23.274815849361602,-0.50002667432222947,0,0,0,0,0,0.70705256396428817
2683,23.283494005904988,-0.50002671078109873,0,0,0,0,0,0.70705253816901181
2684,23.292172162448374,-0.50002665995708084,0,0,0,0,0,0.70705257410002464
2685,23.30085031899176,-0.50002660009621258,0,0,0,0,0,0.70705261642156658
2686,23.309528475535146,-0.50002657103284798,0,0,0,0,0,0.70705263696350262
2687,23.318206632078532,-0.50002659809373962,0,0,0,0,0,0.70705261781457107
2688,23.326884788621918,-0.50002660812185129,0,0,0,0,0,0.70705261071100012
2689,23.335562945165304,-0.50002657319016652,0,0,0,0,0,0.70705263540267227
2690,23.34424110170869,-0.50002657033283937,0,0,0,0,0,0.70705263741215241
2691,23.352919258252076,-0.50002654321955409,0,0,0,0,0,0.70705265657446326
2692,23.361597414795465,-0.50002651578256896,0,0,0,0,0,0.70705267596584764
2693,23.370275571338851,-0.50002649745450711,0,0,0,0,0,0.70705268891603013
2694,23.378953727882237,-0.50002648320927778,0,0,0,0,0,0.70705269897883061
2695,23.387631884425623,-0.50002651360198203,0,0,0,0,0,0.7070526774734418
2696,23.396310040969009,-0.50002653097418581,0,0,0,0,0,0.70705266517565146
2697,23.404988197512395,-0.50002658226529517,0,0,0,0,0,0.70705262889044729
2698,23.413666354055781,-0.50002655553142983,0,0,0,0,0,0.70705264778456112
2699,23.422344510599167,-0.50002652892718213,0,0,0,0,0,0.70705266658744303
2700,23.431022667142553,-0.50002656268345536,0,0,0,0,0,0.70705264270258672
2701,23.439700823685939,-0.50002659707865005,0,0,0,0,0,0.7070526183661201
2702,23.448378980229325,-0.50002663924754398,0,0,0,0,0,0.70705258853238728
2703,23.457057136772711,-0.5000266594398225,0,0,0,0,0,0.70705257424082024
2704,23.465735293316097,-0.50002669681233669,0,0,0,0,0,0.70705254779912741
2705,23.474413449859483,-0.50002672738991005,0,0,0,0,0,0.70705252616299719
2706,23.483091606402869,-0.50002672986749408,0,0,0,0,0,0.70705252439894695
2707,23.491769762946255,-0.50002671139527932,0,0,0,0,0,0.70705253745115071
2708,23.500447919489641,-0.50002674568971339,0,0,0,0,0,0.7070525131860208
2709,23.509126076033027,-0.50002677028706755,0,0,0,0,0,0.70705249577903251
2710,23.517804232576413,-0.50002680927947685,0,0,0,0,0,0.70705246819132039
2711,23.526482389119799,-0.500026844994505,0,0,0,0,0,0.707052442922528
2712,23.535160545663185,-0.50002682952815625,0,0,0,0,0,0.70705245384856275
2713,23.543838702206571,-0.5000268275540497,0,0,0,0,0,0.70705245523265781
2714,23.552516858749957,-0.5000268290186245,0,0,0,0,0,0.70705245418509577
2715,23.561195015293343,-0.50002689019945867,0,0,0,0,0,0.70705241090571391
2716,23.569873171836729,-0.50002687586409711,0,0,0,0,0,0.70705242103311505
2717,23.578551328380115,-0.50002688317338129,0,0,0,0,0,0.70705241585225309
2718,23.587229484923505,-0.50002685914300582,0,0,0,0,0,0.70705243283446961
2719,23.595907641466891,-0.5000268981507664,0,0,0,0,0,0.70705240523617352
2720,23.604585798010277,-0.50002690189824461,0,0,0,0,0,0.70705240257395552
2721,23.613263954553663,-0.50002690992112164,0,0,0,0,0,0.70705239688832133
2722,23.621942111097049,-0.50002690716868126,0,0,0,0,0,0.70705239882381044
2723,23.630620267640435,-0.50002694911547152,0,0,0,0,0,0.70705236914722036
2724,23.639298424183821,-0.50002695076863857,0,0,0,0,0,0.70705236796747784
2725,23.647976580727207,-0.50002700384110743,0,0,0,0,0,0.70705233042273008
2726,23.656654737270593,-0.50002702595689663,0,0,0,0,0,0.70705231477097996
2727,23.665332893813979,-0.50002698094564446,0,0,0,0,0,0.70705234659317462
2728,23.674011050357365,-0.50002693928968323,0,0,0,0,0,0.70705237604277116
2729,23.682689206900751,-0.50002696082321862,0,0,0,0,0,0.70705236080289424
2730,23.691367363444137,-0.50002700184050342,0,0,0,0,0,0.707052331784773
2731,23.700045519987523,-0.50002701474129863,0,0,0,0,0,0.70705232265163431
2732,23.708723676530909,-0.50002700652687126,0,0,0,0,0,0.70705232844996857
2733,23.717401833074295,-0.50002699569945719,0,0,0,0,0,0.70705233609736595
2734,23.726079989617681,-0.50002698528663247,0,0,0,0,0,0.70705234345223289
2735,23.734758146161067,-0.50002697282473052,0,0,0,0,0,0.7070523522556531
2736,23.743436302704453,-0.50002697593232248,0,0,0,0,0,0.70705235004799505
2737,23.752114459247839,-0.50002700850337356,0,0,0,0,0,0.70705232700290033
2738,23.760792615791225,-0.50002701270154126,0,0,0,0,0,0.70705232402299956
2739,23.769470772334611,-0.50002704819810206,0,0,0,0,0,0.7070522989099306
2740,23.778148928877997,-0.50002705571746697,0,0,0,0,0,0.70705229358194543
2741,23.786827085421383,-0.50002704411043519,0,0,0,0,0,0.70705230178041667
2742,23.795505241964769,-0.50002703096904511,0,0,0,0,0,0.7070523110657092
2743,23.804183398508155,-0.50002704529565389,0,0,0,0,0,0.70705230092410432
2744,23.812861555051544,-0.50002704277820664,0,0,0,0,0,0.70705230269402009
2745,23.82153971159493,-0.50002703494519585,0,0,0,0,0,0.70705230822535015
2746,23.830217868138316,-0.50002702939435706,0,0,0,0,0,0.70705231214121866
2747,23.838896024681702,-0.5000270253716631,0,0,0,0,0,0.70705231497649557
2748,23.847574181225088,-0.50002704188840763,0,0,0,0,0,0.7070523032869005
2749,23.856252337768474,-0.50002704560897915,0,0,0,0,0,0.70705230064596236
2750,23.86493049431186,-0.50002705621573151,0,0,0,0,0,0.70705229313629836
2751,23.873608650855246,-0.50002707594708073,0,0,0,0,0,0.70705227917336622
2752,23.882286807398632,-0.50002707268607027,0,0,0,0,0,0.70705228147016896
2753,23.890964963942018,-0.50002706050558521,0,0,0,0,0,0.70705229007701931
2754,23.899643120485404,-0.50002707443277639,0,0,0,0,0,0.7070522802178747
2755,23.90832127702879,-0.5000270567008025,0,0,0,0,0,0.70705229275064418
2756,23.916999433572176,-0.50002707302916882,0,0,0,0,0,0.7070522811942368
2757,23.925677590115562,-0.50002703041082242,0,0,0,0,0,0.70705231132730617
2758,23.934355746658948,-0.50002699521400162,0,0,0,0,0,0.70705233621246322
2759,23.943033903202334,-0.50002698370228971,0,0,0,0,0,0.7070523443454455
2760,23.95171205974572,-0.50002702336389615,0,0,0,0,0,0.70705231628804199
2761,23.960390216289106,-0.50002705751914378,0,0,0,0,0,0.70705229212413556
2762,23.969068372832492,-0.50002701792524407,0,0,0,0,0,0.70705232011940922
2763,23.977746529375878,-0.50002704147869614,0,0,0,0,0,0.70705230345351922
2764,23.986424685919264,-0.50002703587624897,0,0,0,0,0,0.70705230740902181
2765,23.99510284246265,-0.50002703766320689,0,0,0,0,0,0.70705230613881298
2766,24.003780999006036,-0.50002704035087564,0,0,0,0,0,0.70705230423118692
2767,24.012459155549422,-0.50002708172175669,0,0,0,0,0,0.7070522749646706
2768,24.021137312092808,-0.50002712683281492,0,0,0,0,0,0.70705224305370251
2769,24.029815468636194,-0.50002712656664361,0,0,0,0,0,0.70705224323545579
2770,24.03849362517958,-0.50002714731621511,0,0,0,0,0,0.70705222855265148
2771,24.04717178172297,-0.5000271365299126,0,0,0,0,0,0.70705223617367174
2772,24.055849938266356,-0.50002713602163462,0,0,0,0,0,0.70705223652664806
2773,24.064528094809742,-0.50002712366751956,0,0,0,0,0,0.7070522452588488
2774,24.073206251353128,-0.50002709410244739,0,0,0,0,0,0.70705226616141559
2775,24.081884407896514,-0.50002710886751212,0,0,0,0,0,0.70705225571143338
2776,24.0905625644399,-0.50002713069490645,0,0,0,0,0,0.70705224026882441
2777,24.099240720983286,-0.50002717223670257,0,0,0,0,0,0.70705221088307546
2778,24.107918877526672,-0.50002719561364428,0,0,0,0,0,0.70705219434328637
2779,24.116597034070058,-0.50002723385042525,0,0,0,0,0,0.70705216729481002
2780,24.125275190613443,-0.50002718370793264,0,0,0,0,0,0.70705220275188196
2781,24.133953347156829,-0.50002718722353312,0,0,0,0,0,0.70705220025886639
2782,24.142631503700215,-0.50002715446410195,0,0,0,0,0,0.70705222342193963
2783,24.151309660243601,-0.50002716329852626,0,0,0,0,0,0.70705221716796451
2784,24.159987816786987,-0.50002716776188738,0,0,0,0,0,0.70705221400748286
2785,24.168665973330373,-0.50002716751307663,0,0,0,0,0,0.70705221417890485
2786,24.177344129873759,-0.50002713559334189,0,0,0,0,0,0.7070522367494263
2787,24.186022286417145,-0.50002719784384297,0,0,0,0,0,0.70705219271903186
2788,24.194700442960531,-0.5000272261402342,0,0,0,0,0,0.70705217270143805
2789,24.203378599503917,-0.5000271929357174,0,0,0,0,0,0.70705219618041326
2790,24.212056756047303,-0.50002720263756184,0,0,0,0,0,0.70705218931529856
2791,24.220734912590689,-0.50002719595483502,0,0,0,0,0,0.70705219403707442
2792,24.229413069134075,-0.50002721537182959,0,0,0,0,0,0.70705218029964101
2793,24.238091225677461,-0.50002725385779423,0,0,0,0,0,0.70705215307779801
2794,24.246769382220847,-0.50002725233886824,0,0,0,0,0,0.70705215414970457
2795,24.255447538764233,-0.50002724723395564,0,0,0,0,0,0.70705215775568409
2796,24.264125695307619,-0.50002723769210267,0,0,0,0,0,0.70705216450064956
2797,24.272803851851009,-0.50002728336579982,0,0,0,0,0,0.70705213219560914
2798,24.281482008394395,-0.50002733605132055,0,0,0,0,0,0.70705209493169829
2799,24.290160164937781,-0.5000274011670417,0,0,0,0,0,0.70705204887674089
2800,24.298838321481167,-0.5000273774567483,0,0,0,0,0,0.70705206564304746
2801,24.307516478024553,-0.50002735322676106,0,0,0,0,0,0.70705208277734211
2802,24.316194634567939,-0.50002740156242453,0,0,0,0,0,0.7070520485895111
2803,24.324872791111325,-0.50002741643289772,0,0,0,0,0,0.70705203806931438
2804,24.333550947654711,-0.50002739333943347,0,0,0,0,0,0.70705205440121732
2805,24.342229104198097,-0.50002742189887939,0,0,0,0,0,0.70705203420027796
2806,24.350907260741483,-0.50002744263523868,0,0,0,0,0,0.70705201953337737
2807,24.359585417284869,-0.50002740591644157,0,0,0,0,0,0.70705204550001621
2808,24.368263573828255,-0.50002742665782107,0,0,0,0,0,0.70705203082938617
2809,24.376941730371641,-0.50002746150978317,0,0,0,0,0,0.70705200618005004
2810,24.385619886915027,-0.50002745259153414,0,0,0,0,0,0.7070520124859625
2811,24.394298043458413,-0.5000274466582012,0,0,0,0,0,0.70705201668057571
2812,24.402976200001799,-0.50002739220322312,0,0,0,0,0,0.70705205519201564
2813,24.411654356545185,-0.50002742626859797,0,0,0,0,0,0.70705203109977421
2814,24.420332513088571,-0.50002746848435442,0,0,0,0,0,0.70705200124199774
2815,24.429010669631957,-0.50002745887292133,0,0,0,0,0,0.70705200803845536
2816,24.437688826175343,-0.50002752662637517,0,0,0,0,0,0.70705196012102223
2817,24.446366982718729,-0.50002752367481917,0,0,0,0,0,0.7070519622066237
2818,24.455045139262115,-0.50002750131669915,0,0,0,0,0,0.707051978020655
2819,24.463723295805501,-0.50002748650088036,0,0,0,0,0,0.70705198849854844
2820,24.472401452348887,-0.50002750198240786,0,0,0,0,0,0.70705197754939597
2821,24.481079608892273,-0.50002749651892331,0,0,0,0,0,0.70705198141262149
2822,24.489757765435659,-0.50002752366975556,0,0,0,0,0,0.70705196220988986
2823,24.498435921979048,-0.5000275391232829,0,0,0,0,0,0.70705195128121723
2824,24.507114078522434,-0.50002748256906149,0,0,0,0,0,0.70705199127993279
2825,24.51579223506582,-0.50002748472711145,0,0,0,0,0,0.7070519897554477
2826,24.524470391609206,-0.5000275167617696,0,0,0,0,0,0.70705196709946994
2827,24.533148548152592,-0.50002748497402982,0,0,0,0,0,0.70705198958335069
2828,24.541826704695978,-0.50002753620979001,0,0,0,0,0,0.70705195334857263
2829,24.550504861239364,-0.5000275495033536,0,0,0,0,0,0.70705194394723136
2830,24.55918301778275,-0.50002750614624436,0,0,0,0,0,0.70705197461322988
2831,24.567861174326136,-0.50002754414240513,0,0,0,0,0,0.70705194774205671
2832,24.576539330869522,-0.50002753024274227,0,0,0,0,0,0.707051957573676
2833,24.585217487412908,-0.5000275214067329,0,0,0,0,0,0.70705196382549129
2834,24.593895643956294,-0.50002750367948268,0,0,0,0,0,0.70705197636471451
2835,24.60257380049968,-0.5000274756589318,0,0,0,0,0,0.70705199618465064
2836,24.611251957043066,-0.50002750947370256,0,0,0,0,0,0.70705197227138106
2837,24.619930113586452,-0.50002754863159693,0,0,0,0,0,0.70705194458048348
2838,24.628608270129838,-0.50002760486375186,0,0,0,0,0,0.70705190481380287
2839,24.637286426673224,-0.50002766252514952,0,0,0,0,0,0.70705186403683218
2840,24.64596458321661,-0.50002767216533639,0,0,0,0,0,0.70705185722169395
2841,24.654642739759996,-0.500027705861817,0,0,0,0,0,0.70705183339362421
2842,24.663320896303382,-0.50002765440686336,0,0,0,0,0,0.70705186978771195
2843,24.671999052846768,-0.50002767153784999,0,0,0,0,0,0.70705185767669532
2844,24.680677209390154,-0.50002768807349729,0,0,0,0,0,0.70705184598601933
2845,24.68935536593354,-0.50002772536532503,0,0,0,0,0,0.70705181961507213
2846,24.698033522476926,-0.50002771857274164,0,0,0,0,0,0.70705182442169345
2847,24.706711679020312,-0.50002772376290505,0,0,0,0,0,0.70705182075555228
2848,24.715389835563698,-0.5000277498664828,0,0,0,0,0,0.70705180229718323
2849,24.724067992107088,-0.50002777140791543,0,0,0,0,0,0.7070517870665407
2850,24.732746148650474,-0.5000277663412146,0,0,0,0,0,0.70705179065645041
2851,24.74142430519386,-0.50002780051119255,0,0,0,0,0,0.70705176649430967
2852,24.750102461737246,-0.50002785324105625,0,0,0,0,0,0.70705172920693471
2853,24.758780618280632,-0.50002779551381971,0,0,0,0,0,0.70705177003934416
2854,24.767458774824018,-0.50002778074595311,0,0,0,0,0,0.70705178048791684
2855,24.776136931367404,-0.50002781600013979,0,0,0,0,0,0.70705175555957744
2856,24.78481508791079,-0.50002776122292636,0,0,0,0,0,0.70705179430533605
2857,24.793493244454176,-0.50002773005179546,0,0,0,0,0,0.70705181635521797
2858,24.802171400997562,-0.50002773223229491,0,0,0,0,0,0.70705181481951929
2859,24.810849557540948,-0.50002775800570531,0,0,0,0,0,0.70705179659680617
2860,24.819527714084334,-0.50002774857555465,0,0,0,0,0,0.70705180327300354
2861,24.82820587062772,-0.50002776968256812,0,0,0,0,0,0.70705178835120819
2862,24.836884027171106,-0.50002774931925797,0,0,0,0,0,0.70705180275881929
2863,24.845562183714492,-0.50002778604618092,0,0,0,0,0,0.70705177679027287
2864,24.854240340257878,-0.5000277785901619,0,0,0,0,0,0.7070517820711828
2865,24.862918496801264,-0.50002778942124859,0,0,0,0,0,0.70705177441856648
2866,24.87159665334465,-0.5000278198258209,0,0,0,0,0,0.70705175292259526
2867,24.880274809888036,-0.50002785567778985,0,0,0,0,0,0.70705172757428691
2868,24.888952966431422,-0.50002784736385031,0,0,0,0,0,0.70705173346219219
2869,24.897631122974808,-0.50002789273982995,0,0,0,0,0,0.70705170137842366
2870,24.906309279518194,-0.50002790638283179,0,0,0,0,0,0.70705169173756666
2871,24.91498743606158,-0.50002792749893854,0,0,0,0,0,0.70705167681101244
2872,24.923665592604966,-0.50002791163564009,0,0,0,0,0,0.70705168803810281
2873,24.932343749148352,-0.50002792357376813,0,0,0,0,0,0.70705167960310966
2874,24.941021905691738,-0.50002793349143615,0,0,0,0,0,0.70705167259658097
2875,24.949700062235124,-0.50002794893297597,0,0,0,0,0,0.70705166168501421
2876,24.958378218778513,-0.5000279217912641,0,0,0,0,0,0.70705168088889359
2877,24.967056375321899,-0.50002791937518676,0,0,0,0,0,0.70705168260533924
2878,24.975734531865285,-0.50002791819221692,0,0,0,0,0,0.70705168344927749
2879,24.984412688408671,-0.50002790950770226,0,0,0,0,0,0.70705168960088471
2880,24.993090844952057,-0.5000279103738221,0,0,0,0,0,0.7070516889966072
2881,25.001769001495443,-0.50002790292034083,0,0,0,0,0,0.70705169427758108
2882,25.010447158038829,-0.50002785977276243,0,0,0,0,0,0.70705172480064604
2883,25.019125314582215,-0.50002791468406027,0,0,0,0,0,0.7070516859754008
2884,25.027803471125601,-0.500027928937267,0,0,0,0,0,0.7070516759033616
2885,25.036481627668987,-0.50002792315107314,0,0,0,0,0,0.70705168000486296
2886,25.045159784212373,-0.50002790665733143,0,0,0,0,0,0.70705169167930215
2887,25.053837940755759,-0.50002791375679934,0,0,0,0,0,0.70705168666807694
2888,25.062516097299145,-0.50002792253164174,0,0,0,0,0,0.70705168047301648
2889,25.071194253842531,-0.50002790952187937,0,0,0,0,0,0.70705168968340715
2890,25.079872410385917,-0.50002794668010897,0,0,0,0,0,0.70705166341403825
2891,25.088550566929303,-0.5000280008101885,0,0,0,0,0,0.70705162514213526
2892,25.097228723472689,-0.50002801999923263,0,0,0,0,0,0.70705161158119267
2893,25.105906880016075,-0.50002805335418576,0,0,0,0,0,0.70705158800273438
2894,25.114585036559461,-0.50002803657060346,0,0,0,0,0,0.7070515998823268
2895,25.123263193102847,-0.50002808476276028,0,0,0,0,0,0.70705156581125195
2896,25.131941349646233,-0.50002805653128546,0,0,0,0,0,0.70705158578775951
2897,25.140619506189619,-0.5000280663030211,0,0,0,0,0,0.70705157888698977
2898,25.149297662733005,-0.50002806737819794,0,0,0,0,0,0.70705157813687691
2899,25.157975819276391,-0.50002808231656415,0,0,0,0,0,0.70705156758335086
2900,25.166653975819777,-0.5000280907561292,0,0,0,0,0,0.70705156162491178
2901,25.175332132363163,-0.50002810680767473,0,0,0,0,0,0.70705155028427669
2902,25.184010288906553,-0.50002811563812233,0,0,0,0,0,0.70705154404979709
2903,25.192688445449939,-0.50002811914441969,0,0,0,0,0,0.7070515415808849
2904,25.201366601993325,-0.50002809904774426,0,0,0,0,0,0.70705155580451517
2905,25.210044758536711,-0.50002811855340645,0,0,0,0,0,0.70705154202061671
2906,25.218722915080097,-0.50002812506924565,0,0,0,0,0,0.70705153742314586
2907,25.227401071623483,-0.50002816441268316,0,0,0,0,0,0.70705150960995056
2908,25.236079228166869,-0.50002813202936836,0,0,0,0,0,0.70705153252248465
2909,25.244757384710255,-0.50002809204498067,0,0,0,0,0,0.70705156081164588
2910,25.253435541253641,-0.50002809374887103,0,0,0,0,0,0.70705155961732657
2911,25.262113697797027,-0.50002807287578477,0,0,0,0,0,0.70705157438989374
2912,25.270791854340413,-0.50002809290208738,0,0,0,0,0,0.70705156023904081
2913,25.279470010883799,-0.50002811740818609,0,0,0,0,0,0.70705154291883865
2914,25.288148167427185,-0.50002810723235869,0,0,0,0,0,0.70705155012639409
2915,25.296826323970571,-0.50002811190539476,0,0,0,0,0,0.70705154683304894
2916,25.305504480513957,-0.50002808794623776,0,0,0,0,0,0.70705156378832257
2917,25.314182637057343,-0.50002814922767858,0,0,0,0,0,0.70705152046083342
2918,25.322860793600729,-0.50002811996973162,0,0,0,0,0,0.70705154116444024
2919,25.331538950144115,-0.50002806573912117,0,0,0,0,0,0.70705157952795705
2920,25.340217106687501,-0.50002808812741917,0,0,0,0,0,0.70705156370702538
2921,25.348895263230887,-0.50002807983121234,0,0,0,0,0,0.70705156958680027
2922,25.357573419774273,-0.50002810119633312,0,0,0,0,0,0.70705155448932189
2923,25.366251576317659,-0.50002809671466897,0,0,0,0,0,0.70705155767080896
2924,25.374929732861045,-0.50002810573356504,0,0,0,0,0,0.70705155130391262
2925,25.383607889404431,-0.50002807220871082,0,0,0,0,0,0.70705157502502813
2926,25.392286045947817,-0.50002803708646149,0,0,0,0,0,0.70705159987593724
2927,25.400964202491203,-0.50002799672985387,0,0,0,0,0,0.70705162842894764
2928,25.409642359034592,-0.50002799776306028,0,0,0,0,0,0.70705162771095731
2929,25.418320515577978,-0.5000279865546482,0,0,0,0,0,0.70705163565076479
2930,25.426998672121364,-0.50002797769224216,0,0,0,0,0,0.7070516419301538
2931,25.43567682866475,-0.50002797871058158,0,0,0,0,0,0.70705164122249631
2932,25.444354985208136,-0.50002800605404218,0,0,0,0,0,0.70705162189765192
2933,25.453033141751522,-0.50002798373192403,0,0,0,0,0,0.70705163769667889
2934,25.461711298294908,-0.50002801522197926,0,0,0,0,0,0.70705161543926809
2935,25.470389454838294,-0.50002802608844465,0,0,0,0,0,0.70705160776721243
2936,25.47906761138168,-0.50002801220978199,0,0,0,0,0,0.70705161759458335
2937,25.487745767925066,-0.50002798789394953,0,0,0,0,0,0.70705163480359223
2938,25.496423924468452,-0.5000280376915528,0,0,0,0,0,0.70705159959933717
2939,25.505102081011838,-0.50002806406140299,0,0,0,0,0,0.70705158096310838
2940,25.513780237555224,-0.50002801386137807,0,0,0,0,0,0.70705161647697379
2941,25.52245839409861,-0.5000279630706731,0,0,0,0,0,0.70705165240844625
2942,25.531136550641996,-0.50002794934132089,0,0,0,0,0,0.70705166213046922
2943,25.539814707185382,-0.50002799590029023,0,0,0,0,0,0.70705162921670484
2944,25.548492863728768,-0.50002802741753005,0,0,0,0,0,0.70705160694024749
2945,25.557171020272154,-0.50002801386143625,0,0,0,0,0,0.70705161653930204
2946,25.56584917681554,-0.50002803011111197,0,0,0,0,0,0.70705160506063924
2947,25.574527333358926,-0.50002801774494676,0,0,0,0,0,0.70705161381790127
2948,25.583205489902312,-0.50002799826643218,0,0,0,0,0,0.70705162760520024
2949,25.591883646445698,-0.5000279794526894,0,0,0,0,0,0.70705164092292039
2950,25.600561802989084,-0.50002795390701316,0,0,0,0,0,0.70705165900166211
2951,25.60923995953247,-0.50002796035511077,0,0,0,0,0,0.70705165445425966
2952,25.617918116075856,-0.50002793878087626,0,0,0,0,0,0.70705166972349875
2953,25.626596272619242,-0.50002793343004837,0,0,0,0,0,0.70705167351989262
2954,25.635274429162632,-0.50002797314172975,0,0,0,0,0,0.70705164544831334
2955,25.643952585706018,-0.50002799239335172,0,0,0,0,0,0.70705163184623898
2956,25.652630742249404,-0.50002796689419005,0,0,0,0,0,0.7070516498917363
2957,25.66130889879279,-0.50002799827886502,0,0,0,0,0,0.70705162770905305
2958,25.669987055336176,-0.5000280112093155,0,0,0,0,0,0.70705161857700161
2959,25.678665211879562,-0.50002797230668161,0,0,0,0,0,0.70705164610138294
2960,25.687343368422948,-0.50002797915267849,0,0,0,0,0,0.70705164127274189
2961,25.696021524966334,-0.5000280276589506,0,0,0,0,0,0.70705160698252945
2962,25.70469968150972,-0.50002801477253145,0,0,0,0,0,0.70705161610775935
2963,25.713377838053106,-0.50002802472296315,0,0,0,0,0,0.70705160908239284
2964,25.722055994596492,-0.50002802268855451,0,0,0,0,0,0.70705161053444376
2965,25.730734151139877,-0.50002800502710576,0,0,0,0,0,0.7070516230360866
2966,25.739412307683263,-0.50002800996858343,0,0,0,0,0,0.70705161955407059
2967,25.748090464226649,-0.50002804775168663,0,0,0,0,0,0.70705159284612051
2968,25.756768620770035,-0.50002804669324019,0,0,0,0,0,0.70705159360749992
2969,25.765446777313421,-0.50002809289434236,0,0,0,0,0,0.70705156094670585
2970,25.774124933856807,-0.50002806103591557,0,0,0,0,0,0.70705158348923902
2971,25.782803090400193,-0.50002806836296876,0,0,0,0,0,0.70705157831933896
2972,25.791481246943579,-0.50002807386041959,0,0,0,0,0,0.70705157444380307
2973,25.800159403486965,-0.50002806347025064,0,0,0,0,0,0.70705158180332006
2974,25.808837560030351,-0.50002810062145053,0,0,0,0,0,0.70705155554207888
2975,25.817515716573737,-0.50002807216128287,0,0,0,0,0,0.70705157568071897
2976,25.826193873117123,-0.50002806376500319,0,0,0,0,0,0.70705158163093706
2977,25.834872029660509,-0.50002808325442605,0,0,0,0,0,0.70705156786062329
2978,25.843550186203895,-0.50002809108451618,0,0,0,0,0,0.70705156233509037
2979,25.852228342747281,-0.50002810942143761,0,0,0,0,0,0.7070515493783347
2980,25.860906499290667,-0.50002808380842889,0,0,0,0,0,0.70705156750208165
2981,25.869584655834057,-0.50002805078672963,0,0,0,0,0,0.70705159086603864
2982,25.878262812377443,-0.50002805599151445,0,0,0,0,0,0.70705158719733952
2983,25.886940968920829,-0.50002804659150835,0,0,0,0,0,0.70705159385723793
2984,25.895619125464215,-0.50002805043966603,0,0,0,0,0,0.70705159114596405
2985,25.904297282007601,-0.50002808337637727,0,0,0,0,0,0.70705156786439982
2986,25.912975438550987,-0.50002808819050049,0,0,0,0,0,0.70705156447201034
2987,25.921653595094373,-0.50002806976974801,0,0,0,0,0,0.70705157750968084
2988,25.930331751637759,-0.50002802707946914,0,0,0,0,0,0.7070516077100315
2989,25.939009908181145,-0.5000280185403615,0,0,0,0,0,0.70705161375997072
2990,25.947688064724531,-0.50002799253438135,0,0,0,0,0,0.7070516321610274
2991,25.956366221267917,-0.50002797588024317,0,0,0,0,0,0.70705164394863651
2992,25.965044377811303,-0.50002798771263435,0,0,0,0,0,0.70705163559247808
2993,25.973722534354689,-0.5000279694121923,0,0,0,0,0,0.70705164854490832
2994,25.982400690898075,-0.50002792288573916,0,0,0,0,0,0.70705168145784114
2995,25.991078847441461,-0.50002790302818811,0,0,0,0,0,0.70705169551027325
2996,25.999757003984847,-0.50002794238410175,0,0,0,0,0,0.70705166768805583
2997,26.008435160528233,-0.50002790965499067,0,0,0,0,0,0.70705169084363995
2998,26.017113317071619,-0.50002791220126119,0,0,0,0,0,0.7070516890536922
2999,26.025791473615005,-0.50002793997966877,0,0,0,0,0,0.70705166941864661
3000,26.034469630158391,-0.50002792805819629,0,0,0,0,0,0.70705167785973089
3001,26.043147786701777,-0.50002789472741638,0,0,0,0,0,0.70705170144075957
3002,26.051825943245163,-0.50002790211935721,0,0,0,0,0,0.70705169622236141
3003,26.060504099788549,-0.50002786638187846,0,0,0,0,0,0.70705172150474738
3004,26.069182256331935,-0.50002784674408651,0,0,0,0,0,0.70705173540111055
3005,26.077860412875321,-0.50002783054836997,0,0,0,0,0,0.70705174686348293
3006,26.086538569418707,-0.50002785121237059,0,0,0,0,0,0.70705173225977447
3007,26.095216725962096,-0.50002783521447114,0,0,0,0,0,0.70705174358283784
3008,26.103894882505482,-0.5000278207987352,0,0,0,0,0,0.70705175378556362
3009,26.112573039048868,-0.50002780917767042,0,0,0,0,0,0.70705176201252229
3010,26.121251195592254,-0.50002781597826906,0,0,0,0,0,0.70705175721270308
3011,26.12992935213564,-0.50002784079754814,0,0,0,0,0,0.7070517396700815
3012,26.138607508679026,-0.5000279069351582,0,0,0,0,0,0.70705169290867431
3013,26.147285665222412,-0.50002793219951003,0,0,0,0,0,0.70705167505099809
3014,26.155963821765798,-0.50002792521049177,0,0,0,0,0,0.70705168000170282
3015,26.164641978309184,-0.50002795675537415,0,0,0,0,0,0.7070516577030439
3016,26.17332013485257,-0.50002795003161149,0,0,0,0,0,0.70705166246554185
3017,26.181998291395956,-0.50002797614191341,0,0,0,0,0,0.70705164400954423
3018,26.190676447939342,-0.50002798367203682,0,0,0,0,0,0.70705163869276788
3019,26.199354604482728,-0.50002795906336428,0,0,0,0,0,0.70705165610317167
3020,26.208032761026114,-0.50002797920973996,0,0,0,0,0,0.70705164186481007
3021,26.2167109175695,-0.50002796929570537,0,0,0,0,0,0.70705164888313021
3022,26.225389074112886,-0.5000279282968827,0,0,0,0,0,0.70705167788289103
3023,26.234067230656272,-0.50002792803140539,0,0,0,0,0,0.70705167807794034
3024,26.242745387199658,-0.50002792223664771,0,0,0,0,0,0.70705168218248815
3025,26.251423543743044,-0.50002796385605353,0,0,0,0,0,0.70705165275800752
3026,26.26010170028643,-0.50002795312918225,0,0,0,0,0,0.7070516603506114
3027,26.268779856829816,-0.50002794612039547,0,0,0,0,0,0.70705166531368135
3028,26.277458013373202,-0.50002796664128313,0,0,0,0,0,0.70705165080903498
3029,26.286136169916588,-0.50002794687893859,0,0,0,0,0,0.70705166479092618
3030,26.294814326459974,-0.500027907921611,0,0,0,0,0,0.70705169234661192
3031,26.30349248300336,-0.50002792643690586,0,0,0,0,0,0.7070516792594006
3032,26.312170639546746,-0.50002790936062258,0,0,0,0,0,0.70705169134076051
3033,26.320848796090136,-0.50002789841516204,0,0,0,0,0,0.70705169908693755
3034,26.329526952633522,-0.50002784592850413,0,0,0,0,0,0.70705173620877915
3035,26.338205109176908,-0.50002785379667225,0,0,0,0,0,0.70705173065045379
3036,26.346883265720294,-0.50002788576898993,0,0,0,0,0,0.70705170804661588
3037,26.35556142226368,-0.50002788200570081,0,0,0,0,0,0.70705171071303141
3038,26.364239578807066,-0.50002788563379785,0,0,0,0,0,0.70705170815261198
3039,26.372917735350452,-0.50002789728003993,0,0,0,0,0,0.70705169992193362
3040,26.381595891893838,-0.50002792030460941,0,0,0,0,0,0.70705168364514392
3041,26.390274048437224,-0.50002794097290315,0,0,0,0,0,0.70705166903439398
3042,26.39895220498061,-0.50002790833083943,0,0,0,0,0,0.7070516921221035
3043,26.407630361523996,-0.5000279234719236,0,0,0,0,0,0.70705168141954378
3044,26.416308518067382,-0.50002793110656207,0,0,0,0,0,0.70705167602516195
3045,26.424986674610768,-0.50002792267743756,0,0,0,0,0,0.70705168199023483
3046,26.433664831154154,-0.50002790561548116,0,0,0,0,0,0.7070516940596927
3047,26.44234298769754,-0.50002791616553111,0,0,0,0,0,0.70705168660314488
3048,26.451021144240926,-0.50002795982209991,0,0,0,0,0,0.70705165573505635
3049,26.459699300784312,-0.50002792947146335,0,0,0,0,0,0.70705167720138995
3050,26.468377457327698,-0.50002788567129774,0,0,0,0,0,0.70705170817844909
3051,26.477055613871084,-0.50002786224790918,0,0,0,0,0,0.70705172474583966
3052,26.48573377041447,-0.50002786726474346,0,0,0,0,0,0.70705172120153126
3053,26.494411926957856,-0.50002787289298745,0,0,0,0,0,0.7070517172247186
3054,26.503090083501242,-0.50002783494750047,0,0,0,0,0,0.70705174406103533
3055,26.511768240044628,-0.50002789507094492,0,0,0,0,0,0.70705170154728281
3056,26.520446396588014,-0.50002795517132448,0,0,0,0,0,0.70705165904966005
3057,26.5291245531314,-0.50002796174285524,0,0,0,0,0,0.70705165440501361
3058,26.537802709674786,-0.50002798639249313,0,0,0,0,0,0.70705163697624585
3059,26.546480866218175,-0.50002791991672957,0,0,0,0,0,0.70705168398698004
3060,26.555159022761561,-0.50002792344491509,0,0,0,0,0,0.7070516814940957
3061,26.563837179304947,-0.50002789291912741,0,0,0,0,0,0.70705170308237464
3062,26.572515335848333,-0.50002787906615187,0,0,0,0,0,0.70705171288028978
3063,26.581193492391719,-0.50002788996511005,0,0,0,0,0,0.70705170517464755
3064,26.589871648935105,-0.50002789533638969,0,0,0,0,0,0.7070517013777724
3065,26.598549805478491,-0.50002793526488321,0,0,0,0,0,0.70705167314352146
3066,26.607227962021877,-0.50002792636828786,0,0,0,0,0,0.70705167943591363
3067,26.615906118565263,-0.5000279394573568,0,0,0,0,0,0.70705167018092729
3068,26.624584275108649,-0.50002798171747143,0,0,0,0,0,0.70705164029739609
3069,26.633262431652035,-0.50002798630440726,0,0,0,0,0,0.70705163705441987
3070,26.641940588195421,-0.50002799098074358,0,0,0,0,0,0.70705163374806212
3071,26.650618744738807,-0.50002801977697275,0,0,0,0,0,0.70705161338509881
3072,26.659296901282193,-0.50002799774325868,0,0,0,0,0,0.70705162896652307
3073,26.667975057825579,-0.50002803933469253,0,0,0,0,0,0.70705159955509345
3074,26.676653214368965,-0.50002801662444174,0,0,0,0,0,0.70705161561462937
3075,26.685331370912351,-0.50002799085942629,0,0,0,0,0,0.70705163383419989
3076,26.694009527455737,-0.50002792505349491,0,0,0,0,0,0.70705168036865818
3077,26.702687683999123,-0.50002791124937562,0,0,0,0,0,0.70705169012974223
3078,26.711365840542509,-0.5000278594147769,0,0,0,0,0,0.70705172678403971
3079,26.720043997085895,-0.50002786744658345,0,0,0,0,0,0.7070517211034506
3080,26.728722153629281,-0.50002781737908686,0,0,0,0,0,0.70705175650781826
3081,26.737400310172667,-0.50002783790330341,0,0,0,0,0,0.70705174199289189
3082,26.746078466716053,-0.50002787554589545,0,0,0,0,0,0.70705171537251843
3083,26.754756623259439,-0.5000278634495583,0,0,0,0,0,0.70705172392501936
3084,26.763434779802825,-0.50002786265470911,0,0,0,0,0,0.70705172448551012
3085,26.772112936346211,-0.50002781098673732,0,0,0,0,0,0.70705176102095313
3086,26.780791092889601,-0.50002785728142063,0,0,0,0,0,0.70705172828160501
3087,26.789469249432987,-0.50002782732975004,0,0,0,0,0,0.70705174946000282
3088,26.798147405976373,-0.50002781878265024,0,0,0,0,0,0.70705175550192512
3089,26.806825562519759,-0.50002782830603942,0,0,0,0,0,0.70705174876499299
3090,26.815503719063145,-0.5000278940480849,0,0,0,0,0,0.70705170227273584
3091,26.824181875606531,-0.5000278811462362,0,0,0,0,0,0.70705171139365208
3092,26.832860032149917,-0.5000278589135726,0,0,0,0,0,0.70705172711270126
3093,26.841538188693303,-0.50002786176512559,0,0,0,0,0,0.70705172509331859
3094,26.850216345236689,-0.5000278728002685,0,0,0,0,0,0.7070517172864994
3095,26.858894501780075,-0.50002789205130138,0,0,0,0,0,0.7070517036697952
3096,26.867572658323461,-0.50002794318045518,0,0,0,0,0,0.70705166751030291
3097,26.876250814866847,-0.50002794339865986,0,0,0,0,0,0.7070516673525038
3098,26.884928971410233,-0.50002793574650117,0,0,0,0,0,0.70705167276002268
3099,26.893607127953619,-0.50002793082555086,0,0,0,0,0,0.70705167623609366
3100,26.902285284497005,-0.5000279395637689,0,0,0,0,0,0.70705167005297032
3101,26.910963441040391,-0.50002796713581321,0,0,0,0,0,0.70705165055129271
3102,26.919641597583777,-0.50002795690457813,0,0,0,0,0,0.70705165778185197
3103,26.928319754127163,-0.50002793927598366,0,0,0,0,0,0.70705167024368443
3104,26.936997910670549,-0.50002789310347773,0,0,0,0,0,0.70705170289046393
3105,26.945676067213935,-0.50002787256121106,0,0,0,0,0,0.7070517174123081
3106,26.954354223757321,-0.50002782745330243,0,0,0,0,0,0.70705174930549219
3107,26.963032380300707,-0.50002784177678916,0,0,0,0,0,0.70705173917156205
3108,26.971710536844093,-0.50002781243784777,0,0,0,0,0,0.70705175991353997
3109,26.980388693387479,-0.50002783470389989,0,0,0,0,0,0.70705174416266114
3110,26.989066849930865,-0.50002780205032848,0,0,0,0,0,0.70705176724816532
3111,26.997745006474251,-0.5000278457381625,0,0,0,0,0,0.70705173634839191
3112,27.00642316301764,-0.50002788425862221,0,0,0,0,0,0.70705170910237403
3113,27.015101319561026,-0.5000278842782514,0,0,0,0,0,0.70705170908280301
3114,27.023779476104412,-0.50002787679993188,0,0,0,0,0,0.70705171436475922
3115,27.032457632647798,-0.50002783282523311,0,0,0,0,0,0.70705174545588534
3116,27.041135789191184,-0.50002782400433321,0,0,0,0,0,0.70705175168689749
3117,27.04981394573457,-0.50002778523785352,0,0,0,0,0,0.70705177909445283
3118,27.058492102277956,-0.50002782104322796,0,0,0,0,0,0.70705175376807006
3119,27.067170258821342,-0.50002785479027623,0,0,0,0,0,0.70705172989733001
3120,27.075848415364728,-0.5000278558728396,0,0,0,0,0,0.7070517291255598
3121,27.084526571908114,-0.50002783975543097,0,0,0,0,0,0.70705174051679265
3122,27.0932047284515,-0.50002780951978787,0,0,0,0,0,0.70705176189140495
3123,27.101882884994886,-0.50002777655710617,0,0,0,0,0,0.70705178519384049
3124,27.110561041538272,-0.50002777080517946,0,0,0,0,0,0.70705178925460288
3125,27.119239198081658,-0.50002777808103716,0,0,0,0,0,0.70705178410194591
3126,27.127917354625044,-0.50002774604600553,0,0,0,0,0,0.70705180674767476
3127,27.13659551116843,-0.50002773235129683,0,0,0,0,0,0.70705181642479431
3128,27.145273667711816,-0.50002769864004071,0,0,0,0,0,0.70705184025555745
3129,27.153951824255202,-0.50002770259074791,0,0,0,0,0,0.70705183745355882
3130,27.162629980798588,-0.50002767885038379,0,0,0,0,0,0.70705185423380357
3131,27.171308137341974,-0.50002767195812714,0,0,0,0,0,0.70705185909996615
3132,27.17998629388536,-0.50002764210717698,0,0,0,0,0,0.70705188020093601
3133,27.188664450428746,-0.5000276129792609,0,0,0,0,0,0.70705190079026181
3134,27.197342606972132,-0.50002760364692578,0,0,0,0,0,0.70705190738168788
3135,27.206020763515518,-0.50002759800692709,0,0,0,0,0,0.70705191136213585
3136,27.214698920058904,-0.50002762359817732,0,0,0,0,0,0.70705189325633455
3137,27.22337707660229,-0.50002762077979301,0,0,0,0,0,0.7070518952398217
3138,27.23205523314568,-0.50002756363149992,0,0,0,0,0,0.70705193564448621
3139,27.240733389689066,-0.50002755652913844,0,0,0,0,0,0.7070519406576885
3140,27.249411546232452,-0.50002756357495193,0,0,0,0,0,0.70705193566507063
3141,27.258089702775838,-0.50002753159958402,0,0,0,0,0,0.7070519582676269
3142,27.266767859319224,-0.50002751418290459,0,0,0,0,0,0.70705197057559488
3143,27.27544601586261,-0.50002751071967899,0,0,0,0,0,0.70705197301498401
3144,27.284124172405996,-0.50002749133783042,0,0,0,0,0,0.70705198671103098
3145,27.292802328949382,-0.50002751749565522,0,0,0,0,0,0.70705196820416205
3146,27.301480485492768,-0.50002754134292071,0,0,0,0,0,0.70705195132928367
3147,27.310158642036154,-0.50002753810233047,0,0,0,0,0,0.70705195361049888
3148,27.31883679857954,-0.50002752378633486,0,0,0,0,0,0.70705196372374957
3149,27.327514955122925,-0.50002752968912811,0,0,0,0,0,0.70705195953872035
3150,27.336193111666311,-0.50002754766339352,0,0,0,0,0,0.70705194681673689
3151,27.344871268209697,-0.50002757999428804,0,0,0,0,0,0.70705192394253835
3152,27.353549424753083,-0.50002759181423317,0,0,0,0,0,0.70705191557344449
3153,27.362227581296469,-0.50002756666178449,0,0,0,0,0,0.70705193335012773
3154,27.370905737839855,-0.50002753717171999,0,0,0,0,0,0.70705195419430567
3155,27.379583894383241,-0.50002758237265954,0,0,0,0,0,0.70705192221840285
3156,27.388262050926627,-0.50002758471694508,0,0,0,0,0,0.70705192054972343
3157,27.396940207470013,-0.50002755856189096,0,0,0,0,0,0.70705193903583918
3158,27.405618364013399,-0.50002755585577241,0,0,0,0,0,0.7070519409394791
3159,27.414296520556785,-0.50002758607848807,0,0,0,0,0,0.70705191955645752
3160,27.422974677100171,-0.50002755841716418,0,0,0,0,0,0.70705193910804809
3161,27.431652833643557,-0.50002751682609703,0,0,0,0,0,0.70705196850977092
3162,27.440330990186943,-0.50002751800254486,0,0,0,0,0,0.7070519676652971
3163,27.449009146730329,-0.50002751962553138,0,0,0,0,0,0.70705196650570112
3164,27.457687303273719,-0.50002754731319266,0,0,0,0,0,0.70705194691479534
3165,27.466365459817105,-0.50002753696654534,0,0,0,0,0,0.70705195422121747
3166,27.475043616360491,-0.50002752090985414,0,0,0,0,0,0.70705196556512639
3167,27.483721772903877,-0.5000275305730244,0,0,0,0,0,0.70705195872079329
3168,27.492399929447263,-0.50002755303697055,0,0,0,0,0,0.7070519428223605
3169,27.501078085990649,-0.50002759163950983,0,0,0,0,0,0.70705191551192037
3170,27.509756242534035,-0.50002758010572079,0,0,0,0,0,0.70705192365673319
3171,27.518434399077421,-0.50002762826593117,0,0,0,0,0,0.70705188958685872
3172,27.527112555620807,-0.50002762244467203,0,0,0,0,0,0.70705189369174093
3173,27.535790712164193,-0.50002760657880851,0,0,0,0,0,0.70705190489898762
3174,27.544468868707579,-0.50002759614913628,0,0,0,0,0,0.70705191226262798
3175,27.553147025250965,-0.50002759814584352,0,0,0,0,0,0.70705191083896324
3176,27.561825181794351,-0.5000275894287074,0,0,0,0,0,0.7070519169922882
3177,27.570503338337737,-0.500027603808753,0,0,0,0,0,0.70705190681028007
3178,27.579181494881123,-0.50002754102215696,0,0,0,0,0,0.70705195119998798
3179,27.587859651424509,-0.50002751621243713,0,0,0,0,0,0.7070519687328467
3180,27.596537807967895,-0.50002753450309956,0,0,0,0,0,0.70705195578534918
3181,27.605215964511281,-0.50002756930253345,0,0,0,0,0,0.70705193116340004
3182,27.613894121054667,-0.50002758095537159,0,0,0,0,0,0.70705192291048213
3183,27.622572277598053,-0.50002756669440118,0,0,0,0,0,0.70705193298325786
3184,27.631250434141439,-0.50002757402495335,0,0,0,0,0,0.70705192778689296
3185,27.639928590684825,-0.50002754744923494,0,0,0,0,0,0.70705194656905324
3186,27.648606747228211,-0.50002756426065154,0,0,0,0,0,0.70705193466799721
3187,27.657284903771597,-0.50002751393666378,0,0,0,0,0,0.7070519702440512
3188,27.665963060314983,-0.50002755769827301,0,0,0,0,0,0.70705193928341625
3189,27.674641216858369,-0.50002753394923516,0,0,0,0,0,0.70705195606551219
3190,27.683319373401755,-0.50002754983605358,0,0,0,0,0,0.70705194481707978
3191,27.691997529945144,-0.50002753338415673,0,0,0,0,0,0.70705195643894792
3192,27.70067568648853,-0.5000275399241102,0,0,0,0,0,0.70705195180173175
3193,27.709353843031916,-0.50002752597706324,0,0,0,0,0,0.70705196165303741
3194,27.718031999575302,-0.50002751814572721,0,0,0,0,0,0.7070519671779929
3195,27.726710156118688,-0.50002753776831632,0,0,0,0,0,0.70705195328867321
3196,27.735388312662074,-0.50002755771630203,0,0,0,0,0,0.70705193916833331
3197,27.74406646920546,-0.50002757168474898,0,0,0,0,0,0.70705192927650273
3198,27.752744625748846,-0.50002753409372458,0,0,0,0,0,0.70705195584843739
3199,27.761422782292232,-0.50002755375434527,0,0,0,0,0,0.70705194193240695
3200,27.770100938835618,-0.50002755644566044,0,0,0,0,0,0.70705194001679073
3201,27.778779095379004,-0.50002751336361273,0,0,0,0,0,0.70705197047171098
3202,27.78745725192239,-0.50002758486567767,0,0,0,0,0,0.70705191989302241
3203,27.796135408465776,-0.50002754521833515,0,0,0,0,0,0.70705194791878223
3204,27.804813565009162,-0.50002750143199459,0,0,0,0,0,0.70705197887184568
3205,27.813491721552548,-0.50002754658328996,0,0,0,0,0,0.70705194692793938
3206,27.822169878095934,-0.50002759080491843,0,0,0,0,0,0.70705191564155556
3207,27.83084803463932,-0.50002758967063854,0,0,0,0,0,0.7070519164313751
3208,27.839526191182706,-0.50002756714962004,0,0,0,0,0,0.70705193234548025
3209,27.848204347726092,-0.50002757013161292,0,0,0,0,0,0.70705193022410717
3210,27.856882504269478,-0.50002762981272841,0,0,0,0,0,0.70705188800492569
3211,27.865560660812864,-0.50002767713487684,0,0,0,0,0,0.7070518545261002
3212,27.87423881735625,-0.50002769215921861,0,0,0,0,0,0.70705184388842035
3213,27.882916973899636,-0.50002763802345618,0,0,0,0,0,0.70705188216072568
3214,27.891595130443022,-0.50002757954174926,0,0,0,0,0,0.70705192350653345
3215,27.900273286986408,-0.50002756984431318,0,0,0,0,0,0.70705193035193137
3216,27.908951443529794,-0.50002753623406737,0,0,0,0,0,0.70705195410901522
3217,27.917629600073184,-0.50002756417775018,0,0,0,0,0,0.70705193433477254
3218,27.92630775661657,-0.500027553401445,0,0,0,0,0,0.70705194194284382
3219,27.934985913159956,-0.50002750290936071,0,0,0,0,0,0.70705197763848204
3220,27.943664069703342,-0.50002748016496334,0,0,0,0,0,0.70705199371092053
3221,27.952342226246728,-0.50002743901371427,0,0,0,0,0,0.70705202280134305
3222,27.961020382790114,-0.50002739468658708,0,0,0,0,0,0.70705205413773697
3223,27.9696985393335,-0.50002745650722891,0,0,0,0,0,0.70705201040491339
3224,27.978376695876886,-0.50002745510256807,0,0,0,0,0,0.70705201138566487
3225,27.987054852420272,-0.50002744663551446,0,0,0,0,0,0.70705201736122181
3226,27.995733008963658,-0.50002746777389695,0,0,0,0,0,0.70705200239987631
3227,28.004411165507044,-0.5000274761784369,0,0,0,0,0,0.70705199644316696
3228,28.01308932205043,-0.50002751211893082,0,0,0,0,0,0.70705197101335493
3229,28.021767478593816,-0.50002747605408471,0,0,0,0,0,0.7070519965071953
3230,28.030445635137202,-0.50002750066321788,0,0,0,0,0,0.7070519790912444
3231,28.039123791680588,-0.50002749074081121,0,0,0,0,0,0.70705198609729969
3232,28.047801948223974,-0.50002749712682004,0,0,0,0,0,0.70705198156934657
3233,28.05648010476736,-0.50002748015298415,0,0,0,0,0,0.70705199356227943
3234,28.065158261310746,-0.50002748376611572,0,0,0,0,0,0.70705199099528215
3235,28.073836417854132,-0.50002744892039619,0,0,0,0,0,0.70705201562643882
3236,28.082514574397518,-0.50002741684344809,0,0,0,0,0,0.70705203829983532
3237,28.091192730940904,-0.50002738884746334,0,0,0,0,0,0.70705205808811833
3238,28.09987088748429,-0.50002737496071192,0,0,0,0,0,0.70705206789817598
3239,28.108549044027676,-0.50002739581493771,0,0,0,0,0,0.70705205313793762
3240,28.117227200571062,-0.5000274392430254,0,0,0,0,0,0.7070520224142065
3241,28.125905357114448,-0.50002742310873949,0,0,0,0,0,0.70705203381261406
3242,28.134583513657834,-0.50002744874920679,0,0,0,0,0,0.70705201566752951
3243,28.143261670201223,-0.50002746410917354,0,0,0,0,0,0.70705200479430808
3244,28.151939826744609,-0.50002747474754006,0,0,0,0,0,0.70705199725941981
3245,28.160617983287995,-0.5000274312963312,0,0,0,0,0,0.70705202797809363
3246,28.169296139831381,-0.50002740683082714,0,0,0,0,0,0.70705204526957033
3247,28.177974296374767,-0.50002735766866435,0,0,0,0,0,0.70705208002760145
3248,28.186652452918153,-0.50002737503892947,0,0,0,0,0,0.70705206773303431
3249,28.195330609461539,-0.50002736695591887,0,0,0,0,0,0.70705207343852017
3250,28.204008766004925,-0.5000274264057174,0,0,0,0,0,0.70705203138423656
3251,28.212686922548311,-0.5000274591115802,0,0,0,0,0,0.70705200824484038
3252,28.221365079091697,-0.50002746513418994,0,0,0,0,0,0.70705200397539514
3253,28.230043235635083,-0.50002748298984168,0,0,0,0,0,0.70705199133800178
3254,28.238721392178469,-0.50002746292999656,0,0,0,0,0,0.70705200551509506
3255,28.247399548721855,-0.50002745447257591,0,0,0,0,0,0.70705201148538599
3256,28.256077705265241,-0.50002740253464106,0,0,0,0,0,0.70705204820628964
3257,28.264755861808627,-0.50002737277302767,0,0,0,0,0,0.70705206924380803
3258,28.273434018352013,-0.50002736370179124,0,0,0,0,0,0.70705207564868999
3259,28.282112174895399,-0.50002732918076109,0,0,0,0,0,0.70705210005361252
3260,28.290790331438785,-0.50002732151992291,0,0,0,0,0,0.70705210546191211
3261,28.299468487982171,-0.50002733621562523,0,0,0,0,0,0.70705209505911526
3262,28.308146644525557,-0.50002735061480508,0,0,0,0,0,0.70705208486664972
3263,28.316824801068943,-0.50002735681015054,0,0,0,0,0,0.70705208047635359
3264,28.325502957612329,-0.50002733065006055,0,0,0,0,0,0.70705209896684096
3265,28.334181114155715,-0.50002733870293381,0,0,0,0,0,0.70705209326335705
3266,28.342859270699101,-0.50002737192369651,0,0,0,0,0,0.70705206975793544
3267,28.351537427242487,-0.50002737421052013,0,0,0,0,0,0.70705206813160437
3268,28.360215583785873,-0.50002737921619334,0,0,0,0,0,0.70705206458391245
3269,28.368893740329263,-0.50002735065035786,0,0,0,0,0,0.70705208477808235
3270,28.377571896872649,-0.50002735859690484,0,0,0,0,0,0.70705207915048618
3271,28.386250053416035,-0.50002732140896622,0,0,0,0,0,0.7070521054424237
3272,28.394928209959421,-0.50002731736080808,0,0,0,0,0,0.70705210829592602
3273,28.403606366502807,-0.50002726988293389,0,0,0,0,0,0.7070521418657556
3274,28.412284523046193,-0.50002731572161985,0,0,0,0,0,0.70705210943928698
3275,28.420962679589579,-0.50002733729456272,0,0,0,0,0,0.70705209417303116
3276,28.429640836132965,-0.50002733000953214,0,0,0,0,0,0.70705209931757551
3277,28.438318992676351,-0.5000273438388978,0,0,0,0,0,0.70705208952799481
3278,28.446997149219737,-0.50002734974821306,0,0,0,0,0,0.70705208534175767
3279,28.455675305763123,-0.50002739430144338,0,0,0,0,0,0.70705205382435565
3280,28.464353462306509,-0.50002734849399555,0,0,0,0,0,0.70705208621397553
3281,28.473031618849895,-0.50002738451999862,0,0,0,0,0,0.70705206072696569
3282,28.481709775393281,-0.50002737244426676,0,0,0,0,0,0.70705206925963893
3283,28.490387931936667,-0.50002738518828826,0,0,0,0,0,0.70705206023988509
3284,28.499066088480053,-0.5000273815187134,0,0,0,0,0,0.70705206282743127
3285,28.507744245023439,-0.50002739902941529,0,0,0,0,0,0.70705205043726771
3286,28.516422401566825,-0.50002740080518593,0,0,0,0,0,0.70705204917593889
3287,28.525100558110211,-0.50002741059167832,0,0,0,0,0,0.7070520422464357
3288,28.533778714653597,-0.50002741095111114,0,0,0,0,0,0.70705204198445593
3289,28.542456871196983,-0.50002739121565121,0,0,0,0,0,0.70705205593608067
3290,28.551135027740369,-0.50002738689421788,0,0,0,0,0,0.70705205898565016
3291,28.559813184283755,-0.50002743058979959,0,0,0,0,0,0.70705202807675516
3292,28.568491340827141,-0.50002741333498379,0,0,0,0,0,0.70705204027498425
3293,28.577169497370527,-0.50002742332050909,0,0,0,0,0,0.70705203320884991
3294,28.585847653913913,-0.50002742055994254,0,0,0,0,0,0.70705203515438697
3295,28.594525810457299,-0.50002742538437495,0,0,0,0,0,0.707052031737331
3296,28.603203967000688,-0.50002740042478344,0,0,0,0,0,0.7070520493850152
3297,28.611882123544074,-0.5000273946888989,0,0,0,0,0,0.70705205343636379
3298,28.62056028008746,-0.50002740082177577,0,0,0,0,0,0.70705204909418029
3299,28.629238436630846,-0.50002737840104494,0,0,0,0,0,0.70705206494594686
3300,28.637916593174232,-0.50002735810134269,0,0,0,0,0,0.70705207929703207
3301,28.646594749717618,-0.50002730107064486,0,0,0,0,0,0.70705211962670589
3302,28.655272906261004,-0.50002731116259036,0,0,0,0,0,0.70705211248568611
3303,28.66395106280439,-0.50002732851662124,0,0,0,0,0,0.70705210020784648
3304,28.672629219347776,-0.50002730826126218,0,0,0,0,0,0.70705211453029637
3305,28.681307375891162,-0.5000272805633077,0,0,0,0,0,0.70705213411658185
3306,28.689985532434548,-0.50002730669411344,0,0,0,0,0,0.70705211563204529
3307,28.698663688977934,-0.50002727672220304,0,0,0,0,0,0.70705213682546786
3308,28.70734184552132,-0.50002726539366493,0,0,0,0,0,0.70705214483471046
3309,28.716020002064706,-0.50002726487817806,0,0,0,0,0,0.70705214519520965
3310,28.724698158608092,-0.5000272926453021,0,0,0,0,0,0.70705212555339791
3311,28.733376315151478,-0.50002726301568112,0,0,0,0,0,0.70705214650685777
3312,28.742054471694864,-0.50002724656098352,0,0,0,0,0,0.70705215814081845
3313,28.75073262823825,-0.50002724818881794,0,0,0,0,0,0.70705215698662105
3314,28.759410784781636,-0.5000272541802967,0,0,0,0,0,0.70705215274730149
3315,28.768088941325022,-0.50002724288683731,0,0,0,0,0,0.70705216073242028
3316,28.776767097868408,-0.50002723302701479,0,0,0,0,0,0.70705216770247836
3317,28.785445254411794,-0.50002726073361004,0,0,0,0,0,0.7070521481059352
3318,28.79412341095518,-0.50002723371614999,0,0,0,0,0,0.70705216721187059
3319,28.802801567498566,-0.50002721954107043,0,0,0,0,0,0.70705217723612446
3320,28.811479724041952,-0.50002721352053758,0,0,0,0,0,0.70705218149209004
3321,28.820157880585338,-0.50002723085902678,0,0,0,0,0,0.70705216922850989
3322,28.828836037128728,-0.50002721287807916,0,0,0,0,0,0.70705218194354225
3323,28.837514193672114,-0.50002720514383969,0,0,0,0,0,0.70705218741146192
3324,28.8461923502155,-0.50002721441661913,0,0,0,0,0,0.70705218085367905
3325,28.854870506758886,-0.50002719866700862,0,0,0,0,0,0.7070521919903513
3326,28.863548663302272,-0.50002717077942793,0,0,0,0,0,0.70705221171397203
3327,28.872226819845658,-0.50002717867600033,0,0,0,0,0,0.70705220612775976
3328,28.880904976389044,-0.50002726642455153,0,0,0,0,0,0.70705214406857642
3329,28.88958313293243,-0.5000272006603127,0,0,0,0,0,0.70705219057940805
3330,28.898261289475816,-0.50002720032405157,0,0,0,0,0,0.70705219081843551
3331,28.906939446019202,-0.50002720705642678,0,0,0,0,0,0.70705218605627151
3332,28.915617602562588,-0.50002724247366115,0,0,0,0,0,0.70705216100742008
3333,28.924295759105974,-0.50002725451427654,0,0,0,0,0,0.70705215249068065
3334,28.932973915649359,-0.50002721190117683,0,0,0,0,0,0.70705218262927572
3335,28.941652072192745,-0.50002723687829886,0,0,0,0,0,0.70705216496470025
3336,28.950330228736131,-0.50002718539142033,0,0,0,0,0,0.70705220137925351
3337,28.959008385279517,-0.50002718700347371,0,0,0,0,0,0.70705220024045445
3338,28.967686541822903,-0.50002721020385676,0,0,0,0,0,0.70705218383185464
3339,28.976364698366289,-0.50002716274666226,0,0,0,0,0,0.70705221739732005
3340,28.985042854909675,-0.50002718830898152,0,0,0,0,0,0.70705219931912688
3341,28.993721011453061,-0.50002722521262088,0,0,0,0,0,0.70705217322096692
3342,29.002399167996447,-0.50002727865126984,0,0,0,0,0,0.70705213542847689
3343,29.011077324539833,-0.50002731502923947,0,0,0,0,0,0.70705210970278287
3344,29.019755481083219,-0.50002728969660315,0,0,0,0,0,0.70705212762132419
3345,29.028433637626605,-0.50002734093506729,0,0,0,0,0,0.70705209138517588
3346,29.037111794169991,-0.50002728001970453,0,0,0,0,0,0.70705213446966875
3347,29.045789950713377,-0.50002727802223923,0,0,0,0,0,0.70705213588399474
3348,29.054468107256767,-0.50002723579296926,0,0,0,0,0,0.70705216575274532
3349,29.063146263800153,-0.50002726619335824,0,0,0,0,0,0.70705214425415619
3350,29.071824420343539,-0.50002721955875828,0,0,0,0,0,0.70705217723938141
3351,29.080502576886925,-0.50002723645150038,0,0,0,0,0,0.70705216529403359
3352,29.089180733430311,-0.50002724456338343,0,0,0,0,0,0.70705215956008516
3353,29.097858889973697,-0.50002724896911732,0,0,0,0,0,0.70705215644770103
3354,29.106537046517083,-0.50002729412171953,0,0,0,0,0,0.70705212451737376
3355,29.115215203060469,-0.50002732758663038,0,0,0,0,0,0.70705210085242243
3356,29.123893359603855,-0.50002738814926018,0,0,0,0,0,0.70705205802399407
3357,29.132571516147241,-0.50002737479183801,0,0,0,0,0,0.70705206747581117
3358,29.141249672690627,-0.50002742941371658,0,0,0,0,0,0.70705202884936291
3359,29.149927829234013,-0.50002739000413254,0,0,0,0,0,0.70705205672530447
3360,29.158605985777399,-0.50002740564099513,0,0,0,0,0,0.70705204567055091
3361,29.167284142320785,-0.50002740196768702,0,0,0,0,0,0.70705204827385959
3362,29.175962298864171,-0.50002741052979349,0,0,0,0,0,0.70705204222396745
3363,29.184640455407557,-0.5000273709068298,0,0,0,0,0,0.70705207025177508
3364,29.193318611950943,-0.50002739923348782,0,0,0,0,0,0.70705205022190576
3365,29.201996768494329,-0.50002741834303088,0,0,0,0,0,0.70705203671113992
3366,29.210674925037715,-0.50002741483870916,0,0,0,0,0,0.70705203919600645
3367,29.219353081581101,-0.50002739110679317,0,0,0,0,0,0.70705205598500775
3368,29.228031238124487,-0.5000273603097144,0,0,0,0,0,0.70705207777118595
3369,29.236709394667873,-0.50002739290190568,0,0,0,0,0,0.70705205472718902
3370,29.245387551211259,-0.50002737402529052,0,0,0,0,0,0.70705206808355747
3371,29.254065707754645,-0.50002739772063409,0,0,0,0,0,0.707052051331992
3372,29.262743864298031,-0.50002739441882038,0,0,0,0,0,0.70705205367311663
3373,29.271422020841417,-0.50002745175927255,0,0,0,0,0,0.70705201312670241
3374,29.280100177384806,-0.50002746927691388,0,0,0,0,0,0.70705200074460883
3375,29.288778333928192,-0.50002746924573249,0,0,0,0,0,0.70705200077327035
3376,29.297456490471578,-0.50002744139459254,0,0,0,0,0,0.70705202047660265
3377,29.306134647014964,-0.50002742494830343,0,0,0,0,0,0.70705203211538503
3378,29.31481280355835,-0.50002742846452952,0,0,0,0,0,0.70705202963561575
3379,29.323490960101736,-0.50002741513751015,0,0,0,0,0,0.70705203906812741
3380,29.332169116645122,-0.50002745179805885,0,0,0,0,0,0.70705201314825317
3381,29.340847273188508,-0.50002747267296754,0,0,0,0,0,0.70705199839147426
3382,29.349525429731894,-0.50002743804634853,0,0,0,0,0,0.70705202288749014
3383,29.35820358627528,-0.50002739732213985,0,0,0,0,0,0.70705205169703333
3384,29.366881742818666,-0.50002740669918844,0,0,0,0,0,0.70705204507380159
3385,29.375559899362052,-0.50002737984018952,0,0,0,0,0,0.70705206407742693
3386,29.384238055905438,-0.50002735230124695,0,0,0,0,0,0.70705208356143778
3387,29.392916212448824,-0.50002737430575916,0,0,0,0,0,0.70705206800780473
3388,29.40159436899221,-0.50002732653863258,0,0,0,0,0,0.7070521017981175
3389,29.410272525535596,-0.50002734948666117,0,0,0,0,0,0.70705208557773425
3390,29.418950682078982,-0.50002730687978658,0,0,0,0,0,0.70705211571897308
3391,29.427628838622368,-0.50002724963821521,0,0,0,0,0,0.70705215621006268
3392,29.436306995165754,-0.5000272165154932,0,0,0,0,0,0.70705217964409606
3393,29.44498515170914,-0.50002723635019575,0,0,0,0,0,0.70705216562426898
3394,29.453663308252526,-0.50002719225535863,0,0,0,0,0,0.70705219681823195
3395,29.462341464795912,-0.5000271731463094,0,0,0,0,0,0.70705221034152999
3396,29.471019621339298,-0.50002718404452706,0,0,0,0,0,0.70705220264238022
3397,29.479697777882684,-0.50002720021286429,0,0,0,0,0,0.70705219121765062
3398,29.48837593442607,-0.50002717100439342,0,0,0,0,0,0.70705221188379141
3399,29.497054090969456,-0.50002716666456248,0,0,0,0,0,0.7070522149621965
3400,29.505732247512842,-0.5000271289646947,0,0,0,0,0,0.70705224163361535
3401,29.514410404056232,-0.50002712914388947,0,0,0,0,0,0.7070522415163083
3402,29.523088560599618,-0.50002713326568804,0,0,0,0,0,0.70705223861133426
3403,29.531766717143004,-0.50002711506764674,0,0,0,0,0,0.70705225149072959
3404,29.54044487368639,-0.50002714449229202,0,0,0,0,0,0.70705223069026601
3405,29.549123030229776,-0.50002714696372208,0,0,0,0,0,0.70705222895161413
3406,29.557801186773162,-0.50002713594421866,0,0,0,0,0,0.70705223675497564
3407,29.566479343316548,-0.50002709834662451,0,0,0,0,0,0.70705226335500626
3408,29.575157499859934,-0.50002708966104614,0,0,0,0,0,0.70705226950875577
3409,29.58383565640332,-0.50002710810063156,0,0,0,0,0,0.7070522564792725
3410,29.592513812946706,-0.50002714753904676,0,0,0,0,0,0.70705222859828609
3411,29.601191969490092,-0.50002720180772642,0,0,0,0,0,0.70705219022994825
3412,29.609870126033478,-0.50002718027379267,0,0,0,0,0,0.70705220547002767
3413,29.618548282576864,-0.50002717011820463,0,0,0,0,0,0.70705221266442919
3414,29.62722643912025,-0.50002715350719096,0,0,0,0,0,0.7070522244232329
3415,29.635904595663636,-0.50002715393211128,0,0,0,0,0,0.70705222413332525
3416,29.644582752207022,-0.5000271818898413,0,0,0,0,0,0.70705220437250649
3417,29.653260908750408,-0.50002721072753653,0,0,0,0,0,0.70705218398930114
3418,29.661939065293794,-0.50002726122635566,0,0,0,0,0,0.70705214828654395
3419,29.67061722183718,-0.50002724961952882,0,0,0,0,0,0.70705215650592823
3420,29.679295378380566,-0.50002726936603914,0,0,0,0,0,0.70705214255273852
3421,29.687973534923952,-0.50002731966684577,0,0,0,0,0,0.70705210698968912
3422,29.696651691467338,-0.5000273074567616,0,0,0,0,0,0.70705211563607762
3423,29.705329848010724,-0.50002730327106837,0,0,0,0,0,0.7070521186073373
3424,29.71400800455411,-0.50002729230310727,0,0,0,0,0,0.70705212637641424
3425,29.722686161097496,-0.50002729893911224,0,0,0,0,0,0.70705212169546527
3426,29.731364317640882,-0.50002732622914015,0,0,0,0,0,0.70705210240742389
3427,29.740042474184271,-0.50002733233644558,0,0,0,0,0,0.70705209810017067
3428,29.748720630727657,-0.50002733641876551,0,0,0,0,0,0.70705209522433776
3429,29.757398787271043,-0.50002731871101391,0,0,0,0,0,0.70705210776005867
3430,29.766076943814429,-0.50002730522101491,0,0,0,0,0,0.7070521173118709
3431,29.774755100357815,-0.50002735757278782,0,0,0,0,0,0.70705208029997735
3432,29.783433256901201,-0.50002731611136653,0,0,0,0,0,0.70705210963380472
3433,29.792111413444587,-0.50002726607576631,0,0,0,0,0,0.70705214503136427
3434,29.800789569987973,-0.50002726724812441,0,0,0,0,0,0.70705214421327511
3435,29.809467726531359,-0.5000272657925432,0,0,0,0,0,0.70705214525478821
3436,29.818145883074745,-0.50002721630287095,0,0,0,0,0,0.70705218026602346
3437,29.826824039618131,-0.50002722878119632,0,0,0,0,0,0.70705217145324983
3438,29.835502196161517,-0.50002726155828492,0,0,0,0,0,0.70705214828530671
3439,29.844180352704903,-0.50002730981489729,0,0,0,0,0,0.70705211417065383
3440,29.852858509248289,-0.50002727499229083,0,0,0,0,0,0.70705213880987761
3441,29.861536665791675,-0.50002724592286996,0,0,0,0,0,0.70705215938096844
3442,29.870214822335061,-0.5000272903242905,0,0,0,0,0,0.70705212799252903
3443,29.878892978878447,-0.50002730230490855,0,0,0,0,0,0.70705211953225167
3444,29.887571135421833,-0.5000272951816036,0,0,0,0,0,0.707052124581943
3445,29.896249291965219,-0.50002730727291445,0,0,0,0,0,0.70705211604326834
3446,29.904927448508605,-0.50002724367444118,0,0,0,0,0,0.70705216103286528
3447,29.913605605051991,-0.50002725527733638,0,0,0,0,0,0.70705215283937606
3448,29.922283761595377,-0.50002731180873505,0,0,0,0,0,0.70705211287272762
3449,29.930961918138763,-0.50002730811676244,0,0,0,0,0,0.70705211549569313
3450,29.939640074682149,-0.50002730353450953,0,0,0,0,0,0.70705211874892504
3451,29.948318231225535,-0.5000272827200628,0,0,0,0,0,0.70705213348134566
3452,29.956996387768921,-0.50002733494567875,0,0,0,0,0,0.70705209656006396
3453,29.965674544312311,-0.50002739244878602,0,0,0,0,0,0.7070520559062432
3454,29.974352700855697,-0.50002734770333479,0,0,0,0,0,0.70705208756286142
3455,29.983030857399083,-0.5000273667358559,0,0,0,0,0,0.70705207411578908
3456,29.991709013942469,-0.50002731365782682,0,0,0,0,0,0.70705211166412008
3457,30.000387170485855,-0.50002727668631541,0,0,0,0,0,0.70705213782266751
3458,30.009065327029241,-0.50002727015888193,0,0,0,0,0,0.70705214245196824
3459,30.017743483572627,-0.50002729411783808,0,0,0,0,0,0.70705212552134367
3460,30.026421640116013,-0.50002725018984717,0,0,0,0,0,0.70705215659945964
3461,30.035099796659399,-0.50002720449114091,0,0,0,0,0,0.7070521889303012
3462,30.043777953202785,-0.50002723315655662,0,0,0,0,0,0.7070521686701412
3463,30.052456109746171,-0.50002720527440769,0,0,0,0,0,0.70705218840077899
3464,30.061134266289557,-0.50002720357509767,0,0,0,0,0,0.70705218961537042
3465,30.069812422832943,-0.5000272116824207,0,0,0,0,0,0.70705218389521884
3466,30.078490579376329,-0.50002719978833721,0,0,0,0,0,0.7070521923188986
3467,30.087168735919715,-0.50002715737745496,0,0,0,0,0,0.70705222232389464
3468,30.095846892463101,-0.50002720249307409,0,0,0,0,0,0.7070521904310022
3469,30.104525049006487,-0.50002715227685079,0,0,0,0,0,0.70705222595591977
3470,30.113203205549873,-0.50002713447808111,0,0,0,0,0,0.70705223855641464
3471,30.121881362093259,-0.50002713479837724,0,0,0,0,0,0.70705223834279796
3472,30.130559518636645,-0.50002716638539924,0,0,0,0,0,0.70705221601759516
3473,30.139237675180031,-0.50002722270777433,0,0,0,0,0,0.7070521761990487
3474,30.147915831723417,-0.50002720523992339,0,0,0,0,0,0.70705218856399554
3475,30.156593988266803,-0.50002725441919982,0,0,0,0,0,0.70705215379693609
3476,30.165272144810189,-0.50002721503992764,0,0,0,0,0,0.70705218165830264
3477,30.173950301353575,-0.500027198172042,0,0,0,0,0,0.70705219359934457
3478,30.182628457896961,-0.50002719244676952,0,0,0,0,0,0.70705219766145788
3479,30.19130661444035,-0.50002718837011284,0,0,0,0,0,0.70705220055670059
3480,30.199984770983736,-0.50002721334875555,0,0,0,0,0,0.70705218290452532
3481,30.208662927527122,-0.50002718565114612,0,0,0,0,0,0.70705220250419742
3482,30.217341084070508,-0.50002714708522977,0,0,0,0,0,0.70705222978953719
3483,30.226019240613894,-0.50002717715238221,0,0,0,0,0,0.7070522085378288
3484,30.23469739715728,-0.50002718084588582,0,0,0,0,0,0.70705220593845475
3485,30.243375553700666,-0.50002713898985107,0,0,0,0,0,0.70705223554980989
3486,30.252053710244052,-0.50002716631919986,0,0,0,0,0,0.70705221623545889
3487,30.260731866787438,-0.500027196897458,0,0,0,0,0,0.70705219462359725
3488,30.269410023330824,-0.50002722223023688,0,0,0,0,0,0.70705217672135134
3489,30.27808817987421,-0.50002724963857259,0,0,0,0,0,0.70705215735071025
3490,30.286766336417596,-0.50002722708528979,0,0,0,0,0,0.70705217331179071
3491,30.295444492960982,-0.50002724187626357,0,0,0,0,0,0.70705216286353867
3492,30.304122649504368,-0.50002726056487989,0,0,0,0,0,0.70705214965737184
3493,30.312800806047754,-0.5000272291001765,0,0,0,0,0,0.70705217191985437
3494,30.32147896259114,-0.50002720506853104,0,0,0,0,0,0.70705218892579147
3495,30.330157119134526,-0.50002714892428268,0,0,0,0,0,0.70705222864066997
3496,30.338835275677912,-0.5000271861757879,0,0,0,0,0,0.70705220230901844
3497,30.347513432221298,-0.50002716790854695,0,0,0,0,0,0.7070522152380283
3498,30.356191588764684,-0.50002716295270133,0,0,0,0,0,0.70705221875340474
3499,30.36486974530807,-0.50002713804755139,0,0,0,0,0,0.70705223637675552
3500,30.373547901851456,-0.50002710507328418,0,0,0,0,0,0.70705225970714203
3501,30.382226058394842,-0.50002715765728878,0,0,0,0,0,0.70705222253108602
3502,30.390904214938228,-0.50002709129894674,0,0,0,0,0,0.70705226946953026
3503,30.399582371481614,-0.50002713557081369,0,0,0,0,0,0.70705223817197194
3504,30.408260528025,-0.50002713126274112,0,0,0,0,0,0.70705224122960431
3505,30.416938684568386,-0.50002713445119096,0,0,0,0,0,0.70705223898487723
3506,30.425616841111776,-0.50002715947468357,0,0,0,0,0,0.70705222129998013
3507,30.434294997655162,-0.50002715411925625,0,0,0,0,0,0.70705222509745269
3508,30.442973154198548,-0.5000271498531027,0,0,0,0,0,0.70705222812418533
3509,30.451651310741934,-0.50002716501216715,0,0,0,0,0,0.70705221741436119
3510,30.46032946728532,-0.50002719090799652,0,0,0,0,0,0.70705219911138073
3511,30.469007623828706,-0.5000272276913692,0,0,0,0,0,0.70705217310863588
3512,30.477685780372092,-0.50002725389390368,0,0,0,0,0,0.70705215458935378
3513,30.486363936915478,-0.50002723272317173,0,0,0,0,0,0.70705216957042438
3514,30.495042093458864,-0.50002720837159997,0,0,0,0,0,0.70705218680116744
3515,30.50372025000225,-0.50002724874680582,0,0,0,0,0,0.70705215825860535
3516,30.512398406545636,-0.50002724293873524,0,0,0,0,0,0.70705216237602642
3517,30.521076563089022,-0.50002723697070917,0,0,0,0,0,0.70705216660548587
3518,30.529754719632408,-0.5000272292160266,0,0,0,0,0,0.70705217209898308
3519,30.538432876175793,-0.50002726190135571,0,0,0,0,0,0.70705214899443902
3520,30.547111032719179,-0.50002726865374636,0,0,0,0,0,0.70705214422852869
3521,30.555789189262565,-0.50002724871328985,0,0,0,0,0,0.70705215833780954
3522,30.564467345805951,-0.50002724631586626,0,0,0,0,0,0.70705216004327198
3523,30.573145502349337,-0.50002729162969728,0,0,0,0,0,0.70705212800762851
3524,30.581823658892723,-0.5000272740102909,0,0,0,0,0,0.70705214047598375
3525,30.590501815436109,-0.50002728484344572,0,0,0,0,0,0.70705213282357882
3526,30.599179971979495,-0.50002729294144976,0,0,0,0,0,0.70705212710469567
3527,30.607858128522881,-0.50002727125803159,0,0,0,0,0,0.70705214244728865
3528,30.616536285066267,-0.50002729677629587,0,0,0,0,0,0.70705212441110277
3529,30.625214441609653,-0.5000273180077307,0,0,0,0,0,0.70705210940549001
3530,30.633892598153039,-0.50002725635796186,0,0,0,0,0,0.70705215300972668
3531,30.642570754696425,-0.50002725268919057,0,0,0,0,0,0.70705215561143575
3532,30.651248911239815,-0.50002724794150999,0,0,0,0,0,0.70705215897691076
3533,30.659927067783201,-0.50002727598250329,0,0,0,0,0,0.70705213915484677
3534,30.668605224326587,-0.50002728605812796,0,0,0,0,0,0.70705213203743611
3535,30.677283380869973,-0.50002729349571207,0,0,0,0,0,0.70705212678463347
3536,30.685961537413359,-0.50002728119369733,0,0,0,0,0,0.70705213549160817
3537,30.694639693956745,-0.5000272708253034,0,0,0,0,0,0.70705214283038309
3538,30.703317850500131,-0.50002728125298013,0,0,0,0,0,0.70705213546346357
3539,30.711996007043517,-0.50002731376270848,0,0,0,0,0,0.70705211248125721
3540,30.720674163586903,-0.50002734713829422,0,0,0,0,0,0.70705208888670512
3541,30.729352320130289,-0.5000273343718562,0,0,0,0,0,0.70705209792108015
3542,30.738030476673675,-0.50002731286621682,0,0,0,0,0,0.70705211313535621
3543,30.746708633217061,-0.50002729660706891,0,0,0,0,0,0.70705212463973943
3544,30.755386789760447,-0.50002728004507135,0,0,0,0,0,0.70705213635779529
3545,30.764064946303833,-0.50002730455711542,0,0,0,0,0,0.70705211903008802
3546,30.772743102847219,-0.50002730308204724,0,0,0,0,0,0.70705212007925056
3547,30.781421259390605,-0.5000273345020263,0,0,0,0,0,0.70705209786641277
3548,30.790099415933991,-0.50002736932434788,0,0,0,0,0,0.70705207324760444
3549,30.798777572477377,-0.50002740050123895,0,0,0,0,0,0.70705205120611225
3550,30.807455729020763,-0.50002739374270422,0,0,0,0,0,0.70705205599054111
3551,30.816133885564149,-0.50002737064619751,0,0,0,0,0,0.70705207232841349
3552,30.824812042107535,-0.50002742709348802,0,0,0,0,0,0.70705203241654857
3553,30.833490198650921,-0.50002748316446499,0,0,0,0,0,0.70705199277055186
3554,30.842168355194307,-0.50002749843812522,0,0,0,0,0,0.70705198197471564
3555,30.850846511737693,-0.50002746232801165,0,0,0,0,0,0.70705200751472974
3556,30.859524668281079,-0.50002744471685312,0,0,0,0,0,0.70705201997292733
3557,30.868202824824465,-0.500027446312861,0,0,0,0,0,0.70705201884870572
3558,30.876880981367854,-0.50002740703982917,0,0,0,0,0,0.70705204662495946
3559,30.88555913791124,-0.50002739784566363,0,0,0,0,0,0.70705205313071851
3560,30.894237294454626,-0.50002738717904816,0,0,0,0,0,0.70705206067766069
3561,30.902915450998012,-0.50002740488107134,0,0,0,0,0,0.70705204816350786
3562,30.911593607541398,-0.50002735745446314,0,0,0,0,0,0.70705208170525324
3563,30.920271764084784,-0.50002735007388366,0,0,0,0,0,0.70705208692799859
3564,30.92894992062817,-0.50002738506542732,0,0,0,0,0,0.7070520621870755
3565,30.937628077171556,-0.50002738172506822,0,0,0,0,0,0.70705206455263436
3566,30.946306233714942,-0.50002735618475558,0,0,0,0,0,0.70705208261680719
3567,30.954984390258328,-0.50002730825216557,0,0,0,0,0,0.70705211651553035
3568,30.963662546801714,-0.50002727867983754,0,0,0,0,0,0.70705213743051232
3569,30.9723407033451,-0.50002729569985704,0,0,0,0,0,0.70705212539742668
3570,30.981018859888486,-0.50002725992408548,0,0,0,0,0,0.7070521506989107
3571,30.989697016431872,-0.50002729068422758,0,0,0,0,0,0.70705212894909308
3572,30.998375172975258,-0.50002732093622082,0,0,0,0,0,0.70705210755842085
3573,31.007053329518644,-0.50002735550245236,0,0,0,0,0,0.70705208311682344
3574,31.01573148606203,-0.50002733367168883,0,0,0,0,0,0.70705209855645235
3575,31.024409642605416,-0.50002734837360219,0,0,0,0,0,0.70705208816169851
3576,31.033087799148802,-0.50002736665391623,0,0,0,0,0,0.70705207523627411
3577,31.041765955692188,-0.50002742926097665,0,0,0,0,0,0.70705203096488467
3578,31.050444112235574,-0.50002739162524878,0,0,0,0,0,0.70705205758044787
3579,31.05912226877896,-0.50002735891694272,0,0,0,0,0,0.70705208071139436
3580,31.067800425322346,-0.50002730165228626,0,0,0,0,0,0.70705212120731786
3581,31.076478581865732,-0.50002735535263088,0,0,0,0,0,0.70705208323375746
3582,31.085156738409118,-0.50002735376157093,0,0,0,0,0,0.70705208435958478
3583,31.093834894952504,-0.5000273791512313,0,0,0,0,0,0.70705206640573037
3584,31.10251305149589,-0.50002741532567674,0,0,0,0,0,0.70705204082520401
3585,31.11119120803928,-0.50002737229331851,0,0,0,0,0,0.70705207125593106
3586,31.119869364582666,-0.50002740881809449,0,0,0,0,0,0.70705204542736544
3587,31.128547521126052,-0.50002744133773425,0,0,0,0,0,0.70705202243089427
3588,31.137225677669438,-0.50002743165243613,0,0,0,0,0,0.7070520292796556
3589,31.145903834212824,-0.50002747084672783,0,0,0,0,0,0.7070520015628734
3590,31.15458199075621,-0.50002746748197424,0,0,0,0,0,0.70705200394172896
3591,31.163260147299596,-0.50002746010273524,0,0,0,0,0,0.70705200915930555
3592,31.171938303842982,-0.50002744748444872,0,0,0,0,0,0.70705201808153362
3593,31.180616460386368,-0.5000274141161718,0,0,0,0,0,0.70705204167704272
3594,31.189294616929754,-0.50002739044098909,0,0,0,0,0,0.70705205841787477
3595,31.19797277347314,-0.50002739097971449,0,0,0,0,0,0.70705205803560833
3596,31.206650930016526,-0.5000273918007625,0,0,0,0,0,0.70705205745355837
3597,31.215329086559912,-0.50002733120984255,0,0,0,0,0,0.70705210029904419
3598,31.224007243103298,-0.50002735801030862,0,0,0,0,0,0.70705208134520892
3599,31.232685399646684,-0.50002737948447273,0,0,0,0,0,0.70705206615776905
3600,31.24136355619007,-0.5000274072130938,0,0,0,0,0,0.7070520465472887
3601,31.250041712733456,-0.50002735294137368,0,0,0,0,0,0.70705208492357019
3602,31.258719869276842,-0.5000273455369989,0,0,0,0,0,0.70705209015726633
3603,31.267398025820228,-0.50002738214577469,0,0,0,0,0,0.70705206426671507
3604,31.276076182363614,-0.50002739011772357,0,0,0,0,0,0.70705205862663245
3605,31.284754338907,-0.50002739897467308,0,0,0,0,0,0.70705205236057722
3606,31.293432495450386,-0.50002739807682184,0,0,0,0,0,0.70705205299238694
3607,31.302110651993772,-0.50002739272701036,0,0,0,0,0,0.70705205677237881
3608,31.310788808537158,-0.50002739212436709,0,0,0,0,0,0.70705205719522901
3609,31.319466965080544,-0.50002737769696604,0,0,0,0,0,0.70705206739409121
3610,31.32814512162393,-0.50002733469058225,0,0,0,0,0,0.70705209780257938
3611,31.336823278167319,-0.50002735013334276,0,0,0,0,0,0.70705208687822374
3612,31.345501434710705,-0.5000273263240963,0,0,0,0,0,0.70705210371102467
3613,31.354179591254091,-0.50002732844352127,0,0,0,0,0,0.70705210220836179
3614,31.362857747797477,-0.50002738844889849,0,0,0,0,0,0.70705205977128394
3615,31.371535904340863,-0.50002741935665729,0,0,0,0,0,0.70705203791044013
3616,31.380214060884249,-0.5000274503412504,0,0,0,0,0,0.70705201599514211
3617,31.388892217427635,-0.50002747944365267,0,0,0,0,0,0.70705199541057873
3618,31.397570373971021,-0.50002745600271292,0,0,0,0,0,0.70705201198212198
3619,31.406248530514407,-0.5000274635772467,0,0,0,0,0,0.70705200662113654
3620,31.414926687057793,-0.50002743989397502,0,0,0,0,0,0.70705202336369766
3621,31.423604843601179,-0.50002743730995491,0,0,0,0,0,0.70705202518582944
3622,31.432283000144565,-0.50002744314986813,0,0,0,0,0,0.70705202105053644
3623,31.440961156687951,-0.50002741917924709,0,0,0,0,0,0.70705203799585536
3624,31.449639313231337,-0.50002743379289227,0,0,0,0,0,0.70705202765613961
3625,31.458317469774723,-0.50002743022969287,0,0,0,0,0,0.70705203017050167
3626,31.466995626318109,-0.5000274449789408,0,0,0,0,0,0.70705201973458376
3627,31.475673782861495,-0.5000274610012182,0,0,0,0,0,0.70705200839821813
3628,31.484351939404881,-0.50002745552303896,0,0,0,0,0,0.70705201226594383
3629,31.493030095948267,-0.50002739030510013,0,0,0,0,0,0.70705205837873564
3630,31.501708252491653,-0.50002734752931255,0,0,0,0,0,0.70705208862132629
3631,31.510386409035039,-0.50002733183447134,0,0,0,0,0,0.70705209971361782
3632,31.519064565578425,-0.50002732303766106,0,0,0,0,0,0.70705210592762668
3633,31.527742722121811,-0.5000272909082395,0,0,0,0,0,0.70705212864077538
3634,31.536420878665197,-0.50002725585589081,0,0,0,0,0,0.70705215342178107
3635,31.545099035208583,-0.50002723058923726,0,0,0,0,0,0.70705217128246822
3636,31.553777191751969,-0.50002722231713981,0,0,0,0,0,0.70705217712527713
3637,31.562455348295359,-0.50002725053738306,0,0,0,0,0,0.70705215716154157
3638,31.571133504838745,-0.5000272606466829,0,0,0,0,0,0.7070521500055662
3639,31.579811661382131,-0.50002732221958202,0,0,0,0,0,0.70705210645618877
3640,31.588489817925517,-0.50002732002934625,0,0,0,0,0,0.70705210799736307
3641,31.597167974468903,-0.50002733700515989,0,0,0,0,0,0.70705209598460961
3642,31.605846131012289,-0.50002732660650595,0,0,0,0,0,0.70705210333023771
3643,31.614524287555675,-0.50002731285485713,0,0,0,0,0,0.70705211304643178
3644,31.623202444099061,-0.50002731194385686,0,0,0,0,0,0.70705211368289689
3645,31.631880600642447,-0.50002732819905871,0,0,0,0,0,0.707052102179766
3646,31.640558757185833,-0.5000273390314256,0,0,0,0,0,0.70705209451138806
3647,31.649236913729219,-0.50002731273521495,0,0,0,0,0,0.70705211309818239
3648,31.657915070272605,-0.50002728960315701,0,0,0,0,0,0.70705212944742257
3649,31.666593226815991,-0.50002729999509998,0,0,0,0,0,0.70705212208958201
3650,31.675271383359377,-0.50002729749155961,0,0,0,0,0,0.70705212385078653
3651,31.683949539902763,-0.50002731302838976,0,0,0,0,0,0.70705211285553382
3652,31.692627696446149,-0.50002732769957581,0,0,0,0,0,0.7070521024712626
3653,31.701305852989535,-0.50002734386985914,0,0,0,0,0,0.70705209102687405
3654,31.709984009532921,-0.50002733140207412,0,0,0,0,0,0.70705209983419337
3655,31.718662166076307,-0.50002729857914074,0,0,0,0,0,0.70705212303678167
3656,31.727340322619693,-0.50002731729622363,0,0,0,0,0,0.70705210979124189
3657,31.736018479163079,-0.50002726311639334,0,0,0,0,0,0.7070521480959755
3658,31.744696635706465,-0.50002728010704245,0,0,0,0,0,0.70705213607080708
3659,31.753374792249851,-0.50002725093664913,0,0,0,0,0,0.70705215668932198
3660,31.762052948793237,-0.50002720684541369,0,0,0,0,0,0.70705218786045876
3661,31.770731105336623,-0.50002719627620051,0,0,0,0,0,0.70705219532443664
3662,31.779409261880009,-0.50002722301929658,0,0,0,0,0,0.70705217640251306
3663,31.788087418423398,-0.50002718152192205,0,0,0,0,0,0.70705220573815808
3664,31.796765574966784,-0.50002717707618072,0,0,0,0,0,0.70705220887208142
3665,31.80544373151017,-0.50002723010665084,0,0,0,0,0,0.70705217135964205
3666,31.814121888053556,-0.50002724275368982,0,0,0,0,0,0.70705216240570223
3667,31.822800044596942,-0.50002720415517998,0,0,0,0,0,0.70705218969124672
3668,31.831478201140328,-0.50002720483777352,0,0,0,0,0,0.70705218919853152
3669,31.840156357683714,-0.50002722149678991,0,0,0,0,0,0.70705217740678528
3670,31.8488345142271,-0.50002719016242592,0,0,0,0,0,0.70705219955478071
3671,31.857512670770486,-0.50002722794164245,0,0,0,0,0,0.70705217282739774
3672,31.866190827313872,-0.50002723786591619,0,0,0,0,0,0.70705216579777996
3673,31.874868983857258,-0.50002728914005579,0,0,0,0,0,0.70705212952685947
3674,31.883547140400644,-0.50002732903729408,0,0,0,0,0,0.70705210130146412
3675,31.89222529694403,-0.50002734427806472,0,0,0,0,0,0.70705209051105378
3676,31.900903453487416,-0.50002728871996771,0,0,0,0,0,0.70705212978956311
3677,31.909581610030802,-0.50002730287002917,0,0,0,0,0,0.70705211977130489
3678,31.918259766574188,-0.5000272781153583,0,0,0,0,0,0.70705213726615135
3679,31.926937923117574,-0.50002729213292629,0,0,0,0,0,0.70705212734178957
3680,31.93561607966096,-0.50002728761949977,0,0,0,0,0,0.70705213052296223
3681,31.944294236204346,-0.5000272562959075,0,0,0,0,0,0.70705215266298804
3682,31.952972392747732,-0.50002729671440183,0,0,0,0,0,0.7070521240681682
3683,31.961650549291118,-0.50002729250217615,0,0,0,0,0,0.70705212703454556
3684,31.970328705834504,-0.50002730870943224,0,0,0,0,0,0.70705211556168202
3685,31.97900686237789,-0.50002734773744262,0,0,0,0,0,0.70705208795013075
3686,31.987685018921276,-0.50002737002643538,0,0,0,0,0,0.70705207217545496
3687,31.996363175464662,-0.50002737125640284,0,0,0,0,0,0.70705207129300263
3688,32.005041332008048,-0.50002730602971168,0,0,0,0,0,0.70705211740841634
3689,32.013719488551438,-0.50002734209108834,0,0,0,0,0,0.70705209189452844
3690,32.02239764509482,-0.5000273218674508,0,0,0,0,0,0.70705210618551817
3691,32.03107580163821,-0.50002729693587433,0,0,0,0,0,0.70705212380443605
3692,32.039753958181592,-0.50002725691122207,0,0,0,0,0,0.70705215209773309
3693,32.048432114724982,-0.50002725532845038,0,0,0,0,0,0.70705215320578496
3694,32.057110271268364,-0.50002719334074441,0,0,0,0,0,0.70705219703044708
3695,32.065788427811754,-0.50002720859424532,0,0,0,0,0,0.70705218623063582
3696,32.074466584355136,-0.50002717728124624,0,0,0,0,0,0.70705220836279725
3697,32.083144740898526,-0.50002721248651405,0,0,0,0,0,0.70705218345330634
3698,32.091822897441908,-0.50002722051421089,0,0,0,0,0,0.70705217776428642
3699,32.100501053985298,-0.50002717905130045,0,0,0,0,0,0.70705220707444583
3700,32.10917921052868,-0.50002716129972491,0,0,0,0,0,0.70705221961659781
3701,32.11785736707207,-0.50002717287974197,0,0,0,0,0,0.70705221141453511
3702,32.126535523615452,-0.50002715332999759,0,0,0,0,0,0.70705222522816003
3703,32.135213680158841,-0.50002719499158943,0,0,0,0,0,0.70705219575294587
3704,32.143891836702231,-0.50002721065611799,0,0,0,0,0,0.70705218466211683
3705,32.152569993245613,-0.50002721414669582,0,0,0,0,0,0.70705218218103782
3706,32.161248149789003,-0.50002720613884466,0,0,0,0,0,0.70705218783216406
3707,32.169926306332385,-0.50002717316074763,0,0,0,0,0,0.70705221114199701
3708,32.178604462875775,-0.50002714590913921,0,0,0,0,0,0.70705223040137177
3709,32.187282619419157,-0.50002711748312578,0,0,0,0,0,0.70705225049107145
3710,32.195960775962547,-0.50002712524406456,0,0,0,0,0,0.70705224498988251
3711,32.204638932505929,-0.50002710851019372,0,0,0,0,0,0.7070522568122819
3712,32.213317089049319,-0.50002716072777786,0,0,0,0,0,0.70705221987143052
3713,32.221995245592701,-0.50002716772853795,0,0,0,0,0,0.707052214907544
3714,32.230673402136091,-0.5000272046190809,0,0,0,0,0,0.70705218880644316
3715,32.239351558679473,-0.50002721317939802,0,0,0,0,0,0.70705218273937365
3716,32.248029715222863,-0.50002721515180126,0,0,0,0,0,0.70705218133152015
3717,32.256707871766245,-0.50002721821084761,0,0,0,0,0,0.70705217915566521
3718,32.265386028309635,-0.50002721616423951,0,0,0,0,0,0.70705218059049135
3719,32.274064184853017,-0.50002724655163433,0,0,0,0,0,0.70705215908782293
3720,32.282742341396407,-0.50002730937248419,0,0,0,0,0,0.70705211464843676
3721,32.291420497939789,-0.50002733114087083,0,0,0,0,0,0.70705209924084822
3722,32.300098654483179,-0.50002731696284441,0,0,0,0,0,0.70705210925513251
3723,32.308776811026561,-0.50002728153370313,0,0,0,0,0,0.70705213429849789
3724,32.317454967569951,-0.50002728637810767,0,0,0,0,0,0.70705213085963814
3725,32.326133124113333,-0.50002726866474145,0,0,0,0,0,0.70705214337420275
3726,32.334811280656723,-0.50002723549822659,0,0,0,0,0,0.70705216681761129
3727,32.343489437200105,-0.50002724051176883,0,0,0,0,0,0.70705216325917419
3728,32.352167593743495,-0.50002720740485462,0,0,0,0,0,0.70705218666076175
3729,32.360845750286884,-0.50002721672025841,0,0,0,0,0,0.70705218006039416
3730,32.369523906830267,-0.50002722659449583,0,0,0,0,0,0.70705217306584345
3731,32.378202063373656,-0.50002726450341639,0,0,0,0,0,0.70705214624396451
3732,32.386880219917039,-0.50002723323343468,0,0,0,0,0,0.70705216834573914
3733,32.395558376460428,-0.50002724477657357,0,0,0,0,0,0.70705216016959227
3734,32.404236533003811,-0.50002723515383529,0,0,0,0,0,0.70705216696234707
3735,32.4129146895472,-0.50002722631662966,0,0,0,0,0,0.70705217320030833
3736,32.421592846090583,-0.50002726441503154,0,0,0,0,0,0.70705214624472745
3737,32.430271002633972,-0.50002727421665094,0,0,0,0,0,0.70705213930136379
3738,32.438949159177355,-0.50002729843816951,0,0,0,0,0,0.70705212216010249
3739,32.447627315720744,-0.50002728133093355,0,0,0,0,0,0.70705213424700197
3740,32.456305472264127,-0.50002726608320935,0,0,0,0,0,0.70705214501821612
3741,32.464983628807516,-0.50002722413495526,0,0,0,0,0,0.70705217467201376
3742,32.473661785350899,-0.50002722825707679,0,0,0,0,0,0.70705217174509549
3743,32.482339941894288,-0.50002718835393478,0,0,0,0,0,0.70705219995336943
3744,32.491018098437671,-0.50002718397814294,0,0,0,0,0,0.70705220303575089
3745,32.49969625498106,-0.50002720758987074,0,0,0,0,0,0.70705218632543154
3746,32.508374411524443,-0.50002722436212899,0,0,0,0,0,0.70705217445180679
3747,32.517052568067832,-0.50002721669914763,0,0,0,0,0,0.70705217985857161
3748,32.525730724611215,-0.50002716433849992,0,0,0,0,0,0.70705221687802489
3749,32.534408881154604,-0.50002716643051937,0,0,0,0,0,0.70705221538655394
3750,32.543087037697987,-0.50002712870737842,0,0,0,0,0,0.70705224205410389
3751,32.551765194241376,-0.5000270937939757,0,0,0,0,0,0.70705226673391941
3752,32.560443350784759,-0.50002706899102012,0,0,0,0,0,0.70705228426363931
3753,32.569121507328148,-0.50002705892404287,0,0,0,0,0,0.70705229137227477
3754,32.577799663871531,-0.5000270414664415,0,0,0,0,0,0.70705230370730376
3755,32.58647782041492,-0.50002707231820309,0,0,0,0,0,0.70705228187725488
3756,32.59515597695831,-0.50002712903748892,0,0,0,0,0,0.70705224175404169
3757,32.603834133501692,-0.50002707982205064,0,0,0,0,0,0.70705227654953084
3758,32.612512290045082,-0.50002710124033178,0,0,0,0,0,0.70705226139178734
3759,32.621190446588464,-0.50002711584677462,0,0,0,0,0,0.70705225105118785
3760,32.629868603131854,-0.50002711852932336,0,0,0,0,0,0.70705224914431319
3761,32.638546759675236,-0.50002709604290374,0,0,0,0,0,0.70705226503645413
3762,32.647224916218626,-0.50002713376801355,0,0,0,0,0,0.70705223834626452
3763,32.655903072762008,-0.50002711137330991,0,0,0,0,0,0.70705225417317763
3764,32.664581229305398,-0.50002713023275391,0,0,0,0,0,0.7070522408259734
3765,32.67325938584878,-0.50002712549475559,0,0,0,0,0,0.70705224416609269
3766,32.68193754239217,-0.50002710541138262,0,0,0,0,0,0.7070522583601857
3767,32.690615698935552,-0.50002713827988576,0,0,0,0,0,0.70705223510530857
3768,32.699293855478942,-0.50002711102728947,0,0,0,0,0,0.70705225436923769
3769,32.707972012022324,-0.50002710669175587,0,0,0,0,0,0.70705225742586819
3770,32.716650168565714,-0.50002705950104431,0,0,0,0,0,0.70705229079003473
3771,32.725328325109096,-0.50002703046154329,0,0,0,0,0,0.70705231131810109
3772,32.734006481652486,-0.50002706328496771,0,0,0,0,0,0.70705228809589471
3773,32.742684638195868,-0.50002709366140818,0,0,0,0,0,0.70705226660378884
3774,32.751362794739258,-0.50002712344117051,0,0,0,0,0,0.70705224553427115
3775,32.76004095128264,-0.50002717899673566,0,0,0,0,0,0.70705220623516496
3776,32.76871910782603,-0.50002717192653867,0,0,0,0,0,0.70705221122595319
3777,32.777397264369412,-0.50002719891991565,0,0,0,0,0,0.70705219212673853
3778,32.786075420912802,-0.5000271908285262,0,0,0,0,0,0.70705219784020201
3779,32.794753577456184,-0.50002720759922104,0,0,0,0,0,0.70705218597064956
3780,32.803431733999574,-0.50002718270490443,0,0,0,0,0,0.7070522035672937
3781,32.812109890542963,-0.50002719250987593,0,0,0,0,0,0.70705219662305652
3782,32.820788047086346,-0.50002715853212754,0,0,0,0,0,0.70705222064440676
3783,32.829466203629735,-0.50002712471877864,0,0,0,0,0,0.70705224455056737
3784,32.838144360173118,-0.50002708046791011,0,0,0,0,0,0.70705227583803421
3785,32.846822516716507,-0.50002712279827977,0,0,0,0,0,0.70705224589223192
3786,32.85550067325989,-0.50002717315566136,0,0,0,0,0,0.70705221026977938
3787,32.864178829803279,-0.50002713323206482,0,0,0,0,0,0.70705223849775933
3788,32.872856986346662,-0.50002707914105005,0,0,0,0,0,0.70705227674527826
3789,32.881535142890051,-0.50002710680228069,0,0,0,0,0,0.70705225717397369
3790,32.890213299433434,-0.50002707878079644,0,0,0,0,0,0.70705227698333495
3791,32.898891455976823,-0.50002707976354555,0,0,0,0,0,0.70705227628146616
3792,32.907569612520206,-0.50002711791513821,0,0,0,0,0,0.70705224929170996
3793,32.916247769063595,-0.50002714246426805,0,0,0,0,0,0.7070522319209811
3794,32.924925925606978,-0.50002710353388458,0,0,0,0,0,0.70705225944798755
3795,32.933604082150367,-0.50002706088676885,0,0,0,0,0,0.70705228960266986
3796,32.94228223869375,-0.50002705461777019,0,0,0,0,0,0.70705229402884129
3797,32.950960395237139,-0.50002706973026134,0,0,0,0,0,0.70705228333328307
3798,32.959638551780522,-0.5000270684499859,0,0,0,0,0,0.70705228423180255
3799,32.968316708323911,-0.50002708973256793,0,0,0,0,0,0.70705226917456088
3800,32.976994864867294,-0.50002709875400009,0,0,0,0,0,0.70705226278748334
3801,32.985673021410683,-0.50002706875113556,0,0,0,0,0,0.70705228399975262
3802,32.994351177954066,-0.50002708704965781,0,0,0,0,0,0.70705227105101898
3803,33.003029334497455,-0.50002703816787797,0,0,0,0,0,0.70705230561564392
3804,33.011707491040838,-0.50002705409241821,0,0,0,0,0,0.70705229434594941
3805,33.020385647584227,-0.50002703422296568,0,0,0,0,0,0.70705230839412891
3806,33.02906380412761,-0.50002704454246649,0,0,0,0,0,0.70705230108897155
3807,33.037741960670999,-0.50002709220243491,0,0,0,0,0,0.70705226737717908
3808,33.046420117214389,-0.50002709584505878,0,0,0,0,0,0.70705226479469907
3809,33.055098273757771,-0.50002705702840733,0,0,0,0,0,0.70705229224246491
3810,33.063776430301161,-0.50002706795022178,0,0,0,0,0,0.70705228451400259
3811,33.072454586844543,-0.50002707626713527,0,0,0,0,0,0.70705227862771425
3812,33.081132743387933,-0.50002710504707049,0,0,0,0,0,0.70705225826866291
3813,33.089810899931315,-0.50002713231588625,0,0,0,0,0,0.70705223897949665
3814,33.098489056474705,-0.5000271944232898,0,0,0,0,0,0.70705219505032435
3815,33.107167213018087,-0.50002720676530232,0,0,0,0,0,0.70705218631840694
3816,33.115845369561477,-0.50002723593012599,0,0,0,0,0,0.70705216568650009
3817,33.124523526104859,-0.50002719190558753,0,0,0,0,0,0.7070521968190846
3818,33.133201682648249,-0.5000272301435521,0,0,0,0,0,0.70705216977153285
3819,33.141879839191631,-0.50002723147273076,0,0,0,0,0,0.70705216882734057
3820,33.150557995735021,-0.5000272700839693,0,0,0,0,0,0.70705214151704809
3821,33.159236152278403,-0.50002725908688228,0,0,0,0,0,0.70705214929238847
3822,33.167914308821793,-0.50002723491089607,0,0,0,0,0,0.70705216638680723
3823,33.176592465365175,-0.50002725463728537,0,0,0,0,0,0.70705215243194908
3824,33.185270621908565,-0.50002722018584611,0,0,0,0,0,0.70705217679410692
3825,33.193948778451947,-0.50002722084489071,0,0,0,0,0,0.70705217632534501
3826,33.202626934995337,-0.50002724176771274,0,0,0,0,0,0.70705216152632877
3827,33.211305091538719,-0.50002725847754825,0,0,0,0,0,0.70705214970679509
3828,33.219983248082109,-0.5000272882747645,0,0,0,0,0,0.70705212863026501
3829,33.228661404625491,-0.50002730967598785,0,0,0,0,0,0.70705211349174846
3830,33.237339561168881,-0.50002734586967712,0,0,0,0,0,0.70705208789277918
3831,33.246017717712263,-0.50002734583306085,0,0,0,0,0,0.70705208791645036
3832,33.254695874255653,-0.50002736301192319,0,0,0,0,0,0.70705207576362106
3833,33.263374030799035,-0.50002732840919784,0,0,0,0,0,0.70705210023564113
3834,33.272052187342425,-0.50002726538481024,0,0,0,0,0,0.70705214480792777
3835,33.280730343885814,-0.50002721909785708,0,0,0,0,0,0.70705217754263006
3836,33.289408500429197,-0.50002727912949541,0,0,0,0,0,0.70705213508502673
3837,33.298086656972586,-0.50002723403022875,0,0,0,0,0,0.7070521669797516
3838,33.306764813515969,-0.5000272640136767,0,0,0,0,0,0.70705214577356901
3839,33.315442970059358,-0.50002724785986019,0,0,0,0,0,0.70705215719758141
3840,33.324121126602741,-0.50002731269125889,0,0,0,0,0,0.70705211134716284
3841,33.33279928314613,-0.50002730844782717,0,0,0,0,0,0.70705211434693349
3842,33.341477439689513,-0.50002730924926431,0,0,0,0,0,0.70705211377839516
3843,33.350155596232902,-0.5000272905748786,0,0,0,0,0,0.70705212698573494
3844,33.358833752776285,-0.50002729778353194,0,0,0,0,0,0.70705212188793032
3845,33.367511909319674,-0.50002727790330859,0,0,0,0,0,0.70705213594767846
3846,33.376190065863057,-0.50002728286948039,0,0,0,0,0,0.70705213243516662
3847,33.384868222406446,-0.500027265647629,0,0,0,0,0,0.70705214461614307
3848,33.393546378949829,-0.50002724945558441,0,0,0,0,0,0.70705215606758243
3849,33.402224535493218,-0.50002727693452387,0,0,0,0,0,0.70705213663345556
3850,33.410902692036601,-0.50002729392758694,0,0,0,0,0,0.70705212461743705
3851,33.41958084857999,-0.50002731440792869,0,0,0,0,0,0.70705211013532787
3852,33.428259005123373,-0.50002731288018765,0,0,0,0,0,0.70705211121874378
3853,33.436937161666762,-0.50002733691500056,0,0,0,0,0,0.70705209422054338
3854,33.445615318210145,-0.50002727853311224,0,0,0,0,0,0.70705213551244128
3855,33.454293474753534,-0.5000272779935907,0,0,0,0,0,0.70705213589474347
3856,33.462971631296917,-0.50002725505255075,0,0,0,0,0,0.70705215212213046
3857,33.471649787840306,-0.50002729169406146,0,0,0,0,0,0.70705212620972491
3858,33.480327944383689,-0.50002728815361441,0,0,0,0,0,0.70705212871462653
3859,33.489006100927078,-0.50002729587210704,0,0,0,0,0,0.70705212325938449
3860,33.497684257470468,-0.5000273299530551,0,0,0,0,0,0.70705209915847189
3861,33.50636241401385,-0.50002733750801442,0,0,0,0,0,0.7070520938188749
3862,33.51504057055724,-0.50002732770173908,0,0,0,0,0,0.70705210075743175
3863,33.523718727100622,-0.50002727309601813,0,0,0,0,0,0.70705213938017009
3864,33.532396883644012,-0.50002727924727297,0,0,0,0,0,0.70705213503245901
3865,33.541075040187394,-0.5000272526069337,0,0,0,0,0,0.7070521538765222
3866,33.549753196730784,-0.50002724264273268,0,0,0,0,0,0.70705216092625101
3867,33.558431353274166,-0.50002724852590008,0,0,0,0,0,0.70705215676927402
3868,33.567109509817556,-0.50002726509128903,0,0,0,0,0,0.70705214505840175
3869,33.575787666360938,-0.50002725302331907,0,0,0,0,0,0.70705215359713902
3870,33.584465822904328,-0.50002720493088493,0,0,0,0,0,0.70705218761490585
3871,33.59314397944771,-0.50002718704945215,0,0,0,0,0,0.70705220026590876
3872,33.6018221359911,-0.50002718240901689,0,0,0,0,0,0.70705220355246556
3873,33.610500292534482,-0.50002721366292235,0,0,0,0,0,0.70705218145222126
3874,33.619178449077872,-0.5000272120434478,0,0,0,0,0,0.70705218260124703
3875,33.627856605621254,-0.5000271869826397,0,0,0,0,0,0.70705220033006722
3876,33.636534762164644,-0.50002719939479168,0,0,0,0,0,0.70705219155531296
3877,33.645212918708026,-0.50002719013096231,0,0,0,0,0,0.70705219811093922
3878,33.653891075251416,-0.50002718999409301,0,0,0,0,0,0.70705219821165244
3879,33.662569231794798,-0.50002719035569998,0,0,0,0,0,0.70705219796005636
3880,33.671247388338188,-0.50002722283396694,0,0,0,0,0,0.70705217499666695
3881,33.67992554488157,-0.50002721285554008,0,0,0,0,0,0.70705218205908515
3882,33.68860370142496,-0.50002722824216006,0,0,0,0,0,0.70705217118183228
3883,33.697281857968342,-0.5000272708236364,0,0,0,0,0,0.70705214107177028
3884,33.705960014511732,-0.5000273169465238,0,0,0,0,0,0.70705210845834898
3885,33.714638171055114,-0.50002732103290948,0,0,0,0,0,0.70705210557322218
3886,33.723316327598504,-0.50002728340386593,0,0,0,0,0,0.70705213219259377
3887,33.731994484141893,-0.50002735009093024,0,0,0,0,0,0.70705208503545158
3888,33.740672640685275,-0.50002733381263831,0,0,0,0,0,0.70705209655345058
3889,33.749350797228665,-0.50002730628293091,0,0,0,0,0,0.70705211603014106
3890,33.758028953772047,-0.50002729137631441,0,0,0,0,0,0.70705212658062067
3891,33.766707110315437,-0.50002727001028269,0,0,0,0,0,0.70705214169715092
3892,33.775385266858819,-0.50002729881452324,0,0,0,0,0,0.70705212133205109
3893,33.784063423402209,-0.50002733609836036,0,0,0,0,0,0.7070520949707948
3894,33.792741579945591,-0.5000273715748691,0,0,0,0,0,0.70705206988756153
3895,33.801419736488981,-0.50002737505116102,0,0,0,0,0,0.70705206743703997
3896,33.810097893032363,-0.50002736581043417,0,0,0,0,0,0.70705207398053105
3897,33.818776049575753,-0.50002736763021227,0,0,0,0,0,0.70705207270323456
3898,33.827454206119135,-0.50002736911550405,0,0,0,0,0,0.70705207165949879
3899,33.836132362662525,-0.50002735437902113,0,0,0,0,0,0.70705208208898718
3900,33.844810519205907,-0.50002742249557497,0,0,0,0,0,0.70705203392329175
3901,33.853488675749297,-0.50002742013863044,0,0,0,0,0,0.70705203559750096
3902,33.862166832292679,-0.50002739610734559,0,0,0,0,0,0.70705205260165371
3903,33.870844988836069,-0.50002743291410812,0,0,0,0,0,0.70705202657883603
3904,33.879523145379451,-0.5000274522310858,0,0,0,0,0,0.70705201292551223
3905,33.888201301922841,-0.50002749494147791,0,0,0,0,0,0.70705198272847269
3906,33.896879458466223,-0.50002750342329771,0,0,0,0,0,0.70705197673874665
3907,33.905557615009613,-0.50002747710437767,0,0,0,0,0,0.70705199536110719
3908,33.914235771552995,-0.50002750763089554,0,0,0,0,0,0.7070519737807679
3909,33.922913928096385,-0.50002751000510037,0,0,0,0,0,0.70705197211100668
3910,33.931592084639767,-0.50002746246353502,0,0,0,0,0,0.70705200574376903
3911,33.940270241183157,-0.500027422902937,0,0,0,0,0,0.7070520337306192
3912,33.948948397726539,-0.50002741639864301,0,0,0,0,0,0.70705203833990282
3913,33.957626554269929,-0.50002744764573337,0,0,0,0,0,0.70705201625164094
3914,33.966304710813318,-0.50002746251735841,0,0,0,0,0,0.70705200574358784
3915,33.974982867356701,-0.50002744477566841,0,0,0,0,0,0.7070520183012281
3916,33.98366102390009,-0.50002743306325148,0,0,0,0,0,0.7070520265937752
3917,33.992339180443473,-0.50002745495365053,0,0,0,0,0,0.70705201112221872
3918,34.001017336986862,-0.50002747424695304,0,0,0,0,0,0.70705199748862668
3919,34.009695493530245,-0.50002749078241526,0,0,0,0,0,0.70705198580429141
3920,34.018373650073634,-0.50002749079508457,0,0,0,0,0,0.70705198580518669
3921,34.027051806617017,-0.50002750169626919,0,0,0,0,0,0.70705197810723952
3922,34.035729963160406,-0.50002748614027936,0,0,0,0,0,0.70705198911866418
3923,34.044408119703789,-0.50002748937135855,0,0,0,0,0,0.70705198684460058
3924,34.053086276247178,-0.500027469498877,0,0,0,0,0,0.7070520009097887
3925,34.061764432790561,-0.5000274824144112,0,0,0,0,0,0.7070519917867486
3926,34.07044258933395,-0.50002745306187146,0,0,0,0,0,0.70705201255595895
3927,34.079120745877333,-0.50002747024879857,0,0,0,0,0,0.70705200041249316
3928,34.087798902420722,-0.50002749793823287,0,0,0,0,0,0.70705198084149945
3929,34.096477058964105,-0.50002750812211916,0,0,0,0,0,0.70705197364986194
3930,34.105155215507494,-0.50002751165632964,0,0,0,0,0,0.70705197116154572
3931,34.113833372050877,-0.50002754168539132,0,0,0,0,0,0.70705194993619713
3932,34.122511528594266,-0.50002757804576947,0,0,0,0,0,0.70705192423314323
3933,34.131189685137649,-0.5000276164464208,0,0,0,0,0,0.70705189708712979
3934,34.139867841681038,-0.50002762237994847,0,0,0,0,0,0.7070518929028502
3935,34.148545998224421,-0.50002766597421466,0,0,0,0,0,0.70705186208389748
3936,34.15722415476781,-0.50002767698851325,0,0,0,0,0,0.70705185430640061
3937,34.165902311311193,-0.50002765560569196,0,0,0,0,0,0.70705186944049103
3938,34.174580467854582,-0.50002768185163171,0,0,0,0,0,0.70705185089027367
3939,34.183258624397972,-0.50002772388164229,0,0,0,0,0,0.70705182117810494
3940,34.191936780941354,-0.50002779221148941,0,0,0,0,0,0.70705177286698895
3941,34.200614937484744,-0.50002780426311333,0,0,0,0,0,0.70705176435538553
3942,34.209293094028126,-0.50002776719295561,0,0,0,0,0,0.70705179058398615
3943,34.217971250571516,-0.50002776170994023,0,0,0,0,0,0.70705179447311162
3944,34.226649407114898,-0.50002774969486685,0,0,0,0,0,0.70705180298310433
3945,34.235327563658288,-0.50002774990716781,0,0,0,0,0,0.70705180284549307
3946,34.24400572020167,-0.5000276773350093,0,0,0,0,0,0.70705185418105243
3947,34.25268387674506,-0.50002771050547279,0,0,0,0,0,0.70705183073555489
3948,34.261362033288442,-0.50002771420183512,0,0,0,0,0,0.70705182813369216
3949,34.270040189831832,-0.50002765794236725,0,0,0,0,0,0.70705186793292185
3950,34.278718346375214,-0.50002764187293325,0,0,0,0,0,0.70705187930980595
3951,34.287396502918604,-0.50002765697392271,0,0,0,0,0,0.70705186864290837
3952,34.296074659461986,-0.50002761001733631,0,0,0,0,0,0.70705190186378175
3953,34.304752816005376,-0.50002758266530756,0,0,0,0,0,0.70705192122042249
3954,34.313430972548758,-0.50002758593400931,0,0,0,0,0,0.70705191892067076
3955,34.322109129092148,-0.50002762596145611,0,0,0,0,0,0.70705189062571761
3956,34.33078728563553,-0.50002766106327468,0,0,0,0,0,0.70705186581392443
3957,34.33946544217892,-0.50002766936548704,0,0,0,0,0,0.70705185995450159
3958,34.348143598722302,-0.50002767182808361,0,0,0,0,0,0.70705185822580807
3959,34.356821755265692,-0.50002767658900593,0,0,0,0,0,0.7070518548722502
3960,34.365499911809074,-0.50002767567369399,0,0,0,0,0,0.70705185553235483
3961,34.374178068352464,-0.50002768220784177,0,0,0,0,0,0.70705185092466682
3962,34.382856224895846,-0.5000276351546753,0,0,0,0,0,0.7070518842136706
3963,34.391534381439236,-0.50002757738642789,0,0,0,0,0,0.7070519250805124
3964,34.400212537982618,-0.50002759802162922,0,0,0,0,0,0.70705191050049621
3965,34.408890694526008,-0.50002762752292929,0,0,0,0,0,0.70705188965008237
3966,34.417568851069397,-0.50002764221082086,0,0,0,0,0,0.70705187927512192
3967,34.42624700761278,-0.50002763854801657,0,0,0,0,0,0.7070518818786663
3968,34.434925164156169,-0.50002756368867363,0,0,0,0,0,0.70705193483119677
3969,34.443603320699552,-0.50002750484906455,0,0,0,0,0,0.70705197645528672
3970,34.452281477242941,-0.50002755962474776,0,0,0,0,0,0.70705193773073283
3971,34.460959633786324,-0.50002755850180847,0,0,0,0,0,0.70705193853841675
3972,34.469637790329713,-0.50002757044880264,0,0,0,0,0,0.70705193010143441
3973,34.478315946873096,-0.50002757629118677,0,0,0,0,0,0.70705192598209265
3974,34.486994103416485,-0.5000275676708964,0,0,0,0,0,0.70705193209070161
3975,34.495672259959868,-0.50002758010334492,0,0,0,0,0,0.70705192331057332
3976,34.504350416503257,-0.50002761149411734,0,0,0,0,0,0.70705190112376393
3977,34.51302857304664,-0.50002764357397,0,0,0,0,0,0.70705187844968931
3978,34.521706729590029,-0.50002770693372145,0,0,0,0,0,0.7070518336548508
3979,34.530384886133412,-0.50002772882273738,0,0,0,0,0,0.70705181818798257
3980,34.539063042676801,-0.5000276848078502,0,0,0,0,0,0.7070518493279635
3981,34.547741199220184,-0.5000276772906761,0,0,0,0,0,0.70705185465652975
3982,34.556419355763573,-0.50002762701691095,0,0,0,0,0,0.70705189022246984
3983,34.565097512306956,-0.50002764289656976,0,0,0,0,0,0.70705187900584932
3984,34.573775668850345,-0.50002767409291893,0,0,0,0,0,0.70705185695740802
3985,34.582453825393728,-0.5000277160010137,0,0,0,0,0,0.70705182733263516
3986,34.591131981937117,-0.50002772445560717,0,0,0,0,0,0.70705182136677669
3987,34.5998101384805,-0.50002772229161985,0,0,0,0,0,0.70705182290928947
3988,34.608488295023889,-0.50002775119181853,0,0,0,0,0,0.70705180248435795
3989,34.617166451567272,-0.50002778441386098,0,0,0,0,0,0.70705177900225324
3990,34.625844608110661,-0.50002774860117261,0,0,0,0,0,0.7070518043405194
3991,34.634522764654051,-0.50002775825679524,0,0,0,0,0,0.70705179752449787
3992,34.643200921197433,-0.50002777118143404,0,0,0,0,0,0.70705178839595906
3993,34.651879077740823,-0.50002775861091087,0,0,0,0,0,0.70705179729866963
3994,34.660557234284205,-0.50002779288102361,0,0,0,0,0,0.70705177307458733
3995,34.669235390827595,-0.50002778966515915,0,0,0,0,0,0.7070517753613581
3996,34.677913547370977,-0.50002782588529515,0,0,0,0,0,0.70705174975869411
3997,34.686591703914367,-0.50002783807317752,0,0,0,0,0,0.70705174115156666
3998,34.695269860457749,-0.50002784559453695,0,0,0,0,0,0.70705173584463044
3999,34.703948017001139,-0.50002785997075971,0,0,0,0,0,0.70705172569065322
4000,34.712626173544521,-0.50002785730816768,0,0,0,0,0,0.70705172758692925
4001,34.721304330087911,-0.50002782941406376,0,0,0,0,0,0.70705174732550802
4002,34.729982486631293,-0.50002785551928985,0,0,0,0,0,0.70705172887609535
4003,34.738660643174683,-0.50002787708844199,0,0,0,0,0,0.70705171363463748
4004,34.747338799718065,-0.50002788987442537,0,0,0,0,0,0.70705170460341371
4005,34.756016956261455,-0.50002785766049496,0,0,0,0,0,0.70705172739647626
4006,34.764695112804837,-0.50002787625448297,0,0,0,0,0,0.7070517142575703
4007,34.773373269348227,-0.5000278880684792,0,0,0,0,0,0.70705170591523725
4008,34.782051425891609,-0.50002788683732813,0,0,0,0,0,0.70705170679684848
4009,34.790729582434999,-0.50002786797287047,0,0,0,0,0,0.70705172014903361
4010,34.799407738978381,-0.50002782771126886,0,0,0,0,0,0.7070517486323844
4011,34.808085895521771,-0.5000278569838329,0,0,0,0,0,0.70705172794260918
4012,34.816764052065153,-0.50002786272643396,0,0,0,0,0,0.70705172389399351
4013,34.825442208608543,-0.5000279020178644,0,0,0,0,0,0.70705169611899699
4014,34.834120365151925,-0.50002792265938822,0,0,0,0,0,0.70705168153316045
4015,34.842798521695315,-0.50002794364596326,0,0,0,0,0,0.70705166670270003
4016,34.851476678238697,-0.5000279141244055,0,0,0,0,0,0.70705168759095471
4017,34.860154834782087,-0.50002791764364207,0,0,0,0,0,0.70705168511302929
4018,34.868832991325476,-0.500027954063064,0,0,0,0,0,0.70705165936880832
4019,34.877511147868859,-0.5000279830785469,0,0,0,0,0,0.70705163886012556
4020,34.886189304412248,-0.50002797730672355,0,0,0,0,0,0.70705164295251777
4021,34.894867460955631,-0.50002792987775635,0,0,0,0,0,0.70705167650426048
4022,34.90354561749902,-0.50002796010740314,0,0,0,0,0,0.70705165513617096
4023,34.912223774042403,-0.50002798557869887,0,0,0,0,0,0.70705163713394015
4024,34.920901930585792,-0.50002794741259382,0,0,0,0,0,0.70705166413392817
4025,34.929580087129175,-0.5000279345956713,0,0,0,0,0,0.7070516732075518
4026,34.938258243672564,-0.50002791791024515,0,0,0,0,0,0.70705168501715931
4027,34.946936400215947,-0.50002790007851139,0,0,0,0,0,0.70705169763705911
4028,34.955614556759336,-0.50002787619824574,0,0,0,0,0,0.70705171453468552
4029,34.964292713302719,-0.50002790704478484,0,0,0,0,0,0.70705169272996216
4030,34.972970869846108,-0.50002790997939617,0,0,0,0,0,0.70705169066554063
4031,34.981649026389491,-0.50002792378808258,0,0,0,0,0,0.70705168091065751
4032,34.99032718293288,-0.50002793040387872,0,0,0,0,0,0.70705167624131349
4033,34.999005339476263,-0.50002794015042773,0,0,0,0,0,0.70705166935908892
4034,35.007683496019652,-0.50002793556112168,0,0,0,0,0,0.70705167261390045
4035,35.016361652563035,-0.50002793469562057,0,0,0,0,0,0.7070516732346519
4036,35.025039809106424,-0.50002793999500972,0,0,0,0,0,0.70705166949587905
4037,35.033717965649807,-0.50002799753661031,0,0,0,0,0,0.70705162881412775
4038,35.042396122193196,-0.50002802760193199,0,0,0,0,0,0.70705160756203078
4039,35.051074278736579,-0.50002805456159827,0,0,0,0,0,0.70705158850662997
4040,35.059752435279968,-0.50002804517688426,0,0,0,0,0,0.70705159515231131
4041,35.068430591823351,-0.50002803112315508,0,0,0,0,0,0.70705160509879583
4042,35.07710874836674,-0.50002806137757227,0,0,0,0,0,0.70705158371209365
4043,35.085786904910123,-0.50002810198337289,0,0,0,0,0,0.70705155500535
4044,35.094465061453512,-0.50002813550875891,0,0,0,0,0,0.70705153130603549
4045,35.103143217996902,-0.50002815315858828,0,0,0,0,0,0.70705151883317541
4046,35.111821374540284,-0.50002814349421876,0,0,0,0,0,0.70705152567567708
4047,35.120499531083674,-0.50002810551212895,0,0,0,0,0,0.70705155254221452
4048,35.129177687627056,-0.50002810430614542,0,0,0,0,0,0.70705155340315073
4049,35.137855844170446,-0.5000281105830251,0,0,0,0,0,0.70705154897234479
4050,35.146534000713828,-0.5000280880097504,0,0,0,0,0,0.70705156494248733
4051,35.155212157257218,-0.50002805792972171,0,0,0,0,0,0.70705158622118702
4052,35.1638903138006,-0.50002808047431602,0,0,0,0,0,0.70705157028611154
4053,35.17256847034399,-0.50002808614509497,0,0,0,0,0,0.70705156628341825
4054,35.181246626887372,-0.50002808762937401,0,0,0,0,0,0.70705156524072166
4055,35.189924783430762,-0.50002808590171377,0,0,0,0,0,0.7070515664691932
4056,35.198602939974144,-0.50002806522426002,0,0,0,0,0,0.70705158109784172
4057,35.207281096517534,-0.50002811842955397,0,0,0,0,0,0.70705154347973576
4058,35.215959253060916,-0.50002811636504174,0,0,0,0,0,0.70705154494575595
4059,35.224637409604306,-0.50002811106637413,0,0,0,0,0,0.70705154869865083
4060,35.233315566147688,-0.50002815211752361,0,0,0,0,0,0.7070515196752396
4061,35.241993722691078,-0.50002814686672969,0,0,0,0,0,0.70705152339457644
4062,35.25067187923446,-0.50002813271549906,0,0,0,0,0,0.70705153340729243
4063,35.25935003577785,-0.50002814265162054,0,0,0,0,0,0.70705152638662128
4064,35.268028192321232,-0.50002812683093734,0,0,0,0,0,0.707051537580071
4065,35.276706348864622,-0.50002813635790733,0,0,0,0,0,0.70705153084836869
4066,35.285384505408004,-0.50002813036460059,0,0,0,0,0,0.7070515350918285
4067,35.294062661951394,-0.5000281008860038,0,0,0,0,0,0.70705155594286939
4068,35.302740818494776,-0.50002805799832084,0,0,0,0,0,0.70705158627609599
4069,35.311418975038166,-0.50002805749139256,0,0,0,0,0,0.70705158663949152
4070,35.320097131581555,-0.50002810474209813,0,0,0,0,0,0.70705155323051061
4071,35.328775288124938,-0.50002814721995892,0,0,0,0,0,0.70705152319669651
4072,35.337453444668327,-0.50002812853113843,0,0,0,0,0,0.70705153641678553
4073,35.346131601211709,-0.5000281663340479,0,0,0,0,0,0.70705150968865604
4074,35.354809757755099,-0.5000281495131943,0,0,0,0,0,0.70705152158739359
4075,35.363487914298481,-0.50002813604299612,0,0,0,0,0,0.7070515311169383
4076,35.372166070841871,-0.50002810954491927,0,0,0,0,0,0.70705154985890362
4077,35.380844227385253,-0.50002806377123921,0,0,0,0,0,0.70705158223158593
4078,35.389522383928643,-0.50002801047017542,0,0,0,0,0,0.70705161992699539
4079,35.398200540472025,-0.50002803000846219,0,0,0,0,0,0.70705160611386741
4080,35.406878697015415,-0.50002800230807154,0,0,0,0,0,0.7070516257054158
4081,35.415556853558797,-0.50002803390170392,0,0,0,0,0,0.70705160336691231
4082,35.424235010102187,-0.5000280273722395,0,0,0,0,0,0.70705160798704958
4083,35.432913166645569,-0.50002804207357499,0,0,0,0,0,0.70705159759376413
4084,35.441591323188959,-0.50002806837788483,0,0,0,0,0,0.70705157899520699
4085,35.450269479732341,-0.50002802645672029,0,0,0,0,0,0.70705160864231065
4086,35.458947636275731,-0.50002801942366415,0,0,0,0,0,0.70705161361805124
4087,35.467625792819113,-0.50002805587795796,0,0,0,0,0,0.70705158784151345
4088,35.476303949362503,-0.500028044839542,0,0,0,0,0,0.70705159564940345
4089,35.484982105905885,-0.50002800106175005,0,0,0,0,0,0.70705162660883714
4090,35.493660262449275,-0.50002800549099191,0,0,0,0,0,0.70705162347840522
4091,35.502338418992657,-0.50002801886842607,0,0,0,0,0,0.70705161402005667
4092,35.511016575536047,-0.50002801161424837,0,0,0,0,0,0.70705161915126635
4093,35.519694732079429,-0.50002797396325394,0,0,0,0,0,0.70705164577749136
4094,35.528372888622819,-0.50002794202343803,0,0,0,0,0,0.70705166836486566
4095,35.537051045166201,-0.50002793753785302,0,0,0,0,0,0.70705167153776782
4096,35.545729201709591,-0.50002788365896234,0,0,0,0,0,0.70705170963907726
4097,35.55440735825298,-0.50002789283448434,0,0,0,0,0,0.70705170315119992
4098,35.563085514796363,-0.50002783501817227,0,0,0,0,0,0.7070517440365548
4099,35.571763671339752,-0.50002776952280381,0,0,0,0,0,0.7070517903520086
4100,35.580441827883135,-0.50002780092205601,0,0,0,0,0,0.70705176814810189
4101,35.589119984426524,-0.50002773214104068,0,0,0,0,0,0.70705181678669149
4102,35.597798140969907,-0.50002775805147637,0,0,0,0,0,0.70705179846390431
4103,35.606476297513296,-0.50002777172751145,0,0,0,0,0,0.70705178879254504
4104,35.615154454056679,-0.50002777158168432,0,0,0,0,0,0.70705178889515674
4105,35.623832610600068,-0.50002774117768289,0,0,0,0,0,0.70705181039471876
4106,35.632510767143451,-0.50002779282306886,0,0,0,0,0,0.70705177387280582
4107,35.64118892368684,-0.50002777434273149,0,0,0,0,0,0.70705178694026216
4108,35.649867080230223,-0.50002780179253226,0,0,0,0,0,0.7070517675279494
4109,35.658545236773612,-0.50002783870113987,0,0,0,0,0,0.70705174142671456
4110,35.667223393316995,-0.50002780532148194,0,0,0,0,0,0.70705176502981071
4111,35.675901549860384,-0.50002780878734687,0,0,0,0,0,0.70705176257733626
4112,35.684579706403767,-0.50002780269812064,0,0,0,0,0,0.70705176688153881
4113,35.693257862947156,-0.50002778575164564,0,0,0,0,0,0.70705177886333903
4114,35.701936019490539,-0.50002779168425227,0,0,0,0,0,0.70705177466610758
4115,35.710614176033928,-0.50002782538668622,0,0,0,0,0,0.70705175083111449
4116,35.719292332577311,-0.50002780727640628,0,0,0,0,0,0.70705176363558309
4117,35.7279704891207,-0.50002782477053598,0,0,0,0,0,0.7070517512620631
4118,35.736648645664083,-0.5000278176103139,0,0,0,0,0,0.70705175632256356
4119,35.745326802207472,-0.50002777139847798,0,0,0,0,0,0.70705178899849974
4120,35.754004958750855,-0.50002777078742566,0,0,0,0,0,0.70705178942737401
4121,35.762683115294244,-0.50002775715455705,0,0,0,0,0,0.70705179906476401
4122,35.771361271837627,-0.50002774810100237,0,0,0,0,0,0.70705180546365431
4123,35.780039428381016,-0.50002776341038524,0,0,0,0,0,0.70705179463391588
4124,35.788717584924406,-0.50002780026328764,0,0,0,0,0,0.70705176856959717
4125,35.797395741467788,-0.50002780315228423,0,0,0,0,0,0.70705176652259061
4126,35.806073898011178,-0.50002778842218165,0,0,0,0,0,0.70705177693504417
4127,35.81475205455456,-0.50002778089589039,0,0,0,0,0,0.70705178225269094
4128,35.82343021109795,-0.50002780797842794,0,0,0,0,0,0.70705176309716222
4129,35.832108367641332,-0.50002780360340793,0,0,0,0,0,0.70705176618684717
4130,35.840786524184722,-0.50002777120615838,0,0,0,0,0,0.70705178909218169
4131,35.849464680728104,-0.50002774390610927,0,0,0,0,0,0.70705180839271797
4132,35.858142837271494,-0.50002773046095217,0,0,0,0,0,0.70705181789546412
4133,35.866820993814876,-0.50002770566223265,0,0,0,0,0,0.70705183542715666
4134,35.875499150358266,-0.5000277097250776,0,0,0,0,0,0.70705183254873472
4135,35.884177306901648,-0.5000277113306093,0,0,0,0,0,0.7070518314080676
4136,35.892855463445038,-0.50002776829311135,0,0,0,0,0,0.70705179112141892
4137,35.90153361998842,-0.50002777610050053,0,0,0,0,0,0.70705178559453152
4138,35.91021177653181,-0.50002777984605029,0,0,0,0,0,0.70705178293999094
4139,35.918889933075192,-0.50002771209069918,0,0,0,0,0,0.70705183084780998
4140,35.927568089618582,-0.50002769357548904,0,0,0,0,0,0.70705184393548848
4141,35.936246246161964,-0.50002769419064841,0,0,0,0,0,0.70705184349435513
4142,35.944924402705354,-0.50002773318335259,0,0,0,0,0,0.70705181591455712
4143,35.953602559248736,-0.50002776444511277,0,0,0,0,0,0.70705179380120775
4144,35.962280715792126,-0.50002782719690952,0,0,0,0,0,0.70705174941934246
4145,35.970958872335508,-0.50002780783388856,0,0,0,0,0,0.70705176310455009
4146,35.979637028878898,-0.50002779464132174,0,0,0,0,0,0.70705177242749073
4147,35.98831518542228,-0.50002783684007068,0,0,0,0,0,0.70705174257930992
4148,35.99699334196567,-0.50002783393437922,0,0,0,0,0,0.70705174462683829
4149,36.005671498509059,-0.50002780436586136,0,0,0,0,0,0.70705176552839433
4150,36.014349655052442,-0.5000278427128797,0,0,0,0,0,0.70705173840407376
4151,36.023027811595831,-0.50002782674521751,0,0,0,0,0,0.70705174968701101
4152,36.031705968139214,-0.50002786887341821,0,0,0,0,0,0.70705171988823068
4153,36.040384124682603,-0.50002786432001356,0,0,0,0,0,0.70705172310007924
4154,36.049062281225986,-0.50002787479632471,0,0,0,0,0,0.70705171568364733
4155,36.057740437769375,-0.500027879233233,0,0,0,0,0,0.70705171253744936
4156,36.066418594312758,-0.50002787188670272,0,0,0,0,0,0.70705171772386954
4157,36.075096750856147,-0.50002787293368267,0,0,0,0,0,0.70705171697500546
4158,36.08377490739953,-0.50002786570202984,0,0,0,0,0,0.70705172208034561
4159,36.092453063942919,-0.5000278943130263,0,0,0,0,0,0.70705170183920529
4160,36.101131220486302,-0.50002785220464585,0,0,0,0,0,0.70705173160785506
4161,36.109809377029691,-0.50002784026746649,0,0,0,0,0,0.70705174004008242
4162,36.118487533573074,-0.50002788551448296,0,0,0,0,0,0.70705170803383233
4163,36.127165690116463,-0.50002789064797049,0,0,0,0,0,0.70705170439406118
4164,36.135843846659846,-0.50002791621004861,0,0,0,0,0,0.70705168630835047
4165,36.144522003203235,-0.50002795461303295,0,0,0,0,0,0.70705165914207235
4166,36.153200159746618,-0.50002789403595627,0,0,0,0,0,0.70705170197042122
4167,36.161878316290007,-0.50002787669912441,0,0,0,0,0,0.70705171422135038
4168,36.17055647283339,-0.50002782469359508,0,0,0,0,0,0.70705175098907347
4169,36.179234629376779,-0.50002787260577164,0,0,0,0,0,0.70705171709770909
4170,36.187912785920162,-0.5000278567259826,0,0,0,0,0,0.70705172831745955
4171,36.196590942463551,-0.50002787543296667,0,0,0,0,0,0.70705171507880848
4172,36.205269099006934,-0.50002789113700918,0,0,0,0,0,0.70705170396348649
4173,36.213947255550323,-0.50002789491535993,0,0,0,0,0,0.7070517012821913
4174,36.222625412093706,-0.50002791964731796,0,0,0,0,0,0.7070516837815628
4175,36.231303568637095,-0.50002789786076696,0,0,0,0,0,0.70705169917785327
4176,36.239981725180485,-0.50002788604690929,0,0,0,0,0,0.70705170752154878
4177,36.248659881723867,-0.50002791602620145,0,0,0,0,0,0.70705168631079651
4178,36.257338038267257,-0.50002790791474916,0,0,0,0,0,0.70705169203583296
4179,36.266016194810639,-0.50002789625266653,0,0,0,0,0,0.70705170027284403
4180,36.274694351354029,-0.50002792508371541,0,0,0,0,0,0.70705167987326156
4181,36.283372507897411,-0.5000279474110888,0,0,0,0,0,0.70705166407307196
4182,36.292050664440801,-0.50002794018108043,0,0,0,0,0,0.7070516691757831
4183,36.300728820984183,-0.50002796297998353,0,0,0,0,0,0.70705165304135331
4184,36.309406977527573,-0.50002801117035645,0,0,0,0,0,0.70705161895121105
4185,36.318085134070955,-0.5000279994516813,0,0,0,0,0,0.70705162722669002
4186,36.326763290614345,-0.50002800661420821,0,0,0,0,0,0.70705162215025652
4187,36.335441447157727,-0.50002803757237446,0,0,0,0,0,0.70705160024574987
4188,36.344119603701117,-0.50002802097156329,0,0,0,0,0,0.7070516119741761
4189,36.352797760244499,-0.5000280258913441,0,0,0,0,0,0.70705160848466342
4190,36.361475916787889,-0.50002804150207758,0,0,0,0,0,0.70705159743315527
4191,36.370154073331271,-0.50002799059205794,0,0,0,0,0,0.70705163342375599
4192,36.378832229874661,-0.50002792989784461,0,0,0,0,0,0.70705167633377997
4193,36.387510386418043,-0.50002789469808817,0,0,0,0,0,0.70705170121456629
4194,36.396188542961433,-0.50002786074009853,0,0,0,0,0,0.70705172521769022
4195,36.404866699504815,-0.50002788412926658,0,0,0,0,0,0.70705170866439637
4196,36.413544856048205,-0.50002789512734425,0,0,0,0,0,0.70705170087408931
4197,36.422223012591587,-0.50002788128546816,0,0,0,0,0,0.70705171065078209
4198,36.430901169134977,-0.50002786436231683,0,0,0,0,0,0.70705172260569782
4199,36.439579325678359,-0.50002784664724409,0,0,0,0,0,0.70705173512063091
4200,36.448257482221749,-0.50002786278562317,0,0,0,0,0,0.70705172369492519
4201,36.456935638765131,-0.5000278618455305,0,0,0,0,0,0.70705172434726293
4202,36.465613795308521,-0.50002783076745727,0,0,0,0,0,0.70705174631330392
4203,36.47429195185191,-0.50002786941145227,0,0,0,0,0,0.70705171897304364
4204,36.482970108395293,-0.50002785544922346,0,0,0,0,0,0.7070517288346676
4205,36.491648264938682,-0.50002783579067622,0,0,0,0,0,0.70705174272338667
4206,36.500326421482065,-0.50002782827919634,0,0,0,0,0,0.70705174802232285
4207,36.509004578025454,-0.50002782841646654,0,0,0,0,0,0.70705174791229242
4208,36.517682734568837,-0.50002788195715731,0,0,0,0,0,0.70705171003656031
4209,36.526360891112226,-0.50002787582086272,0,0,0,0,0,0.70705171436286629
4210,36.535039047655609,-0.50002785401050842,0,0,0,0,0,0.70705172977419095
4211,36.543717204198998,-0.50002779101921935,0,0,0,0,0,0.70705177430817612
4212,36.552395360742381,-0.50002776356292178,0,0,0,0,0,0.70705179371265869
4213,36.56107351728577,-0.50002777402169951,0,0,0,0,0,0.70705178630324106
4214,36.569751673829153,-0.50002776180836084,0,0,0,0,0,0.7070517949279691
4215,36.578429830372542,-0.50002782079379382,0,0,0,0,0,0.70705175320124924
4216,36.587107986915925,-0.50002785854800202,0,0,0,0,0,0.70705172648856407
4217,36.595786143459314,-0.50002788970364853,0,0,0,0,0,0.70705170444272114
4218,36.604464300002697,-0.50002785570096475,0,0,0,0,0,0.70705172847580977
4219,36.613142456546086,-0.50002785979711462,0,0,0,0,0,0.70705172556664309
4220,36.621820613089469,-0.50002787299683382,0,0,0,0,0,0.70705171621882024
4221,36.630498769632858,-0.50002788692497568,0,0,0,0,0,0.7070517063556282
4222,36.639176926176241,-0.5000279384356614,0,0,0,0,0,0.70705166991463808
4223,36.64785508271963,-0.50002790596474755,0,0,0,0,0,0.70705169286483838
4224,36.656533239263013,-0.50002791688092962,0,0,0,0,0,0.70705168513272199
4225,36.665211395806402,-0.50002796509171821,0,0,0,0,0,0.70705165102501255
4226,36.673889552349785,-0.50002798084413314,0,0,0,0,0,0.7070516398714467
4227,36.682567708893174,-0.50002793991515793,0,0,0,0,0,0.70705166880352877
4228,36.691245865436564,-0.50002797212530448,0,0,0,0,0,0.70705164601131498
4229,36.699924021979946,-0.50002800013143789,0,0,0,0,0,0.70705162619258455
4230,36.708602178523336,-0.50002801593319557,0,0,0,0,0,0.70705161500487457
4231,36.717280335066718,-0.50002805708310383,0,0,0,0,0,0.70705158589056427
4232,36.725958491610108,-0.5000280633887767,0,0,0,0,0,0.70705158141740987
4233,36.73463664815349,-0.50002807792532578,0,0,0,0,0,0.70705157112367778
4234,36.74331480469688,-0.50002804697268743,0,0,0,0,0,0.70705159300070619
4235,36.751992961240262,-0.50002806850069192,0,0,0,0,0,0.70705157776282801
4236,36.760671117783652,-0.50002803364611592,0,0,0,0,0,0.70705160239863551
4237,36.769349274327034,-0.5000280469406424,0,0,0,0,0,0.70705159298281028
4238,36.778027430870424,-0.50002808805748244,0,0,0,0,0,0.70705156389200141
4239,36.786705587413806,-0.50002807021172879,0,0,0,0,0,0.70705157649982042
4240,36.795383743957196,-0.50002807952923434,0,0,0,0,0,0.70705156989804596
4241,36.804061900500578,-0.50002811531124125,0,0,0,0,0,0.70705154458012864
4242,36.812740057043968,-0.50002813636329424,0,0,0,0,0,0.70705152967956764
4243,36.82141821358735,-0.50002816831854247,0,0,0,0,0,0.7070515070675274
4244,36.83009637013074,-0.5000281133213681,0,0,0,0,0,0.707051545948854
4245,36.838774526674122,-0.50002813664329626,0,0,0,0,0,0.70705152944294802
4246,36.847452683217512,-0.50002811118442547,0,0,0,0,0,0.7070515474347232
4247,36.856130839760894,-0.50002815229433561,0,0,0,0,0,0.70705151834857283
4248,36.864808996304284,-0.50002813790257417,0,0,0,0,0,0.70705152851409103
4249,36.873487152847666,-0.50002815388316135,0,0,0,0,0,0.70705151720046722
4250,36.882165309391056,-0.50002815863985817,0,0,0,0,0,0.70705151382322029
4251,36.890843465934438,-0.50002815475703033,0,0,0,0,0,0.70705151655697485
4252,36.899521622477828,-0.50002812799912266,0,0,0,0,0,0.70705153546783261
4253,36.90819977902121,-0.50002818422498263,0,0,0,0,0,0.70705149569203263
4254,36.9168779355646,-0.50002819581722702,0,0,0,0,0,0.70705148748172775
4255,36.925556092107989,-0.50002818921949888,0,0,0,0,0,0.70705149213575424
4256,36.934234248651372,-0.50002818928914894,0,0,0,0,0,0.7070514920743074
4257,36.942912405194761,-0.50002817629523966,0,0,0,0,0,0.70705150125138339
4258,36.951590561738143,-0.50002818044557673,0,0,0,0,0,0.70705149830446512
4259,36.960268718281533,-0.50002821761178473,0,0,0,0,0,0.70705147200870133
4260,36.968946874824915,-0.50002820098514311,0,0,0,0,0,0.70705148375457583
4261,36.977625031368305,-0.5000282738995373,0,0,0,0,0,0.70705143217644473
4262,36.986303187911687,-0.50002826167476699,0,0,0,0,0,0.7070514408102655
4263,36.994981344455077,-0.50002829406783933,0,0,0,0,0,0.70705141788907966
4264,37.003659500998459,-0.50002828810433264,0,0,0,0,0,0.70705142209367988
4265,37.012337657541849,-0.50002827564708963,0,0,0,0,0,0.70705143089249134
4266,37.021015814085231,-0.50002827242131409,0,0,0,0,0,0.70705143316309282
4267,37.029693970628621,-0.50002826617084351,0,0,0,0,0,0.70705143757226452
4268,37.038372127172003,-0.50002825474904322,0,0,0,0,0,0.70705144563758537
4269,37.047050283715393,-0.50002823819414033,0,0,0,0,0,0.70705145733439601
4270,37.055728440258775,-0.50002823744328828,0,0,0,0,0,0.70705145785387735
4271,37.064406596802165,-0.5000282562135514,0,0,0,0,0,0.707051444569057
4272,37.073084753345547,-0.5000282997556097,0,0,0,0,0,0.70705141376398473
4273,37.081762909888937,-0.50002834262240092,0,0,0,0,0,0.70705138343709173
4274,37.090441066432319,-0.5000283378019722,0,0,0,0,0,0.70705138683487334
4275,37.099119222975709,-0.50002836504458348,0,0,0,0,0,0.70705136755770503
4276,37.107797379519091,-0.50002839719201708,0,0,0,0,0,0.70705134481151788
4277,37.116475536062481,-0.50002842758801014,0,0,0,0,0,0.70705132330426679
4278,37.125153692605863,-0.50002844678061964,0,0,0,0,0,0.70705130972086749
4279,37.133831849149253,-0.50002838828411145,0,0,0,0,0,0.70705135107999695
4280,37.142510005692642,-0.50002838102471725,0,0,0,0,0,0.70705135620323034
4281,37.151188162236025,-0.50002833100639488,0,0,0,0,0,0.70705139156598662
4282,37.159866318779414,-0.50002831951756332,0,0,0,0,0,0.70705139968070618
4283,37.168544475322797,-0.50002832471276915,0,0,0,0,0,0.70705139599698441
4284,37.177222631866186,-0.50002836831504327,0,0,0,0,0,0.70705136515116251
4285,37.185900788409569,-0.50002840900694978,0,0,0,0,0,0.70705133636313633
4286,37.194578944952958,-0.50002842381772095,0,0,0,0,0,0.70705132587901787
4287,37.203257101496341,-0.50002845456006195,0,0,0,0,0,0.70705130412667216
4288,37.21193525803973,-0.50002843444809009,0,0,0,0,0,0.70705131834057866
4289,37.220613414583113,-0.50002840469236032,0,0,0,0,0,0.70705133937470244
4290,37.229291571126502,-0.50002839833160762,0,0,0,0,0,0.70705134386196278
4291,37.237969727669885,-0.50002839669376853,0,0,0,0,0,0.70705134501183409
4292,37.246647884213274,-0.50002842214008447,0,0,0,0,0,0.70705132700687301
4293,37.255326040756657,-0.50002840307747987,0,0,0,0,0,0.70705134047963725
4294,37.264004197300046,-0.50002844208688546,0,0,0,0,0,0.70705131288140777
4295,37.272682353843429,-0.50002842711776285,0,0,0,0,0,0.70705132345983301
4296,37.281360510386818,-0.50002843899816418,0,0,0,0,0,0.70705131504928431
4297,37.290038666930201,-0.50002842548328352,0,0,0,0,0,0.70705132459885789
4298,37.29871682347359,-0.50002844585746786,0,0,0,0,0,0.70705131018150702
4299,37.307394980016973,-0.50002839139587252,0,0,0,0,0,0.70705134868953579
4300,37.316073136560362,-0.5000283836219731,0,0,0,0,0,0.70705135417880527
4301,37.324751293103745,-0.50002838939055005,0,0,0,0,0,0.70705135009154318
4302,37.333429449647134,-0.50002842327838448,0,0,0,0,0,0.70705132611791122
4303,37.342107606190517,-0.50002843683037224,0,0,0,0,0,0.70705131652594844
4304,37.350785762733906,-0.50002839241682584,0,0,0,0,0,0.70705134792845747
4305,37.359463919277289,-0.50002838999350629,0,0,0,0,0,0.70705134963334082
4306,37.368142075820678,-0.50002844959555537,0,0,0,0,0,0.70705130747296607
4307,37.376820232364068,-0.50002846591999339,0,0,0,0,0,0.70705129592128202
4308,37.38549838890745,-0.50002841739997783,0,0,0,0,0,0.70705133022927313
4309,37.39417654545084,-0.50002841103792273,0,0,0,0,0,0.70705133472186077
4310,37.402854701994222,-0.50002843914498984,0,0,0,0,0,0.70705131483754702
4311,37.411532858537612,-0.50002847278450446,0,0,0,0,0,0.70705129104018116
4312,37.420211015080994,-0.50002843397367747,0,0,0,0,0,0.70705131848297142
4313,37.428889171624384,-0.50002847816967677,0,0,0,0,0,0.707051287218599
4314,37.437567328167766,-0.50002849638700608,0,0,0,0,0,0.70705127432876402
4315,37.446245484711156,-0.50002845923035022,0,0,0,0,0,0.70705130060074506
4316,37.454923641254538,-0.50002842356851551,0,0,0,0,0,0.70705132581669972
4317,37.463601797797928,-0.50002841749728444,0,0,0,0,0,0.7070513301044361
4318,37.47227995434131,-0.50002841141741283,0,0,0,0,0,0.70705133439792611
4319,37.4809581108847,-0.50002839859758508,0,0,0,0,0,0.70705134345820042
4320,37.489636267428082,-0.5000284239574585,0,0,0,0,0,0.70705132551713223
4321,37.498314423971472,-0.50002843411164188,0,0,0,0,0,0.70705131833172175
4322,37.506992580514854,-0.50002844991336959,0,0,0,0,0,0.70705130715090814
4323,37.515670737058244,-0.50002850752194317,0,0,0,0,0,0.70705126640286764
4324,37.524348893601626,-0.50002847509667481,0,0,0,0,0,0.7070512893297054
4325,37.533027050145016,-0.50002846423680214,0,0,0,0,0,0.70705129700603653
4326,37.541705206688398,-0.50002850407426935,0,0,0,0,0,0.70705126882655733
4327,37.550383363231788,-0.50002851923884239,0,0,0,0,0,0.70705125809808234
4328,37.55906151977517,-0.50002848972005798,0,0,0,0,0,0.70705127897119269
4329,37.56773967631856,-0.50002849690230355,0,0,0,0,0,0.70705127388830036
4330,37.576417832861942,-0.50002846201543594,0,0,0,0,0,0.7070512985574382
4331,37.585095989405332,-0.50002841670163023,0,0,0,0,0,0.70705133060107705
4332,37.593774145948714,-0.50002842251867541,0,0,0,0,0,0.70705132648438074
4333,37.602452302492104,-0.50002847647543847,0,0,0,0,0,0.70705128832022623
4334,37.611130459035493,-0.50002845557550424,0,0,0,0,0,0.70705130309807718
4335,37.619808615578876,-0.50002849428893692,0,0,0,0,0,0.70705127571535442
4336,37.628486772122265,-0.50002849681183914,0,0,0,0,0,0.70705127392838474
4337,37.637164928665648,-0.50002848989275517,0,0,0,0,0,0.70705127881790464
4338,37.645843085209037,-0.50002851702953799,0,0,0,0,0,0.70705125962297299
4339,37.65452124175242,-0.500028552202749,0,0,0,0,0,0.70705123474432696
4340,37.663199398295809,-0.50002853089941812,0,0,0,0,0,0.70705124980901246
4341,37.671877554839192,-0.50002851342950438,0,0,0,0,0,0.70705126216265501
4342,37.680555711382581,-0.50002846039122562,0,0,0,0,0,0.70705129967115754
4343,37.689233867925964,-0.50002844036767435,0,0,0,0,0,0.70705131383143804
4344,37.697912024469353,-0.50002844578759365,0,0,0,0,0,0.70705130999609711
4345,37.706590181012736,-0.50002849016697137,0,0,0,0,0,0.70705127860807748
4346,37.715268337556125,-0.500028512288614,0,0,0,0,0,0.70705126296094445
4347,37.723946494099508,-0.50002855647663424,0,0,0,0,0,0.70705123170741535
4348,37.732624650642897,-0.50002856806362717,0,0,0,0,0,0.70705122351115468
4349,37.74130280718628,-0.50002853766648059,0,0,0,0,0,0.70705124500919148
4350,37.749980963729669,-0.50002852542029541,0,0,0,0,0,0.70705125366887189
4351,37.758659120273052,-0.50002852811025555,0,0,0,0,0,0.70705125176711237
4352,37.767337276816441,-0.50002849326162158,0,0,0,0,0,0.70705127641191712
4353,37.776015433359824,-0.5000284486484422,0,0,0,0,0,0.70705130796215399
4354,37.784693589903213,-0.50002846740677798,0,0,0,0,0,0.70705129469507288
4355,37.793371746446596,-0.50002846444738058,0,0,0,0,0,0.70705129678945733
4356,37.802049902989985,-0.5000284248381921,0,0,0,0,0,0.70705132480249644
4357,37.810728059533368,-0.50002841341413684,0,0,0,0,0,0.70705133288298483
4358,37.819406216076757,-0.50002842122801716,0,0,0,0,0,0.70705132735772869
4359,37.828084372620147,-0.50002840114506197,0,0,0,0,0,0.70705134156345495
4360,37.836762529163529,-0.50002837424154289,0,0,0,0,0,0.70705136059168006
4361,37.845440685706919,-0.50002838440854047,0,0,0,0,0,0.70705135340245806
4362,37.854118842250301,-0.50002839881279393,0,0,0,0,0,0.70705134321470031
4363,37.862796998793691,-0.5000284075619521,0,0,0,0,0,0.70705133702667111
4364,37.871475155337073,-0.50002844386952883,0,0,0,0,0,0.70705131135065136
4365,37.880153311880463,-0.50002840783389924,0,0,0,0,0,0.7070513368376723
4366,37.888831468423845,-0.50002842129927383,0,0,0,0,0,0.70705132731731313
4367,37.897509624967235,-0.50002847262746686,0,0,0,0,0,0.70705129101761521
4368,37.906187781510617,-0.50002843276600617,0,0,0,0,0,0.70705131921071973
4369,37.914865938054007,-0.50002843820842313,0,0,0,0,0,0.70705131536243693
4370,37.923544094597389,-0.50002844346574737,0,0,0,0,0,0.70705131164590962
4371,37.932222251140779,-0.50002839052316306,0,0,0,0,0,0.70705134909132283
4372,37.940900407684161,-0.50002840211136612,0,0,0,0,0,0.70705134089876243
4373,37.949578564227551,-0.50002844377933087,0,0,0,0,0,0.70705131143164479
4374,37.958256720770933,-0.50002844879607278,0,0,0,0,0,0.70705130788520876
4375,37.966934877314323,-0.50002845457389999,0,0,0,0,0,0.70705130380268599
4376,37.975613033857705,-0.50002849225563362,0,0,0,0,0,0.70705127715560456
4377,37.984291190401095,-0.50002848184900184,0,0,0,0,0,0.70705128451868404
4378,37.992969346944477,-0.50002846638085641,0,0,0,0,0,0.70705129546104173
4379,38.001647503487867,-0.50002844442512562,0,0,0,0,0,0.70705131099276475
4380,38.010325660031249,-0.50002840026317141,0,0,0,0,0,0.70705134223040922
4381,38.019003816574639,-0.50002844557544823,0,0,0,0,0,0.70705131018732637
4382,38.027681973118021,-0.50002843693762355,0,0,0,0,0,0.70705131630088491
4383,38.036360129661411,-0.50002841418638888,0,0,0,0,0,0.70705133239538132
4384,38.045038286204793,-0.50002839345554784,0,0,0,0,0,0.70705134706099582
4385,38.053716442748183,-0.50002842010546822,0,0,0,0,0,0.70705132821798333
4386,38.062394599291572,-0.50002840200263954,0,0,0,0,0,0.70705134102566802
4387,38.071072755834955,-0.50002840875103383,0,0,0,0,0,0.7070513362567219
4388,38.079750912378344,-0.50002838818857054,0,0,0,0,0,0.70705135080549475
4389,38.088429068921727,-0.50002839112752773,0,0,0,0,0,0.70705134873134767
4390,38.097107225465116,-0.5000283711979423,0,0,0,0,0,0.70705136283053882
4391,38.105785382008499,-0.50002835860937189,0,0,0,0,0,0.70705137173988319
4392,38.114463538551888,-0.50002837972725511,0,0,0,0,0,0.70705135680904618
4393,38.123141695095271,-0.50002838233539737,0,0,0,0,0,0.70705135496960203
4394,38.13181985163866,-0.50002842714574569,0,0,0,0,0,0.70705132328450304
4395,38.140498008182043,-0.50002846293865721,0,0,0,0,0,0.70705129797709176
4396,38.149176164725432,-0.5000284656987477,0,0,0,0,0,0.70705129603276262
4397,38.157854321268815,-0.50002851861281894,0,0,0,0,0,0.70705125861602092
4398,38.166532477812204,-0.50002848438030989,0,0,0,0,0,0.70705128283416663
4399,38.175210634355587,-0.5000285217415279,0,0,0,0,0,0.70705125641803157
4400,38.183888790898976,-0.5000285027698641,0,0,0,0,0,0.70705126984351985
4401,38.192566947442359,-0.50002848540888345,0,0,0,0,0,0.70705128212876112
4402,38.201245103985748,-0.50002847994831412,0,0,0,0,0,0.70705128599895595
4403,38.209923260529131,-0.50002849298845631,0,0,0,0,0,0.70705127678450097
4404,38.21860141707252,-0.50002846181827765,0,0,0,0,0,0.70705129883693374
4405,38.227279573615903,-0.50002848103126984,0,0,0,0,0,0.70705128525542449
4406,38.235957730159292,-0.50002848311627734,0,0,0,0,0,0.70705128378886251
4407,38.244635886702675,-0.50002851816822647,0,0,0,0,0,0.70705125900595611
4408,38.253314043246064,-0.50002852200856651,0,0,0,0,0,0.70705125629869059
4409,38.261992199789447,-0.50002857320889538,0,0,0,0,0,0.70705122009631438
4410,38.270670356332836,-0.50002856504213644,0,0,0,0,0,0.7070512258810524
4411,38.279348512876219,-0.50002861515595365,0,0,0,0,0,0.70705119044676223
4412,38.288026669419608,-0.50002864064823238,0,0,0,0,0,0.70705117242596494
4413,38.296704825962998,-0.50002863894114635,0,0,0,0,0,0.70705117364223113
4414,38.30538298250638,-0.50002864821436854,0,0,0,0,0,0.70705116709183358
4415,38.31406113904977,-0.50002864766083499,0,0,0,0,0,0.70705116749033436
4416,38.322739295593152,-0.50002860040711217,0,0,0,0,0,0.70705120091836982
4417,38.331417452136542,-0.50002860549878136,0,0,0,0,0,0.70705119732589772
4418,38.340095608679924,-0.50002858642981773,0,0,0,0,0,0.70705121082119682
4419,38.348773765223314,-0.50002861937157106,0,0,0,0,0,0.70705118753361873
4420,38.357451921766696,-0.5000286466905568,0,0,0,0,0,0.70705116822261438
4421,38.366130078310086,-0.5000286296574048,0,0,0,0,0,0.70705118027752256
4422,38.374808234853468,-0.50002862986751917,0,0,0,0,0,0.70705118013915325
4423,38.383486391396858,-0.50002861271519772,0,0,0,0,0,0.70705119228043145
4424,38.39216454794024,-0.50002863625195793,0,0,0,0,0,0.70705117564332554
4425,38.40084270448363,-0.50002863123514363,0,0,0,0,0,0.70705117920130078
4426,38.409520861027012,-0.50002864659153712,0,0,0,0,0,0.70705116835194026
4427,38.418199017570402,-0.50002860834516005,0,0,0,0,0,0.70705119541085004
4428,38.426877174113784,-0.50002857030511394,0,0,0,0,0,0.70705122232364914
4429,38.435555330657174,-0.50002851729057174,0,0,0,0,0,0.70705125982691897
4430,38.444233487200556,-0.50002854551825038,0,0,0,0,0,0.7070512398746942
4431,38.452911643743946,-0.5000285351893482,0,0,0,0,0,0.70705124719149737
4432,38.461589800287328,-0.50002855161962934,0,0,0,0,0,0.70705123558174066
4433,38.470267956830718,-0.50002853215519005,0,0,0,0,0,0.70705124935821573
4434,38.4789461133741,-0.50002853966636485,0,0,0,0,0,0.70705124405654018
4435,38.48762426991749,-0.50002854951187559,0,0,0,0,0,0.7070512371060893
4436,38.496302426460872,-0.50002850726293335,0,0,0,0,0,0.70705126699600029
4437,38.504980583004262,-0.50002854981371192,0,0,0,0,0,0.70705123691480765
4438,38.513658739547651,-0.50002851280797023,0,0,0,0,0,0.70705126309685529
4439,38.522336896091034,-0.50002850471774063,0,0,0,0,0,0.70705126882947589
4440,38.531015052634423,-0.5000284663047726,0,0,0,0,0,0.70705129600687755
4441,38.539693209177805,-0.50002843669436636,0,0,0,0,0,0.70705131695999945
4442,38.548371365721195,-0.50002841884694316,0,0,0,0,0,0.7070513295934191
4443,38.557049522264577,-0.50002841921543373,0,0,0,0,0,0.7070513293450098
4444,38.565727678807967,-0.50002845624346037,0,0,0,0,0,0.70705130317000275
4445,38.574405835351349,-0.5000284486204547,0,0,0,0,0,0.7070513085728809
4446,38.583083991894739,-0.50002843702007804,0,0,0,0,0,0.70705131678881372
4447,38.591762148438121,-0.50002843147250342,0,0,0,0,0,0.70705132072501087
4448,38.600440304981511,-0.50002843675567921,0,0,0,0,0,0.7070513170004169
4449,38.609118461524893,-0.50002841959662203,0,0,0,0,0,0.70705132914808999
4450,38.617796618068283,-0.50002843143607822,0,0,0,0,0,0.70705132078707944
4451,38.626474774611665,-0.50002839402180466,0,0,0,0,0,0.70705134725877938
4452,38.635152931155055,-0.50002840664908033,0,0,0,0,0,0.70705133834083789
4453,38.643831087698437,-0.50002838905545866,0,0,0,0,0,0.70705135079555603
4454,38.652509244241827,-0.50002842471525033,0,0,0,0,0,0.70705132558883044
4455,38.661187400785209,-0.50002844320809159,0,0,0,0,0,0.70705131252324449
4456,38.669865557328599,-0.50002840995932052,0,0,0,0,0,0.70705133604917325
4457,38.678543713871981,-0.50002841151923427,0,0,0,0,0,0.70705133495907013
4458,38.687221870415371,-0.50002837327723648,0,0,0,0,0,0.70705136201648955
4459,38.695900026958753,-0.50002836910096182,0,0,0,0,0,0.70705136498281895
4460,38.704578183502143,-0.50002835089119912,0,0,0,0,0,0.70705137787380212
4461,38.713256340045525,-0.50002837809348299,0,0,0,0,0,0.70705135864895219
4462,38.721934496588915,-0.50002831276814719,0,0,0,0,0,0.70705140486028295
4463,38.730612653132297,-0.50002830107929264,0,0,0,0,0,0.70705141313923558
4464,38.739290809675687,-0.50002831919839008,0,0,0,0,0,0.70705140033774683
4465,38.747968966219076,-0.50002829049005459,0,0,0,0,0,0.7070514206538796
4466,38.756647122762459,-0.50002830714786084,0,0,0,0,0,0.70705140888582374
4467,38.765325279305848,-0.50002831114716118,0,0,0,0,0,0.7070514060698263
4468,38.774003435849231,-0.50002830000736109,0,0,0,0,0,0.70705141396130178
4469,38.78268159239262,-0.5000282702244836,0,0,0,0,0,0.70705143503750634
4470,38.791359748936003,-0.50002826886834217,0,0,0,0,0,0.70705143600894127
4471,38.800037905479392,-0.50002827702134889,0,0,0,0,0,0.707051430256185
4472,38.808716062022775,-0.50002828790233078,0,0,0,0,0,0.70705142257372211
4473,38.817394218566164,-0.50002831223256994,0,0,0,0,0,0.70705140538044808
4474,38.826072375109547,-0.50002828815473577,0,0,0,0,0,0.70705142242105268
4475,38.834750531652936,-0.50002831737772746,0,0,0,0,0,0.7070514017679278
4476,38.843428688196319,-0.50002828523228748,0,0,0,0,0,0.70705142451481184
4477,38.852106844739708,-0.50002826467014461,0,0,0,0,0,0.70705143906984791
4478,38.860785001283091,-0.50002823056796064,0,0,0,0,0,0.7070514631997854
4479,38.86946315782648,-0.50002826287466329,0,0,0,0,0,0.70705144036558631
4480,38.878141314369863,-0.5000282832542855,0,0,0,0,0,0.70705142596601878
4481,38.886819470913252,-0.50002831825510352,0,0,0,0,0,0.70705140122714427
4482,38.895497627456635,-0.500028320610167,0,0,0,0,0,0.70705139957502283
4483,38.904175784000024,-0.50002834810015229,0,0,0,0,0,0.70705138014753932
4484,38.912853940543407,-0.50002835987209182,0,0,0,0,0,0.70705137183600408
4485,38.921532097086796,-0.5000283007013121,0,0,0,0,0,0.70705141369441571
4486,38.930210253630179,-0.50002836438440579,0,0,0,0,0,0.70705136867126406
4487,38.938888410173568,-0.50002835780603405,0,0,0,0,0,0.70705137333734758
4488,38.947566566716951,-0.50002830208883586,0,0,0,0,0,0.7070514127532288
4489,38.95624472326034,-0.50002823894402471,0,0,0,0,0,0.70705145742196274
4490,38.96492287980373,-0.50002819622216943,0,0,0,0,0,0.70705148764789705
4491,38.973601036347112,-0.50002818685088746,0,0,0,0,0,0.70705149428756897
4492,38.982279192890502,-0.50002815649954602,0,0,0,0,0,0.7070515157655084
4493,38.990957349433884,-0.50002815200309092,0,0,0,0,0,0.70705151895856522
4494,38.999635505977274,-0.50002809021770112,0,0,0,0,0,0.70705156266540581
4495,39.008313662520656,-0.50002807817611272,0,0,0,0,0,0.70705157119455553
4496,39.016991819064046,-0.50002806667178712,0,0,0,0,0,0.70705157934338647
4497,39.025669975607428,-0.5000280486293126,0,0,0,0,0,0.70705159211571122
4498,39.034348132150818,-0.5000280630678684,0,0,0,0,0,0.70705158191729423
4499,39.0430262886942,-0.50002810884890259,0,0,0,0,0,0.70705154955460614
4500,39.05170444523759,-0.50002811309123008,0,0,0,0,0,0.70705154656648306
4501,39.060382601780972,-0.50002815347949259,0,0,0,0,0,0.70705151801712729
4502,39.069060758324362,-0.50002816224994817,0,0,0,0,0,0.70705151182811576
4503,39.077738914867744,-0.50002813810398128,0,0,0,0,0,0.70705152891593492
4504,39.086417071411134,-0.50002815042755611,0,0,0,0,0,0.70705152021435236
4505,39.095095227954516,-0.50002813819859793,0,0,0,0,0,0.70705152887460265
4506,39.103773384497906,-0.50002812591711643,0,0,0,0,0,0.70705153757224082
4507,39.112451541041288,-0.50002813206729835,0,0,0,0,0,0.70705153323507375
4508,39.121129697584678,-0.50002814256715233,0,0,0,0,0,0.70705152582129305
4509,39.12980785412806,-0.50002810991794289,0,0,0,0,0,0.70705154892214139
4510,39.13848601067145,-0.50002810175779544,0,0,0,0,0,0.7070515547057159
4511,39.147164167214832,-0.50002815899405839,0,0,0,0,0,0.70705151424166957
4512,39.155842323758222,-0.50002817075042494,0,0,0,0,0,0.70705150594050536
4513,39.164520480301604,-0.5000281831020007,0,0,0,0,0,0.70705149721833038
4514,39.173198636844994,-0.5000282073317972,0,0,0,0,0,0.70705148009573371
4515,39.181876793388376,-0.50002820802530201,0,0,0,0,0,0.70705147961672843
4516,39.190554949931766,-0.50002821001027276,0,0,0,0,0,0.70705147822483294
4517,39.199233106475155,-0.5000282282631795,0,0,0,0,0,0.70705146532912266
4518,39.207911263018538,-0.50002818851195407,0,0,0,0,0,0.7070514934519565
4519,39.216589419561927,-0.50002818390356174,0,0,0,0,0,0.70705149672281919
4520,39.22526757610531,-0.50002820428258488,0,0,0,0,0,0.70705148232363335
4521,39.233945732648699,-0.50002821184274371,0,0,0,0,0,0.70705147698836157
4522,39.242623889192082,-0.50002823303138122,0,0,0,0,0,0.70705146201671631
4523,39.251302045735471,-0.50002821944169373,0,0,0,0,0,0.70705147163826432
4524,39.259980202278854,-0.50002828303008096,0,0,0,0,0,0.70705142668179732
4525,39.268658358822243,-0.50002825303890153,0,0,0,0,0,0.70705144790242613
4526,39.277336515365626,-0.50002830241933727,0,0,0,0,0,0.70705141299300323
4527,39.286014671909015,-0.5000283500335464,0,0,0,0,0,0.70705137933203943
4528,39.294692828452398,-0.50002838409190808,0,0,0,0,0,0.70705135525764717
4529,39.303370984995787,-0.50002841857637181,0,0,0,0,0,0.70705133088196703
4530,39.31204914153917,-0.50002841430549594,0,0,0,0,0,0.70705133391417618
4531,39.320727298082559,-0.50002841212649929,0,0,0,0,0,0.7070513354654846
4532,39.329405454625942,-0.50002839720729297,0,0,0,0,0,0.70705134602715702
4533,39.338083611169331,-0.50002840714697117,0,0,0,0,0,0.70705133900859352
4534,39.346761767712714,-0.50002841698655442,0,0,0,0,0,0.70705133206044302
4535,39.355439924256103,-0.50002841904910411,0,0,0,0,0,0.70705133061283121
4536,39.364118080799486,-0.50002846779438692,0,0,0,0,0,0.70705129615213025
4537,39.372796237342875,-0.50002851335423659,0,0,0,0,0,0.7070512639433062
4538,39.381474393886258,-0.50002855872390994,0,0,0,0,0,0.70705123186994356
4539,39.390152550429647,-0.50002854731655111,0,0,0,0,0,0.70705123994711272
4540,39.39883070697303,-0.50002852400926068,0,0,0,0,0,0.70705125643867106
4541,39.407508863516419,-0.50002855706188831,0,0,0,0,0,0.70705123307497786
4542,39.416187020059802,-0.50002854927789053,0,0,0,0,0,0.70705123858831342
4543,39.424865176603191,-0.50002855247211153,0,0,0,0,0,0.70705123633935685
4544,39.433543333146581,-0.50002855966740523,0,0,0,0,0,0.70705123126046843
4545,39.442221489689963,-0.50002856819675112,0,0,0,0,0,0.70705122523805919
4546,39.450899646233353,-0.50002855976365723,0,0,0,0,0,0.70705123121178914
4547,39.459577802776735,-0.5000286234997452,0,0,0,0,0,0.70705118614979057
4548,39.468255959320125,-0.50002861449075187,0,0,0,0,0,0.70705119252942872
4549,39.476934115863507,-0.50002865551651376,0,0,0,0,0,0.70705116352724318
4550,39.485612272406897,-0.50002865132573104,0,0,0,0,0,0.70705116649976141
4551,39.494290428950279,-0.50002864520809231,0,0,0,0,0,0.70705117083475955
4552,39.502968585493669,-0.50002866597344287,0,0,0,0,0,0.70705115615916903
4553,39.511646742037051,-0.50002869784296078,0,0,0,0,0,0.70705113363107941
4554,39.520324898580441,-0.50002872458274206,0,0,0,0,0,0.70705111473093574
4555,39.529003055123823,-0.50002871872852017,0,0,0,0,0,0.70705111887853711
4556,39.537681211667213,-0.50002876482527425,0,0,0,0,0,0.7070510862892263
4557,39.546359368210595,-0.50002876971150079,0,0,0,0,0,0.70705108284201579
4558,39.555037524753985,-0.50002874556390187,0,0,0,0,0,0.70705109992611881
4559,39.563715681297367,-0.50002878487769509,0,0,0,0,0,0.70705107213302654
4560,39.572393837840757,-0.50002881328129556,0,0,0,0,0,0.70705105205488117
4561,39.581071994384139,-0.50002884778676648,0,0,0,0,0,0.70705102766163819
4562,39.589750150927529,-0.50002885828112198,0,0,0,0,0,0.70705102024801647
4563,39.598428307470911,-0.50002884267027536,0,0,0,0,0,0.70705103129461833
4564,39.607106464014301,-0.50002887777761962,0,0,0,0,0,0.70705100647574959
4565,39.615784620557683,-0.50002888718991501,0,0,0,0,0,0.70705099982644981
4566,39.624462777101073,-0.50002892123952491,0,0,0,0,0,0.70705097575503473
4567,39.633140933644455,-0.50002893469207765,0,0,0,0,0,0.70705096624894104
4568,39.641819090187845,-0.50002886860195894,0,0,0,0,0,0.7070510129914469
4569,39.650497246731234,-0.50002885662646968,0,0,0,0,0,0.70705102146665055
4570,39.659175403274617,-0.50002882132337734,0,0,0,0,0,0.70705104643753636
4571,39.667853559818006,-0.50002882738821419,0,0,0,0,0,0.70705104215492121
4572,39.676531716361389,-0.50002883401991693,0,0,0,0,0,0.70705103747114872
4573,39.685209872904778,-0.50002882325477516,0,0,0,0,0,0.70705104508951422
4574,39.693888029448161,-0.500028789704133,0,0,0,0,0,0.70705106882058644
4575,39.70256618599155,-0.50002879011516477,0,0,0,0,0,0.70705106853600697
4576,39.711244342534933,-0.50002880796875093,0,0,0,0,0,0.70705105591627149
4577,39.719922499078322,-0.50002878268983519,0,0,0,0,0,0.70705107379742316
4578,39.728600655621705,-0.50002872216937011,0,0,0,0,0,0.70705111660004505
4579,39.737278812165094,-0.50002874034360645,0,0,0,0,0,0.70705110375346969
4580,39.745956968708477,-0.50002868919629928,0,0,0,0,0,0.70705113992726076
4581,39.754635125251866,-0.50002869555748797,0,0,0,0,0,0.7070511354337965
4582,39.763313281795249,-0.50002871502256785,0,0,0,0,0,0.70705112167359774
4583,39.771991438338638,-0.50002874408984666,0,0,0,0,0,0.70705110112326253
4584,39.780669594882021,-0.50002874751742199,0,0,0,0,0,0.70705109870364069
4585,39.78934775142541,-0.50002873102861323,0,0,0,0,0,0.70705111036766688
4586,39.798025907968793,-0.50002877585699756,0,0,0,0,0,0.70705107867119965
4587,39.806704064512182,-0.50002875211428277,0,0,0,0,0,0.70705109546457923
4588,39.815382221055565,-0.50002875442480443,0,0,0,0,0,0.70705109383457732
4589,39.824060377598954,-0.50002872970634649,0,0,0,0,0,0.70705111131765608
4590,39.832738534142337,-0.50002874023091615,0,0,0,0,0,0.70705110387861536
4591,39.841416690685726,-0.50002875561263316,0,0,0,0,0,0.70705109300464231
4592,39.850094847229109,-0.50002873580296614,0,0,0,0,0,0.70705110701610829
4593,39.858773003772498,-0.50002878796487471,0,0,0,0,0,0.70705107013265156
4594,39.867451160315881,-0.5000287578341418,0,0,0,0,0,0.70705109144234524
4595,39.87612931685927,-0.50002881662892196,0,0,0,0,0,0.70705104986822143
4596,39.88480747340266,-0.50002884064517861,0,0,0,0,0,0.7070510328876215
4597,39.893485629946042,-0.50002886445074135,0,0,0,0,0,0.7070510160557163
4598,39.902163786489432,-0.50002887203650659,0,0,0,0,0,0.70705101069358889
4599,39.910841943032814,-0.50002884855732188,0,0,0,0,0,0.70705102729885438
4600,39.919520099576204,-0.50002884378854295,0,0,0,0,0,0.70705103067283326
4601,39.928198256119586,-0.50002889468166789,0,0,0,0,0,0.70705099468540311
4602,39.936876412662976,-0.50002885646908113,0,0,0,0,0,0.70705102170889311
4603,39.945554569206358,-0.5000289153859262,0,0,0,0,0,0.70705098004719191
4604,39.954232725749748,-0.50002887237642746,0,0,0,0,0,0.70705101046248187
4605,39.96291088229313,-0.50002888524146072,0,0,0,0,0,0.70705100136604004
4606,39.97158903883652,-0.50002890479986339,0,0,0,0,0,0.70705098753619855
4607,39.980267195379902,-0.50002895198418018,0,0,0,0,0,0.70705095417054431
4608,39.988945351923292,-0.50002894911298135,0,0,0,0,0,0.70705095620146563
4609,39.997623508466674,-0.50002892342975291,0,0,0,0,0,0.70705097436370545
4610,40.006301665010064,-0.50002891261797688,0,0,0,0,0,0.7070509820094979
4611,40.014979821553446,-0.50002895038530171,0,0,0,0,0,0.70705095530240258
4612,40.023657978096836,-0.50002893706912954,0,0,0,0,0,0.70705096471880013
4613,40.032336134640218,-0.50002896170526434,0,0,0,0,0,0.70705094729710649
4614,40.041014291183608,-0.50002893124811898,0,0,0,0,0,0.70705096883443019
4615,40.04969244772699,-0.50002888197341655,0,0,0,0,0,0.70705100367842988
4616,40.05837060427038,-0.50002889443458187,0,0,0,0,0,0.70705099486581802
4617,40.067048760813762,-0.50002886835221538,0,0,0,0,0,0.70705101330907172
4618,40.075726917357152,-0.50002883132314579,0,0,0,0,0,0.70705103949313164
4619,40.084405073900534,-0.5000288554039416,0,0,0,0,0,0.70705102246318274
4620,40.093083230443924,-0.50002885619302562,0,0,0,0,0,0.70705102190388303
4621,40.101761386987306,-0.50002891291846285,0,0,0,0,0,0.70705098178900017
4622,40.110439543530696,-0.50002888405645629,0,0,0,0,0,0.70705100219709693
4623,40.119117700074085,-0.50002888003945067,0,0,0,0,0,0.70705100503586826
4624,40.127795856617468,-0.50002885004075848,0,0,0,0,0,0.70705102624744898
4625,40.136474013160857,-0.50002879074783924,0,0,0,0,0,0.70705106817432095
4626,40.145152169704239,-0.5000287973955212,0,0,0,0,0,0.70705106347105939
4627,40.153830326247629,-0.50002875644751399,0,0,0,0,0,0.70705109242498088
4628,40.162508482791011,-0.50002878711719168,0,0,0,0,0,0.70705107073433937
4629,40.171186639334401,-0.50002883427878075,0,0,0,0,0,0.70705103738124242
4630,40.179864795877783,-0.50002883693759514,0,0,0,0,0,0.70705103549799597
4631,40.188542952421173,-0.50002878581700794,0,0,0,0,0,0.70705107164483127
4632,40.197221108964555,-0.50002875349202935,0,0,0,0,0,0.70705109450022174
4633,40.205899265507945,-0.50002874048101786,0,0,0,0,0,0.70705110369744517
4634,40.214577422051327,-0.50002873886175148,0,0,0,0,0,0.70705110483905997
4635,40.223255578594717,-0.50002879444981008,0,0,0,0,0,0.70705106552607688
4636,40.231933735138099,-0.50002876744757574,0,0,0,0,0,0.70705108461679167
4637,40.240611891681489,-0.50002876091395632,0,0,0,0,0,0.70705108923307414
4638,40.249290048224871,-0.50002876332552493,0,0,0,0,0,0.70705108752331469
4639,40.257968204768261,-0.50002877180179495,0,0,0,0,0,0.70705108152530549
4640,40.266646361311643,-0.50002876880760372,0,0,0,0,0,0.7070510836382855
4641,40.275324517855033,-0.50002874948598486,0,0,0,0,0,0.70705109729671989
4642,40.284002674398415,-0.50002874944187647,0,0,0,0,0,0.70705109732303306
4643,40.292680830941805,-0.50002872324140502,0,0,0,0,0,0.70705111584569558
4644,40.301358987485187,-0.50002867909563764,0,0,0,0,0,0.70705114705831296
4645,40.310037144028577,-0.50002866325930184,0,0,0,0,0,0.70705115825148912
4646,40.318715300571959,-0.5000286657927302,0,0,0,0,0,0.70705115645470329
4647,40.327393457115349,-0.50002868548238966,0,0,0,0,0,0.70705114252575196
4648,40.336071613658738,-0.50002865156414433,0,0,0,0,0,0.70705116650554878
4649,40.344749770202121,-0.50002862862361808,0,0,0,0,0,0.70705118272198142
4650,40.35342792674551,-0.50002858368187109,0,0,0,0,0,0.7070512144966381
4651,40.362106083288893,-0.50002857561603575,0,0,0,0,0,0.70705122019419342
4652,40.370784239832282,-0.5000285845495448,0,0,0,0,0,0.70705121387018011
4653,40.379462396375665,-0.50002861049011815,0,0,0,0,0,0.70705119552028606
4654,40.388140552919054,-0.50002863095434646,0,0,0,0,0,0.70705118104291742
4655,40.396818709462437,-0.50002865996118295,0,0,0,0,0,0.70705116052441142
4656,40.405496866005826,-0.50002871319817666,0,0,0,0,0,0.70705112287068772
4657,40.414175022549209,-0.50002865894378667,0,0,0,0,0,0.70705116122963396
4658,40.422853179092598,-0.50002862485902699,0,0,0,0,0,0.70705118532553612
4659,40.431531335635981,-0.50002862077467547,0,0,0,0,0,0.70705118820628776
4660,40.44020949217937,-0.50002863964466127,0,0,0,0,0,0.70705117485513824
4661,40.448887648722753,-0.50002868604897077,0,0,0,0,0,0.70705114203202513
4662,40.457565805266142,-0.50002866996463102,0,0,0,0,0,0.70705115339848135
4663,40.466243961809525,-0.50002863895942973,0,0,0,0,0,0.70705117531579909
4664,40.474922118352914,-0.50002864734345254,0,0,0,0,0,0.70705116937932289
4665,40.483600274896297,-0.50002867214784508,0,0,0,0,0,0.70705115183112532
4666,40.492278431439686,-0.50002866479966035,0,0,0,0,0,0.70705115701929699
4667,40.500956587983069,-0.50002864793852531,0,0,0,0,0,0.70705116893461906
4668,40.509634744526458,-0.5000286183641508,0,0,0,0,0,0.70705118984010085
4669,40.518312901069841,-0.50002864188303409,0,0,0,0,0,0.70705117319985789
4670,40.52699105761323,-0.50002860913123637,0,0,0,0,0,0.7070511963515802
4671,40.535669214156613,-0.50002862495589551,0,0,0,0,0,0.70705118515205356
4672,40.544347370700002,-0.50002867147821917,0,0,0,0,0,0.70705115224435033
4673,40.553025527243385,-0.50002868734984351,0,0,0,0,0,0.70705114101126298
4674,40.561703683786774,-0.50002868618410734,0,0,0,0,0,0.70705114182729645
4675,40.570381840330164,-0.50002868483723373,0,0,0,0,0,0.70705114277039982
4676,40.579059996873546,-0.50002871666418303,0,0,0,0,0,0.70705112025475891
4677,40.587738153416936,-0.50002869276635031,0,0,0,0,0,0.70705113714531009
4678,40.596416309960318,-0.5000287430459186,0,0,0,0,0,0.70705110157920359
4679,40.605094466503708,-0.50002875399518731,0,0,0,0,0,0.70705109382749143
4680,40.61377262304709,-0.50002872908932938,0,0,0,0,0,0.70705111143151278
4681,40.62245077959048,-0.50002871905123802,0,0,0,0,0,0.70705111852184288
4682,40.631128936133862,-0.50002868147789414,0,0,0,0,0,0.70705114508294997
4683,40.639807092677252,-0.50002869313341114,0,0,0,0,0,0.70705113683010978
4684,40.648485249220634,-0.50002872614804272,0,0,0,0,0,0.70705111347321647
4685,40.657163405764024,-0.50002869920852455,0,0,0,0,0,0.70705113251341345
4686,40.665841562307406,-0.50002870874170047,0,0,0,0,0,0.70705112576155216
4687,40.674519718850796,-0.50002870453052117,0,0,0,0,0,0.70705112872885678
4688,40.683197875394178,-0.50002876660603224,0,0,0,0,0,0.70705108481987544
4689,40.691876031937568,-0.50002874941055286,0,0,0,0,0,0.70705109696945634
4690,40.70055418848095,-0.50002871599953758,0,0,0,0,0,0.70705112058605124
4691,40.70923234502434,-0.50002868217858376,0,0,0,0,0,0.70705114449234685
4692,40.717910501567722,-0.50002870978981628,0,0,0,0,0,0.70705112495540412
4693,40.726588658111112,-0.50002873108970758,0,0,0,0,0,0.70705110988052944
4694,40.735266814654494,-0.50002875754280862,0,0,0,0,0,0.70705109116248543
4695,40.743944971197884,-0.50002875411516967,0,0,0,0,0,0.70705109357450446
4696,40.752623127741266,-0.50002875725944573,0,0,0,0,0,0.70705109133872046
4697,40.761301284284656,-0.50002878582488075,0,0,0,0,0,0.70705107112673993
4698,40.769979440828038,-0.50002871854344899,0,0,0,0,0,0.70705111869510162
4699,40.778657597371428,-0.50002870653619369,0,0,0,0,0,0.70705112717498864
4700,40.787335753914817,-0.5000286779347447,0,0,0,0,0,0.7070511473906036
4701,40.7960139104582,-0.50002865963836252,0,0,0,0,0,0.70705116031829185
4702,40.804692067001589,-0.5000286806191917,0,0,0,0,0,0.7070511454688253
4703,40.813370223544972,-0.50002866309533589,0,0,0,0,0,0.70705115784942407
4704,40.822048380088361,-0.5000286469757651,0,0,0,0,0,0.70705116923659617
4705,40.830726536631744,-0.5000286841015974,0,0,0,0,0,0.70705114297001614
4706,40.839404693175133,-0.5000286940249995,0,0,0,0,0,0.70705113594002533
4707,40.848082849718516,-0.50002870827827273,0,0,0,0,0,0.70705112584784402
4708,40.856761006261905,-0.50002865835041777,0,0,0,0,0,0.70705116114388744
4709,40.865439162805288,-0.5000286862131218,0,0,0,0,0,0.70705114142794923
4710,40.874117319348677,-0.50002873400846826,0,0,0,0,0,0.70705110761555057
4711,40.88279547589206,-0.50002872304916557,0,0,0,0,0,0.70705111535470877
4712,40.891473632435449,-0.50002871866262244,0,0,0,0,0,0.70705111844420543
4713,40.900151788978832,-0.50002871044273178,0,0,0,0,0,0.70705112424488181
4714,40.908829945522221,-0.50002868538219569,0,0,0,0,0,0.70705114195543484
4715,40.917508102065604,-0.50002869120107785,0,0,0,0,0,0.70705113782784146
4716,40.926186258608993,-0.50002872350318395,0,0,0,0,0,0.70705111497250517
4717,40.934864415152376,-0.50002876703928545,0,0,0,0,0,0.70705108417171014
4718,40.943542571695765,-0.50002878078293111,0,0,0,0,0,0.70705107443930348
4719,40.952220728239148,-0.50002882037493013,0,0,0,0,0,0.70705104642745775
4720,40.960898884782537,-0.50002878506496973,0,0,0,0,0,0.70705107138501688
4721,40.96957704132592,-0.50002876129089469,0,0,0,0,0,0.70705108818534157
4722,40.978255197869309,-0.50002881520488873,0,0,0,0,0,0.70705105004534419
4723,40.986933354412692,-0.50002884236531697,0,0,0,0,0,0.70705103082503062
4724,40.995611510956081,-0.50002885540802366,0,0,0,0,0,0.7070510215879674
4725,41.004289667499464,-0.50002883498744866,0,0,0,0,0,0.70705103601587549
4726,41.012967824042853,-0.5000288001367631,0,0,0,0,0,0.7070510606491881
4727,41.021645980586243,-0.50002884322186003,0,0,0,0,0,0.70705103016689419
4728,41.030324137129625,-0.50002887396838791,0,0,0,0,0,0.70705100840979096
4729,41.039002293673015,-0.5000289045463695,0,0,0,0,0,0.70705098677231626
4730,41.047680450216397,-0.50002887495306714,0,0,0,0,0,0.70705100768711038
4731,41.056358606759787,-0.50002888878166585,0,0,0,0,0,0.70705099789509973
4732,41.065036763303169,-0.5000289157607638,0,0,0,0,0,0.70705097880261947
4733,41.073714919846559,-0.50002894621994132,0,0,0,0,0,0.70705095724880884
4734,41.082393076389941,-0.5000290159438312,0,0,0,0,0,0.70705090792765468
4735,41.091071232933331,-0.50002900282998541,0,0,0,0,0,0.70705091718864932
4736,41.099749389476713,-0.5000289736680773,0,0,0,0,0,0.70705093779860606
4737,41.108427546020103,-0.50002895635993461,0,0,0,0,0,0.70705095002635476
4738,41.117105702563485,-0.5000289892520583,0,0,0,0,0,0.70705092675173231
4739,41.125783859106875,-0.50002896288055332,0,0,0,0,0,0.70705094538870883
4740,41.134462015650257,-0.50002900606041123,0,0,0,0,0,0.70705091483875349
4741,41.143140172193647,-0.50002904060774089,0,0,0,0,0,0.70705089039408819
4742,41.151818328737029,-0.50002905763033634,0,0,0,0,0,0.70705087834294134
4743,41.160496485280419,-0.50002909379162752,0,0,0,0,0,0.70705085275649981
4744,41.169174641823801,-0.50002914682918376,0,0,0,0,0,0.70705081523556124
4745,41.177852798367191,-0.50002914116899955,0,0,0,0,0,0.70705081922472068
4746,41.186530954910573,-0.50002916420906085,0,0,0,0,0,0.70705080291739408
4747,41.195209111453963,-0.50002920485889413,0,0,0,0,0,0.70705077415694484
4748,41.203887267997345,-0.5000291795440569,0,0,0,0,0,0.70705079204708987
4749,41.212565424540735,-0.50002919111140964,0,0,0,0,0,0.7070507838539255
4750,41.221243581084117,-0.50002915897577327,0,0,0,0,0,0.70705080656731378
4751,41.229921737627507,-0.50002919401634305,0,0,0,0,0,0.70705078177390135
4752,41.238599894170889,-0.50002924585112596,0,0,0,0,0,0.70705074510360144
4753,41.247278050714279,-0.50002922693779039,0,0,0,0,0,0.70705075846704535
4754,41.255956207257668,-0.50002925729775249,0,0,0,0,0,0.70705073698390075
4755,41.264634363801051,-0.50002927855982549,0,0,0,0,0,0.70705072193397012
4756,41.27331252034444,-0.50002925300963441,0,0,0,0,0,0.70705073999113033
4757,41.281990676887823,-0.50002923465245308,0,0,0,0,0,0.70705075296076103
4758,41.290668833431212,-0.50002920633794556,0,0,0,0,0,0.70705077297296226
4759,41.299346989974595,-0.5000291675763463,0,0,0,0,0,0.70705080037295787
4760,41.308025146517984,-0.50002918854565204,0,0,0,0,0,0.70705078553048573
4761,41.316703303061367,-0.50002913752389455,0,0,0,0,0,0.70705082160168242
4762,41.325381459604756,-0.50002918998606949,0,0,0,0,0,0.70705078448770387
4763,41.334059616148139,-0.50002920719849797,0,0,0,0,0,0.70705077230233648
4764,41.342737772691528,-0.50002918681328667,0,0,0,0,0,0.70705078670720489
4765,41.351415929234911,-0.50002922173431408,0,0,0,0,0,0.70705076199798889
4766,41.3600940857783,-0.50002925767017425,0,0,0,0,0,0.70705073657182016
4767,41.368772242321683,-0.50002931120028882,0,0,0,0,0,0.70705069870330561
4768,41.377450398865072,-0.50002934331031257,0,0,0,0,0,0.70705067598330285
4769,41.386128555408455,-0.50002935013832506,0,0,0,0,0,0.70705067114180142
4770,41.394806711951844,-0.50002934571562752,0,0,0,0,0,0.70705067425785373
4771,41.403484868495227,-0.50002933298332108,0,0,0,0,0,0.70705068325025877
4772,41.412163025038616,-0.50002936643982021,0,0,0,0,0,0.70705065957666946
4773,41.420841181581999,-0.50002938131608299,0,0,0,0,0,0.70705064904440018
4774,41.429519338125388,-0.50002935449468,0,0,0,0,0,0.70705066800167415
4775,41.438197494668771,-0.50002939187616091,0,0,0,0,0,0.70705064155401676
4776,41.44687565121216,-0.50002935632298628,0,0,0,0,0,0.70705066668644445
4777,41.455553807755543,-0.50002935906679824,0,0,0,0,0,0.70705066473427092
4778,41.464231964298932,-0.50002940735166446,0,0,0,0,0,0.70705063057474149
4779,41.472910120842322,-0.50002941600811024,0,0,0,0,0,0.70705062444070421
4780,41.481588277385704,-0.50002936084881622,0,0,0,0,0,0.70705066343856515
4781,41.490266433929094,-0.50002942240620341,0,0,0,0,0,0.7070506198941402
4782,41.498944590472476,-0.50002944472275535,0,0,0,0,0,0.70705060410024956
4783,41.507622747015866,-0.50002945302860857,0,0,0,0,0,0.70705059821436933
4784,41.516300903559248,-0.50002946223264322,0,0,0,0,0,0.70705059169334561
4785,41.524979060102638,-0.50002941382194177,0,0,0,0,0,0.70705062591841283
4786,41.53365721664602,-0.5000294115842987,0,0,0,0,0,0.7070506274900179
4787,41.54233537318941,-0.5000294541878697,0,0,0,0,0,0.70705059734817866
4788,41.551013529732792,-0.50002947563316935,0,0,0,0,0,0.70705058217085792
4789,41.559691686276182,-0.50002943388780197,0,0,0,0,0,0.70705061168274597
4790,41.568369842819564,-0.50002942780216364,0,0,0,0,0,0.70705061597637808
4791,41.577047999362954,-0.50002943108533948,0,0,0,0,0,0.70705061364484578
4792,41.585726155906336,-0.50002937467282815,0,0,0,0,0,0.70705065353029539
4793,41.594404312449726,-0.50002935913445967,0,0,0,0,0,0.70705066450969589
4794,41.603082468993108,-0.50002938769329852,0,0,0,0,0,0.70705064430181253
4795,41.611760625536498,-0.50002936462393255,0,0,0,0,0,0.70705066060661892
4796,41.62043878207988,-0.50002937878968745,0,0,0,0,0,0.70705065057823191
4797,41.62911693862327,-0.50002942400371952,0,0,0,0,0,0.70705061859253959
4798,41.637795095166652,-0.50002941697085546,0,0,0,0,0,0.70705062355674286
4799,41.646473251710042,-0.50002939586858008,0,0,0,0,0,0.70705063847133864
4800,41.655151408253424,-0.50002936658322983,0,0,0,0,0,0.70705065917431398
4801,41.663829564796814,-0.50002931528721517,0,0,0,0,0,0.70705069544292165
4802,41.672507721340196,-0.50002929666817886,0,0,0,0,0,0.70705070860289254
4803,41.681185877883586,-0.50002929926254869,0,0,0,0,0,0.70705070675867177
4804,41.689864034426968,-0.50002925164921175,0,0,0,0,0,0.70705074042284011
4805,41.698542190970358,-0.50002924303856922,0,0,0,0,0,0.70705074650535948
4806,41.707220347513747,-0.50002921248700671,0,0,0,0,0,0.70705076810460277
4807,41.71589850405713,-0.50002922360292723,0,0,0,0,0,0.70705076023322277
4808,41.724576660600519,-0.50002918528109397,0,0,0,0,0,0.70705078732743942
4809,41.733254817143902,-0.50002921240400566,0,0,0,0,0,0.70705076813754886
4810,41.741932973687291,-0.50002919674188939,0,0,0,0,0,0.70705077920730375
4811,41.750611130230673,-0.50002919701269921,0,0,0,0,0,0.70705077900596613
4812,41.759289286774063,-0.50002917688887472,0,0,0,0,0,0.7070507932307013
4813,41.767967443317445,-0.50002918295595866,0,0,0,0,0,0.70705078893190887
4814,41.776645599860835,-0.50002919286770142,0,0,0,0,0,0.70705078191258508
4815,41.785323756404217,-0.50002917095581167,0,0,0,0,0,0.70705079740189802
4816,41.794001912947607,-0.50002912305049152,0,0,0,0,0,0.70705083127416657
4817,41.802680069490989,-0.50002913956039319,0,0,0,0,0,0.70705081958932148
4818,41.811358226034379,-0.50002912905819097,0,0,0,0,0,0.70705082700971467
4819,41.820036382577761,-0.50002916811637776,0,0,0,0,0,0.70705079937876292
4820,41.828714539121151,-0.50002919590239381,0,0,0,0,0,0.70705077971962282
4821,41.837392695664533,-0.50002921516027354,0,0,0,0,0,0.70705076609413808
4822,41.846070852207923,-0.50002923242682995,0,0,0,0,0,0.70705075387589389
4823,41.854749008751305,-0.50002923179755154,0,0,0,0,0,0.70705075431621012
4824,41.863427165294695,-0.5000292341594742,0,0,0,0,0,0.70705075263803252
4825,41.872105321838077,-0.50002924411706862,0,0,0,0,0,0.7070507455881696
4826,41.880783478381467,-0.50002927421762178,0,0,0,0,0,0.70705072429429539
4827,41.889461634924849,-0.50002928043312311,0,0,0,0,0,0.70705071989227264
4828,41.898139791468239,-0.50002926524296976,0,0,0,0,0,0.70705073062837087
4829,41.906817948011621,-0.50002923279934264,0,0,0,0,0,0.70705075356823688
4830,41.915496104555011,-0.50002921139987977,0,0,0,0,0,0.7070507686969929
4831,41.924174261098393,-0.50002921183886362,0,0,0,0,0,0.70705076838105452
4832,41.932852417641783,-0.5000292234275282,0,0,0,0,0,0.70705076017857493
4833,41.941530574185172,-0.50002925771694595,0,0,0,0,0,0.70705073592314438
4834,41.950208730728555,-0.50002924455661391,0,0,0,0,0,0.70705074522674938
4835,41.958886887271944,-0.50002922666722427,0,0,0,0,0,0.70705075787311422
4836,41.967565043815327,-0.50002919866156015,0,0,0,0,0,0.70705077767579283
4837,41.976243200358716,-0.50002915962952854,0,0,0,0,0,0.70705080527620945
4838,41.984921356902099,-0.50002920324718647,0,0,0,0,0,0.70705077442323772
4839,41.993599513445488,-0.5000292433506317,0,0,0,0,0,0.70705074605715978
4840,42.002277669988871,-0.50002926177142448,0,0,0,0,0,0.70705073302574828
4841,42.01095582653226,-0.50002927083760962,0,0,0,0,0,0.70705072660872759
4842,42.019633983075643,-0.5000293222986244,0,0,0,0,0,0.70705069020979439
4843,42.028312139619032,-0.50002936823343835,0,0,0,0,0,0.70705065771938447
4844,42.036990296162415,-0.50002935156329376,0,0,0,0,0,0.70705066950695095
4845,42.045668452705804,-0.50002939909025945,0,0,0,0,0,0.70705063589088324
4846,42.054346609249187,-0.50002939037841787,0,0,0,0,0,0.70705064204952039
4847,42.063024765792576,-0.50002939277561798,0,0,0,0,0,0.70705064034985021
4848,42.071702922335959,-0.50002937553885163,0,0,0,0,0,0.70705065253654542
4849,42.080381078879348,-0.50002941598050754,0,0,0,0,0,0.70705062393166784
4850,42.089059235422731,-0.50002936567676504,0,0,0,0,0,0.70705065950658308
4851,42.09773739196612,-0.50002933215047007,0,0,0,0,0,0.70705068321588804
4852,42.106415548509503,-0.50002933607066213,0,0,0,0,0,0.70705068044067287
4853,42.115093705052892,-0.50002935317170272,0,0,0,0,0,0.70705066834362928
4854,42.123771861596275,-0.50002934415674161,0,0,0,0,0,0.70705067471637018
4855,42.132450018139664,-0.50002937447499063,0,0,0,0,0,0.70705065327231598
4856,42.141128174683047,-0.50002935299708207,0,0,0,0,0,0.70705066846142195
4857,42.149806331226436,-0.5000293182077078,0,0,0,0,0,0.70705069306400992
4858,42.158484487769826,-0.50002932561701274,0,0,0,0,0,0.70705068782339797
4859,42.167162644313208,-0.50002935948180227,0,0,0,0,0,0.70705066387232662
4860,42.175840800856598,-0.50002936357024008,0,0,0,0,0,0.70705066098076641
4861,42.18451895739998,-0.50002941188160421,0,0,0,0,0,0.70705062681262365
4862,42.19319711394337,-0.50002939565000371,0,0,0,0,0,0.70705063829236847
4863,42.201875270486752,-0.50002941944691748,0,0,0,0,0,0.70705062146059705
4864,42.210553427030142,-0.50002938055767365,0,0,0,0,0,0.70705064896448133
4865,42.219231583573524,-0.50002933056206866,0,0,0,0,0,0.70705068432276463
4866,42.227909740116914,-0.50002934163369128,0,0,0,0,0,0.70705067649353581
4867,42.236587896660296,-0.50002935240795088,0,0,0,0,0,0.70705066887258461
4868,42.245266053203686,-0.50002938192783564,0,0,0,0,0,0.70705064799439832
4869,42.253944209747068,-0.500029434479765,0,0,0,0,0,0.70705061082816334
4870,42.262622366290458,-0.50002941636584564,0,0,0,0,0,0.7070506236414893
4871,42.27130052283384,-0.50002944724431897,0,0,0,0,0,0.70705060180483237
4872,42.27997867937723,-0.5000294645526645,0,0,0,0,0,0.70705058956418787
4873,42.288656835920612,-0.50002950921604583,0,0,0,0,0,0.70705055797729965
4874,42.297334992464002,-0.50002946531170589,0,0,0,0,0,0.70705058902894535
4875,42.306013149007384,-0.50002946285352734,0,0,0,0,0,0.70705059077041277
4876,42.314691305550774,-0.50002949996465418,0,0,0,0,0,0.70705056452550208
4877,42.323369462094156,-0.50002951444648691,0,0,0,0,0,0.70705055428583474
4878,42.332047618637546,-0.50002950422361303,0,0,0,0,0,0.70705056151795542
4879,42.340725775180928,-0.50002952256033706,0,0,0,0,0,0.70705054855036376
4880,42.349403931724318,-0.50002949124413121,0,0,0,0,0,0.7070505707009298
4881,42.3580820882677,-0.50002949100504357,0,0,0,0,0,0.70705057087184064
4882,42.36676024481109,-0.50002947445233203,0,0,0,0,0,0.7070505825811404
4883,42.375438401354472,-0.50002952285957691,0,0,0,0,0,0.7070505483489864
4884,42.384116557897862,-0.50002955589145925,0,0,0,0,0,0.7070505249895489
4885,42.392794714441251,-0.50002951816105679,0,0,0,0,0,0.70705055167669517
4886,42.401472870984634,-0.50002948729351937,0,0,0,0,0,0.7070505735115713
4887,42.410151027528023,-0.50002950984565608,0,0,0,0,0,0.70705055756619117
4888,42.418829184071406,-0.50002954823367363,0,0,0,0,0,0.70705053042015154
4889,42.427507340614795,-0.50002950984841665,0,0,0,0,0,0.70705055757105129
4890,42.436185497158178,-0.50002950600108909,0,0,0,0,0,0.70705056029695257
4891,42.444863653701567,-0.50002954837118629,0,0,0,0,0,0.70705053033522436
4892,42.45354181024495,-0.50002955265642401,0,0,0,0,0,0.70705052730927198
4893,42.462219966788339,-0.50002954147299128,0,0,0,0,0,0.70705053522405947
4894,42.470898123331722,-0.50002951103292426,0,0,0,0,0,0.70705055675668049
4895,42.479576279875111,-0.50002950901523335,0,0,0,0,0,0.70705055818933094
4896,42.488254436418494,-0.50002948039076855,0,0,0,0,0,0.70705057843912744
4897,42.496932592961883,-0.50002946987638563,0,0,0,0,0,0.70705058588151815
4898,42.505610749505266,-0.50002946184297015,0,0,0,0,0,0.70705059156700489
4899,42.514288906048655,-0.50002950666885815,0,0,0,0,0,0.70705055986950427
4900,42.522967062592038,-0.50002950455286621,0,0,0,0,0,0.70705056137333688
4901,42.531645219135427,-0.50002948069998132,0,0,0,0,0,0.7070505782481602
4902,42.54032337567881,-0.50002948596534147,0,0,0,0,0,0.70705057453145681
4903,42.549001532222199,-0.50002948739937836,0,0,0,0,0,0.70705057352219569
4904,42.557679688765582,-0.5000294527946646,0,0,0,0,0,0.70705059800279901
4905,42.566357845308971,-0.50002943876826222,0,0,0,0,0,0.70705060792814844
4906,42.575036001852354,-0.50002943059894733,0,0,0,0,0,0.70705061371224076
4907,42.583714158395743,-0.50002937655131141,0,0,0,0,0,0.70705065194301575
4908,42.592392314939126,-0.50002938208907133,0,0,0,0,0,0.7070506480338743
4909,42.601070471482515,-0.50002941403924772,0,0,0,0,0,0.70705062544318409
4910,42.609748628025905,-0.50002944803956695,0,0,0,0,0,0.70705060140406495
4911,42.618426784569287,-0.50002943495009144,0,0,0,0,0,0.70705061066957953
4912,42.627104941112677,-0.50002940178728095,0,0,0,0,0,0.70705063413032576
4913,42.635783097656059,-0.5000294179504865,0,0,0,0,0,0.70705062270707941
4914,42.644461254199449,-0.50002946615049948,0,0,0,0,0,0.70705058862547787
4915,42.653139410742831,-0.50002946164309714,0,0,0,0,0,0.70705059181933905
4916,42.661817567286221,-0.50002946898883194,0,0,0,0,0,0.70705058663241793
4917,42.670495723829603,-0.50002946437171492,0,0,0,0,0,0.70705058990432512
4918,42.679173880372993,-0.50002944145176298,0,0,0,0,0,0.70705060612203141
4919,42.687852036916375,-0.50002943538002176,0,0,0,0,0,0.70705061042479755
4920,42.696530193459765,-0.50002946296893191,0,0,0,0,0,0.70705059092139066
4921,42.705208350003147,-0.50002947269473386,0,0,0,0,0,0.70705058405027721
4922,42.713886506546537,-0.50002950474429742,0,0,0,0,0,0.70705056139181721
4923,42.722564663089919,-0.50002950800287882,0,0,0,0,0,0.70705055909781578
4924,42.731242819633309,-0.50002954821507539,0,0,0,0,0,0.70705053066737555
4925,42.739920976176691,-0.50002955347653921,0,0,0,0,0,0.7070505269532692
4926,42.748599132720081,-0.50002956995169212,0,0,0,0,0,0.70705051530917551
4927,42.757277289263463,-0.50002958767817907,0,0,0,0,0,0.70705050278123238
4928,42.765955445806853,-0.50002961614432406,0,0,0,0,0,0.70705048265750392
4929,42.774633602350235,-0.50002960527083418,0,0,0,0,0,0.70705049035650092
4930,42.783311758893625,-0.50002959660254798,0,0,0,0,0,0.70705049649713914
4931,42.791989915437007,-0.50002960514926609,0,0,0,0,0,0.70705049046223145
4932,42.800668071980397,-0.50002960182642409,0,0,0,0,0,0.70705049282341292
4933,42.809346228523779,-0.50002957954732441,0,0,0,0,0,0.70705050858862961
4934,42.818024385067169,-0.50002960054586421,0,0,0,0,0,0.70705049374736006
4935,42.826702541610551,-0.50002962382891758,0,0,0,0,0,0.70705047729139281
4936,42.835380698153941,-0.50002961311648708,0,0,0,0,0,0.70705048487738154
4937,42.84405885469733,-0.50002966268519677,0,0,0,0,0,0.70705044983129994
4938,42.852737011240713,-0.50002969137508968,0,0,0,0,0,0.70705042955110287
4939,42.861415167784102,-0.50002972699782144,0,0,0,0,0,0.70705040436783761
4940,42.870093324327485,-0.50002974920235577,0,0,0,0,0,0.70705038867563985
4941,42.878771480870874,-0.50002971124253515,0,0,0,0,0,0.70705041553189929
4942,42.887449637414257,-0.50002970382945089,0,0,0,0,0,0.70705042078530767
4943,42.896127793957646,-0.50002968065339637,0,0,0,0,0,0.70705043718627536
4944,42.904805950501029,-0.5000297040850884,0,0,0,0,0,0.70705042062642676
4945,42.913484107044418,-0.50002971185279776,0,0,0,0,0,0.70705041514393763
4946,42.922162263587801,-0.50002974906795583,0,0,0,0,0,0.70705038883561144
4947,42.93084042013119,-0.50002977637734447,0,0,0,0,0,0.70705036953167166
4948,42.939518576674573,-0.50002981222395371,0,0,0,0,0,0.70705034419228951
4949,42.948196733217962,-0.50002982843669064,0,0,0,0,0,0.70705033273761764
4950,42.956874889761345,-0.50002977728278142,0,0,0,0,0,0.70705036892604767
4951,42.965553046304734,-0.50002978848566115,0,0,0,0,0,0.70705036101473429
4952,42.974231202848117,-0.50002980228138694,0,0,0,0,0,0.70705035126949589
4953,42.982909359391506,-0.50002980440385558,0,0,0,0,0,0.70705034978004022
4954,42.991587515934889,-0.5000298303079902,0,0,0,0,0,0.70705033147215346
4955,43.000265672478278,-0.50002984876991674,0,0,0,0,0,0.70705031842703292
4956,43.008943829021661,-0.50002986091296542,0,0,0,0,0,0.70705030985072881
4957,43.01762198556505,-0.50002986952323325,0,0,0,0,0,0.70705030377353761
4958,43.026300142108433,-0.5000299014960875,0,0,0,0,0,0.70705028117400914
4959,43.034978298651822,-0.50002996621060647,0,0,0,0,0,0.70705023541988865
4960,43.043656455195205,-0.50002997376342906,0,0,0,0,0,0.7070502300913617
4961,43.052334611738594,-0.50002994483158925,0,0,0,0,0,0.70705025056376769
4962,43.061012768281977,-0.50002995292432884,0,0,0,0,0,0.70705024485248202
4963,43.069690924825366,-0.50002993839428156,0,0,0,0,0,0.70705025514142505
4964,43.078369081368756,-0.50002994051305472,0,0,0,0,0,0.70705025365556651
4965,43.087047237912138,-0.5000299338591212,0,0,0,0,0,0.70705025837362356
4966,43.095725394455528,-0.50002992121296985,0,0,0,0,0,0.7070502673294734
4967,43.10440355099891,-0.50002990431614347,0,0,0,0,0,0.70705027929222641
4968,43.1130817075423,-0.50002994408356871,0,0,0,0,0,0.70705025118122444
4969,43.121759864085682,-0.5000299476354968,0,0,0,0,0,0.7070502486822603
4970,43.130438020629072,-0.50002992328068863,0,0,0,0,0,0.70705026591870723
4971,43.139116177172454,-0.5000299003661125,0,0,0,0,0,0.70705028213698018
4972,43.147794333715844,-0.50002987882658712,0,0,0,0,0,0.70705029738254588
4973,43.156472490259226,-0.50002991239629635,0,0,0,0,0,0.70705027365488249
4974,43.165150646802616,-0.50002987106343511,0,0,0,0,0,0.70705030289874315
4975,43.173828803345998,-0.50002989209216853,0,0,0,0,0,0.70705028804032377
4976,43.182506959889388,-0.50002988024441342,0,0,0,0,0,0.70705029643225448
4977,43.19118511643277,-0.50002984986714183,0,0,0,0,0,0.70705031792770701
4978,43.19986327297616,-0.50002985216728901,0,0,0,0,0,0.70705031631451554
4979,43.208541429519542,-0.50002985403573219,0,0,0,0,0,0.70705031500669047
4980,43.217219586062932,-0.50002987223130346,0,0,0,0,0,0.70705030215185161
4981,43.225897742606314,-0.50002987989539094,0,0,0,0,0,0.70705029674483555
4982,43.234575899149704,-0.50002989927748387,0,0,0,0,0,0.70705028305158013
4983,43.243254055693086,-0.50002987598715998,0,0,0,0,0,0.70705029953590715
4984,43.251932212236476,-0.50002985933849498,0,0,0,0,0,0.70705031132274221
4985,43.260610368779858,-0.50002986117563553,0,0,0,0,0,0.70705031003684238
4986,43.269288525323248,-0.50002981753706632,0,0,0,0,0,0.70705034091068719
4987,43.27796668186663,-0.50002983007598645,0,0,0,0,0,0.70705033205702406
4988,43.28664483841002,-0.50002986668781535,0,0,0,0,0,0.70705030617870535
4989,43.295322994953409,-0.50002991593696766,0,0,0,0,0,0.70705027136307363
4990,43.304001151496792,-0.50002986759554169,0,0,0,0,0,0.70705030556317205
4991,43.312679308040181,-0.50002988464232556,0,0,0,0,0,0.70705029352119675
4992,43.321357464583564,-0.50002988789694536,0,0,0,0,0,0.70705029123281848
4993,43.330035621126953,-0.50002990307223949,0,0,0,0,0,0.70705028051497765
4994,43.338713777670336,-0.50002988201267562,0,0,0,0,0,0.7070502954219382
4995,43.347391934213725,-0.50002988144330152,0,0,0,0,0,0.70705029583835433
4996,43.356070090757107,-0.50002985982056247,0,0,0,0,0,0.70705031114366346
4997,43.364748247300497,-0.50002990470839848,0,0,0,0,0,0.70705027941299903
4998,43.373426403843879,-0.50002992092860898,0,0,0,0,0,0.70705026795590897
4999,43.382104560387269,-0.50002994341181672,0,0,0,0,0,0.70705025206919114
5000,43.390782716930651,-0.50002996783718934,0,0,0,0,0,0.70705023480956086
5001,43.399460873474041,-0.50002997473191624,0,0,0,0,0,0.70705022994757272
5002,43.408139030017423,-0.50002999032748796,0,0,0,0,0,0.70705021893251319
5003,43.416817186560813,-0.50003002539785057,0,0,0,0,0,0.70705019414419557
5004,43.425495343104195,-0.50003002998628232,0,0,0,0,0,0.70705019091324139
5005,43.434173499647585,-0.50003004467372736,0,0,0,0,0,0.70705018053991386
5006,43.442851656190967,-0.50002999095360845,0,0,0,0,0,0.70705021854330219
5007,43.451529812734357,-0.50002997386715664,0,0,0,0,0,0.7070502306404276
5008,43.460207969277739,-0.50002993884506475,0,0,0,0,0,0.70705025542099742
5009,43.468886125821129,-0.5000298804807003,0,0,0,0,0,0.70705029670826036
5010,43.477564282364511,-0.50002989648872487,0,0,0,0,0,0.70705028540171933
5011,43.486242438907901,-0.50002986239424829,0,0,0,0,0,0.70705030952548231
5012,43.494920595451283,-0.50002982649181027,0,0,0,0,0,0.70705033492839364
5013,43.503598751994673,-0.50002981522331524,0,0,0,0,0,0.70705034291108682
5014,43.512276908538055,-0.500029829178679,0,0,0,0,0,0.7070503330554514
5015,43.520955065081445,-0.50002985110259013,0,0,0,0,0,0.70705031756480352
5016,43.529633221624835,-0.50002982345032165,0,0,0,0,0,0.70705033713272858
5017,43.538311378168217,-0.50002981063694407,0,0,0,0,0,0.70705034620689133
5018,43.546989534711606,-0.50002985067639272,0,0,0,0,0,0.70705031790453887
5019,43.555667691254989,-0.50002980326701074,0,0,0,0,0,0.7070503514447477
5020,43.564345847798378,-0.50002979721875129,0,0,0,0,0,0.70705035573597641
5021,43.573024004341761,-0.50002980017401799,0,0,0,0,0,0.7070503536589392
5022,43.58170216088515,-0.50002979923892488,0,0,0,0,0,0.70705035433368746
5023,43.590380317428533,-0.50002978696743594,0,0,0,0,0,0.7070503630236864
5024,43.599058473971922,-0.5000297555317712,0,0,0,0,0,0.70705038526730846
5025,43.607736630515305,-0.50002976056405468,0,0,0,0,0,0.70705038172057932
5026,43.616414787058694,-0.50002977426937734,0,0,0,0,0,0.70705037204008292
5027,43.625092943602077,-0.50002977511416324,0,0,0,0,0,0.70705037145489058
5028,43.633771100145466,-0.50002974408066792,0,0,0,0,0,0.70705039341323328
5029,43.642449256688849,-0.50002969550232035,0,0,0,0,0,0.70705042777895866
5030,43.651127413232238,-0.50002970202316033,0,0,0,0,0,0.70705042317980471
5031,43.659805569775621,-0.50002970799322433,0,0,0,0,0,0.70705041897005572
5032,43.66848372631901,-0.50002970263586,0,0,0,0,0,0.70705042277086605
5033,43.677161882862393,-0.50002972006354296,0,0,0,0,0,0.7070504104591846
5034,43.685840039405782,-0.50002976662081089,0,0,0,0,0,0.70705037754676692
5035,43.694518195949165,-0.50002975976370245,0,0,0,0,0,0.70705038240682327
5036,43.703196352492554,-0.5000297906586415,0,0,0,0,0,0.70705036056975246
5037,43.711874509035937,-0.50002984828907315,0,0,0,0,0,0.70705031982610755
5038,43.720552665579326,-0.50002985728153204,0,0,0,0,0,0.70705031347870673
5039,43.729230822122709,-0.50002983036888293,0,0,0,0,0,0.70705033252261273
5040,43.737908978666098,-0.50002986187228493,0,0,0,0,0,0.7070503102550294
5041,43.746587135209481,-0.50002989064617953,0,0,0,0,0,0.70705028991769225
5042,43.75526529175287,-0.50002988992446751,0,0,0,0,0,0.70705029043871903
5043,43.76394344829626,-0.50002984374198167,0,0,0,0,0,0.70705032310827676
5044,43.772621604839642,-0.50002981562689985,0,0,0,0,0,0.70705034300154423
5045,43.781299761383032,-0.5000297962069512,0,0,0,0,0,0.70705035674640726
5046,43.789977917926414,-0.50002977325858633,0,0,0,0,0,0.70705037298602491
5047,43.798656074469804,-0.50002978054723812,0,0,0,0,0,0.70705036784188735
5048,43.807334231013186,-0.50002976815270028,0,0,0,0,0,0.70705037661658565
5049,43.816012387556576,-0.50002979603692099,0,0,0,0,0,0.70705035690792606
5050,43.824690544099958,-0.50002979487992261,0,0,0,0,0,0.70705035773644553
5051,43.833368700643348,-0.5000297658241778,0,0,0,0,0,0.70705037829484674
5052,43.84204685718673,-0.5000297775960072,0,0,0,0,0,0.70705036998039006
5053,43.85072501373012,-0.50002977452635888,0,0,0,0,0,0.7070503721619481
5054,43.859403170273502,-0.50002979185778718,0,0,0,0,0,0.70705035991586485
5055,43.868081326816892,-0.50002978679865495,0,0,0,0,0,0.70705036350400086
5056,43.876759483360274,-0.50002978269663145,0,0,0,0,0,0.70705036641476227
5057,43.885437639903664,-0.5000298067755311,0,0,0,0,0,0.70705034939680367
5058,43.894115796447046,-0.50002976884416406,0,0,0,0,0,0.70705037622983724
5059,43.902793952990436,-0.50002976633182461,0,0,0,0,0,0.70705037801557857
5060,43.911472109533818,-0.50002972768524767,0,0,0,0,0,0.70705040535396435
5061,43.920150266077208,-0.50002976419293599,0,0,0,0,0,0.70705037954656902
5062,43.92882842262059,-0.50002975657969839,0,0,0,0,0,0.70705038493833072
5063,43.93750657916398,-0.50002978970342782,0,0,0,0,0,0.70705036152340028
5064,43.946184735707362,-0.5000297826118677,0,0,0,0,0,0.70705036654609899
5065,43.954862892250752,-0.50002980230396921,0,0,0,0,0,0.70705035262934857
5066,43.963541048794134,-0.50002974774518816,0,0,0,0,0,0.70705039121909152
5067,43.972219205337524,-0.5000297870009176,0,0,0,0,0,0.70705036346707928
5068,43.980897361880913,-0.50002978674967513,0,0,0,0,0,0.70705036365240659
5069,43.989575518424296,-0.50002977777251256,0,0,0,0,0,0.70705037000890414
5070,43.998253674967685,-0.5000298209277918,0,0,0,0,0,0.70705033949916185
5071,44.006931831511068,-0.50002980597504476,0,0,0,0,0,0.70705035008057848
5072,44.015609988054457,-0.50002980016244991,0,0,0,0,0,0.70705035419758744
5073,44.02428814459784,-0.5000297806491879,0,0,0,0,0,0.70705036800424637
5074,44.032966301141229,-0.50002978892979577,0,0,0,0,0,0.70705036215657557
5075,44.041644457684612,-0.50002979010360893,0,0,0,0,0,0.70705036133362142
5076,44.050322614228001,-0.50002973815779417,0,0,0,0,0,0.70705039807381098
5077,44.059000770771384,-0.50002973870836132,0,0,0,0,0,0.70705039769065792
5078,44.067678927314773,-0.50002974561944968,0,0,0,0,0,0.70705039281014237
5079,44.076357083858156,-0.50002976411907718,0,0,0,0,0,0.70705037973459461
5080,44.085035240401545,-0.50002974880063866,0,0,0,0,0,0.70705039057332542
5081,44.093713396944928,-0.50002970990099593,0,0,0,0,0,0.70705041808720903
5082,44.102391553488317,-0.50002971346427116,0,0,0,0,0,0.70705041557386306
5083,44.1110697100317,-0.50002971201664059,0,0,0,0,0,0.7070504166033853
5084,44.119747866575089,-0.50002965407742495,0,0,0,0,0,0.70705045758093199
5085,44.128426023118472,-0.50002961920217248,0,0,0,0,0,0.70705048224883171
5086,44.137104179661861,-0.50002957604624954,0,0,0,0,0,0.707050512771775
5087,44.145782336205244,-0.50002951608471313,0,0,0,0,0,0.7070505551787365
5088,44.154460492748633,-0.50002949390218443,0,0,0,0,0,0.70705057087030809
5089,44.163138649292016,-0.50002947615089632,0,0,0,0,0,0.70705058342837646
5090,44.171816805835405,-0.50002951813251362,0,0,0,0,0,0.7070505537458569
5091,44.180494962378788,-0.50002951222774317,0,0,0,0,0,0.70705055792637239
5092,44.189173118922177,-0.50002953100968717,0,0,0,0,0,0.70705054464952966
5093,44.19785127546556,-0.50002954995135263,0,0,0,0,0,0.70705053125933404
5094,44.206529432008949,-0.50002959611548314,0,0,0,0,0,0.70705049861862568
5095,44.215207588552339,-0.50002959206801634,0,0,0,0,0,0.70705050148465887
5096,44.223885745095721,-0.50002959884166887,0,0,0,0,0,0.70705049669860776
5097,44.232563901639111,-0.50002961295234893,0,0,0,0,0,0.70705048672404303
5098,44.241242058182493,-0.50002961652149691,0,0,0,0,0,0.70705048420339267
5099,44.249920214725883,-0.50002965184817605,0,0,0,0,0,0.70705045922567322
5100,44.258598371269265,-0.50002965281610778,0,0,0,0,0,0.70705045854442261
5101,44.267276527812655,-0.50002966006441285,0,0,0,0,0,0.70705045342191419
5102,44.275954684356037,-0.50002969111107276,0,0,0,0,0,0.70705043147032987
5103,44.284632840899427,-0.50002974013780133,0,0,0,0,0,0.70705039680392079
5104,44.293310997442809,-0.50002970778669287,0,0,0,0,0,0.70705041968344462
5105,44.301989153986199,-0.50002975729790888,0,0,0,0,0,0.70705038467423242
5106,44.310667310529581,-0.50002973298607234,0,0,0,0,0,0.70705040186860613
5107,44.319345467072971,-0.50002972406455615,0,0,0,0,0,0.70705040817943821
5108,44.328023623616353,-0.50002968720532492,0,0,0,0,0,0.7070504342462105
5109,44.336701780159743,-0.50002968297659456,0,0,0,0,0,0.70705043723838235
5110,44.345379936703125,-0.50002964489206059,0,0,0,0,0,0.70705046417126605
5111,44.354058093246515,-0.50002966418051631,0,0,0,0,0,0.70705045053294158
5112,44.362736249789897,-0.50002964877302147,0,0,0,0,0,0.70705046142962147
5113,44.371414406333287,-0.50002960838512245,0,0,0,0,0,0.70705048999087516
5114,44.380092562876669,-0.50002962552717256,0,0,0,0,0,0.70705047786990427
5115,44.388770719420059,-0.50002959836309224,0,0,0,0,0,0.70705049707967382
5116,44.397448875963441,-0.50002961499457899,0,0,0,0,0,0.70705048531937775
5117,44.406127032506831,-0.50002960418737652,0,0,0,0,0,0.70705049296209266
5118,44.414805189050213,-0.50002960031652433,0,0,0,0,0,0.70705049569959444
5119,44.423483345593603,-0.50002956366546558,0,0,0,0,0,0.70705052161740312
5120,44.432161502136992,-0.50002961919908329,0,0,0,0,0,0.70705048234702061
