id,mass,x,y,z,vx,vy,vz
0,1.4761517,-0.360766351,0.437855124,0.833680689,-0.0279495232,-0.0994667262,-0.0380597934
1,0.842533171,-0.797401488,-0.451623261,-0.878885806,0.0773179084,-0.0343687534,0.0533576347
2,1.42087233,0.543510377,0.390901983,-0.920439422,0.0409434512,-0.00175893365,-0.0439214632
3,1.35459554,0.0674573854,0.172368437,-0.921390772,-0.0642814115,-0.0296479017,0.0855295956
4,1.31903791,0.865615666,-0.0917533934,0.778913736,0.0235427525,-0.00984457135,0.0272282362
5,0.528449535,0.729533434,0.289607644,-0.0615425929,0.0974560753,-0.0949556157,0.0698076636
6,1.07083583,-0.837190509,-0.927565098,0.375505537,0.0245121047,-0.0255662333,-0.0444288626
7,0.981569469,0.547334015,-0.805419028,-0.0107603855,-0.0118548106,0.00602282397,-0.0623242669
8,1.02837181,0.18573831,-0.933187723,-0.292716861,0.0787397027,-0.0925259739,0.0834032148
9,0.777364731,-0.339549661,0.374439776,0.816459656,-0.0468440987,0.041264195,0.0436454266
10,0.680068135,0.148324892,-0.747287512,0.918196142,0.0512848273,0.00768556446,0.0354678109
11,1.08852518,-0.46092993,-0.687196434,0.48730275,0.0197942592,-0.00482609356,0.0645516962
12,0.712996364,-0.398947895,-0.460572839,0.465465456,0.0676161721,0.0606790781,0.0421764739
13,0.99843508,0.714501262,0.226295218,0.490418404,-0.0535390787,-0.0725387484,-0.0665263087
14,0.700442314,-0.100653902,0.16708225,0.916284025,-0.000166167229,-0.0541006513,-0.0510994978
15,1.16190469,0.612946153,0.328984141,0.958272099,0.0946234688,0.0306944605,-0.0138166482
16,0.937217951,-0.768746078,-0.996736228,-0.208563715,0.0449460112,-0.0110247964,0.037193913
17,0.602376342,0.0458069369,0.594994307,-0.535244107,-0.0406840481,0.0699114427,-0.0523986071
18,0.931064785,-0.632836223,0.623304367,0.629565954,-0.0687691271,-0.0552973375,0.00383954425
19,1.0895133,-0.843920887,0.161098197,-0.0591397919,0.0962520242,-0.0746352449,0.0336692892
20,0.687070072,-0.973995447,-0.869315207,-0.982470751,-0.00997158699,-0.0850277767,0.0109503055
21,0.825026572,0.118291639,-0.764717042,0.811322033,0.0608291887,-0.0251779128,-0.0560981147
22,1.1126157,0.642473996,-0.152623922,-0.291018724,0.0490955152,-0.0919777751,-0.0160988066
23,0.853854299,-0.858618557,0.939718723,-0.337150931,-0.00872166548,-0.0325604044,-0.0658397079
24,0.925280631,0.235904291,-0.171395555,-0.541069984,-0.0512064248,-0.0308977105,0.00116048718
25,0.658194363,-0.279291004,-0.935919642,-0.05573171,0.0524268858,-0.0167370159,0.0962975249
26,1.38591218,0.106405251,0.52983284,0.954795718,-0.0510894544,0.0813937783,0.0878513828
27,0.710472047,-0.604144216,-0.425082088,-0.731563866,0.0578137189,0.0477009937,-0.032739155
28,0.667417049,-0.848957717,0.816985726,0.288780391,-0.0604825951,-0.0407724977,0.0788315088
29,0.613478839,0.624895751,-0.932832956,0.886794031,-0.0133083789,-0.0248211473,0.0329210386
30,1.47085881,-0.385228813,-0.00901570357,-0.292654067,-0.0692058578,-0.0391282402,0.0655069053
31,0.682856083,-0.895945311,-0.407320499,0.610403478,0.0669756234,0.0450911857,0.0788186416
32,0.585103571,-0.428964049,0.907811522,0.191774011,-0.0729040951,0.0726167783,-0.0747367442
33,0.691051781,-0.694622457,0.422799945,-0.406400889,0.0129846344,-0.0376498215,-0.0596107431
34,1.1843487,-0.300734073,0.117596298,-0.767697096,-0.0546507128,0.0688423589,-0.042481862
35,0.768973708,0.273435026,-0.219346941,0.00771811372,0.0493066125,0.0160296615,0.0549257658
36,1.22554064,-0.975465477,-0.852178574,0.393841386,0.0348262787,-0.0873495787,-0.0900385156
37,1.06618989,-0.835127652,0.926151216,-0.541345894,-0.00677216845,-0.075211212,0.040342316
38,1.2920084,0.735960364,-0.473000944,0.574882746,0.0413719043,-0.087823607,-0.0339661464
39,1.05438364,0.958484352,0.495179534,0.799867392,0.0325659066,0.062734969,0.0306517463
40,0.912528574,-0.583029389,0.407104284,-0.0691085234,-0.0892712399,0.00743969996,-0.0389822982
41,0.720883071,0.654430926,-0.294342756,-0.157149553,0.00278611598,-0.0235145465,-0.0942928642
42,1.08471465,0.449116528,0.450471312,0.396017194,-0.0470641814,0.00124528306,0.0220010802
43,1.19985044,0.0487714075,-0.287601292,-0.460286021,-0.0708818883,0.0999454856,0.0458056778
44,1.02305079,0.0840151682,-0.481935501,-0.330695063,0.0417165197,0.0897498578,-0.0637749508
45,1.42001712,0.150926918,-0.428073317,-0.17844747,0.0168152694,-0.0260608643,-0.0408935249
46,0.97799325,0.794588029,-0.537318408,0.765775204,0.0216517616,0.0904036388,-0.059540987
47,1.3552618,-0.103064314,-0.699061692,0.78800106,-0.0854263529,-0.0109039871,0.0616506338
48,0.741368473,0.794099987,-0.161700696,0.861653626,0.042881351,-0.0514629893,0.0298386961
49,0.503326058,0.877405822,-0.293469995,0.847659886,0.0963737965,-0.0451246947,-0.0267343558
50,1.11310458,0.826342344,0.618702352,0.766909778,0.0220446475,0.0712038875,-0.0557314754
51,1.39121246,0.555250347,-0.500624955,-0.871752083,-0.0855963603,-0.0203567147,-0.01502728
52,0.725021422,0.71635741,0.562644839,-0.900501728,-0.0110554118,0.082748726,0.0359786823
53,0.51740104,0.639719009,0.937547624,0.28933534,0.0814449489,-0.000224113086,-0.0337210223
54,0.694774687,-0.168246478,0.0547389686,-0.472651392,0.0836603269,0.0421476737,-0.0459085517
55,0.820091009,-0.123067066,-0.70523262,0.576481342,0.0632803664,0.0590851828,0.0540589578
56,0.935542107,0.178065002,-0.252991349,-0.719819844,0.0852731913,-0.0620472357,-0.0197539069
57,1.04088306,0.377258956,0.338481426,0.878715873,-0.0258672312,0.0244555734,0.0155238416
58,1.10514677,-0.901993454,0.488277644,0.688275874,-0.051052466,0.0212394521,-0.0832357556
59,0.713708699,-0.339019984,-0.603787899,-0.339882225,-0.0825603232,0.0752978697,-0.0975181311
60,0.606876314,0.448368013,-0.20965232,-0.633846343,-0.0960595086,-0.0713144392,0.0428397879
61,0.942646444,-0.327290207,0.0901382342,-0.11799486,-0.0302789528,-0.0587538481,0.055087544
62,0.664753258,0.0732453838,-0.958719969,0.495129675,-0.0193115138,0.0327474326,0.0201514307
63,0.635176003,0.245298952,0.213848636,0.373852402,0.0203534514,0.0607184283,-0.0901900306
64,0.605479717,-0.945627689,0.851822317,-0.321818262,0.0247071199,-0.0774794891,-0.0212283991
65,0.949272037,0.454696327,-0.834995866,0.0161826815,-0.0697848275,0.0102258669,0.0148548391
66,1.28051639,-0.961392701,-0.620381117,0.467996716,0.00982273556,-0.0631223321,-0.0964482874
67,1.1301465,-0.859479904,0.179381162,0.24618566,0.0516829491,0.0803080946,-0.000426264189
68,0.660712719,-0.339379311,-0.155402139,-0.260337532,-0.0360906012,0.024228029,-0.0670515001
69,0.638607323,-0.285393417,-0.170772508,-0.206270352,-0.0961387008,-0.0548296645,0.0127662634
70,0.96419704,0.054777801,0.113426045,0.878166974,0.0737235248,0.0532230511,-0.0266163424
71,1.00845349,-0.9502303,-0.999190271,-0.275897294,-0.0957483873,0.0400584862,0.0790779516
72,0.573460758,0.651781142,0.0130172977,-0.963373721,0.0435480662,-0.00316745252,-0.0890820324
73,0.933579564,0.644613981,0.188111544,0.989910066,-0.0457319692,0.0691071153,0.034120407
74,1.17108941,0.374558955,-0.573589027,-0.299479634,0.0273350142,0.0650283545,0.0850453824
75,1.0339433,-0.683715522,0.612517893,0.647996068,-0.0277908891,-0.0485420041,-0.0878834054
76,0.908733189,-0.592850208,-0.992128611,-0.299508363,-0.0710567832,0.00450881803,-0.0207457393
77,1.37473428,-0.272579104,-0.81472218,-0.31774956,0.0858481303,-0.0724090189,0.0356678329
78,0.638741553,0.954069734,-0.505261064,-0.515945733,0.0225671921,0.0626683682,0.0745024607
79,1.18329787,-0.249658674,0.188705415,0.739157856,-0.0874903202,0.0881611034,0.0114501948
80,1.0264169,-0.40151599,0.406280041,-0.0762094855,-0.00346977008,0.00154176063,0.0141775673
81,0.672976375,-0.0992936268,-0.513466477,-0.275375009,-0.0479763038,0.0248547178,0.00834737718
82,0.559532464,0.803513348,0.874566972,0.346779644,0.0561431684,-0.0329300947,-0.05587852
83,1.02054429,0.764419317,0.867086947,-0.132874534,-0.0905711725,-0.0541387238,0.00421262626
84,0.977184534,0.280154467,-0.653648496,0.632167101,-0.0521660931,-0.0230656248,-0.0348983482
85,0.557104826,-0.0104086036,-0.00857144222,-0.458935499,0.0436491705,0.0492496081,-0.00842452701
86,1.43626201,0.462231815,0.327972531,0.314161539,-0.0809905007,-0.0582090318,-0.00275892508
87,1.38705969,-0.663364947,0.30510211,0.422470272,0.0369011015,-0.0954050571,-0.0648804381
88,0.666460097,0.585542083,-0.432728231,-0.357694566,0.0322834551,-0.0117152361,0.0992385
89,0.758432806,-0.799837291,0.346849352,0.138939023,0.00776009448,-0.0468074754,0.0693353638
90,0.787960887,-0.307973802,-0.573887527,0.506938815,0.0601356365,0.0891117901,0.0506057367
91,0.596597493,0.129441515,0.349601597,0.0696757287,-0.0573547482,0.0416477583,0.0674558431
92,0.673906147,-0.393753946,-0.836429298,0.609517097,0.0983673781,0.0485980958,-0.0395662524
93,0.782469869,0.79760772,-0.118138127,0.48670736,-0.0649995059,-0.0862087458,0.0723724142
94,0.581576109,-0.90808773,0.628429472,0.800058722,0.0565883964,0.014309396,-0.0498333462
95,0.811060965,0.171295047,0.564031363,-0.810074985,0.0190324783,0.0986255109,0.0171761494
96,1.28968608,-0.0199283138,0.611228824,0.0161700659,-0.0466944389,-0.085723117,-0.0959809273
97,1.40705442,-0.623430073,0.620129526,0.494855464,0.0111277383,0.066934742,0.0841455385
98,0.969962001,-0.271058232,0.148382112,-0.864552855,-0.0782085508,-0.0856088772,-0.0756537467
99,1.06820178,-0.699280202,0.781914532,0.668566048,0.00064970454,0.042191077,-0.0976022482
100,0.509484768,0.33212921,-0.701178491,0.818877637,0.0440699235,-0.045261614,0.0670746565
101,0.554962456,-0.480982244,0.462561101,-0.274324954,0.0806506053,0.0969454125,-0.0236863736
102,0.753672838,-0.0361883454,-0.0840895176,0.686083436,-0.0547803678,0.00406595599,-0.0634260327
103,0.505462468,-0.145060852,-0.565596402,0.0298642851,0.0374937057,0.0910571516,0.0950652361
104,0.875397384,-0.190046161,0.334990561,-0.451976299,0.00362158916,-0.0041696988,-0.00752202095
105,1.37631512,0.0214882903,0.602827609,0.989511907,0.0618870594,-0.00393339433,-0.0278625209
106,1.36540079,0.269014657,-0.91051352,0.00730538741,0.0449263155,0.0628154948,-0.0688040257
107,1.04038966,-0.0831643492,0.792473614,0.818309665,0.087659739,0.026599776,0.0829762295
108,0.978537142,0.7164222,-0.376960307,0.199327528,0.0725055188,0.0260473285,-0.0828704759
109,0.614810228,0.662155211,-0.138595417,-0.0618004426,-0.0563902222,0.0236434583,-0.0101984004
110,1.46353686,-0.784505963,0.821515739,0.596061409,0.00353862275,0.0427879989,0.0200800542
111,1.32416344,-0.430285335,-0.577016354,0.659369767,-0.0465239212,0.0540424101,-0.089633584
112,0.910705209,0.0179304928,-0.154080704,0.339784682,-0.0517971776,-0.0140295941,-0.00309203565
113,1.28493607,0.662963629,-0.0834575891,0.407904208,0.0541571118,-0.00800620578,0.00218200358
114,1.33082914,0.598471105,-0.134306282,-0.441091686,0.0985579267,-0.0499837734,0.00430035358
115,0.912446737,-0.0273083281,0.491416395,0.954450965,0.0222443808,-0.0429475829,-0.0236851815
116,0.754490614,0.968431711,-0.088009797,-0.0419055484,0.00611632969,-0.0240898617,-0.0653853938
117,0.644383371,0.897171497,0.96592319,-0.835681021,-0.0195007585,0.0895600691,0.00784710236
118,0.782666266,-0.792717159,-0.73549521,0.025598878,-0.0462406911,-0.0942647159,0.0534231402
119,1.22445309,-0.854697287,0.380209416,-0.886355221,0.0981312469,-0.0861315876,-0.0611763187
120,0.755224586,-0.962393284,0.831897974,-0.0560581982,0.097693868,-0.0633844659,0.0683274865
121,0.950319946,0.549930632,-0.649145484,-0.47705704,-0.00942820404,0.0957000628,-0.0273597725
122,0.891775489,-0.00311438157,0.845692456,-0.377494097,-0.0337359831,-0.0210526865,0.0442318209
123,0.808044791,0.193289995,-0.441729575,0.0746027604,-0.00625995733,0.0122476602,-0.0683266297
124,1.44763494,0.477694958,-0.783616245,-0.662722409,0.0517411269,0.0976753756,0.00395395979
125,1.12529147,-0.907316923,-0.136400953,-0.641571105,0.0558937714,-0.0653843284,-0.0270020962
126,0.974725306,0.277403831,0.0704420209,-0.399568021,0.0224083122,0.0166984797,0.0300609153
127,0.576580167,0.0153949829,-0.493790448,-0.706341207,-0.00884462427,0.00169621024,0.0236221738
128,0.584902525,-0.324859291,0.206201822,-0.861717761,-0.0946101844,0.0772241578,0.087941885
129,1.0084058,0.0852043778,-0.941888869,0.792362034,-0.0469771586,-0.00707852142,-0.0662811473
130,0.777732015,-0.119075306,0.272319227,0.214132354,0.0930367261,0.0340704843,0.0863967687
131,1.37486815,-0.407275885,-0.23404564,0.567076266,-0.0659732521,0.0402798317,0.0397806913
132,1.32771838,-0.813298881,0.928998649,0.960838079,-0.00910925679,0.0598204471,0.00857143663
133,1.45604241,-0.184768319,-0.69744283,-0.316862643,0.0236780755,0.0923877358,0.0485613048
134,1.07187831,0.22039634,-0.0296843592,-0.62849772,-0.0103277853,0.0633969307,-0.0335143618
135,1.20769012,-0.902842343,0.0594127886,0.730597615,-0.0904042423,-0.0976727977,-0.0103027802
136,1.45773292,-0.984997392,-0.606635332,0.0343318805,0.0176399183,-0.0454613082,0.0619894192
137,0.606774867,-0.927653909,0.893761098,0.736693323,0.0369900428,-0.0316319428,-0.0501109622
138,1.39552557,0.468299299,0.652163148,-0.0999850407,0.0675099716,0.0963139758,-0.0435126089
139,1.41202879,0.573869765,0.0620076731,-0.0442210436,-0.0929350927,-0.0510816835,0.0469051339
140,1.07078624,0.931719065,0.329560161,0.9070279,-0.0225100499,-0.0500029325,0.0866583735
141,1.07002246,0.450280786,0.917552173,0.888507485,-0.0887631625,0.000313969213,-0.015466623
142,0.565397024,-0.368375987,-0.298224688,-0.609172761,-0.0458925962,-0.040197622,-0.0643548891
143,1.20611393,-0.403120905,0.173080415,-0.05834198,0.022306608,-0.0891762376,-0.0599094406
144,0.825666845,-0.245310858,0.0232457109,0.56085664,-0.0520869382,-0.086896874,-0.027179217
145,1.05669558,0.496392936,0.835950971,0.779513121,-0.0394142494,-0.0236252155,-0.0445858352
146,0.741498828,-0.00458751014,-0.438589126,-0.3904939,0.0238352716,0.0245436765,0.0402219705
147,1.10629451,0.772583187,0.058224462,0.755398393,-0.03210067,0.0817907527,-0.0388630815
148,1.44702148,-0.0845458061,-0.275918901,0.1964764,-0.0473203659,-0.0828625113,-0.00563741103
149,1.42662334,-0.92840755,-0.5070889,-0.301941276,-0.0400593206,0.0512667559,0.0185174942
150,1.27484405,-0.609942436,0.826715291,-0.226270974,0.00908325147,0.0797714591,0.0467508771
151,0.503404975,0.116044685,0.0623232648,0.156086609,-0.00912220031,-0.0102119055,0.032878913
152,1.13409233,-0.216391832,-0.00742719229,-0.859241605,-0.0177250318,-0.0766613334,0.0977047011
153,1.21213686,-0.0170963854,-0.160711735,-0.422351152,-0.0244968478,-0.0708302408,0.034376312
154,1.39205277,0.656991184,0.709689319,0.770028293,0.0938911587,0.0937429741,-0.0424455442
155,0.67070049,0.590236485,-0.668398917,0.109649278,-0.0287838466,0.0452794395,0.0141114667
156,1.03143275,0.622990489,-0.491078645,-0.693806946,-0.0478781238,-0.0389876924,-0.0142165348
157,0.939797044,-0.882973313,0.0964488313,0.268502593,0.0244400948,-0.0205104947,-0.00485521369
158,0.957072437,-0.182326019,-0.110584602,-0.150322214,0.0230093747,-0.0419109762,0.0312092118
159,0.686984301,0.915895224,-0.522399127,-0.0402619243,0.00339603261,0.0465144254,-0.0970138088
160,1.24033129,0.0274872892,-0.936392188,0.632898152,-0.0763345286,-0.0739164129,-0.0154743511
161,0.504126906,-0.803894877,0.132025912,-0.851598859,-0.0794049799,0.0600526333,-0.0682155043
162,0.748949051,0.0509313866,-0.735795617,0.457129478,-0.0741738155,-0.0665883198,-0.0532988533
163,1.3747642,-0.128787935,0.325989187,-0.90337038,-0.0524883941,0.0572540425,-0.0573230982
164,1.09204268,-0.502208233,-0.769348264,0.429987192,-0.0630453527,-0.0897686779,-0.0202396289
165,0.990201771,-0.573274195,0.652241349,0.319737256,-0.0476578996,-0.0101828426,0.0981669053
166,1.12010038,-0.695522606,0.853758335,-0.334529787,-0.0247099735,0.04095155,-0.0410921834
167,1.05021441,0.289535105,-0.636012554,0.311128855,-0.0461758599,-0.0522610359,0.0850585699
168,1.49234033,-0.3876445,-0.719721675,0.579646587,-0.0659170598,-0.0658923164,0.0194742307
169,0.76961416,-0.810391903,-0.305785328,-0.328501999,0.000463348406,-0.0374171399,-0.0563576035
170,0.922330081,0.97823137,0.297939122,0.017791938,0.0259483159,0.0457737856,0.0437641367
171,1.03629506,-0.689535141,0.498269618,-0.562240064,-0.0384831093,0.0572878383,0.0163361598
172,0.854021311,-0.623496175,0.959951997,-0.0701519176,-0.0882069021,-0.0162866917,-0.00924391113
173,0.977174044,0.441190183,-0.199462861,0.746307015,0.0406552553,-0.000265811686,0.00323198852
174,1.00478697,0.494921893,-0.0222016554,-0.248679444,-0.0697611794,0.027172707,-0.0589203872
175,0.674694419,0.709699988,-0.951818228,-0.820993066,-0.0845912844,0.0203858595,-0.0992587879
176,0.913301229,0.403128952,0.732835591,-0.869678855,0.0687156171,0.0850115344,0.0982754081
177,0.543634474,-0.0929474831,-0.51930964,-0.323990345,-0.0199539866,0.0420076884,0.0813124329
178,1.17044973,0.161655277,-0.273612261,-0.865161002,-0.0507069938,-0.0249581467,-0.0194765367
179,0.901412129,0.295508862,0.721236765,0.417622268,0.0187029708,0.0162908677,0.0722326934
180,0.888089001,0.0575007498,-0.388781071,-0.495296538,-0.0161738656,0.0458257832,-0.0625195727
181,1.34112823,0.123403504,-0.943209767,-0.187497705,0.0407092609,0.0994289815,-0.0205191597
182,1.29171586,0.969713926,0.460052431,0.171987742,-0.0745880231,0.0649368092,-0.0889225155
183,1.10966706,-0.600627959,-0.3788248,0.553608298,-0.0493368357,0.0212501511,-0.0243278742
184,0.907825768,0.00324446033,-0.969061613,0.0726588145,0.0439405702,-0.0472039692,-0.0513023436
185,1.02351809,0.749805808,0.11784105,-0.707328379,0.017541552,0.0205522235,0.0896823704
186,1.29705644,-0.293825716,-0.0225173924,0.652199149,0.0712760463,-0.063827917,-0.0439972207
187,1.22694504,0.731455028,0.435430825,0.256275713,0.0173385534,-0.00284204283,0.0306191482
188,0.913223624,-0.143443957,0.309206516,0.8635391,-0.0590456575,-0.0256531462,-0.0725579709
189,1.1091584,0.334966868,0.505597889,0.764948249,-0.028726656,-0.0576085523,0.0302459411
190,0.967794776,-0.759747624,-0.690023601,-0.193018839,0.0312865861,-0.0372981802,0.0906827077
191,1.21641171,0.59695816,0.198532641,-0.563914061,0.00112600869,0.0435195789,0.0943456888
192,0.741682291,-0.290200889,-0.305344909,-0.41537863,0.0514952727,0.08474572,-0.0130776688
193,1.49521053,-0.245103538,-0.0822927058,0.392440856,0.066448763,-0.0104868114,-0.0269351583
194,0.628138185,-0.30395478,0.834239841,0.224190474,-0.0317154825,-0.0142479176,0.0389038362
195,1.44210351,0.271456122,-0.348262995,0.0396046378,-0.0573554486,-0.072970368,0.0113134636
196,0.979601622,-0.368318111,0.752995133,-0.359603882,-0.0164159536,-0.0446946286,-0.0665739626
197,1.47893023,0.882514954,-0.59174639,0.535116017,-0.0860716179,-0.0393295176,-0.0765688643
198,0.771783471,0.739284575,-0.115970798,0.674604774,0.0237485431,-0.0523344316,-0.0638967529
199,0.586194754,-0.314908892,0.41449967,-0.624346018,-0.0586016215,0.00874298904,-0.07469818
200,0.578254342,-0.552159071,-0.301541924,0.63226831,0.0900989473,-0.0372887515,0.0712020546
201,0.81244117,-0.905786872,0.372410029,-0.401718587,0.0593487322,0.0534662642,-0.0480337776
202,1.09348297,-0.417829275,0.490949959,0.266534358,-0.0708457008,-0.04137142,0.0114808641
203,1.23005462,-0.0556072257,0.242705002,-0.617971957,0.0616016015,0.00105583237,0.0420227572
204,0.814893782,0.974493742,-0.69921428,-0.883901298,0.0439845435,0.0854461566,0.0766066536
205,0.647062421,0.216868326,-0.010872297,0.553915262,-0.0942342281,-0.0895024836,-0.0991693959
206,0.821324766,0.736222327,-0.943443835,-0.656346858,-0.00669996161,0.0945986286,-0.021675583
207,0.661156893,0.579476953,-0.68218869,-0.145779803,-0.0543779396,-0.00172197481,0.00497489003
208,0.811890841,0.230977893,-0.122729637,-0.172076508,-0.0792076737,-0.0101746526,-0.0992273688
209,0.580385149,0.392846316,0.115286693,-0.102172747,0.0567783602,0.08867874,-0.0312458724
210,1.43629897,-0.159692705,0.952159524,0.274787754,0.021952875,-0.0850000232,0.0573178045
211,0.555072963,0.19136554,0.473989636,-0.404306263,-0.031832315,-0.0489213914,0.0714219362
212,1.02871418,-0.280044943,0.27399984,0.348120481,0.0542155653,-0.084557943,-0.0554314405
213,0.955127895,-0.606457293,0.847669244,0.158020645,-0.0127538471,-0.0796747133,0.0787107721
214,0.798707902,0.58469367,-0.0863013193,0.0251345225,0.0846793503,-0.0672589764,-0.0332979076
215,1.41501546,-0.682598829,-0.688808501,-0.213981509,-0.0205894597,-0.0377499275,-0.0985216945
216,0.898825288,0.109931186,0.683274627,0.982202411,-0.0506179221,0.0803377703,-0.0346122421
217,0.516209781,-0.470694244,-0.576956272,0.590265155,0.050400205,0.0143086324,0.069976531
218,1.04869545,0.232408851,0.732913673,-0.966736257,-0.0227411855,0.0146134021,0.00820869021
219,0.665580153,-0.0054901801,0.4462699,-0.637686491,-0.0467785299,0.0597982295,0.033282578
220,1.01250744,-0.697551012,0.543750465,-0.832942724,-0.085406065,0.072135143,-0.0565912575
221,1.14612162,-0.542498171,-0.682851791,-0.237597346,0.0447478406,0.0371672362,0.0672533661
222,1.05574524,-0.0371496417,-0.687784851,0.675471425,-0.0802227333,-0.0289286934,0.022191504
223,1.1861999,0.221303508,0.910907388,-0.58476752,-0.0581804551,0.0500104167,-0.0542251021
224,1.0958904,-0.259325653,0.117090195,-0.710356057,0.014033475,0.0517468378,0.0240859445
225,0.727991998,-0.156243414,-0.735452354,0.951344252,-0.0798739418,-0.0520260669,0.0849107131
226,0.976593912,0.454975486,0.690057099,0.86221087,0.0545147657,0.00297281542,-0.0340296999
227,1.19919336,0.267425328,-0.00997434929,0.814139009,0.0332846828,0.00909242034,0.0793135613
228,1.19584084,0.239142433,-0.539734483,0.486234456,-0.0633706823,0.0610280223,0.00498788338
229,0.950186789,-0.100989051,-0.508965313,-0.254322797,0.0293752495,0.0560284443,0.000988916261
230,1.30383313,-0.420200109,-0.576494873,0.35895294,0.0344492272,-0.0161896273,0.0202865843
231,0.655383289,-0.727451861,0.958381176,-0.770636261,-0.0945468098,-0.0433517583,0.0146499947
232,0.775716841,-0.484130651,0.644184291,-0.712817192,0.0507010408,0.00244270265,0.0537623949
233,0.869238019,0.826887608,-0.0151218949,0.899090946,-0.0386820026,0.0261667464,0.0879975036
234,1.11647534,0.379890412,-0.0312288571,-0.13258028,-0.0385365598,0.0135483854,0.00351740839
235,1.23669231,0.441863,-0.254640341,0.684427202,-0.0278736409,0.0797715932,0.0596734397
236,0.824290216,0.444958985,0.0188402683,-0.171387643,-0.026974963,-0.093431063,0.0849560276
237,1.14821041,-0.0496444255,-0.916892111,0.807976544,0.088598609,0.050319735,-0.0429825075
238,0.72377944,-0.610001981,0.675762594,-0.855353832,-0.0844248831,-0.0229529738,0.0193213653
239,1.2932663,-0.0503671989,-0.303957254,-0.333450884,-0.0807488039,0.0420758463,-0.0519968905
240,0.845595121,0.389861226,0.745231628,-0.482735097,-0.00560125802,-0.0567955896,-0.00749169663
241,1.33821774,0.785149574,-0.662195265,-0.69759959,-0.0093224654,0.0631968677,0.0780999213
242,1.29202163,0.44052431,-0.0326121002,-0.106118269,0.0695689768,0.0115515394,-0.0226167813
243,0.80864352,-0.549645007,0.58745271,-0.86728251,0.0978577584,0.015225688,0.0946244001
244,0.764727116,-0.670844197,0.202201635,-0.413238525,0.00639788387,-0.043054916,0.0794143826
245,1.48780453,-0.130231455,0.314622194,-0.648801506,-0.0851643682,0.00360219367,0.0983549878
246,1.30919218,-0.638229251,0.383949101,-0.428203106,0.0581388623,0.0474845581,0.0738380998
247,1.2417146,-0.984693229,0.330691904,0.915233672,0.0483544432,0.024662964,0.0020676204
248,0.533795774,-0.219674483,-0.705217898,-0.446067125,-0.0414629318,-0.0965445563,-0.090007849
249,1.00235057,-0.941914856,0.472782612,-0.658960342,-0.0292837229,-0.0649813712,0.0467705727
250,1.17664075,0.300614417,-0.529500306,0.0969451815,-0.0242458805,0.0185039323,-0.00954596885
251,1.16865134,-0.742264688,-0.706740439,0.9445768,0.0549919717,-0.0800786912,0.00859370828
252,1.49274588,-0.670568764,0.214854777,0.291251481,-0.0595014244,0.0839357972,-0.0800965279
253,1.42766964,-0.861346245,0.782612503,-0.335284263,-0.0219240095,0.064406693,-0.014862502
254,0.621861219,0.413997054,0.0877227187,0.384397835,-0.0972247571,0.0936036631,-0.061832469
255,0.72676909,0.0824202076,0.801821947,0.351686925,-0.0429992229,0.0404350497,0.0496655889
256,1.24583185,-0.0848147124,0.067457214,-0.457820386,-0.0372147039,-0.0853137523,0.0814236403
257,1.17460334,0.557216644,-0.000578031526,-0.145693824,0.0895634294,0.051175572,0.00559756812
258,1.1573348,-0.79076314,-0.292077273,0.738829374,-0.0397320203,0.0923380554,0.0511578098
259,0.961304903,-0.345743239,-0.544770777,0.680751145,-0.0268127322,0.0945987105,-0.019599637
260,1.24293196,-0.590219498,0.451170683,0.907679975,-0.0460106954,-0.0549537241,-0.013368045
261,1.41405892,-0.360431433,0.349992245,0.299861997,0.0908869058,0.0367346071,0.025512455
262,0.738382757,0.0468277447,-0.0649248064,0.528665483,0.0332559533,-0.0324497782,0.0966880843
263,0.52918303,0.520437777,-0.624316871,0.654193759,-0.0219334755,-0.0731376782,0.0333333276
264,0.763980746,0.261695743,-0.504392385,0.294593751,-0.00745586865,0.00176911289,0.0583036989
265,0.601779222,-0.503033996,-0.362152159,0.047823336,-0.0815857574,-0.0141300904,0.0443303399
266,0.947470903,0.198110208,-0.0650638118,0.0425911881,0.0325381048,-0.0714257136,-0.0525827445
267,1.46731734,-0.517547071,0.00570312748,0.0308974758,-0.0238183755,-0.0114276232,0.0906171873
268,1.07522047,-0.43371737,-0.0336229838,-0.961688995,0.0489286482,-0.0199713651,-0.0253515076
269,1.32698286,0.247474998,-0.861878216,0.994586647,0.0375312939,0.0954489782,-0.0104028974
270,0.886390507,-0.317236692,-0.576151907,-0.201059833,-0.0882929787,-0.0453862511,0.0182873644
271,1.43512523,0.671169937,0.732110679,0.72148931,-0.0249282345,-0.0980618298,0.0753091574
272,0.650007725,0.335486561,0.471805602,0.709203422,0.0429862365,-0.043436639,-0.00501163304
273,1.43598306,0.117243454,0.340932518,-0.845746875,-0.0502378829,-0.0544764847,-0.0525174774
274,0.872601211,-0.274424434,-0.74241215,-0.0152133871,0.0355041176,0.0557394102,0.0241459273
275,0.981618881,-0.665729463,-0.778716624,0.140693575,0.056049794,-0.0403692424,0.0692269206
276,0.82017231,0.266603976,0.5519225,0.138396874,0.0563154742,0.0704488978,-0.0533025414
277,1.10971653,-0.3225559,-0.95355016,-0.0714078546,0.0401770435,0.0102800205,-0.047340475
278,1.18519831,0.761427283,0.143900543,-0.125326961,-0.0836074129,-0.0536341481,0.00659656385
279,1.27728772,0.947705865,-0.350708365,-0.482253432,0.0196878072,0.0482848659,0.0181815252
280,0.725442827,0.989660442,0.840372384,0.593239784,0.0512916222,-0.0868552998,-0.0927879959
281,1.00359941,0.803348899,0.133937567,0.605233014,0.00900611188,0.039224796,0.0648038685
282,0.917749345,0.281467378,0.683758914,-0.725996315,0.0334832557,-0.0519514568,-0.0250048432
283,0.971155524,-0.941006422,-0.226346686,0.382602364,-0.0932607651,0.0785426199,-0.0178191625
284,1.05168688,-0.917517364,-0.701490581,0.476663888,0.068699494,-0.0217943322,-0.000276266888
285,1.33885729,0.648303032,-0.945612729,-0.489179492,-0.0561300367,-0.00144601415,-0.00081522204
286,1.02122378,0.476985484,-0.523787141,-0.578507125,-0.0937469006,0.064846538,-0.0860441774
287,1.28523636,-0.791331649,-0.746491551,0.663862824,-0.010588862,0.0659330264,0.0381766073
288,0.807040691,-0.209842369,-0.121472798,-0.553165913,-0.0174904838,-0.0835380182,-0.0869230479
289,1.21925282,-0.865458846,-0.175981283,-0.18638745,0.0179640576,-0.0895481408,0.0151593257
290,0.805967987,-0.810980022,-0.150372922,0.381423295,-0.0812056214,0.0764558762,-0.0396333262
291,1.00563741,-0.196491599,-0.863978505,-0.256325662,0.0154348258,0.0391427986,-0.0985994935
292,0.760866404,0.442129195,0.120587938,-0.255662709,-0.0960919186,-0.0121977357,-0.0726897568
293,1.29837513,-0.488600194,0.296465099,0.981311917,-0.0725318417,0.0861590654,0.0502297021
294,1.01781166,-0.452111989,-0.246133208,0.683216274,0.0125772338,-0.049169369,-0.0112520549
295,0.570172071,-0.506135702,-0.462366372,0.279690742,0.0298706312,0.047245387,0.00862195995
296,1.25076699,0.308213085,0.113067806,0.873157501,0.00163357647,-0.0327303894,0.0336619802
297,0.999345183,0.534841478,-0.82407254,0.69223845,0.0461606011,-0.0695557222,-0.0642139688
298,0.673463881,-0.190940693,-0.648235857,0.701711714,0.0495141968,-0.0416876227,-0.085448496
299,0.768159211,-0.295952946,-0.346455008,-0.751901805,-0.0387277976,-0.0931368023,-0.0676894039
300,0.822651148,-0.71101284,-0.00642331643,-0.347817838,0.0631727949,-0.0992135331,0.0476233698
301,1.31242943,0.731155574,-0.902886212,0.549490452,0.0242655985,-0.0896313116,0.0711761042
302,0.825535476,-0.884596765,0.0810798854,0.993104041,-0.0667104051,-0.0276936237,0.0106877405
303,1.39986634,0.169754758,0.870178342,0.35569194,-0.0577037111,-0.0582857616,-0.00131031766
304,1.31480742,-0.912355125,-0.250950694,-0.16100207,-0.0312746093,-0.00187784783,0.0537934303
305,1.133201,0.208430648,-0.157889664,0.650277138,0.0321408436,0.0970600247,0.0685304031
306,0.598207355,-0.371620983,-0.440943122,-0.850521326,-0.0935222805,0.0464494042,0.0931576714
307,0.874262154,0.483394414,-0.830589235,0.311355799,0.0385287702,0.0326046906,0.0293464512
308,1.00561917,-0.370267212,0.903715551,0.626980484,0.0598942041,0.0277154911,-0.0204917025
309,1.18831539,0.852100968,0.540686727,0.673952639,0.0784653351,-0.0176328272,-0.0550523438
310,0.875290215,0.611052513,-0.460585028,0.232233986,-0.00880821887,-0.0506580882,-0.0132616619
311,0.756973267,-0.870079398,-0.858904421,0.321242899,-0.09290573,0.0589426197,0.0621700548
312,1.28938985,-0.701278508,-0.0500498079,0.502747059,0.0724901333,0.0288780127,0.0521567352
313,0.627591491,-0.434729427,-0.7831406,0.629526436,-0.0205171332,0.0356491804,-0.0198201165
314,0.907575786,0.735276282,-0.37681511,0.0450236276,0.030522855,-0.0135863665,0.0916382968
315,1.01698279,0.327131778,-0.745804012,0.922853708,-0.061753545,-0.0540589206,0.0712512136
316,1.1997149,-0.137347013,-0.956612349,0.526549459,-0.0491473265,0.0656299666,0.0202100109
317,0.573630929,-0.701261282,-0.463828355,0.929328382,0.060857188,0.0149055133,-0.0628961921
318,1.42880845,0.740515232,0.602947533,-0.603110254,0.0270186216,-0.0718895346,-0.0364527106
319,0.61731565,-0.888223827,0.481126785,0.0807467625,0.00767668243,-0.0517517887,-0.0503920428
320,0.652831852,-0.987220585,-0.999061584,-0.724188268,-0.000429305219,0.000824866758,0.0231214147
321,1.36707819,0.677312732,0.965102494,-0.137269139,0.0978626981,-0.0362073369,0.0755015165
322,1.30791903,-0.0288381055,-0.315174729,0.346442401,-0.0473015942,0.0578686893,-0.0216087494
323,0.737740397,0.642304838,-0.904958367,-0.530821204,-0.0465709046,0.054412771,0.0360912494
324,1.36136544,0.398976743,0.0221641529,-0.0983741507,0.0474671945,0.0844939724,0.0461630449
325,1.27193987,-0.93466717,-0.529284418,0.0285416543,0.0184153672,0.0975904241,-0.0949134901
326,0.61096406,-0.00888813287,0.530087471,0.688484967,0.0246332753,0.0415268131,0.0624458306
327,0.724313974,0.343913168,0.994441211,0.568495214,-0.0149768069,0.0312414505,0.0651968867
328,1.13832331,-0.567807734,-0.0966200531,-0.315467745,-0.057419531,-0.050863117,-0.00368085946
329,1.0083735,0.300782353,0.788699567,0.504883409,-0.0823410377,-0.036884103,-0.0559281409
330,0.820829391,-0.791806877,0.658408582,-0.295640826,-0.0759432316,-0.055105295,-0.0624308698
331,0.805147409,0.470551074,0.205606088,-0.153450549,0.0371561088,0.0777756944,0.0668401942
332,0.915213168,0.356073737,-0.253991038,-0.726959586,-0.0337256081,0.0107329953,-0.00315796724
333,0.861904919,0.358727872,-0.418703079,-0.7605474,-0.0322993919,0.0539638288,-0.00656849844
334,1.15094948,0.0294378456,0.918129265,0.976128876,0.0537525862,0.0965151861,0.0319550894
335,1.41468179,0.900147557,-0.930762231,-0.182639882,0.00466176029,0.0327587463,0.0238591656
336,1.04190946,-0.787372649,-0.926142931,0.712116063,-0.000478414149,-0.0121609494,0.0210504122
337,1.18238747,0.117016852,0.736427307,0.87962836,-0.0184538011,-0.0630434304,-0.0523773991
338,1.17818415,0.972062707,0.968754292,-0.187969565,0.0960150436,0.0840280354,-0.0868396237
339,1.43623829,-0.466176242,-0.636241376,-0.647023439,-0.0241479464,-0.0633437857,-0.0144563615
340,0.859184265,0.295557886,0.0492135324,0.674673319,-0.0844212547,0.0200013146,-0.0924919099
341,0.688691318,0.75067687,0.627799034,-0.755645812,0.0379725508,0.0650813654,0.00439971592
342,0.506413996,0.760692954,0.86362499,-0.112178199,-0.0520111918,0.0324079879,0.0467690825
343,0.725199699,0.973922789,-0.279164135,0.898821652,0.0998438597,0.0258670393,-0.030172674
344,1.43431509,-0.526499331,0.903750777,-0.709039927,0.0237353425,0.0844563693,0.0950670615
345,1.20477998,0.532673597,0.205477834,0.085076414,0.0601623617,0.0596948005,-0.0566802733
346,1.42811537,-0.663923562,0.109535277,-0.645050764,-0.0379126333,-0.0908139199,-0.0171171278
347,1.20544767,-0.269325346,-0.141722485,-0.434880137,0.0360752605,0.031357374,0.0687220991
348,0.590883493,0.899828017,0.728285491,0.915919185,0.0148437042,-0.0558078885,-0.0962667987
349,1.4340173,0.276032239,-0.208628222,0.546076715,0.0659742355,-0.044889003,-0.0149061605
350,0.645742118,0.577157021,-0.613238037,-0.895459116,0.00574966613,0.0677756965,-0.0237551406
351,1.07247174,0.872573972,0.256786704,-0.52369386,0.05563014,-0.0656867251,0.0865441486
352,1.03006101,0.572037697,-0.0876118243,-0.0463341847,-0.014272036,0.0824551433,0.0166683923
353,1.17488861,-0.412963003,0.735163391,-0.544970334,-0.0023957754,-0.0620391816,-0.024861319
354,1.33243132,-0.563033283,0.870496988,0.481249243,-0.0601694435,0.0936497897,0.0589852631
355,1.07060242,-0.394077629,0.0661629215,0.700520754,0.068968147,-0.088389352,0.0777330697
356,0.863617957,0.78170979,-0.358971536,0.578597724,0.0271032527,-0.0901933461,0.093321763
357,0.514691293,0.492924243,-0.259919226,-0.601777196,-0.0589876659,0.0741741285,-0.00176653068
358,0.795033574,-0.340990245,-0.758094132,0.356673002,0.0251459908,-0.0586276092,-0.0248269159
359,1.15521324,-0.505859375,-0.703586876,0.928605735,0.0834385827,-0.0542305075,0.0402812324
360,1.46728671,0.0361975543,0.963539541,0.946280301,0.0377156809,-0.0431891531,-0.0201692097
361,1.04843199,-0.63376826,0.253927797,0.388584644,0.0296090264,0.0810696334,-0.0302024651
362,0.529310405,-0.615551054,-0.0550184846,-0.95141232,0.0114500346,-0.064501211,-0.0496139005
363,1.31646681,0.182276979,-0.107658856,-0.404857278,-0.0817196816,0.0518483743,-0.0601633526
364,1.12351656,0.601206183,0.102313362,0.834075093,0.00746563403,-0.0537421368,0.0671198964
365,0.888766289,-0.991280913,0.319017291,0.175528839,0.082061626,0.0476893075,-0.0817321092
366,0.686691999,-0.43613404,0.449144095,0.853019774,-0.0334589966,-0.0125402631,-0.0586252175
367,1.35598814,-0.788000524,0.620389283,0.446367234,-0.00526204426,0.0750316083,0.0135787232
368,1.16051519,0.864667773,-0.837302685,-0.828380287,-0.0918734893,0.0877265185,0.0935980156
369,0.840032876,-0.223527327,0.583013177,0.44189325,0.0310468469,0.0438024625,0.0202290267
370,1.11258531,-0.360609978,-0.637643516,0.231939912,-0.0962382033,-0.0261037722,0.0836761296
371,1.12096143,0.649897456,0.180543184,0.981021225,-0.0353758298,-0.0597586147,0.0501048826
372,1.27158666,0.699144721,0.87171638,-0.83726126,0.0940165669,-0.0634575263,0.0187816452
373,1.37858176,0.209834293,0.0269305222,0.917563617,0.0424444713,0.0842970014,0.0893336087
374,0.85334748,-0.627483785,0.369678348,0.382035404,-0.0111660492,0.00578286592,-0.0341808051
375,0.692344725,-0.711109221,-0.887136042,0.672429264,0.0188263897,0.0139549151,-0.0160484239
376,1.04868925,0.125121087,0.879985929,-0.631328285,-0.0165744983,-0.0849746391,-0.0545140766
377,1.49814701,-0.403140813,-0.684169292,-0.620051622,0.0359419324,0.0329982303,-0.0165699273
378,1.2604959,0.546353519,-0.801549435,-0.451393485,0.0103265047,-0.0859860554,0.0982036516
379,0.964968979,0.648140252,0.733002067,-0.578850567,-0.00384860346,0.06265039,-0.0516323969
380,1.16105425,-0.182573035,-0.322995871,-0.715211987,-0.0407817774,0.0583718829,0.0598797388
381,0.511387527,0.786896408,-0.352148086,0.240071014,0.093360059,0.0326735117,0.0855412558
382,1.13455415,-0.748612404,0.0343206897,-0.722412765,-0.00196488947,0.0412691981,0.0977394953
383,0.996917248,-0.818017423,-0.808688819,-0.708732963,0.0677561685,0.0954505131,-0.0179278627
384,0.954247832,-0.315359682,-0.245418668,0.894175529,-0.0807898417,-0.0593419522,-0.0275601931
385,1.01796353,-0.525263309,-0.865307033,-0.652025402,0.0729324892,0.023676727,0.0707848147
386,1.05624378,-0.209233895,0.260405362,0.681253791,-0.0675969124,-0.0424052849,0.0145818777
387,0.554337502,-0.395766079,-0.424710214,0.00836710259,-0.0741651654,0.0706514716,0.0313851535
388,0.93593961,0.570004582,-0.632509768,0.61271745,-0.069786571,0.0340430662,-0.0980614945
389,0.694404364,0.99131,0.905314624,0.755918205,-0.000389004854,0.0538259968,0.0533161797
390,1.43856013,-0.604866266,-0.616460443,-0.924224734,0.0280627236,0.0236673318,-0.0911511555
391,1.05825198,0.745388389,-0.220024914,0.623996854,0.0287475511,0.0755629539,0.0866935551
392,0.621251881,-0.0947930217,0.990759373,0.274579167,-0.0585440546,-0.00872101262,-0.0928079188
393,1.21662068,-0.0711229965,-0.290325284,0.443825513,-0.0756611302,-0.0363920033,-0.0466844402
394,1.03179967,-0.843408763,0.983098865,-0.446789414,-0.00384496874,0.00140685914,0.0465267934
395,0.516923845,0.810778558,-0.495028198,0.617943883,-0.0425901189,0.0433422886,0.0234727021
396,0.739575624,0.513572037,-0.529156268,0.209393173,-0.00849438459,0.0476272851,0.04670012
397,1.00743854,-0.934202969,0.601853371,0.331452131,0.00631839177,-0.0834290981,0.0946087912
398,0.897960544,0.56346941,-0.130090922,-0.53121686,0.0295022056,0.0958977938,0.0829149261
399,0.913333595,0.171549827,0.824206889,0.496200025,-0.0832411051,0.0110167945,-0.07254944
400,1.3717941,-0.573896885,0.405279934,-0.38625887,-0.0760856271,0.0690074861,-0.00948445313
401,1.2546314,0.443146169,-0.0471688882,-0.691706777,0.0215201396,0.0154400719,0.0777008384
402,1.18903816,0.850051045,0.777108371,0.22534214,-0.0190941412,0.0818271786,0.0581946447
403,0.944870472,0.590061009,0.489150882,-0.129599988,-0.0137406038,0.0906948447,0.00330302399
404,1.42963457,-0.0845471174,0.788063705,-0.796007752,0.07847137,-0.0415612906,0.0664617941
405,1.06296468,-0.987096369,0.407028645,-0.608620703,-0.0366618782,-0.00510348426,0.0455570742
406,0.644085884,-0.638768792,-0.818285763,-0.842223644,0.0263237804,0.071178697,-0.0247005653
407,0.905312181,-0.256046325,-0.808734596,0.548068166,0.0598024689,0.0580556989,0.0728684738
408,1.22714984,0.907844782,0.51445055,0.676623821,0.00485624559,0.0668827966,-0.0255855564
409,0.904894233,-0.732717872,0.622694314,-0.190892369,-0.0335254185,0.0103125684,0.0596250929
410,1.37639081,0.882620811,-0.341423899,0.471148491,0.000388451823,-0.0229929127,-0.016018495
411,0.678500414,0.0714531392,-0.053686928,0.153264955,0.0212344602,0.0908652321,-0.0961170644
412,1.10987973,0.120862484,-0.252216965,0.889616728,-0.0066223396,-0.0131315952,0.00159499119
413,1.40211189,0.743015349,-0.473004609,0.491312623,0.00304808374,-0.0600922219,-0.0215270333
414,1.04107118,-0.0223824102,0.141145885,-0.884855986,0.00944927707,0.00608097529,0.000860330416
415,0.734718084,0.455436528,0.211195141,0.74276638,-0.0276735537,0.0279842466,-0.0702151433
416,1.27204061,0.466274828,-0.566695511,-0.188563883,-0.0220174585,-0.00708019361,0.089572221
417,0.585596561,-0.709888041,-0.400003493,0.579237342,0.00140738825,0.0868793502,0.0867797211
418,1.2709465,0.313128978,-0.232494697,-0.141310558,-0.0789768845,-0.00034465568,-0.0120941894
419,0.88560164,-0.18385458,-0.108586982,-0.557512164,-0.0836379156,-0.0465510823,0.0386031307
420,0.814060748,0.346321344,0.545585752,-0.213944837,-0.0434904769,-0.0143488478,-0.015645491
421,1.08032751,0.146040589,-0.112145357,-0.241803885,-0.0274099819,-0.0241010915,-0.0618271157
422,0.565754771,-0.455831617,-0.364613593,-0.120710045,0.0485071652,-0.095843628,0.0639443621
423,1.11115706,-0.057643123,-0.78986764,0.0320072435,-0.0593522824,-0.0381136611,0.05962044
424,1.37750614,0.730489016,-0.897842407,0.877346992,-0.0742795765,-0.0629543066,0.0332626589
425,1.28038561,-0.766557455,-0.433604181,0.0184051674,0.0714465082,-0.0461605676,0.0198387988
426,0.619803965,-0.577816427,-0.350735128,0.1352496,0.0467284396,-0.000174336863,0.0276515465
427,0.8170802,0.598012686,-0.397662461,-0.531782329,0.0356892385,-0.0800452828,-0.00307588954
428,0.695091665,-0.260918885,0.33063069,-0.0350029096,0.0349360593,-0.0383124687,0.0283816904
429,0.935166478,-0.729903162,-0.873349726,-0.455629498,-0.0561940111,-0.00590303214,0.00171125319
430,0.99367094,0.140734524,-0.748378754,0.641815364,-0.0125678992,-0.0425831676,-0.0527923927
431,1.28683519,-0.364821464,0.513906658,0.25305897,0.00953182392,0.0204246975,-0.0133363092
432,0.729289353,0.196987763,-0.0593350269,-0.906984687,0.0376816466,0.0786428973,0.0351808853
433,0.557653069,-0.037969064,0.710355341,0.757885933,0.0204911772,0.0648878738,0.0463445783
434,1.14332473,0.649915755,0.591577351,0.455038607,0.0755893812,-0.0645976886,-0.0151604982
435,0.953814864,0.391275138,-0.453451663,0.50066942,0.0242744666,0.0714723691,0.046480976
436,0.943892479,-0.484586388,-0.936601937,-0.422467619,0.0352774002,-0.0908782035,0.00124395988
437,0.920022845,0.252156943,0.250649869,0.754474998,-0.060654331,-0.0873642787,0.0737771019
438,1.35495222,-0.657628059,0.816401541,-0.492419422,-0.0643240511,-0.0685316697,-0.0270908903
439,0.677875042,-0.200556025,-0.979737937,-0.960239768,-0.0453952514,0.0225356407,-0.00888198894
440,1.19086361,-0.273145407,0.741437018,0.618689001,-0.0145248761,-0.0949859321,0.0532983653
441,1.265082,-0.0291473716,-0.657567799,-0.0418971777,0.00941419601,-0.0927154869,0.0656941608
442,1.12337244,-0.489442468,-0.78048718,0.565695941,-0.0257887244,-0.0385586508,0.0951350182
443,1.42232478,0.865383029,-0.415263265,0.562058747,0.00147614605,-0.0471070893,0.00516900653
444,1.48211896,-0.0830324069,0.123060942,0.364773273,-0.0721037462,0.0934846103,0.0376889594
445,0.615848482,-0.90694052,0.268033296,-0.156719014,0.0187565293,0.0902831405,0.0209254045
446,0.500939786,-0.144653976,-0.69541949,0.72264117,0.0997992381,0.0649315789,-0.00617621699
447,0.579913139,0.111350954,0.21031265,0.618869126,0.0376412757,-0.070024021,0.0381175093
448,0.621752381,0.797179163,0.648347437,-0.435338259,0.0335289724,0.0409773625,-0.0636462122
449,0.880892217,0.968517005,0.329970121,0.599632919,-0.0269932821,-0.0592740811,0.0775160864
450,0.938714623,0.624218345,-0.46301645,0.570352614,0.000786760123,-0.0623225495,-0.067806229
451,0.795537949,-0.118404768,-0.514174759,-0.786679268,-0.0236984994,-0.0330011994,0.0720041692
452,0.632997215,-0.999554157,0.597180188,-0.667450726,-0.0735679418,0.0854371861,-0.0060792244
453,0.552330911,0.60520786,-0.0299880095,0.847219467,0.0181905646,-0.0719272718,-0.025347434
454,0.608721972,0.782754898,-0.928316832,0.145243958,0.0355008282,-0.0338124335,-0.00178781443
455,1.1854248,-0.104443796,-0.772946715,0.464127421,-0.0902340487,0.0711730495,0.0203944016
456,0.601570964,0.391583979,0.94554162,-0.0181388501,-0.0335333161,0.0448057279,0.0229342431
457,1.35063148,-0.415818721,-0.436862856,0.0916910172,0.0872782171,-0.0595605038,-0.00662092865
458,1.0732671,-0.396935076,-0.140220329,-0.611446023,-0.0173213389,-0.0587407686,0.0587103292
459,1.16245949,0.643939137,0.901002109,-0.0541858748,0.0929661319,0.0515497699,-0.0762045681
460,1.33524811,0.830611527,0.921535969,-0.657722354,0.0155911986,-0.0471961983,-0.0118678259
461,0.996195912,0.258276999,0.0379930325,-0.989091098,-0.0777462274,-0.050049264,0.032300707
462,0.623247504,0.0895981118,-0.247897208,0.241003558,0.0617840253,0.0129143605,0.0550502315
463,0.716071308,0.868116498,-0.999207914,-0.588915169,0.0788216591,-0.0835327357,0.0792693123
464,0.918590426,0.684175134,-0.668213606,0.217410058,0.0978933796,0.029341368,0.0361938104
465,1.15270245,0.273375511,-0.135288656,0.681570947,-0.0302664116,-0.068904683,0.00581766199
466,0.98369956,0.64868319,-0.596323311,-0.365354359,0.0615969189,-0.0602608398,-0.0889272466
467,1.21155488,-0.552751601,-0.792629719,-0.0235073902,-0.0529649444,-0.0315660834,0.0347004458
468,1.43128467,-0.554807782,0.06209502,0.28624028,0.0488279723,-0.0709615946,-0.0373206511
469,1.39079046,-0.441873699,0.843729854,0.327995628,-0.0654055774,0.0203815904,0.0604677238
470,1.08588886,-0.289962888,-0.917307496,0.80282414,0.0183317009,-0.0135654919,0.0411324948
471,0.693405628,-0.742669284,-0.849654794,0.856938839,0.0821626261,0.0646271184,0.0323684774
472,1.4786979,-0.937776327,-0.313315064,0.685068667,-0.00809930824,0.0307347942,-0.0970599353
473,1.42746079,-0.68584609,-0.359758854,0.860326767,-0.0364678763,-0.089995034,-0.0981573239
474,1.03316081,-0.686124086,-0.252898037,-0.745038688,0.0573950969,0.0572077967,0.0592759214
475,0.82580781,0.988380611,0.0588598885,-0.598118424,-0.0934232473,0.0763331056,-0.0423425771
476,1.45750213,-0.554470062,-0.292184353,0.843146384,-0.0836875588,-0.0936042964,-0.0461435467
477,1.38499463,0.499075055,0.571037531,-0.190866262,-0.0163480453,0.0102025028,-0.0440655686
478,0.502326071,-0.140593305,0.21360071,-0.124363795,-0.0717183948,0.017504951,-0.0294055939
479,1.09590685,-0.890359998,0.866250098,0.991499484,-0.0548397303,0.0197151527,0.0449020937
480,0.52782464,0.329309046,-0.304536074,-0.699257016,-0.064313747,0.0743662715,-0.013935959
481,1.23707473,0.665628552,0.307468474,0.0591521673,0.0630778372,-0.0491071939,-0.0437835753
482,0.553204715,0.421256661,-0.113815777,-0.628464937,0.0448447317,0.052913852,-0.0184193831
483,1.2869494,-0.369852275,0.125507683,0.371705234,0.0283229239,0.0389884748,0.0812229738
484,1.1356504,-0.4273884,-0.649023533,0.525899649,0.0629892349,0.06987115,0.040250089
485,1.16786933,-0.735276401,-0.190096304,0.680786252,0.0349055864,0.00946154352,0.00566800497
486,0.611659765,-0.737610042,-0.225116983,0.773679733,0.0614865273,0.0749112368,-0.0221086927
487,1.2587961,0.341359407,-0.642586827,0.247490376,0.0897697881,-0.00291820453,-0.0731940791
488,1.26438248,0.257399768,-0.802700102,0.216074005,-0.0799904987,0.0718827099,-0.0438654013
489,0.951102138,0.614518344,-0.327676147,0.939299703,-0.0142893344,0.0204510484,-0.0303448681
490,1.13205612,0.515050828,0.046020668,0.418656588,-0.0435088277,-0.0366595984,0.0883709267
491,0.900355279,0.463079721,0.6583758,0.200950742,0.0679661334,0.00474039093,0.0259349402
492,1.3609668,-0.400648832,0.135390192,0.456706256,-0.0954846442,-0.0155980978,0.0404940508
493,1.00551307,-0.0756549761,-0.689039588,-0.211897269,0.0401637442,0.0255159866,-0.0790597647
494,0.555197477,0.899938643,0.854216516,-0.0550082102,-0.0398479663,0.0812114626,0.0931434408
495,0.578760922,0.114872791,0.283202201,-0.921713889,-0.0762112737,0.0927905366,0.0232314244
496,1.47788692,0.0477436446,-0.183215573,-0.425070912,-0.0748788789,0.022985911,-0.00960318185
497,1.11378896,-0.780391812,0.923910499,-0.762111783,-0.0818116143,0.0323404707,-0.00355188712
498,0.669831812,0.654040396,0.811356544,-0.166800678,0.0187600385,-0.022480946,0.069692798
499,1.12746692,0.18998076,-0.276087791,-0.565500557,0.0351417549,-0.00399794197,0.0786295533
500,0.599979401,-0.770446718,0.000581916713,-0.372618526,-0.0672638491,0.092108801,-0.0469053425
501,0.653470695,-0.609210551,-0.525929034,0.286626279,0.0424036533,0.049634859,0.049599316
502,0.995456755,-0.217233017,0.815588892,-0.298362911,0.0339792892,-0.00265693013,0.0835358426
503,0.86123538,-0.633117974,-0.0349758416,-0.526198626,-0.0618457086,-0.0695884228,-0.0574437752
504,0.890373349,0.0363737047,-0.0313872471,0.618963659,0.0330480784,0.071784161,0.00822491664
505,1.11245382,0.944542527,0.928456783,0.870575905,0.0352493264,-0.00635600463,-0.0366389155
506,0.503913879,0.787058234,0.0271628145,0.269122273,-0.0415211581,-0.0338649638,-0.0539637096
507,0.876108468,0.360815912,0.483174384,0.94521457,-0.0370838754,0.0259598773,-0.057682883
508,0.639614701,0.900006413,0.239752546,0.897374213,0.0987592712,-0.0601734854,0.0269865114
509,0.595084608,0.321363568,0.532679617,0.244668201,0.0647358075,-0.0636063293,-0.008623356
510,0.887151301,-0.239347473,-0.380785972,0.523830295,-0.0235583633,-0.0367382728,-0.00992532726
511,0.765711665,0.0923075527,-0.897393763,0.496203303,0.00690057222,-0.0932182148,-0.0668832734
512,0.900351346,-0.250073552,0.404150784,0.137717947,-0.0876957327,0.025681939,-0.0469301678
513,0.542182446,0.932051122,-0.077373296,0.78191942,0.0763127953,-0.0137638524,0.0621422157
514,1.30088639,0.563803256,0.51892817,-0.711783111,0.00183563784,0.0569149926,-0.00593994325
515,1.02704155,0.751969337,-0.725117624,-0.54552263,0.0988059416,0.0485204272,-0.00316253095
516,1.02735054,-0.00417923043,-0.42674315,0.941427767,0.00836586207,-0.00629683211,-0.0629761964
517,0.538307905,-0.0997631997,0.29905349,0.141663224,-0.0246261079,-0.0428129584,-0.0654908046
518,0.949627936,0.0591696426,-0.769387126,0.160949215,-0.0674472079,-0.0295256507,0.0313080177
519,1.33825243,-0.464022756,0.52376616,0.636711597,0.0745819956,-0.0149155641,-0.0896818638
520,1.33005619,0.357455075,-0.983244121,0.135349587,-0.0761073977,0.0964098722,0.0971202627
521,0.634428382,0.806664288,0.942003191,0.561050713,0.0478288941,0.0740437731,0.0939810574
522,1.35410118,0.721868277,-0.683404505,0.378985584,0.0216487497,-0.0290168952,-0.0189010296
523,0.623906612,0.286387742,0.501496911,-0.227228865,-0.0978858769,-0.083652176,-0.0667923912
524,0.969804585,-0.895981252,0.263754934,0.566934764,0.0200079829,0.0111387763,-0.0316971876
525,1.33137071,-0.165685177,-0.443326205,0.531208932,0.0547889583,-0.0205115527,-0.0823631361
526,1.06914949,-0.0666538328,-0.984425783,-0.941699624,-0.0368547998,0.0401093625,0.087155439
527,1.36657119,-0.640754223,0.952102125,0.150540933,-0.0665696412,-0.0692014396,0.0396088772
528,1.17503881,-0.216044188,0.736800909,-0.66866833,-0.0911198333,-0.0680500343,-0.0499595031
529,1.1227138,-0.642828405,-0.275587082,-0.818865359,-0.0130056534,0.0402564444,0.0754949898
530,1.04370952,-0.293757379,-0.741581142,0.238410756,0.0622641034,-0.0314533263,-0.0295034721
531,0.899387658,-0.930193305,0.146666586,-0.406475335,0.0389220975,0.0864908472,0.00406701071
532,0.573376834,0.454819053,0.448280543,-0.526158988,-0.0434831157,0.00239201309,-0.0663808957
533,0.541282773,-0.39333269,0.766106069,0.436607957,-0.0605547354,0.000143545069,0.0130274184
534,0.772045791,0.0109530557,-0.250389576,-0.556447089,-0.0957098529,0.0661794469,0.0838086084
535,0.905390561,0.00677047716,0.600003123,0.115010984,-0.000647479028,0.0693473145,0.0836951211
536,0.949685574,0.858333111,0.72733736,-0.0261016712,0.0313457027,-0.0105893388,-0.0896431208
537,1.06687915,0.544608295,0.652187645,0.14975819,0.0885541141,0.0181253348,-0.0437257849
538,0.947583795,-0.121553622,-0.397774667,0.163383916,-0.0930788815,0.0248406883,0.099034138
539,0.621861279,0.720398009,0.599951267,-0.196025535,-0.0757845491,-0.0654793009,0.05875412
540,0.737211347,0.225936383,-0.0820118338,-0.965293467,-0.0970764756,-0.00404990511,0.00537247304
541,0.891843081,-0.970348954,-0.92707634,-0.662157595,0.0714151934,-0.0824464634,0.00560325943
542,0.850670755,0.0343612246,-0.87743187,-0.0269139651,0.07450407,0.0731086954,0.0685985163
543,0.893277705,0.206668675,0.0163004883,0.306337923,-0.0646376535,0.0232701171,0.068607524
544,1.43103826,-0.284888029,0.478075504,-0.286168039,-0.0733479634,0.0837073997,0.0684326515
545,0.804586887,-0.0689243153,-0.871792018,0.0816541687,-0.0911801904,-0.0416464619,0.042719651
546,0.781931937,0.113699205,-0.476652384,0.829515517,0.0822606608,-0.0532642528,-0.0335849673
547,1.493976,0.887415171,0.660055161,0.148845658,0.09494818,0.0681499243,-0.0635006875
548,1.11984599,0.33532393,0.372445643,0.119480357,0.0333511159,-0.0806647614,0.0687752739
549,1.25825548,-0.719373524,-0.683769703,-0.592149496,-0.0778373852,0.0129310163,0.0268674921
550,1.10945165,-0.486824065,0.795918405,-0.305794626,0.0701827779,0.0706186667,0.0692424029
551,1.37826145,0.624657452,-0.270022541,-0.298410982,0.00392927974,0.0509420596,0.0643691868
552,1.2407794,-0.798211098,0.555672109,0.178206295,0.0759438947,-0.0385903791,0.021284353
553,1.01251614,0.68144387,0.436859429,0.486017317,0.0893526822,-0.0187526122,0.0698283091
554,1.3936193,-0.623012006,0.791553199,0.832363844,0.0605772138,-0.0982409418,-0.090724349
555,0.858582258,0.538836122,-0.0731992871,0.199735582,0.054637298,-0.0707944334,-0.0532556064
556,1.3513689,-0.675189376,-0.379744411,0.338730127,0.0581376478,-0.0905250013,0.0489837341
557,0.840931654,0.423595071,0.335876524,-0.531136334,0.0610140376,-0.0450889431,-0.0507627763
558,0.804706097,-0.539696217,0.0731537715,0.902100146,0.093610011,-0.0902997106,0.0355969705
559,1.31848598,-0.524066865,0.944865763,0.798354447,0.00182154519,0.00331187248,-0.0227702688
560,1.29840851,-0.673201978,0.920880139,0.482785523,0.0278940611,0.0980426595,-0.0573852919
561,0.753994346,0.450096279,-0.175164953,-0.666873991,-0.071238257,0.0127829891,0.0772602931
562,1.49567735,-0.0232084636,-0.594080865,-0.994555414,-0.0848579332,-0.0122338599,-0.0552793778
563,1.24344194,0.964197278,-0.197380766,0.949437439,-0.0850026086,-0.0780136213,0.0204693228
564,1.4674871,0.850757539,0.794336796,0.308571666,-0.00997095089,-0.0253961943,-0.050741937
565,1.27974498,0.181330398,0.92013824,-0.732468426,0.0589581691,-0.0572184362,-0.0422667935
566,1.32816041,-0.176290542,-0.204624623,0.121938266,0.00431257859,-0.0451282933,-0.0753337815
567,1.16000509,-0.885745823,-0.299920797,0.581529915,0.0792173892,0.0319095924,0.0847064108
568,0.690587401,-0.547908664,0.0834515914,0.622448623,-0.0477564372,0.0645688102,0.0504564121
569,0.936751544,-0.00600143708,0.302129537,0.183026999,0.055841323,0.0227563027,-0.0795500576
570,1.44721496,-0.709011614,0.67441684,0.211136341,0.0758488253,0.0919711962,0.0341916867
571,1.05735123,0.852729559,0.928563416,0.787173271,-0.0526776761,-0.065443866,-0.0856068432
572,0.603852391,0.373020977,0.125342607,0.64600116,0.0846724734,0.0732714683,-0.0416084602
573,1.26709318,-0.419808835,0.135296404,0.00631202245,0.0969632864,-0.0898552984,-0.0101944609
574,0.693988383,-0.847019255,-0.962293923,0.0596194267,0.0866483003,0.0405489802,0.00781494565
575,0.689886391,0.247547418,0.872307718,0.33157143,0.053388726,0.0695589334,0.0797515512
576,0.925274968,-0.953585386,-0.640186846,0.182116389,-0.0289462805,-0.0726959184,0.0157111529
577,1.30403388,0.922443986,0.136170626,-0.628634572,0.0475930125,0.0565122478,0.0874866098
578,1.29002666,-0.601114333,-0.63533473,-0.879429817,-0.0191166289,-0.0911847055,-0.0772800222
579,0.689614832,-0.298773348,-0.54538554,0.442868978,-0.00374516798,0.044152882,0.0582085028
580,1.27050185,-0.259735018,-0.339313775,-0.757592201,-0.0322844684,0.0165263191,-0.0789469704
581,1.4730829,-0.399265677,0.686463594,-0.479530066,0.0140883988,0.061549224,0.0835441053
582,1.47615635,0.0414862558,0.363504171,-0.503391027,0.0348853245,0.015714556,-0.0291118566
583,1.39111698,-0.629248917,-0.433063447,0.019777583,-0.0314491652,0.0831202418,0.0273189563
584,1.17849004,0.318787992,0.43900004,0.585115254,0.053904172,0.0294226445,-0.0876706988
585,1.35922658,0.450267166,-0.213679358,0.00789976958,-0.00700935861,0.0852872729,-0.0490582287
586,1.46660328,0.259923935,-0.956319928,0.481560439,0.0460931882,0.0758296251,-0.0728753656
587,0.719612062,0.372492462,0.974271834,0.0871912986,0.0955064893,0.0900820345,-0.097395353
588,0.961140454,0.945578337,0.384975016,0.572755396,0.00760093564,-0.0162238758,-0.0864159316
589,0.738151789,0.684947193,0.0210894942,0.870265305,0.00150048942,0.0147470729,0.064504236
590,0.690586865,0.659556508,-0.666037679,0.681849837,0.0879385546,0.0470988862,0.0997664928
591,0.787317157,-0.737442553,-0.900293648,0.347201616,-0.0612603687,-0.0758777037,-0.047863245
592,1.45258284,-0.00575065939,-0.323627651,0.287506223,-0.0163225997,-0.00544360606,-0.0478119105
593,1.13721561,-0.523621321,0.404891342,-0.346253484,0.0454912037,0.083135426,-0.000388811866
594,1.2651844,0.105302125,0.417021871,0.779196084,0.0876296014,0.0787833259,0.0653545484
595,0.757913113,-0.891283572,0.0496624187,-0.322134554,-0.0336249433,-0.0548628382,0.0840290338
596,0.849706888,0.255200714,0.376850992,0.110495508,0.0517263785,0.0605244264,0.0529163256
597,0.972083986,0.448589146,0.554348469,0.654338062,0.0580471829,-0.0594842359,-0.0785601959
598,1.06166244,0.238750562,-0.794267297,-0.976338863,0.084525317,0.0543972403,-0.0659250021
599,0.584092736,0.74365598,-0.792323112,-0.267802507,0.0124550285,-0.0671593547,0.00746583659
600,0.541962564,-0.599772513,-0.843479455,0.164141625,0.0332690254,0.0820505768,-0.0438036546
601,1.45336556,-0.917936325,0.718939602,-0.935427964,0.0744909048,0.00367535721,-0.0121858465
602,0.714421391,-0.164751425,-0.168314815,0.396610111,-0.0591340326,0.0144186122,0.000187732483
603,1.15630364,0.276017338,0.353396535,-0.106407151,-0.0351380557,-0.0403533094,-0.0660795793
604,1.44093406,-0.346303165,0.660597444,-0.710489333,0.0334273688,0.0806975812,-0.00577642024
605,1.0959847,-0.242627606,0.206519917,-0.960968196,0.0756505877,0.0672631562,-0.0239132214
606,0.628966033,0.775309026,0.0310182013,-0.556095064,0.0303597823,0.0963968635,-0.0239129663
607,0.534393251,0.911289632,0.675773621,0.20511511,-0.0920760632,0.074575901,0.0017721334
608,1.00616217,0.783252001,0.310506165,-0.247615308,0.006754186,0.0974812359,0.0700567439
609,1.49642003,-0.893814206,-0.6282143,-0.954478979,0.0688481629,-0.0279205795,0.0151101658
610,1.31823671,0.967137218,-0.977789521,0.406639457,-0.0150444675,-0.0213978458,-0.0307031088
611,0.77164948,0.12774165,-0.958217263,0.308781177,-0.020368468,0.0176085234,0.0773106739
612,0.815075517,0.258538574,-0.54122287,0.0677071288,-0.0700370967,-0.0675663799,-0.0466801263
613,0.692004144,-0.00326581928,0.424609095,-0.0735973194,-0.0792457536,-0.0511162616,0.0563835092
614,1.15992224,0.190218031,0.86687386,-0.53189075,0.0866044685,0.00967817288,0.0169893056
615,0.645191669,-0.727814734,-0.161223322,-0.472950876,-0.00226885406,-0.0683766678,0.0872684196
616,1.34816647,-0.293669224,0.178337798,-0.926833153,0.0994047448,-0.0266683102,-0.0703038275
617,1.0828073,0.840887427,0.946389258,-0.565276921,-0.0273281299,0.0186468959,-0.0977425724
618,0.71504271,0.0651846752,0.698183179,0.929389596,0.0024951715,0.0514131151,-0.0988529697
619,0.959158897,-0.896149158,0.780008078,-0.855897069,-0.0544419512,0.0213837363,0.0847026259
620,1.37773967,-0.221470267,0.546602607,-0.242759973,0.0158934072,-0.0695901066,-0.00438321056
621,0.624973834,0.140134826,-0.229150906,0.854047537,-0.0264346283,-0.0716718957,0.00503727794
622,1.0667522,0.534993649,-0.0311971437,0.0886089057,0.0751121193,-0.0277731847,-0.0383026153
623,0.879436374,0.450405717,0.512888372,-0.675087333,0.00446228776,0.0845054239,0.0489780456
624,0.979023755,-0.905827284,0.501078904,-0.552981019,-0.0651125461,-0.0765739828,-0.0388370194
625,1.01393378,0.349316001,-0.863208473,-0.252360731,0.0133903353,-0.00991736073,-0.0994206592
626,1.25171578,-0.0930929407,0.207324013,0.670093656,0.0415638834,0.0937390625,-0.0731440112
627,0.587674141,0.364479572,-0.966639519,0.0170653425,0.057215929,-0.0140447393,0.0303087067
628,1.06138539,-0.193350583,0.140850186,0.863362908,-0.00963804964,-0.0921544507,0.0475914553
629,0.772417665,0.857773423,-0.19094339,-0.144650608,0.00784931984,-0.0057111145,-0.085760273
630,1.15497947,0.972012281,0.167093366,0.300303429,-0.0135353468,0.0681120604,0.00659899274
631,0.780952454,-0.08445815,0.495008707,-0.785061002,0.0700033456,0.043073494,-0.0456126817
632,0.930617392,0.462856025,-0.529470623,-0.273404568,-0.044467587,0.0360928886,0.00107693311
633,1.10633898,0.0946494266,0.913495183,-0.457572073,0.07447844,-0.0429189205,0.0155631993
634,1.44540548,0.408262432,-0.819662511,0.473365843,-0.0217254218,0.0954358131,0.00385809946
635,0.94118458,0.377679527,-0.553628802,0.661565363,0.0800800696,-0.00849127769,0.0671438277
636,1.46896923,-0.937740445,0.39535141,0.167887047,0.0549852699,-0.0895148665,-0.0569815338
637,0.945299506,0.148673698,-0.0560250692,0.793549061,0.0384650752,0.0947032273,-0.0168209989
638,0.82166791,0.947117627,-0.430512369,0.171999454,0.0752437115,-0.0225784518,0.0728738979
639,0.588136971,0.884721279,-0.465329409,-0.0934031829,0.0476269051,0.0124439197,0.0908728912
640,1.40281618,0.00331305759,0.238535032,0.50131321,-0.0854449347,0.00926452596,-0.0946690589
641,0.808796227,0.568888903,-0.143577039,-0.661950827,-0.00384196197,0.0144570293,0.0525146313
642,1.18079734,-0.171354845,0.249124095,-0.100128718,0.0161580332,-0.0868451223,-0.0532862507
643,0.573134303,-0.386462539,0.293953747,0.625585616,0.0784109011,-0.0530103445,-0.00211345241
644,1.02676475,-0.28935343,-0.176043734,-0.804229736,0.0327442214,0.0833187923,0.0457549952
645,0.989934504,0.876483083,0.463468403,0.049605649,0.0724416375,-0.0819433108,-0.00554995192
646,1.31297445,-0.144359589,-0.0273775496,0.723375976,-0.0344138108,0.0253674407,0.0759150535
647,1.34220862,-0.447929651,0.48663941,-0.215394408,0.0258688387,-0.0870972723,-0.0911318287
648,1.12308788,0.846953332,-0.927079141,0.144996107,0.0824087858,-0.00590509083,-0.0219710618
649,1.07080436,0.715511858,0.805860698,0.820416033,0.074964039,0.035987556,0.0172861628
650,1.23905289,0.52719003,-0.642098248,-0.515322447,-0.048252143,0.0763584375,0.0337363519
651,0.757398963,-0.596334398,-0.469497025,0.255169809,0.0450755656,0.0502722785,-0.0733696148
652,1.0447228,-0.612139165,0.368396878,0.472155005,0.00678389426,-0.0997407883,-0.0562522747
653,0.873007178,0.261874229,-0.793198287,0.400312334,0.039364785,0.0269451626,0.0136460094
654,1.49477553,-0.199556187,-0.24388805,-0.468675971,-0.0205120649,-0.0410125405,0.0608496889
655,1.23937106,0.958360136,0.401801884,-0.165132135,-0.0442884788,-0.0770531595,0.0741052106
656,1.34652126,0.0315574072,-0.826141119,0.931254208,-0.0487018079,0.0508687757,-0.0993235707
657,1.19380462,0.0238947757,0.3404468,0.18794094,0.0727452338,0.0615417995,-0.06782116
658,1.32935929,0.622113824,0.0778664052,-0.809695542,-0.0692499876,0.0506382622,0.0866627768
659,0.681013286,-0.462651968,-0.903882384,0.611627758,-0.0346564576,-0.0597318187,0.0979523957
660,0.50437057,-0.0661563501,-0.429063678,-0.0959659815,0.0027926683,0.032926295,0.0673611984
661,1.42522013,0.145839304,-0.238894314,0.511629343,-0.0476062708,0.00398278935,0.0258623566
662,1.45341897,0.748276412,0.734037697,-0.337070107,-0.00646855636,-0.0337738805,-0.069670096
663,1.38184774,0.565291524,-0.654835165,-0.123832308,0.0386108384,0.0466251485,-0.00376627641
664,1.08356118,0.911281943,-0.16574204,0.856020749,-0.082918644,0.0141625321,0.0836436078
665,1.02715766,-0.102096155,0.302852631,-0.200270236,-0.0365530699,-0.0734389424,0.0202252809
666,0.596620917,-0.515106618,-0.519598246,0.677185595,-0.0556024909,-0.00840330403,0.0838747174
667,1.24503183,0.389625996,-0.353083283,-0.946737647,-0.0939624608,0.0753145739,0.0264154561
668,1.0753864,0.309263676,0.836817741,-0.347686142,-0.040110752,-0.0500134304,-0.0824592933
669,1.49963892,0.203816235,-0.419725418,0.366627514,-0.0562001988,-0.0975082219,-0.00629803119
670,0.519802272,-0.439737856,0.974018753,-0.33128351,-0.062453106,0.0864432678,-0.0431669876
671,1.03239179,-0.910678446,0.766209126,-0.250255227,0.0782859698,0.093778193,0.037104886
672,1.49632883,0.59699136,-0.0258227512,0.898702919,-0.0983040109,-0.0641775578,0.0324807912
673,1.4415735,-0.902384102,-0.137394562,-0.203128964,0.0985349864,0.00656595267,-0.00271673384
674,0.750684321,-0.51587522,0.643328726,0.408986568,-0.0503214039,0.0878965035,0.0884246007
675,0.838643849,-0.8438586,-0.886359096,-0.292602599,-0.0415342636,-0.0902764127,0.0370930322
676,1.29708898,-0.287261128,-0.448823392,0.615055561,0.0927858353,0.0516845994,-0.0572992675
677,1.09787059,-0.753507078,0.457231194,0.5896855,0.0910218507,0.00325330254,-0.0709840208
678,0.578950882,-0.969964027,0.967843652,-0.349321097,0.0575745218,0.0401040651,-0.0134819243
679,1.28993213,-0.431239903,0.598418593,0.660271049,0.0130378408,0.0322344787,-0.0674353838
680,0.807906568,-0.154423416,0.92957598,0.110444844,-0.0946059972,0.0469267964,-0.0586570241
681,0.530322492,-0.00821848959,0.60282433,0.0224596784,0.0766792968,0.0205003005,-0.0342727378
682,1.00003171,-0.270999134,0.862994015,0.0977517888,-0.0493234359,0.0177771337,0.0100860437
683,1.27062154,-0.744641185,0.766019702,-0.581972599,0.0404242091,-0.0466100238,0.0535169207
684,1.36247528,0.515414774,0.349938512,-0.800561905,-0.00767154759,0.0336857773,-0.0975599885
685,1.19107687,0.726243615,-0.00837759394,-0.643122435,0.0478829853,-0.0535112396,-0.0115383472
686,0.599238753,0.406099409,0.884684026,0.0457465276,0.0371947512,-0.0809759945,0.0941427201
687,0.515446782,-0.934724271,-0.427793533,0.116327748,-0.0593238138,-0.0840458795,0.0219241325
688,0.689518213,-0.761300027,0.199907541,0.738056898,0.021594692,0.08588285,0.0684805289
689,1.15476584,0.967409432,-0.482600033,0.159807578,0.00510346564,0.0455744043,0.028692672
690,1.1229825,0.637726843,-0.172163427,0.817709327,-0.0114128962,-0.0730874687,-0.070519343
691,1.11639464,0.615353227,0.780763447,0.491586536,-0.0411082096,0.0971971676,0.0145745762
692,0.607286453,0.172250748,-0.658075035,-0.877420127,-0.088026002,-0.0951244086,0.00622217264
693,0.574297905,-0.120206878,0.834148705,0.542982042,-0.0404456034,-0.062901549,-0.0282580219
694,1.25829494,0.623910069,-0.672955275,0.576517045,-0.0932253748,-0.0382806957,-0.0509427749
695,0.61358732,-0.2233091,-0.122981757,-0.956569016,-0.0242957044,0.0468612127,-0.0950815678
696,1.31148064,-0.076490283,-0.0916169062,-0.0039459723,-0.0181483719,-0.0782149434,0.0815971866
697,1.22521138,0.824969053,0.350967884,-0.499577552,0.0580198206,0.0692821369,0.0255369078
698,0.502747595,0.603037477,0.929940701,0.466732889,0.0679715723,-0.0820155069,0.0139532033
699,0.674431324,-0.753578007,-0.765245914,-0.735780537,0.0852631181,0.0823766515,0.0211182199
700,0.616854608,0.808119357,-0.802253723,-0.296824902,-0.0996220335,-0.0934698656,-0.0748976544
701,0.692931354,0.430342644,-0.0440068692,-0.157381848,-0.0855578929,-0.005389967,-0.075684756
702,0.937635839,-0.744040787,-0.0311901998,0.45590952,-0.0255205501,-0.0145251369,-0.0519648939
703,1.29804242,0.83031553,-0.13907972,-0.337876976,-0.0582754202,0.0985676423,0.090834409
704,0.704515636,0.396276563,-0.0179643445,-0.620053589,0.0706691742,-0.047585573,-0.0450391248
705,1.49943006,0.74762398,-0.639730871,-0.444059342,0.0655869395,0.0851548538,0.0503602214
706,1.23826396,0.239476204,0.319413066,-0.199859872,-0.0596955754,-0.015131779,0.00638444535
707,1.22117221,0.110077694,-0.0231287386,-0.553985775,-0.0344353877,-0.0218860675,-0.0824162439
708,1.17965055,0.460268259,-0.74492985,0.110220157,0.0792682692,0.0192060973,0.0304615162
709,1.05648983,0.725157797,-0.0962561294,0.227777645,0.0217202101,0.0866444036,0.0705891997
710,0.893629313,0.551477551,0.411777705,0.0010763295,0.0736830533,0.0217814464,0.00585086085
711,0.8974545,-0.616509855,0.46931529,-0.183762208,0.0689030513,-0.0220377222,0.0447947904
712,1.38848531,0.157188475,0.345235407,-0.513855219,-0.0925617963,0.00950205605,0.0389810838
713,0.538274229,-0.79026264,-0.644169867,-0.412881553,-0.0702055916,0.0123823471,-0.0204259288
714,0.932026029,-0.307809263,0.785074472,-0.705812454,0.0313345753,0.00255113118,0.0192943085
715,1.36461258,-0.818523407,-0.461057156,-0.553028643,0.0468056574,-0.0829563066,0.0874268189
716,1.21016681,0.947003484,-0.658838451,-0.498052001,-0.0737196431,-0.0622087531,0.0739792809
717,0.721030235,0.538110316,-0.265567452,0.508124471,-0.0636112988,0.00426023407,-0.0249248277
718,0.738575339,-0.705871284,-0.272799164,0.811431348,0.0987893268,0.0560459904,0.012231661
719,1.13210607,-0.917419493,-0.612223744,-0.834184408,-0.0856866762,-0.0343347415,-0.0130330715
720,1.05804384,-0.633323908,-0.40839231,-0.520795465,-0.0545800701,0.0904493108,0.0214669798
721,0.763528824,0.445395887,0.256997317,-0.537107229,0.0959319994,-0.0750832856,0.0111307343
722,0.567031264,-0.153804049,-0.175948262,0.169327721,-0.0900695249,0.00313290139,0.0442380495
723,1.38950288,0.350823998,-0.319908947,-0.00848933589,0.0320504569,-0.00171602878,-0.0978050008
724,1.4384526,-0.744146466,-0.682935357,0.915984452,-0.00530286413,-0.0658829063,0.0677256286
725,1.15251863,-0.999068797,-0.321681738,0.360452712,0.0703144148,0.0356961265,0.0483387969
726,0.815066576,-0.761725068,0.78406781,-0.332951993,0.0507107936,0.0925177559,0.005407013
727,0.703052521,-0.114203341,0.195329264,-0.516206503,0.035008505,0.0926768184,-0.0561661236
728,0.762876928,-0.419538468,-0.640924454,-0.745505393,-0.0479102097,-0.0693731457,0.0681993216
729,1.12665498,0.130134314,0.274835408,0.493036151,0.0389617048,-0.0195026044,0.0476035625
730,1.43094993,0.0473754928,-0.331460595,0.0279431231,-0.0286498908,0.0949564874,0.0345890261
731,1.29033375,0.949834049,0.602577388,-0.23571904,0.0913190469,-0.0484125912,0.0449648052
732,0.700428545,0.612968624,-0.353879958,-0.0316534638,-0.0199349001,-0.0383654833,0.0549996123
733,1.1065042,0.230880693,-0.268040568,0.665777147,-0.0593454391,-0.00278529665,-0.0623034313
734,0.860159516,-0.234411851,-0.639178813,-0.17144224,-0.0435440242,-0.0520294495,-0.0917568877
735,1.30750656,0.420428425,-0.495957971,0.770614982,-0.014207433,-0.0461228974,0.0499892272
736,1.46755004,-0.754932106,-0.826009572,-0.659507871,0.092423372,0.0610993244,-0.0266635828
737,1.34842563,-0.719972968,0.375149488,-0.385848612,0.0421976149,0.0540140644,-0.0747348815
738,0.691402256,-0.381873369,0.903168738,0.965391338,-0.0515413396,0.0240091793,-0.0359788351
739,1.10231149,-0.168321118,0.922815561,-0.229753211,-0.0749793947,-0.0358527936,-0.0909667462
740,1.26944983,0.782501936,-0.580218196,-0.673208058,0.050221052,-0.018188091,0.0365212969
741,1.42539501,0.107122406,0.0522447824,-0.327238649,-0.0928676352,-0.0967398807,-0.0962761492
742,0.693795621,0.232056797,-0.0846953392,-0.0655924231,-0.0620270632,-0.0488268659,-0.0644990057
743,0.674443543,-0.526496649,-0.71162349,0.434435844,0.0920877457,-0.0731802732,0.0486177243
744,1.17790031,0.399585038,-0.291828632,0.169756606,0.0615075268,-0.0924236253,0.044731684
745,1.07973909,-0.250983775,-0.174381569,-0.418554097,-0.0438307375,0.0538805947,0.00907076243
746,0.500641525,-0.205534682,-0.293529749,-0.304436803,-0.0224287789,-0.0267013926,0.0642551258
747,0.646015763,-0.463971227,0.24961096,-0.414482206,-0.0345610902,-0.021114748,0.0471040234
748,1.31300545,-0.552724183,0.542827725,-0.205440357,-0.0217157751,0.0777550936,0.00697119022
749,1.12606776,0.575750411,0.759355843,0.918811798,-0.0769292712,0.0440620519,-0.0443124995
750,1.18854606,-0.805629551,0.102138206,-0.36693266,-0.00725599751,-0.0349517874,0.0393189117
751,1.27121007,-0.552402258,0.265901238,0.293419659,0.0282770544,-0.0757799074,-0.00814659335
752,0.650750101,-0.514226854,0.0879959241,-0.987292171,-0.0663283393,0.0106052663,0.0890193135
753,1.09208393,-0.373322278,-0.779112697,0.186261609,0.043153733,-0.0906573385,-0.0798757896
754,1.32205951,-0.97951293,0.905431151,-0.962471366,-0.00627571717,-0.0800564811,0.00784085132
755,0.914388716,0.662622154,0.214278802,-0.199289218,0.0737240016,0.0470705256,0.0916055441
756,0.69451195,-0.60104847,0.899145365,0.254633456,0.0898067355,-0.0342665315,-0.049272351
757,1.01189077,-0.561288118,-0.471097738,0.27186507,0.0677738413,0.0835731551,0.0274766237
758,1.40107918,-0.438592017,0.670846283,-0.0716714635,0.00668101618,0.0488818139,-0.0599652827
759,1.19203138,-0.404472739,-0.765156329,0.350122929,0.0162647385,-0.0137636401,-0.0678756461
760,1.19949627,-0.630244732,-0.798584998,0.149555832,0.0872537792,0.0303952657,0.0496291593
761,1.1114502,0.816361129,0.900632977,0.53947103,0.0549473688,-0.0584990531,0.0726229399
762,1.42278147,0.942103207,0.276517332,-0.283508599,-0.0680564493,0.0761946291,0.00640162313
763,0.989356041,-0.730834723,0.531842768,0.377257317,-0.0867021307,0.0719064847,-0.0701275989
764,1.05265772,-0.231224328,-0.6753304,-0.845986366,-0.0758800432,-0.0172254313,0.036641866
765,0.70317328,0.959764421,-0.314717084,0.432721823,-0.0951482505,-0.017902866,-0.061932154
766,1.29220557,-0.89526546,0.923824787,-0.00896291621,-0.0975311622,-0.0957685858,0.0931936279
767,0.629816234,-0.620834887,0.142022192,0.316604197,0.0668292493,0.0188487638,6.85511695e-05
768,0.733569682,-0.410474211,-0.932602942,0.15705359,0.0246964954,0.00906468183,-0.07792487
769,1.08647382,-0.178043947,-0.394280314,0.0138146533,0.0153021608,-0.0419660583,-0.0974077284
770,1.37431192,-0.38211894,-0.125383466,0.970847309,-0.090719901,-0.0348374546,-0.0385404043
771,0.926133513,-0.802401125,0.31277433,0.46993494,-0.0983150229,0.0969856679,0.0305248313
772,1.45428765,0.481413364,0.206648678,0.399821013,0.0692278892,-0.0114761135,0.0930238441
773,1.40776563,0.0580175221,0.469517112,-0.333410174,-0.0911879912,-0.0277921055,-0.055212196
774,0.686217129,0.299239963,-0.466408402,-0.753584921,-0.00191129756,0.047143463,0.0136839785
775,1.19079804,0.599522173,0.589080155,0.312804222,-0.0480561331,0.079722099,-0.0893005505
776,1.21702611,0.63600117,0.463865429,0.428441107,-0.0661516264,0.0177532136,-0.0829957053
777,1.13623559,0.578015506,0.395026207,-0.645745993,0.0962368026,0.0239168219,0.0509005934
778,1.22028553,0.72756809,0.599276066,0.205710158,0.0224429443,0.0246395692,0.0397311486
779,1.04756296,0.978356302,-0.958523393,0.308309376,0.0345411524,-0.0867930651,-0.0877073035
780,0.785917938,0.0384679101,0.205846667,-0.943400502,0.0856347382,0.0691813752,-0.0445135646
781,0.657133877,0.809335947,-0.807192087,-0.0624830052,0.0770597979,0.0804678798,-0.0740810335
782,1.25199568,0.545125186,-0.89636451,0.802256703,-0.000366578402,0.0772901773,-0.0965323374
783,1.4022063,-0.243738234,0.128472134,-0.54650861,0.0774584562,-0.00547975814,-0.0382478237
784,0.528583109,0.883859992,0.00992993917,0.486186296,0.0320913941,0.0526781119,-0.0962001756
785,0.520567715,-0.0587025732,-0.775674284,0.134371787,-0.0186676625,-0.0293435324,0.0202534199
786,1.08736742,-0.668423474,0.437230974,-0.347027302,-0.0817875937,-0.0199996587,0.0642544255
787,1.04652917,0.223868459,0.45595637,0.289559931,0.0364758484,0.00783040654,-0.0208812747
788,0.868480086,0.56327641,-0.906215966,-0.52630055,-0.0207561832,-0.0798777863,-0.0444036834
789,0.640928626,-0.336431175,0.193205431,0.730745077,-0.0553299226,-0.0815654024,0.0937522799
790,0.547559202,-0.982544005,0.665043592,-0.635007501,-0.0266425479,0.0275222156,0.0547296964
791,1.01687896,0.291908085,-0.125377566,-0.0737735182,-0.0164143369,-0.0424804762,-0.0797093362
792,0.938312411,0.894023538,-0.588352978,-0.232485875,-0.0598842464,0.0263758022,0.0149632301
793,1.48016608,0.98334837,0.976606905,-0.889281213,0.061660789,-0.0751315877,-0.0484314933
794,1.23776042,0.142796516,0.763088286,0.0476048402,0.0204990953,0.0790745988,-0.0853879899
795,0.802311599,0.771577358,-0.244453758,0.110197172,0.0544904992,0.0425464064,0.00842087809
796,1.34168875,0.75731647,-0.884665549,-0.0749915466,-0.0291276723,0.0528073236,0.00015281883
797,1.10072529,0.318970948,-0.779335976,0.191135645,-0.00972740725,-0.0361181647,0.0531666726
798,0.872643113,-0.186849132,0.0536764599,-0.928320527,-0.0293784328,-0.0557650886,0.0328409187
799,1.18394721,-0.675170958,-0.342732251,-0.82913202,0.00345953787,-0.0276080668,-0.0136412065
800,0.690730453,-0.160736322,-0.762101293,-0.786335647,-0.0447652265,-0.0648611337,-0.0316798352
801,0.805875659,-0.262162119,0.212275267,0.839143157,-0.0337424167,-0.00131624821,-0.0489830263
802,0.863488436,-0.824124038,-0.345403314,-0.285356283,0.0816164985,0.0376920849,-0.00860964134
803,1.12471366,-0.651178539,-0.197588757,0.607933044,0.0817200243,0.0803171247,-0.0396558121
804,0.910319746,0.855193377,0.65466553,-0.943288565,-0.0718569383,0.0564641654,0.0872340575
805,0.830131292,-0.501284361,0.824807167,0.430269569,0.0366535112,0.0933731496,-0.0438215993
806,1.22385788,0.855714917,0.837528348,0.605900645,-0.0601769462,-0.0089782998,-0.0831696987
807,1.11625028,-0.41802147,0.650442898,-0.418152094,-0.0571427494,0.092322804,-0.0443671606
808,1.42439663,-0.596475601,0.108668417,0.928613842,0.00923515856,0.0341315046,0.0312960446
809,0.958820403,-0.831099153,-0.377377212,-0.510795891,0.0259051267,0.0541721098,0.0949369743
810,0.917666078,0.0466953889,-0.30747214,0.318292826,0.00379123818,-0.0158691406,0.0290195011
811,1.1607852,-0.478436321,-0.610104799,0.317938983,0.0535491109,-0.0391885638,0.025838485
812,0.824935198,0.831878424,0.189105704,0.764991641,-0.0322673209,0.0548796803,-0.0942260772
813,1.2126888,-0.380607963,0.145441398,-0.426662087,0.0489218719,0.0310821515,-0.00818496849
814,0.590313315,-0.769839942,0.611497343,0.331974238,0.0937655717,-0.0403121188,0.0257490054
815,0.635765016,-0.432536185,-0.870669246,-0.960890293,-0.0523450188,-0.0769457668,0.0446301512
816,0.639720201,0.210994914,0.964169323,0.240116924,-0.0147394463,-0.0728924274,0.0775150284
817,0.699215949,0.6132465,-0.820490777,-0.224164739,0.0960912779,-0.0541560426,0.0131878946
818,1.18716657,0.566065729,-0.175561801,0.067598857,-0.0986947119,-0.0014309705,-0.0485833175
819,0.981334448,0.18316102,0.209576547,-0.98337543,0.0403651632,-0.0155083528,0.0378050357
820,0.835831523,0.0584769286,-0.112016499,-0.0772368833,0.0987496898,-0.0275790468,0.0342434905
821,0.761709571,0.326165795,-0.736988723,-0.429683805,-0.0225718729,0.0899346396,-0.0169083681
822,0.748858213,-0.214642584,-0.536886752,-0.120283276,-0.00646811444,0.0312008578,0.0418608375
823,1.00484872,-0.496259689,0.47184363,0.351263374,0.0821570829,-0.0395752043,-0.0817912072
824,1.44903469,-0.813834369,-0.992236793,-0.410198182,-0.0684671775,0.0691467375,0.0849874541
825,1.4565264,0.331378102,0.231860667,-0.46989423,-0.00655655283,0.000560376502,0.0697423592
826,0.819520473,0.439088851,0.95560354,-0.23395738,0.0112703163,-0.0624095611,-0.0315038785
827,1.46518552,0.522577882,-0.870754361,0.406030416,0.0277010016,0.088575013,-0.050975468
828,1.24378765,-0.723410308,-0.648937225,-0.65742451,-0.0404430293,0.0833182707,-0.0783526674
829,0.943848312,0.125226349,-0.718347669,0.717961729,-0.0519889519,0.0236159284,0.0332379006
830,1.31336606,0.472151786,0.421565592,0.22801584,0.0568942912,-0.0527680852,-0.0129326573
831,1.40084994,-0.0911924914,0.55418855,-0.229120404,0.00395137072,-0.0451512523,0.0781428814
832,1.27462578,0.890508592,-0.540106356,-0.882294178,0.0258980561,0.072127685,0.0785602927
833,1.41131496,0.411874145,0.746380925,0.735164344,-0.00918330904,0.0569494925,0.0621069446
834,1.41112983,0.274072111,0.81759578,-0.383097887,-0.0213467181,-0.096268177,0.0265800413
835,1.10914135,0.951011002,0.31863302,-0.260206521,-0.0679835156,0.0564039163,0.09219262
836,0.570031643,0.581710041,0.651974976,-0.889122665,-0.0682858601,-0.0521717034,0.0442581661
837,1.36739826,-0.317417711,-0.350395113,-0.291048884,-0.0387194194,0.0682688579,0.00734948786
838,0.589454353,-0.749859571,-0.105592452,0.734524071,-0.00295229489,-0.0574811175,0.0270236097
839,0.746550024,-0.553348958,0.99481672,0.0268291216,0.0781512558,0.0225978158,-0.0142076975
840,1.05223,0.0284380503,0.566989422,0.0581608899,0.0871023238,-0.0512491837,-0.0036528029
841,0.687708318,0.975355387,0.459453613,-0.112467699,-0.059404254,0.0737069696,-0.0482672565
842,0.54107374,-0.877544761,0.940711856,0.59576416,-0.0638912916,-0.0767522454,0.0649235398
843,0.966812968,0.118431337,-0.317567676,0.344929397,-0.0167947188,-0.0185409263,0.0498846062
844,0.88116163,0.671302915,0.00268171728,0.166630447,0.0177938193,0.0783211812,-0.00504819443
845,0.577001095,0.651175737,0.125441507,0.0928068757,0.0610761791,-0.076738663,-0.00237975665
846,0.588952243,0.934973121,-0.771311939,0.103562914,0.0746290907,-0.0513556935,0.0107401349
847,0.624426067,0.838199675,0.720056534,-0.231156632,-0.0303973705,-0.0552715398,-0.00769371353
848,0.872740388,0.278180778,-0.220796704,0.785091281,0.0075053582,-0.083828032,0.0426812023
849,1.09068513,0.622449577,0.242341787,0.764160872,-0.0413819402,0.0748365894,-0.0884286761
850,1.16151667,-0.307123631,0.875945926,0.734409213,-0.0338982381,0.0821098313,-0.0550597757
851,0.574521303,-0.627614081,-0.913158655,0.493286669,-0.0686224103,0.0480519719,-0.0193673596
852,1.10879862,-0.635297239,0.121036068,-0.18588765,-0.0439824276,0.0338017792,0.0323849134
853,1.32813346,-0.605880439,0.103383437,0.970270634,-0.0187744815,-0.00622693636,0.0207482949
854,0.710660934,0.904588103,0.434044361,0.783763528,-0.0418400988,-0.022442542,-0.0591004007
855,0.917002559,0.274483562,-0.579550803,0.926318228,0.0392432399,0.0905952081,0.0339215957
856,0.816195786,-0.329542547,-0.747974336,-0.380013824,-0.00968097057,-0.0715741143,0.00343681476
857,1.25408804,0.755414009,-0.678470552,-0.794315755,-0.057539653,0.0629565418,-0.0891296491
858,0.885204077,0.649798512,-0.715370655,-0.876931429,-0.0629339516,0.0041404604,-0.0873970836
859,1.12285805,0.920918107,0.856305182,0.269035906,-0.0363195725,0.0793797076,0.0924268663
860,0.704253376,0.554730415,0.591730535,-0.989091933,-0.0747009143,-0.00125449698,0.0590608492
861,0.860786021,-0.487144858,-0.395475835,-0.00787101127,0.0899658054,0.00194534555,-0.0356380306
862,1.36727118,0.765010595,-0.274832398,0.327352941,0.0938116014,0.0754466504,-0.0602205321
863,1.02523458,-0.0104490295,0.667806268,0.874303699,0.0895966664,0.0812807679,0.0993027166
864,0.614016473,-0.711503983,0.647324324,0.576664686,-0.0642645955,0.0654930174,0.00483882474
865,0.926806033,-0.667711258,0.758116007,0.634388208,0.0767937228,-0.00726745697,-0.0436224304
866,1.28212297,0.299425125,0.779628575,-0.57102108,0.0942174047,0.0348264053,-0.0917808041
867,0.830596447,0.571439207,0.456984311,0.253889561,0.0435389541,-0.046352569,0.0609781258
868,0.831968606,0.408089221,0.422168761,0.816221774,0.0171329379,-0.0441709943,0.0732482001
869,1.32601082,0.750841916,-0.833332896,-0.724366486,-0.0753622949,0.0409568027,-0.0971643925
870,1.09391236,-0.133181795,-0.96992594,-0.639442682,-0.0438879728,0.011562638,-0.0370140262
871,0.759264231,0.595182002,-0.444205314,-0.410395175,-0.0483203828,-0.0624721795,0.0779178962
872,0.80944109,0.919239283,0.641268671,0.0360462591,-0.0193280876,0.0525321104,0.0620947853
873,0.940737963,0.73533535,0.278765261,0.402603388,0.0851302743,0.0722994432,0.026167104
874,0.564018428,0.195747733,0.08463604,-0.447783202,-0.00192836486,-0.0765214488,0.0149502819
875,0.838857412,-0.139607921,-0.533848047,-0.920369744,-0.0203019958,-0.0986851677,-0.0651341304
876,1.12252092,-0.974727571,0.691050529,0.0905631334,0.000530487509,-0.0433771946,0.0442087054
877,1.13816953,-0.974750161,-0.465804607,-0.11920625,-0.00238021021,0.0876328871,-0.0204396471
878,0.782659173,0.878687143,0.922667384,-0.953561068,-0.0449993461,0.0321767963,0.0474894047
879,0.856592298,-0.97156775,0.841073811,0.187758535,-0.0858687535,0.00383360451,0.0995904654
880,0.80700165,-0.988968432,-0.833288491,-0.729061782,-0.052611731,-0.0284741689,-0.0687689036
881,1.32534158,-0.161197573,-0.617317677,-0.400119901,-0.0116852205,-0.0909511,0.0981130749
882,0.954586506,-0.566804349,0.377358079,0.0698843747,0.0403469689,-0.0279777218,0.0836911052
883,1.23713744,0.224392861,-0.726379097,-0.974032819,0.0501475744,-0.0116475867,0.0462919958
884,0.764624238,0.467375666,-0.0625305846,-0.181973353,0.0328632854,-0.0750173479,-0.00812538341
885,1.39137137,-0.895106256,0.920430422,0.409192383,-0.00132638821,-0.0529317223,0.00756657636
886,0.854729593,-0.683819354,-0.863351941,-0.0854252353,0.049832765,-0.0361853801,0.0127817513
887,1.28151,0.618292153,0.828145862,-0.0888340995,0.0748133659,0.0769015774,0.0976758525
888,0.580054045,-0.406805515,-0.517314672,0.979818285,0.0763972551,0.0542814806,-0.0485146865
889,1.12939727,0.805128753,-0.11915803,-0.908505559,-0.098692067,0.0522579812,-0.0679983497
890,0.588070273,0.85025543,-0.173600942,0.284691989,-0.0391290598,0.0455462709,0.0683530644
891,0.69534725,0.813500583,0.190133587,-0.17499277,-0.0729349107,0.00336756627,0.0245774649
892,1.14813828,0.534867227,0.975259483,0.0281410124,0.080504477,-0.025337074,0.0835479423
893,1.40959764,0.775179744,-0.44245854,0.706650734,-0.0451021753,0.0401298031,0.0178341623
894,1.21620297,0.42355603,-0.940270543,-0.093026869,0.00336342142,-0.0125665786,-0.00163953321
895,1.00071442,0.234855026,-0.994656205,-0.922461092,0.0364922918,0.0535470359,-0.0059253471
896,1.19277799,-0.722924113,0.397928715,0.0824855119,0.00493800174,0.0361548513,-0.0556675568
897,0.605559826,0.853057027,0.496487975,-0.040742591,0.0452602319,-0.0139187193,-0.0377734303
898,0.780243456,-0.707786739,0.50448966,-0.652359068,0.0216972362,-0.00434320513,0.0183968525
899,1.23706377,-0.855493367,-0.311255455,0.0910687223,0.0948936716,-0.054345984,0.0319596492
900,0.809714913,-0.0624416023,0.88590014,0.738407731,0.0993650481,-0.0814744309,0.0195050109
901,0.633835614,-0.38523379,0.908779562,-0.722706676,-0.0213866457,0.0744829848,0.0474282652
902,1.2245872,-0.520225048,-0.381890953,0.0618950613,-0.0418897122,0.0583900772,-0.0302006677
903,1.0855484,-0.441833556,0.339748621,0.693360746,-0.0645274743,-0.0611500107,0.0128205819
904,1.2257061,-0.218100861,-0.90135181,0.667773545,0.046557527,-0.0836627111,-0.076592654
905,0.762990236,0.62021935,0.439676642,0.618542731,0.0693192333,0.0621969327,0.0294348672
906,1.31933892,0.277452916,-0.721195638,0.666022122,-0.0262384824,-0.0327905267,0.0421051271
907,0.66867584,0.934458137,-0.550351202,0.701431036,-0.0305528305,-0.0342418849,0.0699601173
908,1.28329802,-0.631898344,0.840222418,0.98815316,0.0769586787,0.0897962674,0.0188802145
909,1.30655313,0.648570299,0.3890661,-0.639930487,0.0122550298,0.0467695333,-0.0590173341
910,1.09024644,0.833723426,-0.0741645619,0.0693988875,-0.0356737152,-0.0348108187,0.0972106606
911,1.48462737,0.556223571,-0.124073893,-0.761218488,-0.0862988234,-0.058717072,-0.00170475082
912,1.19113362,-0.0387219451,0.561102688,-0.98984462,0.0810319036,0.052441828,0.0247313417
913,1.08337033,-0.133393228,0.488144666,-0.246525854,0.0864052698,-0.0407471396,0.0248446632
914,0.943743348,-0.203998134,-0.238513842,0.478586465,0.0461924374,0.0669604689,0.0187688563
915,0.60682869,0.241810724,-0.373672605,-0.531525075,-0.00202989788,0.00132461346,0.0159715675
916,0.592166603,-0.2961137,-0.215101704,0.979611754,-0.0858254656,0.0583790727,0.0453220494
917,1.03620565,-0.19059822,0.042255871,0.994074881,-0.0760138482,-0.072191596,-0.0984957814
918,1.38845336,-0.284934521,0.647291124,0.0536244661,-0.0793916062,-0.0459719561,-0.0507753678
919,0.829244494,0.242168099,-0.863931119,-0.517059803,-0.0300757233,-0.0563135259,0.0676816851
920,0.890028179,0.788712084,0.879172802,0.843269825,0.038858857,0.0190534536,-0.0905152112
921,1.34701264,0.96344924,0.450474232,0.387165606,-0.0566886216,0.00781933684,-0.0986535475
922,1.46873426,-0.0282109194,0.284401715,-0.0187700968,-3.7660855e-05,0.0487375557,-0.0459110513
923,1.39657521,-0.586487114,-0.263340086,-0.292495459,0.00115374848,0.0447215252,0.0259194225
924,1.42850482,0.22645326,0.168335274,-0.513256431,-0.0691840798,0.0562001728,0.0403359868
925,0.738517523,0.210474849,0.533026516,-0.741613507,0.0828852803,-0.033145763,0.0822453722
926,1.35213816,-0.992591143,-0.478934854,0.852205873,-0.0360808671,0.0854152739,-0.0539350435
927,1.42911267,-0.551761687,-0.982091665,0.244694024,-0.0425363816,-0.0156483892,-0.0203334615
928,0.516195595,-0.909321368,-0.91536057,0.0836624727,0.00211882754,-0.0938115492,0.0203754678
929,1.10376108,0.384672314,-0.295404226,-0.841839671,0.0517104343,0.00303133065,-0.0684618503
930,0.552339375,0.881578445,0.532225966,0.898532093,-0.0203343369,-0.0822101086,0.0872573182
931,1.49056447,-0.606574178,-0.615333676,-0.237694621,-0.0840760097,0.0076408512,-0.0206557624
932,0.8454445,0.810017824,0.836390555,0.360739559,-0.0416241027,-0.0664519817,-0.0598386303
933,0.751254857,-0.335650593,0.0294122528,-0.135705575,0.0776889324,0.00848597568,-0.0376502573
934,1.12412524,-0.443965375,0.531933546,-0.490832746,-0.0334201641,-0.0855878443,0.0755431131
935,1.24951696,0.395974934,-0.0253412221,0.509130061,0.00314420136,-0.00622113002,-0.0881916508
936,0.961293936,0.00516426656,0.925663948,-0.611401439,-0.0245856643,0.029917242,0.0235457607
937,0.649329484,-0.505410731,-0.88284868,0.915070415,-0.0038749841,-0.0180662479,-0.0236513596
938,0.901225746,0.380388826,0.700106561,0.399528146,0.026843017,0.0572862588,-0.0106845591
939,1.48786891,-0.603647113,0.452005416,0.955169737,0.0353447646,-0.0626688972,0.0313585401
940,0.702196121,-0.961431921,0.0560204163,-0.684831142,-0.0330016986,-0.0240175463,-0.0116989911
941,1.47982669,0.65396893,-0.210498929,0.222313449,-0.0622566864,-0.0368208364,0.0577097796
942,1.42738545,0.287882775,-0.340925515,-0.683279574,-0.0435183421,-0.0329558365,-0.0124678928
943,1.07666099,-0.38718608,0.538787305,-0.139230788,-0.0154995201,0.050578706,0.07218346
944,0.541745961,-0.444955856,0.469671696,0.893412054,0.0859818459,-0.00218702364,-0.0312115401
945,0.777435362,-0.930203259,-0.852090776,0.147783965,0.0833108947,0.0180488341,-0.0418010242
946,1.46186578,0.150116771,0.67104274,0.0609067716,0.0307822917,-0.0163080692,-0.000163446457
947,1.24473643,0.743721187,-0.654044688,0.972200036,0.0082948925,0.0101966215,0.000389069173
948,1.0084542,0.428245693,-0.0268918052,0.00318317837,0.0855571628,-0.00135290367,-0.0230474789
949,0.572392225,-0.0847550333,0.637965858,0.132163078,-0.000316060061,0.0252343137,-0.0630236045
950,0.514003694,-0.530052245,0.207649529,-0.271173835,-0.00422876189,-0.00146676099,-0.0298541635
951,0.677567065,0.625083089,0.460102081,0.848774672,0.0379603803,0.0325785838,-0.0743609294
952,0.573453844,0.603371143,0.886981487,-0.138038009,0.0387665182,0.030279493,-0.0727747977
953,1.11091685,-0.880325735,-0.719428957,-0.455026507,-0.0875702724,0.085097082,0.0612670258
954,1.43335426,0.464230984,0.149004996,0.526079595,-0.00726676034,0.015038332,-0.0252619237
955,1.41752326,-0.457993031,0.574109733,-0.667089939,-0.00144999113,-0.0322281606,0.0204749089
956,0.930374444,0.498259634,0.341742545,-0.832723916,0.0203409214,0.0621892214,-0.00774701918
957,0.933980048,0.342748821,-0.453781784,-0.861341,0.0610248707,0.0535746142,-0.039358411
958,1.05092263,-0.682629585,-0.896046817,0.602215111,-0.0934289917,-0.0460068323,-0.0650418997
959,0.610575378,-0.711920798,0.913698912,0.0236652642,-0.0509017445,-0.0473314933,0.0200245604
960,1.49701953,-0.382177562,0.566690385,0.180638105,0.0925701633,-0.0981953517,0.0929297805
961,1.08727181,-0.891332626,-0.748950958,-0.0652019978,-0.0258747246,0.00217973324,-0.0519290492
962,0.597703695,0.483312339,-0.727726161,-0.84611541,0.0853534788,-0.0574395508,-0.0634535849
963,1.10733581,0.0347830057,-0.686510324,0.508616507,-0.0282374583,-0.0012570062,0.0217797738
964,0.705972493,0.399213463,-0.952992082,0.570088744,0.0672065541,-0.0808242857,-0.0992376432
965,1.46752942,-0.653341174,-0.779080331,0.0613984987,-0.0882293135,0.0784222484,-0.0360818058
966,0.926100016,-0.674081683,-0.298803985,-0.0644994006,0.0493390337,0.0115028648,0.0904316306
967,0.778551996,0.282185078,-0.394329697,-0.833411098,-0.0237294715,0.0715483651,0.0681473911
968,1.1964792,0.0929531753,0.714203537,-0.889860332,0.0638580099,0.0679503679,-0.0527047068
969,0.883381128,-0.861271381,-0.304535985,-0.729842544,0.0905969888,-0.0584466979,-0.0199892633
970,1.24088204,-0.721708059,0.172070265,0.817855418,-0.0217838008,0.0567365922,0.0152879162
971,0.589782834,-0.943180442,-0.147217795,0.595739186,0.0977476016,0.0208640378,-0.0229439475
972,0.523344278,0.982717395,-0.763809979,-0.11881002,-0.0724205822,0.0684770271,0.0400839113
973,0.683598697,0.788352489,0.56215781,-0.311031759,-0.0915940553,0.0409343839,-0.0731550381
974,1.15279746,-0.213919476,-0.629987538,-0.0288790874,0.078767173,0.00724915788,0.00675751409
975,1.19049072,0.387318909,-0.166169688,-0.38607797,-0.0212280769,-0.0264450144,-0.0326987058
976,0.952744782,0.256949306,0.229584247,-0.609971762,0.0655241609,0.0415880792,-0.0607629232
977,0.732584536,-0.687512815,-0.157585129,0.288243204,-0.042823378,-0.0257788152,0.0169091169
978,1.13663149,0.662272036,-0.619253576,0.667017817,0.0192190744,0.0926305503,-0.0225471985
979,1.20391035,0.981323898,-0.875286222,-0.404738277,-0.050930962,0.0146285929,0.0531302691
980,0.524449825,-0.643273652,-0.982781172,0.617035329,-0.0627804175,-0.0434011929,-0.0531651117
981,1.14730465,0.238417923,0.44447118,0.698976398,0.0366724283,-0.0970366746,0.000926117587
982,0.875188947,-0.567072272,-0.576599479,-0.944185257,-0.0105267139,0.00172168668,0.0645968243
983,0.899357677,0.682448387,-0.21166943,-0.218890414,0.07614512,-0.0475638174,0.0721883848
984,1.02942467,-0.185153231,0.80013752,-0.790605366,0.0828478634,-0.0858718678,0.0143196564
985,1.2800597,-0.994443119,0.857826412,0.194574118,-0.0987596363,0.00473273685,0.0119318608
986,0.985610306,0.265627742,-0.866383851,-0.907981396,0.00378768891,-0.0485144369,-0.0949997678
987,0.575172067,0.595516384,-0.921575606,0.821901083,0.0547065958,-0.0689066574,0.0935226604
988,1.34030497,-0.60139066,-0.0382072069,0.184004426,-0.00889971666,0.00335391657,-0.0277283695
989,1.15586209,-0.365454733,-0.675535381,-0.602859318,0.0531336591,0.0368998609,-0.0706688017
990,0.741023183,0.566448987,-0.498919696,-0.631917059,0.00153125171,-0.0635881647,0.09422905
991,0.893593073,-0.166620761,0.938501179,0.0170161873,-0.0551184118,0.0594204962,-0.0655970052
992,0.54139483,0.726597726,-0.545113742,0.77774173,0.0526866131,0.0302583836,0.0875677094
993,0.964176953,0.488645852,-0.901335299,-0.319772601,-0.029855378,-0.0264771953,-0.041920945
994,1.49191117,0.532840014,0.520530343,0.145568758,0.0240703635,0.0139753502,-0.0454644151
995,1.30872893,0.0798926204,0.611402571,0.732248008,-0.0306107253,0.0617815293,-0.0779272765
996,1.25679314,-0.797097087,0.232570589,0.0310420766,0.00550412759,-0.0168605018,-0.0433703102
997,1.33934748,-0.146902218,0.0501317047,-0.757378399,0.0458204001,-0.0253588855,-0.0277144145
998,0.650956869,-0.871329069,-0.358191669,0.57498771,-0.0684970617,-0.094312489,-0.058565408
999,1.01057792,-0.612314224,0.715798318,0.623182297,-0.0699397922,0.0963146016,0.0513163172
1000,0.589766383,0.484750181,-0.955177128,-0.130811766,-0.0320366398,0.0937710553,-0.077368401
1001,1.07682788,0.139825732,-0.701067328,-0.685764194,0.0174174495,0.0287151672,-0.0479429029
1002,0.826121807,0.487244874,-0.486296326,0.845197499,-0.0703010559,-0.0467866957,0.0211609453
1003,1.40032029,-0.0952869728,-0.948160827,-0.806371927,0.075757347,-0.0362445787,-0.00873533264
1004,1.02703714,0.980095208,0.330894589,-0.679985642,0.0278161094,0.0538352728,-0.0633105338
1005,1.30717409,-0.106499478,0.892655969,0.342131644,0.0860478058,0.0524608791,0.0938093439
1006,0.559753537,0.110637434,0.262100399,-0.776628137,-0.0920274407,-0.0423706882,0.03548811
1007,0.606083691,0.111782514,-0.1820191,0.842380285,-0.00511345314,-0.0827388465,0.0764490291
1008,0.943095326,-0.985316813,0.90026015,-0.286952555,0.0716589019,0.0149009284,-0.0329876244
1009,0.942950189,-0.0679353699,-0.174242303,-0.728016675,0.0751281157,-0.0437829383,-0.064587526
1010,1.00701439,-0.860214114,-0.405686051,-0.542934537,-0.00694490038,0.0521760508,-0.0241223741
1011,0.651886523,-0.0707597882,-0.53606689,-0.409314036,0.0671763197,0.0626959428,0.0171255581
1012,0.753250897,0.431357443,-0.794437528,0.288578123,-0.0290856641,0.0756842047,-0.0104678925
1013,1.40500259,0.230351806,-0.663404107,0.487642974,0.0572180748,0.0193563178,-0.00806800183
1014,1.44059038,-0.804530561,-0.851339042,-0.602611601,0.00990292709,0.0213227179,0.0216582138
1015,0.832952321,-0.85447973,-0.581297934,-0.922965765,-0.042323716,-0.0259813201,0.0522132367
1016,0.606797457,-0.83783865,-0.245204568,0.825111985,-0.013167196,0.0132470652,0.036977496
1017,0.823742628,0.559408545,-0.0424478501,-0.142024145,-0.080360502,-0.0243369676,-0.0441348739
1018,0.722369671,-0.782229722,-0.475314736,0.264794618,-0.0230268613,0.0369002856,-0.099780634
1019,1.28849828,-0.553935826,-0.61119169,0.835951686,-0.0234993063,-0.0593068339,0.00894741528
1020,0.983747303,0.750326395,0.566765487,0.326717466,-0.0621594377,-0.0897108167,-0.0751976594
1021,0.99039942,-0.218623012,0.390006572,-0.845158696,0.0651820153,0.0524997227,0.0231628325
1022,0.56330061,-0.411527157,0.845837355,0.617247343,-0.0560844094,-0.0163072217,-0.0662480146
1023,1.40778077,-0.0903892517,-0.573038757,-0.0544640794,-0.0492151007,-0.080036357,0.000682916085
1024,0.635706842,-0.621097565,-0.810666203,-0.183510572,0.0588477999,-0.0414327122,-0.0347633474
1025,1.49782717,-0.484903097,0.393177897,-0.0842161626,0.0936215371,-0.0779178143,0.0926558673
1026,0.907261193,0.266333342,0.0872338861,-0.832109809,0.00570864929,0.0497209355,0.0279195216
1027,1.49522769,-0.199047282,-0.632945478,0.293964237,-0.0487923771,-0.0270993859,-0.0028432114
1028,1.38942504,-0.793403387,-0.777203619,-0.837863326,0.0766902193,-0.0114021217,-0.099157013
1029,1.26676774,0.105084136,-0.288506597,-0.524964333,-0.00237215403,-0.0295479298,0.083761327
1030,0.856108069,0.636789024,-0.612514675,0.822647154,-0.0566680692,0.0542423129,0.0364551842
1031,1.01122713,0.0368996747,0.173483655,-0.828719378,0.00104147976,-0.0682581812,0.0278917737
1032,0.93499893,-0.600056946,-0.361827999,-0.68741554,0.0653349832,-0.0980381668,0.0064705289
1033,1.26681721,0.814723492,-0.266449124,0.349157691,0.087871559,-0.0881534591,0.0186566282
1034,0.700743675,0.0454993062,-0.811838031,-0.0699945465,-0.0426802859,0.084845528,-0.08242549
1035,0.773773491,-0.734964192,-0.479222208,-0.148774549,0.055997327,-0.0381438509,0.0655919611
1036,0.835492611,-0.605696738,0.0335816145,-0.518460155,0.0926144645,-0.059056662,0.0603019893
1037,0.980158508,0.476108253,-0.772129059,-0.0115309767,-0.0797265768,-0.0214017294,0.0814600661
1038,0.537282646,0.660075903,0.983160138,0.361486107,0.0631629825,-0.028628258,0.0176858474
1039,1.46488988,-0.205334604,0.910064578,-0.754355073,0.035481941,-0.01923793,0.0651149899
1040,0.92241025,-0.813612103,-0.0256194863,0.271316886,-0.0977217555,-0.0778704509,0.0833523646
1041,0.911541402,0.169218495,0.364255965,0.0190114044,-0.0131492605,-0.0408236347,-0.0844899714
1042,0.744012475,0.823440135,0.8356902,0.715649128,-0.022662051,-0.00944258831,0.0405355953
1043,1.15895951,0.657901645,0.859808981,0.990349174,0.0442915149,0.0651126355,-0.0266751591
1044,1.14447188,-0.361778796,0.709796309,-0.478340387,-0.0632603094,0.0245694034,-0.0783487037
1045,1.07265377,0.947184145,0.40470773,0.110187307,0.0862511694,-0.06161917,-0.099116765
1046,1.32471955,-0.253131241,0.455985487,0.00665454706,0.0598908551,-0.0163348094,0.0591805428
1047,0.818253338,-0.785829544,0.916270971,0.254862428,-0.0758449957,-0.0336074606,-0.00790664088
1048,1.19611657,0.348890007,0.856801391,-0.191947311,0.00978731737,0.0426638983,0.0154272141
1049,1.08955467,-0.411098421,-0.244957164,-0.0735928193,0.0379971713,0.0247508455,0.00205509458
1050,1.45804119,0.187332541,0.761303544,-0.767329395,-0.0848350972,-0.000416294468,0.0747363046
1051,1.48057938,-0.574980259,0.0014100452,-0.546034276,0.0872491896,-0.00118258188,-0.0325323381
1052,0.85397774,-0.965387285,-0.850658715,0.301858753,0.00273609068,0.0254399311,-0.0823929906
1053,1.40479577,-0.58857882,-0.397101998,-0.50329566,-0.0632354841,0.0639784411,0.0821266174
1054,1.3723526,-0.19465521,0.924484193,-0.803608358,0.0650451034,-0.0805275589,-0.0298082214
1055,1.4078666,0.692996264,0.631935477,0.088418141,-0.0410735048,0.0036956002,0.070178397
1056,0.599694073,-0.326686323,-0.34632656,0.987520278,-0.0111258617,0.0630141348,0.0917831808
1057,0.690003395,0.394028962,0.568279862,-0.797019362,0.0708969161,0.0717114359,0.0852288082
1058,0.665702701,0.275853366,0.98956424,0.952718973,0.0426399596,-0.0561014712,0.0678615049
1059,1.48079753,-0.96537596,-0.651716948,0.42071256,0.0781643763,0.00262600556,-0.0381345525
1060,1.35403395,0.240781769,0.840830386,-0.362553835,0.0621661618,0.0485961251,-0.0673947409
1061,1.0258131,-0.17565532,0.845746815,-0.519967616,0.0318309329,0.0679883286,0.0896979049
1062,1.27036703,0.820611894,0.400377005,0.00779711083,-0.0240875985,0.042187985,0.0134606464
1063,0.551087141,0.121196002,-0.367668718,-0.0639467016,-0.0669936016,-0.0474182181,0.0886602849
1064,1.01047146,0.535550416,0.102381878,-0.939002335,-0.0289583504,-0.0687111169,-0.069933936
1065,0.864247739,0.442871332,0.517602205,-0.596067667,-0.0985776484,-0.0861817524,0.0660482943
1066,0.674134374,0.990140855,-0.916280568,0.200461119,0.0328118242,0.0379972607,0.0690979585
1067,1.27397871,-0.404053032,0.967142701,0.742830098,-0.0568343103,-0.0898868963,-0.0442994945
1068,1.041345,0.351031423,0.0508750379,0.607606649,0.0527775921,0.00955461711,-0.0337194763
1069,0.586238801,-0.576982796,-0.242991641,0.105061002,-0.0511311591,0.0735666752,-0.045257315
1070,1.20860374,-0.627890706,-0.749140322,0.610617995,0.0894381404,-0.00169417949,-0.00852864049
1071,0.982646108,-0.37462607,0.999204814,0.540944159,-0.020186089,0.0869865194,0.0331306532
1072,0.583154976,-0.575700521,0.117852189,-0.329237044,-0.0723930299,-0.0912009403,-0.00404945761
1073,1.03029764,-0.34820804,-0.870116293,-0.488707721,-0.0400503203,0.0465146191,0.0972838998
1074,0.641039073,-0.182865456,-0.464484572,0.186990902,-0.0226716623,0.0280683357,-0.053892985
1075,0.624461353,0.401926458,0.204265565,-0.0371304043,0.0468965843,0.0906271189,0.091469191
1076,1.07025349,0.228387699,-0.78267926,0.739201546,0.0220692959,-0.0408467017,-0.0837287009
1077,0.502265155,0.847790599,-0.342209011,-0.0955794752,0.0853917748,-0.0075490037,-0.0394350551
1078,0.591679633,0.318673342,-0.771487832,-0.730093718,0.0630973876,0.0907906815,0.0896114856
1079,0.998187184,0.40114969,0.374450922,0.734587252,-0.0298098233,0.0118498197,-0.02652389
1080,1.45422995,0.910011888,-0.926846683,-0.965663552,0.0850213319,-0.0212393664,6.30960567e-05
1081,1.42696655,-0.536871076,0.591090858,0.42609641,-0.0278977677,-0.000229331621,0.0387679003
1082,0.820473552,0.705383062,-0.615264118,-0.054993134,0.091533795,0.0664188042,-0.00724257529
1083,1.21761131,-0.756562948,0.28824079,-0.392437071,-0.0566203408,0.00939967576,-0.0457427651
1084,1.05256844,0.60968852,-0.74649471,-0.981665611,0.0580679737,-0.0768020079,0.0490581468
1085,0.874853253,0.733365059,0.40415585,-0.787565887,-0.0229281504,0.0888720602,-0.0502051562
1086,0.656369746,0.225678474,0.678761184,0.596592605,0.0078953756,-0.0867117494,0.0843953341
1087,1.49895287,0.119806387,-0.461957186,0.039714139,-0.0481926017,0.0592255779,-0.00965510961
1088,1.24053955,0.56516546,-0.903813422,-0.56676954,-0.0765331686,0.0435810126,0.0509840883
1089,1.18934202,-0.166706845,0.833058178,0.97456342,0.0775725618,-0.0417090692,0.0102336444
1090,1.35511684,0.109690666,-0.507841945,0.732590973,-0.031919606,0.0566914715,0.0921000242
1091,0.88256079,-0.624125659,0.499356955,-0.773052096,0.0203789361,0.0668767765,0.0104846545
1092,0.55931592,0.882022321,0.799726725,0.155876756,-0.0748724043,0.066448234,-0.0597020686
1093,1.27226281,0.258752525,-0.58695823,-0.785961568,0.0144514004,-0.0462307781,0.0563231632
1094,1.46711481,0.564276159,-0.574629843,-0.53796041,-0.0177754983,0.0324474573,-0.0588940568
1095,1.06189275,-0.81911248,-0.30934599,-0.65712595,-0.0193052832,0.0923655182,-0.0604431294
1096,0.589948475,0.4629893,0.0147454273,0.432668984,-0.0666968673,-0.0100426581,-0.0215761848
1097,1.35621083,0.894418597,-0.914074659,0.401027024,0.0609044321,-0.0764344037,-0.0798462853
1098,0.974749148,-0.679396331,-0.242122993,0.673217356,-0.0932764485,0.0187586844,-0.0845663175
1099,1.2260505,0.817820787,0.0250083003,-0.731497347,0.0336958468,0.0304929148,0.0860862657
1100,1.22998106,0.0051303138,0.466649473,-0.726681769,0.00541559607,0.0560094863,-0.0663347691
1101,0.998383164,0.10443487,-0.285469085,-0.34860909,-0.0534405708,0.0738066286,0.0528004803
1102,0.504085779,-0.225684971,-0.957843006,0.767094791,0.0660969988,-0.0473861434,0.0356788374
1103,0.971153975,-0.348617166,0.904977322,-0.933816195,0.0230701026,-0.0944441482,0.0210355315
1104,0.521875978,0.665997446,-0.52821511,0.302594036,0.0887783617,0.057434272,0.00196646131
1105,1.35195363,0.708687365,0.95221293,-0.32650432,0.0725690946,0.0556753129,0.0456322245
1106,0.519710004,0.242317766,-0.211101964,0.185650557,-0.0695143044,-0.0350276381,-0.0218502935
1107,0.635942578,0.318789989,0.63176924,-0.242190465,0.0360776521,-0.0852721855,0.0025120026
1108,0.881028116,0.24506937,-0.777570307,-0.353999972,-0.00271573919,0.0743732825,-0.018810723
1109,1.17817438,-0.772210956,0.543927431,-0.497757852,-0.0485734306,0.0931122899,-0.0163856447
1110,0.909034848,-0.14475359,0.684769988,0.851976335,0.088638559,-0.0574153103,-0.0449344032
1111,0.786385655,0.264186919,-0.816750646,-0.948152065,0.00925567281,0.0254033338,0.0717424154
1112,0.84677577,0.246683925,0.217579886,-0.162700415,-0.0155334398,0.0826970339,0.0909054503
1113,0.899483502,-0.918510079,-0.630062044,0.480233133,0.0232205577,0.00684887869,0.0892052203
1114,0.822373271,0.37997961,0.384984612,0.571489692,0.0534572452,-0.0793454498,-0.0596381873
1115,0.774695814,0.781257272,0.983106613,-0.239868984,-0.0951526985,-0.0621284656,-0.0910556987
1116,1.49238169,0.203876242,-0.392021596,0.693734765,0.062168207,-0.0105869593,0.0995140001
1117,0.602295816,0.78223747,-0.734638929,-0.519604087,-0.0621540695,0.00425659493,-0.0271409806
1118,1.26142764,-0.760961711,-0.585783899,0.0717754215,0.0618773364,-0.0537975766,0.097434029
1119,0.786405265,0.400262713,0.114068173,-0.826613545,0.0148372306,-0.0077683907,-0.0167077016
1120,0.729900301,-0.957058668,-0.840060771,-0.703124464,-0.0776428282,-0.070307672,-0.0692454129
1121,0.857495725,-0.399007112,0.195090115,-0.289919943,-0.0810628608,-0.00673670042,-0.0382971913
1122,0.620527744,-0.511844993,0.869749784,-0.54604739,-0.0445110761,-0.056344945,-0.0869513601
1123,0.909967065,-0.347905755,-0.0232722424,-0.302569121,0.077355817,0.00260799611,0.0410420969
1124,0.704600096,-0.35159722,0.14197211,-0.0309747551,0.0221577659,0.0192491207,0.0380160511
1125,0.916275024,-0.231798485,-0.707506299,-0.733261526,0.0849623531,-0.00847606361,-0.0364690684
1126,1.42020142,0.7325055,0.098682344,0.769635379,0.0190309417,-0.0696102306,0.0589717105
1127,1.47408473,-0.764438927,0.762887597,0.916337192,-0.0651210323,0.0372180045,-0.0137122227
1128,1.20781231,-0.751361787,-0.461238086,0.706639588,-0.0578905754,-0.0305380151,-0.0400632769
1129,0.741469026,-0.30841893,-0.606085181,-0.412194192,-0.0498429872,0.0930702835,0.0966970921
1130,0.821493208,0.323608905,0.489764243,0.598258436,0.0856493711,0.0621354505,-0.0487163663
1131,1.25816584,-0.150741398,0.0441077873,-0.841122746,0.00896865316,0.0963221416,0.00187391171
1132,0.946444094,0.597711027,0.160084486,-0.741032302,-0.0495445319,-0.0529767238,-0.0970421433
1133,1.41603923,0.387310892,0.0768883526,0.365110159,-0.0367906019,-0.0250281636,-0.0870733783
1134,1.09706771,-0.283138484,0.809715986,0.392273068,0.0792393684,0.0541932769,0.0599667393
1135,1.37063265,0.440987229,-0.41313681,0.328746378,-0.0966430306,0.0723553225,0.0860910043
1136,1.04507208,0.31840834,0.710641921,-0.481931955,-0.0329580158,-0.085291028,0.0871910155
1137,1.07038558,0.984283328,0.216826752,-0.21325171,-0.0621911176,0.0489196964,0.0142339254
1138,1.32105505,0.703458428,-0.604356647,0.95125258,0.0322035924,0.070434697,-0.0369587094
1139,0.870671153,0.320300192,0.786069632,-0.138284907,-0.0362409055,-0.0730497465,0.0957785845
1140,0.841136038,0.244209588,0.801141262,-0.426206023,-0.0676091835,0.0121169416,0.021054646
1141,1.19659948,-0.0382092707,0.543356538,-0.168122947,-0.071056135,-0.0771330521,0.00482937228
1142,1.02226174,-0.496960104,-0.0496974997,0.596614182,-0.0631999373,-0.0209498182,0.0548910536
1143,1.24776566,0.358222038,-0.716450334,0.748374999,0.0639796034,0.00594607089,-0.0442698337
1144,1.03151298,0.7826671,0.587384284,0.00702884141,-0.0352532119,-0.0270294417,-0.0927369893
1145,0.529472709,-0.0225808285,-0.340339869,-0.904150248,0.0830292851,-0.0701311007,-0.0467246585
1146,1.43810785,0.326919019,-0.45085901,-0.995210707,0.0650526956,-0.0694786981,-0.0306328032
1147,1.44982636,0.0907339752,-0.231776685,0.564866304,-0.00295417942,-0.0120832529,0.00997747388
1148,0.917418242,0.140329406,0.557142615,-0.0567003489,-0.0826232284,0.0196165983,0.0508604795
1149,1.01503789,0.105371907,0.350877047,0.55604434,-0.0207943022,0.0976213589,0.0377390683
1150,1.40331805,-0.995978296,0.113027081,-0.634692967,0.0772496834,-0.000505437783,-0.0306845177
1151,1.08893681,-0.170045331,-0.0932680517,0.639603555,0.00561362831,-0.0223584827,0.059337955
1152,1.09621072,-0.781956315,-0.919440389,0.619355917,0.043094255,-0.0417582914,-0.070025973
1153,0.72001785,-0.988463342,-0.137935698,0.2650913,-0.0955546796,-0.0950593427,0.0190872159
1154,0.715878487,0.144269988,0.384407729,-0.239345789,-0.0790060163,0.0580654852,0.0158363562
1155,0.889704704,-0.889748931,-0.331823438,-0.173558399,0.0882665664,-0.0908605233,0.0593105257
1156,0.645610094,0.117412381,-0.342682958,-0.683425426,-0.0659166202,0.0817371756,-0.0646004006
1157,0.901048243,0.911387444,0.786766171,-0.525694966,0.00184222008,-0.000416745199,-0.0340888575
1158,1.04699171,0.838728786,-0.375320494,0.797521234,-0.0664381683,-0.0942563713,-0.0740938559
1159,0.961640835,-0.101132736,0.63293308,0.804392219,-0.0553647615,-0.0220942814,-0.0517666005
1160,0.853569567,-0.500630498,-0.153711125,-0.431596369,-0.0604947023,0.0126134465,0.0641505644
1161,0.617826462,0.0972472206,0.445738524,0.842955947,-0.0741727576,0.019055916,0.00891098659
1162,1.06146944,0.579394221,0.818108737,-0.0336541869,0.014270382,0.009464534,-0.0562912785
1163,1.4890939,0.954403639,-0.342173904,-0.932053506,0.0637492687,-0.00698596612,-0.00209045783
1164,0.881526768,-0.767759025,0.801206291,-0.876138687,0.0725664571,0.0890496001,-0.0640894845
1165,1.28530514,0.959077537,-0.578566492,-0.140609205,-0.0588547625,0.0281985831,0.0789009184
1166,1.03678453,0.766282082,0.420352191,-0.427661806,-0.0838782117,-0.0926924646,0.0761380047
1167,1.01195943,0.399673194,-0.797653854,-0.948127449,0.0422244929,-0.0488378629,0.0229184125
1168,0.703172207,0.442388415,-0.77464062,0.900381684,-0.0188536923,-0.0865639448,0.04736178
1169,1.18300402,0.480443209,-0.533730626,0.317374885,0.0577003956,-0.0829233676,-0.0744702592
1170,1.18833792,-0.617490351,0.820865512,-0.588774204,-0.0708935782,0.0360160954,-0.0378915593
1171,1.27181184,0.979453743,0.284535378,-0.761312187,-0.0409607664,0.0382721275,-0.0961766019
1172,1.19297326,-0.306057304,-0.152330071,-0.549453557,0.0449194573,-0.0257288702,-0.0214132853
1173,0.672720909,0.934658527,0.423771024,-0.162710026,0.0674357116,-0.0924117491,-0.0506903417
1174,1.00015259,0.298674613,0.499462664,0.59443754,0.017108649,0.0546990894,-0.044440899
1175,0.824507236,-0.575369358,0.409360677,-0.325177163,0.00270251255,-0.033513952,-0.0656741783
1176,0.654602647,-0.0863725692,-0.497382075,-0.0882585123,-0.0443591848,0.0209068321,0.0159786921
1177,0.794253528,-0.302090466,0.568043768,0.57645613,0.0474606678,-0.0672289357,0.0372891799
1178,0.793566287,0.166388363,0.0107771335,0.628971756,0.0590996407,0.00331634074,-0.020692626
1179,1.19612098,0.446602464,-0.495893121,-0.962895513,-0.0129336817,-0.0958354697,-0.028195424
1180,1.16347623,-0.841715217,0.478232056,-0.69170928,0.0321068801,-0.0134041691,0.0198938921
1181,0.789342761,0.188800797,-0.765035987,-0.817214668,0.0796910897,0.0815943331,0.0133306636
1182,1.44749916,-0.726449966,-0.143753245,-0.133133799,-0.0830496475,-0.0828297585,0.0703628436
1183,1.23130774,0.787808537,0.743032157,0.687927067,0.016647391,0.0670108274,-0.013918166
1184,1.14591539,-0.524987161,-0.597384691,0.427808106,-0.0499234758,0.0741767734,-0.0344083644
1185,1.04208124,0.758258283,0.646293998,-0.194207355,0.0707690269,-0.0628731474,0.0129970834
1186,1.24600244,-0.392666131,0.0880587399,-0.145992607,-0.0715837255,0.0447366014,-0.00401363801
1187,0.644535422,-0.408278167,0.202227578,0.0508860797,0.00038814338,-0.0990326181,-0.0546707138
1188,0.622146726,0.93558228,-0.294134527,-0.609571815,0.0248925351,-0.0895306543,-0.0804880038
1189,0.845517397,-0.4885934,-0.266382426,-0.860714734,0.0914723501,0.0682608858,0.0143200932
1190,0.968980908,-0.356251091,-0.33367011,0.0158295128,0.0722704977,0.086324811,0.0749408528
1191,1.31844342,0.329375893,-0.31613946,0.23561053,0.0677607283,0.0833634809,0.0357760601
1192,1.4936074,-0.118751876,-0.00432439009,0.185501263,0.0409197845,-0.0971350893,0.0202959552
1193,1.32076812,-0.87061888,-0.826912045,0.230596989,-0.0883350298,-0.0444843173,0.0476852134
1194,0.884743512,0.83969754,-0.73784709,0.276060641,-0.0313287638,-0.0931289271,0.0958816409
1195,0.772957146,-0.14963071,0.778790295,0.33247447,-0.0787612796,0.00269327918,-0.0652952343
1196,0.620245993,-0.615894735,0.886588871,0.791155875,0.0720370114,0.0248695519,-0.0790269971
1197,1.01857233,0.839520276,0.882818103,-0.410212487,-0.0925973281,-0.0722919106,-0.0495411381
1198,1.4995811,-0.233339787,-0.29257521,0.106155835,0.00184085232,0.0190539155,0.0171524007
1199,1.0669719,-0.999169171,-0.675268233,0.276214719,-0.0993328765,0.0420228355,0.0236834809
1200,0.53493005,-0.60216856,0.698438227,-0.448901325,0.060509149,-0.0877261832,0.0605762489
1201,1.32912087,0.714743972,0.748428643,0.139789239,0.0809821188,0.00413960638,-0.0629206747
1202,1.0246129,0.938995838,-0.3597776,0.490064263,0.080861412,-0.0818555802,0.00414239103
1203,0.725933969,0.396643877,-0.443653494,0.950964212,-0.0648967251,-0.0815501735,0.0472327471
1204,1.01834619,-0.447106242,0.803900957,0.975496888,-0.0685492828,-0.0197581388,0.026740402
1205,0.833377659,-0.740822434,-0.945375741,0.724848211,-0.0760083497,0.00339679257,0.0481942445
1206,0.738803387,-0.696600616,0.650981665,-0.00992307998,0.0291941091,-0.0239367113,0.0184398387
1207,0.638619065,0.235018164,0.763744891,0.977812469,-0.0650147572,-0.0879435539,-0.0675679296
1208,0.623324215,0.582221091,-0.546350777,0.196304068,-0.0450951643,-0.0425264798,0.00729776686
1209,0.874636114,-0.200239554,0.271008193,-0.877317309,-0.00409694714,-0.0819913819,0.0890680179
1210,0.888474464,-0.12783204,0.68719995,0.603203595,0.00157698686,-0.0601170547,-0.0940791368
1211,1.26425219,-0.904871523,-0.705055594,-0.912430286,-0.0953517333,0.0198882874,0.0580838472
1212,1.0996412,0.666114986,0.701892674,0.588489175,0.0742256865,-0.0595508963,-0.0790174976
1213,0.587236047,-0.213696703,-0.586204588,-0.497126162,-0.0943836048,-0.0833826959,0.0721646771
1214,0.557628453,0.846205413,0.34570992,-0.99228698,-0.0440536737,0.0715493336,-0.0424697846
1215,0.851008177,-0.572747231,-0.356374621,0.502827108,0.0210870523,-0.0870805085,-0.00329004088
1216,0.908004761,0.359122813,-0.909537494,-0.467361897,-0.0106733665,0.0571613237,-0.0246891677
1217,1.36472881,0.0213931091,-0.640900612,0.4735502,0.00781985652,-0.0945745781,0.0149473054
1218,1.09160471,-0.581982732,0.187514722,-0.523702562,0.0489234626,-0.0192756839,0.0298675708
1219,1.43468344,0.102275267,-0.707164884,0.837229311,0.036738988,0.0335735902,0.0506907851
1220,1.37259233,0.752634764,-0.740368187,-0.509886146,-0.082976982,0.0999322906,-0.0490600243
1221,0.974383354,0.255346119,0.402262956,-0.317171246,0.00215738732,-0.037211474,-0.0546596237
1222,1.13067555,-0.416208655,-0.955250919,0.853131175,0.0128572937,-0.0417867564,0.000497112342
1223,1.1543014,-0.644101143,0.368172407,-0.013688148,0.0821295232,-0.00220801239,-0.0820814967
1224,1.02861071,-0.998213708,-0.39088428,0.758088648,0.0975584239,-0.0113945762,-0.0560977273
1225,0.556111217,-0.886841834,-0.548518419,-0.880176842,0.0647294149,0.0171536095,-0.0609760098
1226,1.19130564,-0.935842156,-0.505586922,-0.885828257,-0.0184985064,0.00987913832,-0.0717759579
1227,1.30307817,0.506354213,0.310906678,0.507647157,-0.0449995957,-0.0194503665,-0.0100421449
1228,0.698661625,0.872742236,0.663775504,0.0219500493,-0.00915370602,0.0826482922,0.0520457476
1229,0.959919512,0.370185792,0.978149891,0.739786744,0.0348806195,0.0366672501,0.0261568762
1230,1.10511422,0.899127245,0.0621589273,0.867531061,0.0255731214,0.034697637,0.0627230629
1231,1.19409394,0.252711594,0.339954406,0.207506865,-0.0720030218,0.00931879692,0.0602162071
1232,1.2760545,-0.272114664,0.206152588,0.50541693,0.0911349207,-0.0852209851,-0.0270499177
1233,0.512156963,0.669930279,0.301892817,-0.144059092,-0.00496384967,-0.0297197308,-0.0474912971
1234,1.06141901,-0.230657741,-0.582395136,0.862330079,0.075319238,-0.0926158875,0.0515844189
1235,0.560767651,-0.496646851,0.579187572,0.926029086,0.0998437703,-0.0740737468,0.0360136665
1236,1.10931802,0.493384808,0.828205287,0.707330883,-0.0993161574,0.0708070099,-0.0218111966
1237,0.533168495,0.0168100428,0.774067521,0.139903337,-0.0373061821,0.0464280471,-0.036770381
1238,1.37662256,-0.170382693,0.132742956,0.220437825,-0.0122275697,-0.0260061007,-0.0717063621
1239,0.93404758,0.95201993,-0.125654578,0.384200573,0.0923252851,-0.0734287724,0.0948811173
1240,0.817665756,-0.258325011,0.134810627,0.829523325,-0.0936116427,0.0653022677,-0.0546413101
1241,0.658441901,-0.578086972,0.383790731,-0.213733912,0.0993302837,-0.0019222647,-0.0631309003
1242,1.06969798,-0.861327291,-0.596417904,0.0511042774,-0.0580613911,-0.038286265,-0.0847388506
1243,0.524756253,-0.406522512,-0.439065933,0.391257107,-0.0787311494,-5.60702356e-05,0.053694237
1244,1.2105,-0.665522337,0.66452539,0.983950853,0.023690572,0.0296581667,-0.074278079
1245,1.1507616,0.471754313,-0.429148316,0.884486675,0.0601161346,-0.0557770245,-0.0114870453
1246,0.587975919,0.866622388,-0.303282261,-0.529121339,0.0278776921,0.0516998358,-0.0242531504
1247,1.07755959,-0.558789551,-0.793410301,-0.713747263,0.00995265506,0.00655234139,0.0125313792
1248,0.683706164,0.120844163,-0.297028452,0.654920816,-0.0843308792,0.074521482,0.0194070954
1249,0.623449445,-0.115790002,0.728393316,-0.0957893804,0.0348398462,0.0810344964,-0.0483820476
1250,1.05673468,-0.223909169,-0.0123003162,-0.552203,-0.0660012737,-0.0488803908,-0.0779510438
1251,1.45596111,-0.466081142,-0.552369952,0.174001276,-0.00156265113,-0.097109504,0.0592241772
1252,1.19919324,0.575004578,-0.368500322,0.676997483,0.0382935628,-0.0336496234,0.00231403415
1253,0.719410121,-0.711967647,-0.496053576,-0.66264075,0.0268564541,-0.0954566523,0.0789394602
1254,0.991725445,0.107032813,-0.60759747,0.922248602,-0.0917826667,0.00104710821,0.0308112968
1255,1.2208513,-0.827238798,0.0350953229,-0.355546266,-0.0620846972,-0.0550496839,-0.0620865151
1256,1.13527703,-0.683325946,-0.939237297,-0.913920343,-0.00959817506,0.0277183205,0.0222334731
1257,0.82381171,0.855597377,0.785008907,-0.0359326079,-0.0729262307,0.0727737695,-0.0737990364
1258,0.965723336,0.284686774,0.146209419,-0.239644557,-0.0327853411,-0.0549837723,0.016395431
1259,1.34347844,-0.904615104,-0.0895529762,-0.785630107,0.0689482987,-0.0147879459,0.0675152689
1260,0.661156178,-0.868629098,0.979275107,0.833848298,0.0690123662,-0.0489141345,-0.0503338948
1261,1.12824583,0.494977653,0.97122103,-0.243294716,0.0899068862,-0.0556436703,-0.017925147
1262,0.764493108,-0.189621449,-0.115564525,0.670467079,-0.0562228784,0.0201101601,-0.0249696635
1263,1.48476672,0.240511984,0.821189582,0.48924467,0.0698928684,0.0906561539,0.00562908966
1264,1.28951263,-0.363500178,-0.688014388,0.00412270473,0.0268549826,0.0534914732,0.0148802372
1265,1.41928542,-0.504422903,-0.934748292,-0.133450449,-0.0869595632,0.0984261632,0.0415884033
1266,1.44379926,-0.407172024,-0.672719002,-0.313885152,-0.0911750942,-0.00182947598,-0.055395592
1267,1.38513827,-0.893350601,0.83689487,-0.320957452,-0.0696586967,-0.0800478682,0.0619893707
1268,1.32929134,0.278226256,0.91123867,-0.183780447,-0.060653653,0.0265224334,0.0618925318
1269,1.1299057,-0.367344081,0.478264362,0.128881693,-0.0652000159,0.0234333891,-0.0662277266
1270,1.19539773,-0.583346963,-0.94484061,-0.950633526,0.0564079098,-0.0761418864,-0.0750743225
1271,0.925252616,-0.726268947,-0.232070208,-0.737131238,-0.0803512633,-0.0541511625,0.059566278
1272,1.12424481,-0.912839651,-0.211842388,0.764122069,-0.0402444713,-0.000161578413,0.0283128023
1273,1.2439332,0.388492614,0.75322336,0.430105954,0.0548048057,-0.0996045172,0.0862287134
1274,0.991552055,0.71099931,-0.320249915,0.677754998,0.0464151353,0.0410235859,0.0466826782
1275,1.23035502,-0.452961653,-0.695434809,0.96388787,-0.0950914025,-0.0357847773,0.095548436
1276,1.3512938,0.286737025,-0.0392182954,0.644081831,-0.0267997291,-0.0712683201,-0.0447793193
1277,1.04827547,-0.881714106,-0.932606697,-0.239124626,0.0709670186,0.00475813774,0.0866149962
1278,1.01117122,-0.484447777,0.35165441,-0.176018611,0.0147140222,0.0176957101,0.0942627639
1279,1.09372604,-0.198085308,0.179363027,0.140465647,-0.069809705,-0.0954205468,0.0408874415
1280,0.859239995,0.657143772,-0.857900739,0.156285524,0.0571662188,-0.051275,-0.0418141223
1281,0.572295666,0.335428268,-0.593526125,-0.727680147,0.00471781986,-0.0706287026,0.0534615144
1282,0.547590017,0.873512566,0.104027286,-0.322826564,-0.096798189,-0.0704703033,-0.0190597977
1283,0.73709172,0.0203860812,0.862174749,-0.173773706,0.0704172105,-0.021154074,0.0139447777
1284,0.954443216,0.79817605,0.402284235,0.435327411,0.0981330499,-0.025224071,-0.090382874
1285,0.514687955,-0.332163602,-0.376296639,-0.81718874,0.00477283308,-0.0589356981,0.017473476
1286,0.811835408,0.274852216,-0.744733036,-0.904901743,-0.0897237286,-0.0594578534,-0.0369361266
1287,1.23881888,-0.147277892,-0.086019136,0.909582436,-0.0989922285,0.0218333099,-0.0670746714
1288,1.20956957,0.655197203,-0.152350292,0.434534222,0.0705955178,0.0850182474,-0.0844835564
1289,0.517310917,-0.0391720608,-0.807679117,-0.226320013,0.0335269794,-0.0112155788,0.0720290765
1290,1.43922555,-0.435692638,0.547231674,-0.254138887,0.0682876557,0.0470760949,-0.0645224601
1291,1.15812337,-0.735348344,0.39143905,-0.858792126,-0.0910767317,0.0268094391,-0.0934557468
1292,0.899703979,-0.863591254,-0.66112572,0.261423767,-0.0130175054,0.0194512121,0.00354379159
1293,1.07682073,0.129284695,-0.226734266,0.0805908889,-0.043489676,-0.0973690003,-0.0772911012
1294,1.25515616,0.927995682,-0.498779714,0.250281721,0.0279313736,0.00304288091,-0.0555313639
1295,0.549763203,-0.40361926,0.356612742,0.248294532,0.0132353147,-0.0218985099,-0.0645529777
1296,0.944689095,0.323610395,0.449578166,-0.166322038,-0.096261546,-0.0349839889,0.0168905891
1297,0.951937675,-0.795755506,-0.625397086,0.423087895,-0.0855370909,0.0954869688,-0.0572476797
1298,1.13164139,0.605877638,0.385275185,0.31059128,-0.0341316536,-0.0389408469,0.0939945281
1299,0.794392586,0.103705026,0.640499234,0.924802125,-0.0795928463,-0.0135934399,0.0263025016
1300,0.867767215,0.896435201,0.56861943,-2.16300577e-05,0.0531667285,-0.0435836539,0.0129275918
1301,1.049896,0.688704252,-0.926510334,0.896222949,-0.0184253752,-0.0150582725,-0.0774922669
1302,1.29995596,0.242997006,0.13987571,-0.513458073,0.0732451603,-0.0189007856,0.0263908412
1303,0.910638928,-0.477775276,0.713922858,0.825711489,-0.0349774808,-0.0354680791,0.0254092757
1304,0.648206115,0.722952902,0.338530034,0.223136038,-0.0293970909,0.04601622,0.0165356435
1305,1.13343322,0.312162876,0.557969153,0.193631649,-0.0913313255,-0.0469223261,0.00635747798
1306,0.576096416,0.921229661,-0.179842323,0.635484099,-0.0561638176,-0.0264914632,-0.0838632286
1307,0.816798329,0.00945250597,0.328523785,0.211698338,0.089893803,0.0683146417,-0.0512623191
1308,0.701531529,0.658676863,0.110026821,0.794932425,-0.0350440592,0.0267266538,-0.00805625785
1309,0.829078257,-0.412528306,0.293409765,-0.339706779,0.0205998905,0.0763655156,-0.011804644
1310,1.13543868,-0.162536547,-0.997241139,0.968147874,0.0157771632,0.0334160104,-0.0553207621
1311,0.903618276,-0.705344141,0.110612445,-0.155269101,0.0277632512,-0.0933789089,-0.087579973
1312,0.997004032,0.816210687,0.983680546,-0.630207002,0.0527214147,0.0451854952,0.0901282877
1313,1.46441555,0.053911306,0.0322447829,-0.422866285,-0.0802431554,-0.0602280274,0.0364853814
1314,0.95780319,-0.383257449,-0.311274976,-0.987469375,0.0885056779,-0.0580358915,0.0124397408
1315,1.14544952,0.533819497,0.139351711,-0.0314064324,-0.0292549003,0.0518705249,-0.0781499371
1316,1.39270496,-0.907850921,0.644202352,-0.73657608,-0.0810008198,-0.0195400529,-0.0195135139
1317,0.686125875,-0.491691947,0.145242929,0.680772305,-0.0799008459,-0.03213441,-0.0524234511
1318,1.34976077,0.0911269709,0.265836835,0.676458299,-0.0322075114,0.0230628215,-0.0405082777
1319,0.648339152,-0.169899166,-0.781672418,0.121836051,0.0485809222,0.0450764745,-0.0685328767
1320,0.824261189,-0.653669655,0.957590342,-0.132487759,0.0429206677,0.0719845891,-0.066899769
1321,0.786981463,0.70844847,0.182703033,0.1757036,0.0255735107,0.0871517956,0.0438203663
1322,1.22526062,-0.925385416,0.513562977,0.764538884,0.0243917443,0.0872737244,0.0875038952
1323,0.995004177,0.534716308,-0.373888493,0.0792411268,0.090654552,0.0286255125,-0.0752914846
1324,0.640307128,0.616627276,-0.907901943,-0.361947864,-0.0542193204,-0.0312931538,-0.0316430032
1325,0.95281744,0.35730359,-0.888976932,0.941362143,0.00223153923,-0.0240710564,-0.0515504926
1326,0.630966067,-0.388718754,0.269202083,0.268393487,-0.0744722784,-0.0348812416,-0.0830302984
1327,1.1830703,-0.880732477,0.776014149,-0.996122003,-0.00204627728,0.0870769173,0.0972555131
1328,0.754183829,-0.282906115,-0.851540685,-0.340794563,-0.0260610133,-0.072544679,-0.055917263
1329,0.930683911,0.531076312,0.379158676,-0.518962622,0.0274997689,-0.0726643875,-0.0438234396
1330,0.617695272,0.558764696,0.299134821,0.930084705,0.00879428536,-0.0644546524,-0.0507239886
1331,1.45678008,0.627476513,-0.16547291,0.0728584975,-0.0241366308,-0.029079495,-0.036408525
1332,0.999526083,0.398817837,-0.899132907,-0.169105619,-0.0935851708,-0.0120715518,-0.0371760912
1333,0.54445219,0.212865785,0.235455394,-0.340155542,-0.0711952671,-0.09818919,0.0695168898
1334,1.47366893,-0.833981872,-0.99488461,0.207193479,-0.0446514972,-0.0189292356,0.0233866777
1335,0.607282043,-0.987865031,0.736295402,-0.520848095,0.081786342,0.0322027318,-0.0882474482
1336,0.812000632,-0.679461837,-0.0735733211,0.0603049323,0.000835716259,-0.0132521801,-0.0138464021
1337,0.993090153,-0.846795917,0.191999316,0.176000595,0.0379139781,0.0103141954,-0.0204700809
1338,1.20300782,0.709893584,-0.817767322,-0.69572109,0.0719821006,0.0753986612,0.0616509914
1339,1.21494865,0.420919299,-0.435002416,-0.135424361,0.0340555981,0.0689163506,-0.0730978176
1340,0.507192135,-0.967398226,0.748632967,0.146702036,0.0998601168,0.00247401395,0.0033796737
1341,1.09204805,-0.199997008,-0.653802395,0.584195912,-0.035653051,0.0615565293,-0.0516755506
1342,1.37380397,0.724698663,-0.190984741,0.94703728,-0.0830133706,0.0848684832,0.0109800696
1343,0.740269423,0.232249349,-0.247301191,0.0603766404,0.0984766632,-0.0448242947,-0.0592277423
1344,0.666371107,-0.179223984,0.777117252,-0.795071363,0.00284992671,-0.00533511164,0.073406823
1345,1.37243044,0.691478491,-0.341661096,-0.193756431,-0.0170371272,-0.0118917562,0.075884074
1346,1.33212185,-0.202105075,0.92309016,0.629058242,0.0108836126,-0.00768479565,0.0785389766
1347,0.558959246,-0.985307634,0.375363797,0.671070576,0.099920094,0.0857791901,-0.0645668581
1348,0.815138519,0.186678723,-0.047390949,0.337018341,-0.0987047106,-0.0684588104,0.0962317511
1349,1.38732839,0.0655607209,0.1499504,-0.684885502,0.0752947256,-0.0215600692,0.0102081737
1350,0.608664811,-0.723208964,-0.476341307,0.499344409,-0.0416556187,-0.000400890567,0.0327538066
1351,1.44908309,0.944531322,0.245103702,0.0807390586,-0.0921586603,-0.0254404154,0.0580291525
1352,0.872033,0.103698745,0.214799121,0.668202519,-0.0263419859,0.00966167264,0.0452205315
1353,0.775176644,0.657529712,-0.567008972,0.707550704,0.053671781,0.0170157142,-0.0781445503
1354,0.803353608,0.230333969,0.475290567,-0.332029104,-0.0459743515,-0.00856874418,-0.0778128058
1355,1.04166949,-0.612418294,-0.407612741,0.168053925,0.0480494313,0.0734259263,-0.0442543402
1356,0.921881139,0.291166574,0.444031358,-0.498922408,-0.0914201364,0.00242605293,-0.0105353743
1357,1.09763563,0.814604282,-0.370289743,-0.698558748,0.00782899372,-0.098998569,-0.0744231492
1358,1.10975015,0.354344279,-0.127644449,0.708243966,0.0667228028,0.0889663473,0.0330093279
1359,1.13827562,0.112869814,-0.980353713,-0.812929511,0.0136488518,-0.0283331592,0.0772707015
1360,1.01945281,-0.576639473,-0.135255769,0.0670636594,0.0281030796,-0.0493325666,-0.0552131347
1361,0.726828694,-0.617381096,0.846800745,0.0892539471,0.0066865948,0.0345207602,0.0511316285
1362,1.05299556,-0.477572829,-0.855940282,0.686921775,-0.0346848741,0.0287718996,0.0634958893
1363,1.46481287,-0.641979039,-0.569861889,-0.663102627,0.0214612093,0.0189624671,0.058400847
1364,0.718468666,0.0285526291,0.651263595,-0.439807832,0.031201262,-0.0448989868,-0.0608126447
1365,1.1834296,0.876243353,-0.44244501,0.416555822,-0.0051881047,0.0680439919,0.0373157449
1366,0.737769604,-0.322500944,0.231830627,-0.0485942103,-0.0020738421,-0.0931550041,0.0905629992
1367,0.597535729,0.1050945,0.976901889,0.127760321,-0.012110604,0.0956658944,-0.0639010444
1368,1.22594965,0.170672983,0.0744063854,-0.982478917,-0.0505312942,0.0861352235,-0.0725165755
1369,1.17914677,-0.108672455,0.966555297,-0.232764259,-0.0949030221,-0.0293363351,-0.0249374975
1370,0.574296236,0.880254328,0.319523811,0.870103002,-0.065794155,-0.0980264693,0.051560767
1371,1.42002118,-0.84722513,0.21952948,-0.568329513,0.061919488,-0.0844040439,-0.076793626
1372,0.947953641,-0.0037898717,0.43836382,-0.0945799127,-0.0268955063,-0.0427741855,0.0509151407
1373,0.533332884,0.44765982,-0.705682993,0.213030025,-0.0772564411,-0.0495080054,0.00274110795
1374,0.644090593,-0.00654652901,-0.430929631,0.541687071,0.0326608829,0.0930284783,0.0341089368
1375,1.40820444,0.776499808,0.13746269,0.208439469,0.0984047726,0.0648907647,0.0603424348
1376,1.05035436,-0.758442342,0.880452752,-0.999671578,0.0892181024,-0.0479468666,-0.0330428742
1377,1.47850037,0.600773513,-0.700192034,0.835049987,-0.0902638137,-0.0496446081,0.0379327461
1378,1.41609931,0.209844664,-0.419804305,0.992272735,0.048812367,-0.0668195486,0.0451257378
1379,0.923698843,0.867182314,0.874005079,-0.109831125,-0.0964508504,-0.00146519323,-0.0733308792
1380,1.09889483,-0.857530057,0.762947321,0.264467597,0.0575716048,-0.0131361252,-0.034717463
1381,0.922483087,0.158257097,0.364858389,0.106448576,-0.0659270808,-0.0889627635,0.0921685025
1382,1.00293112,0.308685154,-0.491820633,0.394618869,0.0963405445,-0.00322544109,-0.0701014921
1383,1.01853514,-0.25621587,-0.504078567,-0.700804174,-0.00107619143,0.0461894907,-0.0122562312
1384,0.765413284,-0.428360641,0.449329138,0.0478253067,0.0390316658,-0.013986297,-0.0473300442
1385,0.512449086,0.586619675,0.57349354,0.420987368,-0.0209764093,0.0388082229,0.0801606178
1386,0.954255342,0.972537339,0.769394219,0.383536786,0.0882147923,-0.000697936222,0.0944020748
1387,1.05825746,-0.688318014,0.579705298,0.226959214,0.0733941123,-0.0523887016,0.0208468903
1388,0.956933796,0.219385073,-0.922641575,0.919261575,0.047469601,0.0236819889,0.0872256532
1389,0.806495249,0.265159875,-0.363619655,0.106298342,-0.067794688,-0.0742637441,-0.0338465534
1390,0.866870403,0.379256815,0.999020278,0.391215086,0.0780387446,-0.0508982502,0.0689892024
1391,1.34757352,-0.522174358,0.912628889,0.0999417454,0.0117881456,0.0404401794,-0.0587357804
1392,1.19378829,-0.37640959,-0.932187796,-0.167259991,0.0921062231,-0.0737534836,-0.0340443887
1393,0.764198542,-0.533362508,0.887250602,-0.592331648,0.0642251894,-0.0858198777,0.0929766074
1394,1.35943222,0.0922455639,0.298754036,0.99519366,-0.0490499474,0.0246656667,0.0922966823
1395,1.43895352,0.986656487,-0.92449677,-0.267238408,0.0905293375,0.0679743811,0.0760821328
1396,0.637032211,-0.917179346,-0.696192503,-0.175542355,0.0244530458,0.0528071485,-0.0873783231
1397,1.27740049,0.159947217,0.0928815305,0.313196748,-0.0557973869,0.026670916,-0.0512623936
1398,0.586030781,-0.507975876,0.815608442,0.244616255,0.0898257196,-0.0169841461,-0.0253436286
1399,1.43871462,-0.530829966,-0.387703925,-0.351752669,0.0620367378,-0.0853083283,0.0883256346
1400,0.72669965,0.263542712,0.296573848,0.0171870496,0.0844137669,-0.0359980538,-0.0177793596
1401,0.555430114,-0.707932174,-0.991757214,-0.494739175,-0.00339271384,0.0306484737,0.0888426304
1402,1.27601659,-0.390698999,0.989409268,0.0628620684,0.0511394665,0.0912884027,-0.0813773349
1403,0.775357962,0.844857514,0.595691323,0.878860533,0.0644651428,0.0582536869,0.0869490206
1404,1.48533058,-0.410192728,-0.140655011,0.994025528,0.000409480446,-0.0477515608,-0.0481846631
1405,1.49889481,0.067530416,0.460132658,-0.0868083611,-0.0820370242,-0.00976075325,-0.0956245586
1406,1.47834873,0.893662333,0.284316182,-0.477770865,-0.0507977381,0.0581682436,-0.0830864757
1407,0.69633615,-0.454065293,0.992641926,0.245825544,-0.0668621734,0.0146650672,0.0953542888
1408,1.27841282,0.448614866,-0.832482159,0.45369035,-0.0519623123,0.0849662945,0.0812464803
1409,0.932177663,-0.536548436,0.885884166,-0.794065118,-0.052438613,0.090969339,-0.0803444758
1410,1.42753875,-0.53720063,-0.0105741741,-0.903043866,-0.0237398352,0.0595887862,0.0872121006
1411,0.655257225,-0.456955791,0.775199175,0.398323625,0.0137834782,0.0816683695,0.0358189046
1412,1.13004518,0.0977781713,-0.974632919,0.0672698021,-0.0575216264,0.0535332821,-0.0800409541
1413,1.27944481,0.192197829,0.0475633033,-0.868380249,-0.0944341123,0.00535433926,-0.0474433377
1414,0.838205755,0.149420694,0.787577748,0.398203313,0.0522488616,-0.0825407282,0.0170766544
1415,0.773671389,-0.551341951,0.799840689,-0.64953202,0.0259588975,0.0297998544,0.0924303904
1416,0.774612248,0.998583376,0.312268764,0.349801451,-0.0638402477,-0.0280041117,-0.00786351692
1417,0.666123033,-0.456778765,-0.700907409,-0.326379389,0.0333413556,0.0543454997,0.063338317
1418,1.22959924,0.509113252,-0.084195815,0.534190834,0.0441632681,-0.0223802626,-0.0360134281
1419,0.702197552,0.716280758,0.80854398,-0.723446369,-0.0980023444,0.0934286937,0.0346968435
1420,0.765635371,-0.841764152,-0.769236207,0.225001499,0.000669493689,0.0492789783,0.0847321674
1421,1.31710541,0.136488453,0.630778909,-0.390815496,0.0184291657,0.0820423961,-0.00957699772
1422,0.88922739,-0.748409808,0.641127467,0.549260557,-0.0514541827,0.0906728432,0.07722193
1423,0.581882417,-0.952186108,-0.993763328,-0.894695401,-0.000810606871,0.0586834811,0.00251731137
1424,1.06075728,0.248385385,0.4917714,-0.577311754,-0.00475748768,0.0118147377,-0.0266737808
1425,1.32109141,-0.288204908,-0.349077314,-0.258767724,0.0908405855,0.00349692139,0.0420637093
1426,0.811024964,0.0834632218,0.537118673,0.450371951,-0.0353878513,0.0636438057,-0.000184330827
1427,1.43594158,0.676826298,0.899347365,-0.261097729,0.014215027,0.0191883575,-0.0668084547
1428,0.618908286,0.174846768,-0.296216488,0.124367684,0.0681436434,0.00455214083,0.0500392579
1429,0.69200176,0.947629631,-0.775308847,-0.31051138,-0.0690082014,0.0348958708,-0.0965736657
1430,1.29466498,0.374762535,0.321956128,-0.294221044,-0.0178379212,-0.0777637586,-0.039885249
1431,0.896129549,-0.0397402793,0.837305129,0.379116565,0.0193217881,0.07155817,0.00373247988
1432,1.21856511,0.42535603,0.997800589,-0.0200796593,0.0255446024,-0.0297120754,0.0885193199
1433,0.853503227,0.114798926,-0.333685279,0.202999353,0.0662070289,-0.0526102372,-0.0214399602
1434,0.822120965,0.608145416,-0.129181162,-0.697219968,-0.063998431,-0.0827963874,-0.0775991753
1435,1.44588351,0.0303308275,-0.263977736,0.894076943,-0.0249715,0.0183592793,0.0984802544
1436,1.19329417,-0.675486684,0.56859237,-0.00686560385,-0.0797925591,0.0247407146,0.03053464
1437,0.608343542,-0.901375532,0.692321241,0.354238957,-0.0220356155,-0.0208604764,0.0681310743
1438,0.832642138,0.221651584,0.824662805,0.35801369,-0.0588190965,-0.0602050461,0.0827311501
1439,1.18349457,-0.414589286,0.186142027,0.449346185,-0.0214007236,-0.0315943025,0.00820372254
1440,1.22717023,0.283251047,0.156645864,-0.103571281,-0.0977846533,0.0449459367,-0.0453513674
1441,0.637387991,0.897324979,-0.786383271,-0.6298244,0.0843962803,-0.0427383147,-0.0281635709
1442,1.3427875,0.155226767,-0.733848095,-0.695173264,-0.0776758194,0.0980946273,0.0929664522
1443,0.587563634,0.461283267,0.908214748,0.961969495,0.0633255392,-0.0561215654,-0.0849119574
1444,1.49320662,-0.146257505,0.222851202,-0.868316233,-0.0726803467,0.0920176283,0.00668360665
1445,0.744799674,-0.524276137,-0.554358423,0.33065635,0.0127334213,0.0727717206,-0.0615237094
1446,0.727378428,-0.731876612,0.08661329,-0.302560866,0.00477359351,0.058090575,0.056935776
1447,0.87898618,0.668142796,0.42479834,0.891711354,-0.0876748934,0.00314304256,-0.0764879659
1448,0.551296473,0.749918103,-0.694905281,0.493458241,0.090204224,0.0281774737,0.0589341111
1449,1.10844553,-0.945844531,0.907454073,-0.12751022,0.07046175,0.056267228,0.000383813836
1450,0.5030002,0.0143701984,-0.496700555,-0.42250374,-0.058184009,-0.0740047395,-0.09537559
1451,0.955451846,-0.889573693,-0.0874444842,-0.39737156,0.0164627787,-0.061677061,0.0726704746
1452,0.709601343,0.30474171,0.690390468,-0.139901713,0.0279163923,-0.0749427453,-0.0232141335
1453,0.715610087,-0.12857011,-0.725261629,0.688216746,-0.00720070163,-0.00728362659,-0.0815450773
1454,1.08342862,0.886397064,-0.988350511,0.840789676,-0.0710313395,0.0259420499,0.0542584173
1455,0.530920386,-0.659970999,-0.254982531,0.106341496,0.0242974311,0.0198330972,-0.0866602659
1456,1.47094977,0.450558752,0.227204308,-0.262812316,0.0424939059,-0.091925174,-0.0854689851
1457,0.599097788,-0.853758276,0.84981209,-0.130312771,-0.0786545426,-0.0389078707,-0.0799563676
1458,1.09067965,0.54187429,-0.386594683,0.515322745,0.0286380835,0.017057972,0.0165183414
1459,0.922034979,-0.985174835,0.253792524,0.268581599,0.0365211517,0.0303339306,0.091304183
1460,0.726905763,-0.263853312,-0.758442342,0.391526341,-0.0797793493,0.043411579,0.0387375802
1461,1.49525249,0.027625246,0.266457826,0.96969682,-0.0374035314,0.000732600223,-0.076865986
1462,0.98340553,0.587485552,0.689781964,0.385991067,-0.0325704031,-0.0274264328,-0.0869444087
1463,1.36144853,-0.513978004,0.905007243,-0.255053192,0.0465807617,0.0119984662,-0.0905124247
1464,1.27620566,-0.67066139,-0.633913517,0.551850438,-0.0554412566,0.0703926012,0.0402935147
1465,0.645063996,-0.399487913,0.393306166,0.455172002,0.0503535345,0.00815248489,-0.0918014795
1466,0.867024601,0.851320446,-0.548548818,-0.0623983368,0.0563013069,0.0866754279,0.0251800064
1467,1.29375422,-0.181111917,-0.164609641,-0.289311707,0.0797137767,0.0163605064,0.00449855719
1468,0.947137356,-0.201034918,-0.105932474,0.952846348,-0.0622253567,-0.00947014056,0.0864543468
1469,1.46080458,-0.178244054,0.760979652,0.81098026,-0.00931665674,-0.0283577163,-0.00511372322
1470,1.13002551,0.605548322,-0.477390051,0.655550599,0.0147816166,-0.0029318158,0.000175298555
1471,0.945650816,-0.867399216,0.342835218,0.0641229078,0.00963288639,0.0231972691,0.0856700689
1472,1.090271,-0.975294173,0.0235399753,-0.745922565,0.0201544724,0.032253053,-0.0524041317
1473,0.798649251,-0.0217355993,-0.0512785949,0.733971536,0.0555170029,-0.0871967077,0.0746032894
1474,1.44446278,0.978429735,0.423086643,-0.845844269,-0.0565088689,-0.059167929,-0.0435444489
1475,1.43326688,0.68577975,0.954036832,0.621253192,0.0369192474,-0.0420573093,-0.0403544381
1476,0.73156327,0.741081297,-0.132898748,-0.489515334,-0.00786237884,-0.0399613641,0.0323866196
1477,1.33191657,-0.453770757,-0.36364007,-0.796410799,0.0604424849,0.00552055333,-0.0793101043
1478,1.21512496,-0.274479032,-0.708365798,0.374529481,-0.0749489069,0.0280735549,-0.00545301521
1479,1.36800027,0.0420932472,0.98319906,0.926864147,0.0417811275,-0.0850592703,0.0145553118
1480,1.02168894,-0.333870471,-0.839333355,0.288574189,-0.0632386506,0.0227254797,0.0133599481
1481,1.24705637,-0.3396658,-0.940798044,0.189576969,-0.0917174742,0.0401116796,-0.0343770981
1482,1.42549455,-0.271176368,0.495381474,-0.255861849,0.0485293008,0.0177729875,0.0876150206
1483,0.872221649,0.984953344,-0.902185142,-0.0911255255,-0.0487935841,-0.0728412643,-0.0569289476
1484,1.49615455,0.547679663,0.871787429,0.55535835,0.00135581172,-0.0561676398,-0.0319523737
1485,0.736516893,0.884706438,0.607438922,-0.0774178505,0.0426743813,-0.0357867256,-0.0335114114
1486,1.13021076,0.867618144,0.189328507,0.355576515,-0.0717112646,-0.0133144744,-0.00169816602
1487,0.746972144,0.0341128521,-0.0639466941,-0.386608154,-0.0462224334,0.0535678677,0.0248078126
1488,0.964446425,0.736189187,0.237008587,-0.962103665,0.0539407507,-0.0610488988,0.0742389783
1489,1.43097508,0.854610443,0.855661213,-0.178957,0.0445811525,-0.0692874119,0.00294709369
1490,0.892122984,0.808735907,0.302841783,-0.451390803,-0.0150050744,-0.00159377418,0.0622774884
1491,0.753838301,0.830013812,0.550304294,0.0374817178,-0.0690813437,0.0452106036,-0.0927582532
1492,0.830900788,-0.881000221,-0.507652283,0.890532255,-0.0717902631,-0.0885128379,0.0162541755
1493,1.02685082,-0.20431456,-0.68684727,-0.708426654,-0.015156134,-0.0108859176,0.0472206324
1494,0.950571179,-0.64920032,0.129598662,0.779409528,-0.0597519949,0.00964286737,-0.0878405347
1495,1.07855797,-0.40272814,0.776719213,0.407099456,0.0602657273,-0.0749511868,-0.0567279384
1496,0.552789629,0.723977864,-0.838863671,-0.976807177,0.0998898447,0.0851678774,-0.0966889858
1497,1.35669661,-0.0984977111,-0.542438984,-0.108050875,0.0208644513,0.00928104576,0.0325343199
1498,1.11827981,0.255240142,-0.560691357,0.800194979,0.0204016045,-0.0436447375,0.0242236014
1499,0.878139138,-0.886769056,0.378960311,-0.634618104,0.0190040246,-0.0217971858,-0.0563472547
1500,1.13910997,0.917844951,-0.0748595074,0.211548477,-0.0698682219,0.0116327694,-0.00501411408
1501,1.03367949,-0.597648978,0.384294659,0.979463816,0.0266118981,-0.0309920758,0.0525743999
1502,1.07421553,-0.174044788,0.325468749,0.00603854563,-0.0689022392,0.0423527062,0.0731635094
1503,1.19716513,0.924537063,0.0351405554,0.381779909,-0.00651294226,0.0821401775,-0.0190759562
1504,0.682758749,-0.235972866,-0.202056006,-0.181604519,0.0797265172,-0.0706425756,0.00928028021
1505,0.647280037,0.814992607,0.431276172,0.906426609,-0.0511883236,-0.0663193017,0.0189055577
1506,0.840905011,0.0626128688,-0.859377086,0.399805576,-0.0136164501,-0.0249517541,-0.0840737447
1507,1.05422127,-0.482792139,-0.356425762,-0.97738719,0.0221217442,0.0850111172,-0.0578291006
1508,0.652975142,0.0976845473,-0.783527672,0.204539135,-0.0171071868,-0.0890763998,-0.0969545618
1509,0.69003433,0.848640203,0.551942766,0.00225448958,0.0178945418,-0.0953327939,-0.0880329013
1510,1.23274517,0.0475661345,0.514442623,-0.593886733,0.0772770047,0.0869201869,-0.0837717727
1511,0.501835883,-0.371986359,-0.992945433,-0.199616507,0.0125409672,-0.0586502366,0.0508617274
1512,1.36396658,-0.897814691,-0.104182824,-0.745888531,-0.0512335524,-0.0950573087,-0.0637701079
1513,1.4687674,0.0606677383,0.908935428,-0.695491314,0.0216148999,-0.0374538228,0.0839796588
1514,0.813335001,-0.739237309,0.567838907,0.487528175,0.01098557,-0.0453123078,0.00894724671
1515,0.676616132,0.385486722,0.088099584,-0.0870474055,0.0332592875,-0.0799411461,0.0345755145
1516,0.56210047,0.666429937,-0.274152964,0.130704328,0.0795989558,0.0238384046,0.0307581425
1517,1.370399,0.651963651,-0.643865764,-0.924000978,-0.00294591649,0.093368195,-0.0998765752
1518,1.04546034,-0.0551289506,0.426604629,-0.743435502,-0.0302085653,0.0632049069,0.0990056396
1519,0.569330096,-0.327907234,-0.29935208,0.498680711,-0.0439126678,0.0606850497,0.0253741592
1520,1.29451096,0.286398172,-0.236034974,-0.394590974,-0.0123035386,-0.0303511918,0.0285067167
1521,1.47930586,-0.506743968,0.925780952,-0.76469028,0.0716778189,-0.0754116923,-0.0997369811
1522,0.522729158,-0.0186353214,-0.993387103,0.80977571,-0.0432456546,-0.067652151,-0.0459479354
1523,0.705447912,-0.773299158,-0.556708217,-0.813155055,-0.0836226195,0.00281671342,0.0684490576
1524,1.30413938,-0.318030894,-0.767375946,0.736341,-0.0246137455,-0.0116710737,0.0539116822
1525,0.601312578,0.91455543,0.552262604,-0.314682513,0.0234387983,-0.0865773484,0.0121719884
1526,0.839567006,0.586991251,0.430668652,-0.64923501,-0.0955676436,-0.0952360854,-0.020261297
1527,1.2863313,-0.712520123,-0.0294048637,-0.533646405,-0.0323346481,0.0861972719,0.0127834333
1528,1.1294018,0.00332201086,-0.407803118,-0.631069064,0.0244913995,0.0198828392,-0.0332809985
1529,1.08169258,-0.373486966,-0.708180189,0.127626896,0.0654831007,-0.00285994913,-0.0585639589
1530,0.549752176,-0.263525635,0.169923633,-0.608482301,-0.0516248941,-0.0201641917,0.0839128643
1531,0.75315392,0.888574183,0.666003942,0.321254224,0.0174468365,0.0239029843,-0.0986130759
1532,1.17739296,-0.741074145,0.279981196,0.0284223072,0.0535821244,-0.0139894774,-0.0814562216
1533,1.49617851,0.94750762,-0.696278036,-0.120648935,-0.0319968946,-0.0682183504,-0.0408204794
1534,0.58773154,-0.35392791,0.895300686,-0.71609199,0.045517806,0.00464966055,0.0307925064
1535,1.3656348,-0.703063726,0.9966169,0.669604242,-0.0573797189,0.0209765695,0.0888474286
1536,0.810217083,-0.438398242,0.982327998,-0.936845303,0.0607407279,-0.00217170035,0.0783013478
1537,1.36308479,0.938872039,0.628664136,-0.798009634,0.0681406334,-0.0491910726,-0.0647812262
1538,1.00758481,0.522236168,0.378279746,-0.968141735,0.0334075876,0.0519334562,-0.0567344762
1539,1.23601174,-0.0586243533,-0.838599682,0.478469908,-0.0461535752,0.0225712266,-0.0983818471
1540,1.09895754,0.0513770096,-0.394780844,0.19465062,-0.0820311159,0.00353624625,-0.012430287
1541,0.868019104,-0.667523563,-0.550591588,0.634257197,-0.0135358088,-0.0551469214,-0.0619856268
1542,1.46412301,-0.459738225,-0.628240168,0.211951986,-0.0965515897,0.0390282311,0.0780333728
1543,0.847105324,-0.152816802,-0.28731063,-0.411789864,-0.0575956106,0.0324479677,-0.0802134871
1544,0.789717257,0.716370583,-0.48077479,-0.193906248,-0.0309120007,0.0657502711,-0.0423747636
1545,0.523583829,0.20878163,0.262467951,-0.16687426,0.0610391535,0.0112774568,0.0810229778
1546,1.32098091,0.62161082,-0.799733937,-0.685970843,0.060674645,0.0758824721,-0.0564187057
1547,1.20222592,-0.567178547,0.827644169,0.928782284,0.0688213557,0.0280245729,-0.0427791253
1548,0.697591722,0.587166846,0.936398208,-0.7024948,-0.0459406972,0.0904037207,0.0645409003
1549,1.22624981,0.414237648,-0.871281147,0.16946353,-0.0637895167,0.0670392513,0.0961827487
1550,1.09412265,0.924917459,-0.444206983,0.665152431,0.0177564062,0.0926013663,-0.0690164194
1551,1.34147239,-0.357383788,0.478556275,-0.552847445,0.0613125414,0.0844799727,-0.0889348537
1552,1.13139439,0.989372551,0.68441999,0.377975345,-0.0520534478,-0.0262818281,-0.0391016677
1553,1.46176755,-0.817130446,0.308520794,-0.186468884,0.0472949333,0.0604606383,-0.0570640564
1554,0.602158666,0.886007726,-0.151411369,-0.45814392,-0.0848196298,-0.0286400355,-0.0109641133
1555,1.21143949,-0.782460928,-0.13125512,-0.675734043,-0.0452399105,-0.0147456564,0.0611496009
1556,1.05911982,-0.444064736,0.536479712,-0.438785732,0.0457682982,0.0221306216,0.0915258378
1557,1.38976312,-0.660416365,-0.163621753,0.0839301795,0.054173056,0.0363621227,0.0051071723
1558,0.809440315,0.0965899676,-0.880096197,0.277038664,0.0671124905,-0.0667580813,0.0464840122
1559,1.30215263,-0.616525471,-0.675946832,0.00463139405,-0.0169467237,0.015822662,-0.0992856696
1560,1.40054488,-0.120992795,0.38959834,-0.368581951,-0.0948906988,-0.0330412127,0.0614868924
1561,0.976217091,-0.200834051,0.472341806,0.353355765,-0.0476416014,-0.0662632063,-0.0172830541
1562,0.802491546,0.91328615,-0.878673136,-0.802479744,-0.0820257589,-0.0488953628,-0.0951827466
1563,1.21028125,0.397222489,-0.0569514669,0.179331467,0.061682757,0.0424685664,-0.00421595061
1564,1.42474127,-0.605260253,0.117142543,0.163587302,0.0132359862,0.0227667149,0.0550691038
1565,0.52684623,0.709627092,-0.283816844,0.342549056,0.0129403071,0.0173949115,0.0259770695
1566,1.48581827,0.966973662,0.397211373,0.12597689,0.0233804826,-0.0243880674,-0.0861601382
1567,1.23908591,0.236887127,-0.318796784,0.603756607,0.0757375732,-0.0110167498,0.0507689603
1568,0.603560269,0.310300529,-0.690408409,0.144965142,-0.0657902434,-0.0727225319,0.0171767753
1569,1.45437479,-0.13938117,-0.128254175,0.428840905,0.0073391851,-0.0846022367,-0.065683417
1570,0.516713381,-0.267059624,-0.872381568,0.980261683,0.0730128959,-0.0779890493,0.0528756827
1571,0.600740671,0.797343552,0.0421588682,0.285319537,0.00762259075,-0.0773583204,-0.00407572137
1572,1.32528257,0.191727832,0.28803882,0.0990380198,0.0527141504,0.0387846604,-0.0786076486
1573,0.738132417,-0.0932402015,0.262168646,-0.593813896,-0.0222348683,-0.00825124513,-0.0505503565
1574,0.70983088,-0.439335555,0.709365964,0.225001767,0.0163253024,0.053186167,-0.0742689073
1575,1.40075541,0.464850187,-0.538762987,0.0674064755,-0.030897636,0.041348584,0.00547024002
1576,1.0043031,-0.843188643,-0.894762874,-0.530235946,-0.0757801607,-0.0572066009,-0.0428233668
1577,1.42875206,-0.276852638,0.964808762,0.0870769024,-0.0623779036,-0.0169820115,-0.0830185711
1578,0.53727138,-0.0235862993,0.556147695,0.819047511,0.00887741335,0.0292371269,-0.019005673
1579,1.29833722,0.938022614,-0.19756867,0.324048787,0.0302396119,-0.023645984,-0.0158634651
1580,0.805362463,-0.759395421,0.44731316,0.926478088,-0.0255970508,-0.0339937694,-0.0924060643
1581,1.05098927,-0.221819386,0.919571102,0.355209202,0.0170122664,0.0883573815,0.0642394945
1582,0.961772442,-0.580436587,0.401401162,0.982449353,-0.0856255367,-0.0623095706,-0.0830437243
1583,0.945300221,0.724983752,0.198544517,-0.318916917,0.0964949504,-0.0784021392,-0.0449626036
1584,0.535517454,0.511234939,-0.89399749,0.271934181,-0.0309972987,-0.0452768654,0.095160298
1585,0.837995946,0.983629525,-0.455499649,-0.436068565,-0.0236097611,-0.0842733234,-0.0760681108
1586,0.525191963,-0.941485405,-0.949642539,-0.0863968208,-0.0889187604,-0.0240131617,-0.020124441
1587,0.504938424,0.322708637,-0.399872422,0.106818601,-0.0868836194,-0.0366075076,0.0769652724
1588,1.10620713,-0.637853801,-0.0868929401,-0.0203789007,-0.00174959167,-0.0427161083,-0.0590008646
1589,1.23198557,0.671542645,-0.685552061,0.648691952,0.0851964504,-0.0303777102,-0.0519217737
1590,1.08570337,-0.833795369,0.126461595,-0.25786981,-0.0354223326,0.0192049127,0.0866718516
1591,1.39241648,0.75306201,0.590618432,0.229351386,-0.0338423699,0.0131459814,-0.0819110945
1592,0.871051788,0.0610158555,0.543265522,-0.798089921,0.0819457844,0.0222663358,-0.0442771278
1593,1.478562,0.708769739,-0.640713334,-0.362102687,0.0180006884,-0.0147015313,0.0338159315
1594,0.871139348,0.182539493,0.616423547,0.102281049,0.0852624252,-0.0353785865,-0.0506344698
1595,0.580877304,0.00272720051,-0.837005794,-0.158290282,-0.0203686133,0.0193036869,0.0758689791
1596,1.4009819,-0.738523781,0.0705843419,0.368131459,-0.0326989628,0.0818020999,-0.026970394
1597,1.29995465,0.470943958,-0.862836421,-0.582785189,0.0341906063,0.050197497,0.0875542536
1598,1.41386378,0.541080773,-0.948207915,-0.718834698,-0.0911753699,-0.0472632758,-0.0166063085
1599,0.515203655,0.0999196246,0.449337453,-0.194233701,-0.0140898265,-0.094403334,0.0649469495
1600,1.13715041,-0.668131292,-0.487899095,-0.0865299553,-0.021460982,0.0203497447,-0.0729954913
1601,1.48043489,0.567662954,-0.776176214,-0.419754237,0.081166625,-0.0872261897,-0.0811017677
1602,0.633691907,0.311907142,0.123935834,-0.294134676,-0.0427028053,0.0724726394,0.0966274515
1603,1.11033499,0.135086119,0.536538839,0.00140879711,0.0375363752,0.0923267007,-0.0588546358
1604,1.40323889,-0.308512509,0.0455549993,-0.618374825,-0.0349863395,-0.074394308,0.0989195928
1605,0.538162768,-0.306612313,0.637914777,0.693054438,0.0249428842,-0.0605987646,-0.0769821629
1606,1.42551112,0.266589582,0.0264984109,0.838860691,-0.0182540305,-0.0480347387,-0.0667808428
1607,0.815869808,0.799939156,-0.680941522,0.795924425,-0.00779544003,-0.0287307482,-0.0370111987
1608,0.502961695,-0.261066735,0.42530933,-0.749373794,0.0880956277,-0.0752405226,-0.0324053429
1609,1.11094093,0.302174032,-0.503961027,-0.77520299,-0.0470206924,-0.025451215,0.0185551774
1610,0.964666963,-0.199225709,0.491862893,-0.183459252,0.0884720385,0.0978933573,-0.0460175313
1611,1.10757637,-0.834093571,-0.525571346,0.600426376,0.0486173034,-0.0515838899,-0.0927429721
1612,1.3444891,-0.0626426265,0.47462371,-0.620867312,0.0840728208,-0.0792143494,0.0241535492
1613,0.543099821,-0.404987365,0.597020984,-0.0681531876,-0.0922005102,-0.0391637869,-0.0376267545
1614,1.16108644,-0.486433506,-0.0940937996,-0.119885728,0.0302521158,0.0905540735,0.00134296832
1615,0.801379681,-0.193243682,0.330894083,0.925809681,-0.0291257743,0.0669086426,-0.0367887393
1616,1.23806643,-0.774012685,0.606952608,0.835402131,-0.0577806048,0.0593618937,-0.0185072944
1617,0.550881207,0.292181879,-0.408839047,0.682657421,-0.0568756796,0.0554555543,0.0799439996
1618,0.613325477,-0.352051705,0.625135362,0.903265238,0.0316995308,0.0899889097,-8.83937048e-07
1619,0.555402339,0.309399009,-0.809987605,0.959745049,0.0468420312,-0.0568191856,-0.0364011675
1620,1.13494122,0.777877927,-0.809791446,0.096849747,0.0497966781,0.0689057335,0.0389703587
1621,0.731643796,-0.525158286,-0.720811784,0.683935106,0.0115025043,0.0607711859,0.0958099067
1622,0.854065061,-0.465442538,-0.92513144,0.503822446,0.0198533013,-0.0950329304,-0.0384734198
1623,0.723327339,0.881089628,-0.881049514,0.623349607,-0.0433360152,-0.0719417408,0.0834473073
1624,1.30935669,0.868482053,0.146674231,-0.142641082,0.0443237722,-0.0785615221,0.00297462218
1625,1.37820697,0.611713648,-0.179647312,0.53508687,-0.00662119547,-0.0544084758,0.0929901153
1626,0.533423245,0.170568153,-0.000243731527,0.429429114,0.0744791701,-0.0274339933,0.0755773634
1627,0.521444142,0.0408145264,0.866924584,0.536604583,-0.0727454498,-0.0168741792,0.0155725125
1628,0.524498999,-0.851812959,0.586256683,0.877576411,-0.0706055015,-0.0464426726,0.0162763707
1629,0.693594396,0.112867989,-0.243815571,0.304814488,0.0669448599,0.00990290008,0.0118467119
1630,1.48712301,-0.39723444,0.114240505,-0.319045156,0.0045837108,0.0725281164,-0.0714979768
1631,0.866630852,0.996029794,0.339596659,0.542899311,0.036234282,0.0527165197,0.0924013108
1632,1.3374728,-0.951995015,0.402149439,0.523171902,0.0728770196,0.0454698727,-0.0255731847
1633,0.582470179,0.577074945,0.429339141,-0.770364046,-0.0221228134,0.0809811428,0.0368830264
1634,0.651508629,-0.130545601,-0.615871847,0.903988183,0.0593240783,0.00912028272,-0.0902211592
1635,0.795522273,0.666322589,-0.0320825689,-0.435370475,0.0729199201,0.0319771357,-0.00733896997
1636,1.00015914,0.00254236814,-0.0151526304,0.450684726,0.0425747037,0.0709632561,0.0463129133
1637,0.526057422,0.18932052,-0.364963114,0.531259239,-0.00696443161,0.0895228088,-0.0505639762
1638,1.04799926,0.0667524785,-0.730230033,-0.389707327,0.0358479358,-0.0205624234,0.0569207519
1639,0.696149886,-0.61813885,0.291630596,0.122568339,-0.0879503191,-0.0520998389,0.00638305256
1640,1.20945024,0.00654291315,-0.89814955,-0.136561975,-0.0574365854,-0.0490609854,-0.0189526454
1641,1.17867649,-0.401775211,0.365193665,0.495766401,-0.0266669504,0.0342382528,-0.0889718235
1642,1.48669946,0.223185286,-0.506943524,-0.502495408,0.0645221546,0.0771084428,0.0383034423
1643,0.941935897,0.7251423,-0.799957752,-0.0547683313,0.021707736,0.00314786471,0.0284062028
1644,0.983148694,0.577420831,0.981204867,0.08299274,0.0891629234,-0.0506184325,0.0869366527
1645,0.905046463,-0.956477821,-0.329749405,-0.522682905,0.0797685534,-0.0445785075,0.0349422432
1646,0.993983567,0.316022277,0.448161483,0.228506401,0.0628428236,-0.0718200356,-0.0602328405
1647,1.14210582,-0.139946952,-0.646196902,0.726975381,-0.045996841,0.0174718425,-0.0973335057
1648,1.45881093,-0.514102638,0.769911528,-0.792781711,0.0433628932,-0.0921266451,-0.0747409463
1649,0.705669641,-0.913977444,0.00817717891,-0.716072023,0.0927272886,0.0690151826,-0.00259029702
1650,0.700364411,0.60197413,0.856226325,-0.724744678,0.050315097,0.0597224124,-0.00575857237
1651,1.22421205,-0.633905172,0.606535017,-0.187566265,0.052075021,-0.0932911858,0.0267595965
1652,1.15944898,0.0692811236,0.944211483,-0.665464878,-0.000325836794,-0.0372273959,0.0344828814
1653,1.21409333,-0.574715674,0.276192635,0.772273064,0.01856336,0.0539533012,-0.000823574781
1654,0.972909331,0.313982755,-0.87654227,-0.0833345279,0.0608230643,-0.0978312343,0.0912770554
1655,1.15889406,-0.427115202,0.983788252,-0.920063257,-0.040660724,-0.0556706078,0.0551807992
1656,1.37725282,-0.234407172,0.747967064,0.583124518,-0.0293651465,-0.00865712482,-0.0215646457
1657,0.930911362,0.50005883,0.730926931,-0.7512573,0.0639839619,-0.0533432886,-0.029167328
1658,1.38010371,-0.140620008,0.2556822,-0.905440986,-0.0529732257,-0.0720610619,-0.0172014236
1659,1.46721649,0.211787626,-0.0384980403,-0.615600288,-0.0509785526,0.0102924798,-0.0894473493
1660,0.550808132,0.11618381,0.660335898,-0.319521695,-0.0242594983,0.0620451309,-0.0833356902
1661,0.769236743,-0.444987297,0.690998733,0.791787922,6.10732022e-05,-0.0671559796,0.0590071976
1662,0.635953486,-0.348365337,-0.976242423,0.0112416949,-0.0355402119,0.0302339457,0.0934710875
1663,1.03843141,-0.318233788,0.622924387,-0.496438146,0.097153008,0.0922209322,0.0495715924
1664,1.43623853,0.789821625,-0.693624616,0.327620208,0.0523363464,-0.0978798419,0.0117246956
1665,0.752759755,0.547914863,0.241223395,0.595376432,-0.00178465538,-0.0824818388,-0.0995715037
1666,0.731340587,0.869582355,-0.883405924,-0.121871389,-0.0426420122,-0.0745090768,-0.0627601072
1667,0.724865675,0.977468014,-0.334419668,-0.714936972,0.0798187852,0.0312251486,0.0697426498
1668,1.08848476,-0.431235582,0.0328146406,0.0767613873,-0.0910936296,-0.0240769591,-0.0930975303
1669,1.4547919,-0.627806544,-0.669887543,-0.439266711,-0.0796461701,-0.0303486008,-0.079826355
1670,1.2583164,0.300488502,-0.587394297,-0.964180887,0.010892407,-0.016897032,0.02350921
1671,1.48111486,0.579788327,-0.355691671,-0.726413369,0.0745777339,0.0976373851,-0.0582044683
1672,1.46892691,0.248124763,0.235806853,-0.399064451,-0.0744794235,0.0586870909,0.0791459754
1673,0.747306883,0.100650601,0.458074242,0.50187695,0.0375372618,-0.00824564975,-0.00595485931
1674,0.797875166,-0.696813524,-0.308631301,-0.663991153,-0.0841222107,0.0354813412,-0.0545739084
1675,0.65274632,0.71073401,-0.126577988,0.415022165,0.0349237733,-0.00539112277,0.0891048461
1676,1.33292651,-0.130202815,-0.898157179,-0.752144873,-0.0388709269,-0.0857860669,0.0361427218
1677,0.921427846,0.46886003,0.664225698,0.596746922,0.0292124394,0.00231301202,0.0305268168
1678,0.828104913,-0.524469376,0.359389365,-0.0424765833,0.053170152,0.0821847022,0.0281753503
1679,1.25002372,-0.115358032,-0.89854151,-0.322580874,-0.00181997404,0.0488496274,0.0442520902
1680,1.0401696,0.0684281439,-0.03885784,0.276318192,0.0914020389,0.00666452991,-0.047059793
1681,0.913146853,-0.729956448,-0.508780479,-0.969356954,-0.074667342,-0.0940907747,0.0343646072
1682,1.41784108,0.286502391,0.362912208,0.279657364,-0.0779000595,-0.0694406182,0.0272819381
1683,1.46194875,0.563765228,-0.556051016,0.761177719,0.0437976792,-0.0481228009,0.0215224344
1684,0.823737204,-0.245084807,-0.690716684,-0.158285975,0.0915542915,-0.0217065476,0.0177033637
1685,0.876485348,-0.670419991,-0.908703446,-0.0761122927,0.0196410567,-0.0037500693,-0.0981555954
1686,1.18331778,-0.738438725,-0.0662018731,-0.630588174,0.0878695771,0.0822384283,0.0583009981
1687,0.604533672,0.20677644,0.311754733,0.209593639,0.0547394976,-0.0506947413,0.0571679994
1688,0.954982698,0.94455117,-0.434386581,0.648492813,-0.0607538112,-0.022970235,0.00342665962
1689,0.896772325,0.0451246016,0.269684345,-0.7550686,-0.0843018964,0.09104684,-0.0643634275
1690,0.531325459,-0.217548609,0.0778576061,-0.842514515,-0.0673716962,0.0669772625,0.0121015105
1691,1.30457687,-0.367099017,0.256853968,0.622753441,-0.026811393,0.0821366608,0.0750468448
1692,1.39658391,0.781141162,-0.246355489,0.387494624,0.0322537273,-0.0831639469,-0.0146293733
1693,0.728838623,0.579252839,0.322005987,-0.419634283,-0.0142919756,0.00414279103,0.0554265752
1694,1.21208167,-0.397982985,0.464969248,0.814951956,-0.0758449808,0.0139185265,0.0978695974
1695,1.4913764,-0.530854106,0.806326747,0.943902969,-0.0236567445,0.022786472,0.0230623707
1696,1.06694996,0.942432344,-0.550739646,0.310232133,0.0708926097,0.0964629129,0.092666328
1697,0.61210537,0.625200748,0.786228895,0.221892595,0.0565658957,-0.0428979285,0.0394413359
1698,0.77593559,-0.0179651603,-0.765601635,0.259214193,0.0273938384,0.0553968586,0.0478225611
1699,0.989576578,0.110234685,-0.183222979,-0.581450045,-0.0874081179,-0.071890071,0.0439220294
1700,1.03365529,-0.0566656962,0.345337749,0.210781425,-0.0928196386,-0.0436233915,0.0457372777
1701,1.34906435,-0.374824584,-0.1554012,-0.73215735,0.0904912353,-0.00989017263,0.0477913246
1702,0.509770274,-0.754767895,0.571188629,-0.783704937,0.00406324165,0.0332469456,-0.0474961251
1703,1.49070752,0.0045996937,-0.339323878,-0.665328622,0.0274280179,-0.0960458517,0.0809970796
1704,0.688981712,-0.894028842,-0.916004598,0.0875631049,0.0758446902,0.0237112716,-0.042140197
1705,0.805287242,-0.567685187,-0.119221613,-0.858214259,0.0264124479,-0.0267013125,-0.0897955969
1706,1.10625243,-0.148507178,-0.370346725,-0.689706504,0.099453032,-0.0633159801,-0.0975268036
1707,0.923670053,0.621423721,0.38332808,-0.225298554,-0.0261452906,0.00791905075,-0.0783665851
1708,0.559182942,-0.587119341,-0.557039738,0.658417523,-0.0229583122,-0.0126285711,-0.0533173047
1709,0.575761318,-0.206964999,0.01530963,-0.591241837,-0.0653405637,-0.0473997779,-0.0319551788
1710,1.40072668,-0.851383567,-0.192471594,-0.819865465,-0.0288312417,-0.064371042,-0.0926872268
1711,0.835579038,0.796133935,0.981277108,-0.0120104039,0.011047896,-0.0297374353,0.0491163507
1712,0.830391169,-0.722615957,-0.931829989,-0.737317741,0.0302506015,0.0998122841,-0.0293411966
1713,0.597731113,-0.294413149,-0.599142671,-0.570621908,-0.0868512541,-0.0269197281,-0.0365569331
1714,0.879723728,0.0147400582,-0.522425234,0.799429476,0.0240334999,0.0229545236,0.071371153
1715,0.540823936,-0.844550431,-0.561621547,0.88111943,0.008388157,0.0219221674,-0.0363843925
1716,1.48902929,0.0661623627,-0.902734399,0.832686603,-0.0887567326,0.0168414954,0.0163099486
1717,0.989109576,-0.29850319,-0.0877913684,-0.157056704,0.0440534689,-0.0648162812,-0.00276052975
1718,0.766313851,-0.552318335,-0.0430747345,0.246004373,0.0647203624,-0.0517279431,0.0403040759
1719,1.06937683,-0.37693134,-0.609431982,0.986060619,-0.0915030912,-0.0277611464,-0.0764957294
1720,1.13329625,0.370382458,-0.662505805,0.86851269,0.0612628013,-0.0986406505,0.0136194676
1721,1.28235757,0.409092039,-0.285466433,0.775484502,-0.00138976437,0.0211639814,-0.0944867805
1722,0.536218405,-0.820482671,0.21800667,-0.235517949,0.0843661875,0.0981233194,0.0232393555
1723,0.856502295,-0.04206286,-0.957387745,0.491875887,0.0630598441,0.00848962739,0.0399307534
1724,0.619376242,-0.453711867,0.245918453,-0.48397854,-0.000469694904,0.0291828141,-0.0137327397
1725,0.70850718,-0.948081255,-0.449467123,0.92631042,0.00753738405,0.0686349571,0.0129052131
1726,0.912038982,-0.92162317,0.0670454502,0.51613301,0.0688941404,-0.0392157882,-0.0450526066
1727,1.07999825,0.100214355,-0.125463992,0.5653193,0.0544547066,-0.0751202777,0.000605175155
1728,1.22280359,-0.289550751,-0.341288179,0.623444736,-0.0407045856,0.0779252574,0.0656151623
1729,0.782072544,0.815144122,0.297089696,-0.55730921,-0.0217634048,-0.0366191417,0.0654116273
1730,0.57179898,0.860626519,0.0825427249,0.880704463,0.0319347121,0.0793535784,-0.012425866
1731,1.3165431,0.235419169,0.856334329,-0.957560241,0.0150227556,-0.0130955698,0.024308702
1732,0.984203875,-0.99665004,-0.442108542,-0.625791013,-0.0300272368,-0.013188201,-0.0759189725
1733,1.16120291,-0.0455377996,-0.295205265,-0.511511683,-0.0531765074,0.0480243266,0.0694108009
1734,1.34124911,0.473816305,0.917473316,0.192295268,0.044220835,-0.0363238193,-0.00658326037
1735,1.33297122,-0.328150004,-0.824614823,0.164292291,0.0479065776,0.0184792019,0.0775242895
1736,1.32400656,-0.695104778,-0.541952074,0.351747274,-0.0570713319,-0.0941152126,-0.041734267
1737,0.629083216,-0.106812842,0.35934639,-0.581461251,-0.0922404528,0.053896565,-0.0743049681
1738,1.20129716,0.729306281,0.529014528,0.121125065,-8.58356361e-05,-0.059255071,0.0550458729
1739,1.35666966,0.387459546,-0.628418624,0.372900128,0.0810562745,-0.0234066676,-0.0360811576
1740,0.738863051,-0.879620194,0.51364249,-0.0386135653,-0.00064608315,0.0910789818,0.0284061898
1741,1.23919141,0.414337128,-0.803951979,0.805905938,-0.0301972628,-0.0900364295,-0.0463859066
1742,1.44460595,0.937899172,0.539594173,0.96586746,0.0893003643,-0.0238057505,0.0136742415
1743,0.980313897,-0.189575151,-0.0630229115,0.809643984,0.0188122652,-0.0250915103,-0.0911508948
1744,1.22495949,-0.711942375,-0.0395035408,0.371658057,0.0294123795,-0.0426037014,-0.00187934062
1745,0.821871877,0.0296372864,0.82079953,0.679265797,-0.0746122673,-0.0318040438,0.077027306
1746,1.40165913,-0.612702549,-0.988374591,-0.903142691,0.086664632,-0.0412594974,0.039722275
1747,0.985560834,-0.211836725,0.525822163,-0.0700185075,0.00959510077,-0.0528106987,0.0867704526
1748,1.02095139,0.26646772,0.0701180845,0.545553565,0.0988222286,-0.0925516561,-0.0164125264
1749,0.689651787,-0.403840601,-0.042199865,-0.817337513,0.0923905596,-0.0385840759,0.05693141
1750,0.678565502,0.506155133,0.569858015,0.704404712,-0.0697993264,-0.0334284753,0.0650536343
1751,1.29946327,0.637711823,0.235576734,-0.152281806,-0.0294148568,-0.0116231833,-0.0416272096
1752,0.846757889,-0.252553225,0.131643549,0.0729729608,-0.0581246167,-0.0771465153,-0.0182732753
1753,0.800280213,0.275473684,0.0426409431,-0.83494854,0.0850017071,0.0447222665,-0.00359381922
1754,1.34079432,-0.968475878,-0.718168676,0.184503943,0.0662654042,-0.0311430823,0.0139065161
1755,1.07407773,0.563460827,0.036006812,0.0593710057,0.0423466489,0.0376724228,-0.0675865561
1756,1.1989311,-0.146197841,0.96825999,-0.453269541,0.039408952,-0.0233771373,-0.0815421194
1757,1.00039852,0.357904613,-0.0465173125,0.831570804,0.0291525517,0.012081923,0.00282083685
1758,0.62008971,0.186722741,0.362914503,-0.523354769,-0.0532216392,0.0826546028,-0.0536544286
1759,1.39787066,0.084268719,-0.438733369,-0.879316032,0.0409880877,0.0968991295,-0.00327752205
1760,1.1328516,-0.594676256,0.323961139,0.445693702,-0.0819819048,0.0769684017,0.0644934475
1761,0.807303846,-0.76317203,0.137374848,-0.80385077,-0.08525341,0.0189271867,-0.0654205009
1762,0.913078606,0.320682406,-0.947015464,-0.946977854,0.0333692059,-0.0813637525,-0.0102516497
1763,1.35881507,-0.177500576,0.0413517468,0.402431101,-0.0310767554,0.0179364998,0.0293592364
1764,1.11729574,0.992350399,0.454280138,-0.135176867,0.000962878694,-0.0889291391,-0.0469676256
1765,0.851791203,-0.888671279,-0.784984589,0.037839029,-0.00366895879,-0.0512041934,-0.0819785669
1766,0.785470486,0.780912817,0.477694243,-0.492136896,0.007008777,-0.0271635,-0.0386045091
1767,0.515198171,0.89809978,0.89212656,0.574265242,0.0735992342,-0.027055677,0.0353928879
1768,1.40188313,-0.336283892,-0.500789821,-0.824395597,-0.0631872565,-0.0524757393,0.0253693294
1769,0.899380445,-0.202531978,-0.661947072,0.391403317,-0.00546260271,-0.0516591854,0.0307600908
1770,0.812653422,-0.429413497,0.69467169,0.325630069,-0.0110857943,0.0593843348,0.0186727773
1771,0.958545744,0.310496181,0.888375461,0.329261094,0.0708179921,-0.0700171366,-0.0579277351
1772,0.732027531,0.914443314,-0.118692786,0.764819622,0.0951759145,0.0253949445,-0.0561039895
1773,1.04897094,0.710095584,0.232353866,-0.97377187,-0.0426444039,-0.0149694961,-0.0447979756
1774,1.09665668,-0.719849408,0.0392256267,0.685127556,-0.0991041288,0.0233992748,-0.0749375075
1775,0.733429134,-0.429182678,-0.43396917,-0.238688454,-0.037290249,0.0789926797,-0.0225132797
1776,1.12073064,0.588697255,0.136173233,-0.900364935,-0.0345831737,-0.0819951743,-0.0969854146
1777,1.24090207,0.892502308,-0.724958181,0.488063484,0.0163402185,-0.0883120149,0.0422001071
1778,1.4806844,-0.953181803,0.403974652,0.924206853,0.0568064936,-0.0713879615,0.0358588845
1779,0.920907617,-0.329197943,-0.203135625,0.841832459,0.0913186967,-0.0287397243,-0.060935948
1780,0.795509398,0.638770819,0.888269067,0.433409452,0.0521401837,0.0818447992,0.0736299604
1781,1.44054425,0.975955844,0.982554257,0.402220696,0.0776564479,-3.41414197e-05,-0.0864111856
1782,0.541316569,-0.631339431,0.161528647,-0.290094018,-0.0612917878,0.0462628566,0.0526108295
1783,0.814668596,-0.15126659,0.520198166,-0.136268973,-0.0893181264,0.069805555,0.0816267952
1784,0.899656177,-0.348998725,-0.426822603,0.0596314259,0.00645730458,-0.0346177071,0.0249527115
1785,0.993184566,-0.0193666369,0.537998617,0.304140836,0.034682855,0.0965271965,-0.0162614714
1786,1.32206333,0.41359818,0.232751921,-0.0540262051,-0.0878120884,0.0519629829,0.0159427207
1787,1.05419981,-0.387753665,-0.120722413,0.862816691,0.00745081296,0.0165931955,0.0143518001
1788,0.611266077,0.207543746,0.535344541,0.130513117,-0.0758039057,-0.0200070255,-0.0110270567
1789,0.713153541,-0.0590928681,0.0641901121,0.714656711,-0.0796450526,-0.0424006023,-0.0243076533
1790,1.04324007,-0.457246214,0.142385751,-0.0497131832,0.00254668528,0.0986432433,0.0984064713
1791,0.9424932,0.0194528643,-0.0160184875,0.664590716,0.00543500995,-0.0180514697,-0.0819213092
1792,0.614478827,0.536040366,-0.191059232,0.775830805,-0.0851504356,-0.0813410729,0.0356991477
1793,1.1383481,-0.349643588,-0.0631497502,0.865880966,-0.0384857245,-0.098344937,0.0849337131
1794,0.631027579,-0.150269568,-0.520193219,0.81750983,0.0182680022,-0.0472020879,-0.0991362482
1795,0.797538817,0.297031313,0.454072863,0.340698659,-0.0578618199,0.0549744181,-0.0896226689
1796,1.33779478,0.272213846,0.0180933438,0.656653225,-0.0126693575,0.039329078,-0.0878158361
1797,0.803627908,0.341737926,-0.244271681,0.459522307,0.0361965485,-0.0386817195,-0.0851621777
1798,1.27088404,0.642552972,-0.364301592,0.121959604,-0.0119449859,-0.00461016688,0.0451430231
1799,1.31417513,0.287131459,0.214157626,-0.850770772,0.0679577217,-0.0141562177,-0.0542522967
1800,1.1583662,-0.577586472,0.552549183,-0.638991535,-0.0321334302,-0.0740550309,-0.0941853598
1801,1.45922923,0.152987957,-0.60716033,-0.680178463,-0.0803681985,-0.0141930413,0.0761994198
1802,1.4453299,0.678602278,-0.382864863,-0.110805929,-0.0639252439,-0.0806813464,0.0950075462
1803,0.534531772,-0.959486783,-0.892007589,0.760561109,0.0969844088,-0.0188996401,-0.0564471483
1804,1.10373771,-0.549525023,-0.866495192,-0.947437704,0.0120374132,-0.0441941954,0.0667987987
1805,0.54986608,-0.0420998558,0.43975845,-0.229558259,0.0917905942,-0.0549183674,-0.0174813513
1806,0.934820354,-0.38415888,-0.706963599,-0.348105133,0.096812062,0.0592827536,-0.0884171799
1807,0.601227999,-0.176940739,-0.693172216,-0.547496796,-0.0607453994,0.0375090986,-0.00183188624
1808,0.593385518,-0.763892591,0.110065132,-0.250006139,-0.0479203686,-0.0441459119,0.0402454883
1809,0.912121773,0.285750568,-0.804952264,0.0237437766,0.0852185488,-0.0872688964,-0.0669606254
1810,1.17805111,0.311504781,0.0366719514,-0.867646515,0.0721604824,0.0741961077,0.0692392066
1811,1.45271158,0.227321863,-0.717617989,0.254065722,0.0986117795,-0.0799667835,-0.00676068245
1812,0.766367018,0.493702531,0.936749637,0.661205173,-0.0907327607,-0.0842914656,-0.0260694064
1813,0.785508513,-0.777154326,-0.164071977,0.494077832,0.0489665009,0.095608592,-0.0721996352
1814,1.33337295,-0.198612094,0.98734355,0.987170875,-0.0586797111,-0.0385950953,0.0528854206
1815,0.681723833,-0.107892022,-0.239333406,-0.244840592,-0.0940913409,-0.0728775039,0.00466716709
1816,0.82414031,-0.670773983,0.18766059,-0.141340792,-0.00231652358,0.0205685385,0.0968213379
1817,1.37215567,0.463667005,0.531029284,-0.993719339,0.0636858791,0.00273200893,-0.0796896815
1818,1.22348523,0.792387307,0.728013515,0.119638346,0.0313492082,-0.0736114606,0.0840949714
1819,1.42306364,0.765726984,0.746809959,-0.306853145,-0.0325527228,0.0670979545,0.0461531281
1820,1.30113685,-0.989262342,-0.0826299936,-0.64246279,-0.0346734039,-0.0854971707,0.0290597212
1821,0.604452968,0.421273619,0.102267407,-0.228150502,-0.0144658694,0.0367068537,0.0488645695
1822,0.762251139,-0.710617542,-0.332919866,0.608448386,-0.0755414739,-0.032968577,-0.00486182049
1823,1.42265499,-0.651154637,-0.147918984,0.626511812,0.0202046074,-0.0852479339,-0.0108645801
1824,0.945893466,0.884111702,-0.478763282,0.927724183,-0.0139226429,-0.0119772144,0.00173224846
1825,1.15529215,0.338308036,0.765937746,0.858183622,0.0891815647,-0.0537627488,0.0753528178
1826,0.568608761,0.00951015204,0.722686708,-0.00282408926,-0.0713231489,0.0105824349,0.0821266025
1827,1.40776348,-0.111977518,0.162268981,0.812211633,0.0583395213,0.0208825562,-0.0138831828
1828,1.18035877,-0.114304796,0.0332393348,0.277577043,0.0781301111,0.0392360948,0.0749209821
1829,1.21160734,0.994477332,0.602612138,-0.674255133,0.0190267004,0.0690222755,0.0790113583
1830,1.03732502,-0.000792603416,0.572582364,-0.230230749,0.0252175275,0.0672371387,-0.0152125573
1831,0.843040764,0.902595222,0.100923575,0.235729665,-0.0043495344,0.0912479311,-0.0929645747
1832,0.553070664,0.081639871,0.859904051,-0.999385297,0.0125809377,0.048707772,0.0826123729
1833,0.933853686,-0.573486269,-0.598384857,-0.908693492,0.0751693919,-0.0928731635,-0.0393015742
1834,0.775803983,0.890695453,0.387717694,-0.794096947,0.0361135677,0.0877344757,-0.0266315229
1835,0.999424577,0.0191470776,0.831100941,0.482388765,0.0466465279,-0.0758638382,0.0213195328
1836,0.800115407,0.871540248,-0.447391272,-0.799811184,-0.0911727473,-0.0506882854,0.0849567801
1837,1.01098907,-0.860676646,-0.806209207,-0.276362509,-0.0948423669,-0.0549683981,-0.0478361398
1838,0.778490126,0.244120389,-0.122867294,-0.611078203,-0.0556011535,0.0347257443,-0.0995760262
1839,1.07707942,-0.341629386,-0.343634725,0.161697224,0.0383357406,-0.0732059106,0.0221890751
1840,1.17639065,-0.228748038,-0.677698851,0.343842119,0.0181271639,-0.0711263642,-0.0155344661
1841,1.27507222,-0.119123109,-0.201624319,0.631532133,0.0759094134,-0.0899293572,0.0402616113
1842,1.25707555,0.978994012,-0.950857103,-0.858188212,-0.0264466405,-0.035795562,-0.0237111449
1843,0.931324422,-0.379638851,0.142830357,-0.776933014,0.0326388888,-0.0365389735,0.0433097184
1844,0.779156029,-0.00299228844,0.15332517,-0.764809191,0.0323034786,-0.00923981331,0.01055614
1845,1.14014721,-0.462399453,0.429307103,-0.884419441,-0.0202663001,-0.0429286137,-0.088222295
1846,1.21474946,-0.407614142,-0.883011699,0.534846485,-0.0553098917,-0.0673540384,-0.0441473685
1847,0.768936217,0.369532406,-0.0206760615,-0.298161417,0.0522204712,0.0989664495,-0.0787635669
1848,0.953368783,-0.753185272,0.646720588,-0.068541266,0.0164082963,-0.0948233902,0.0613174513
1849,1.312181,0.131698996,0.248380348,-0.0304222461,-0.0709375441,0.0616896451,-0.0233737268
1850,1.46995676,0.618038595,-0.429945529,-0.418001831,0.0871979967,0.0543422103,0.0175556429
1851,1.12171459,0.302713573,0.773943126,-0.387480289,-0.0038118572,0.0488663428,-0.077316381
1852,0.912195802,0.84695363,0.114833027,0.998748422,0.0608262941,0.00863586832,0.0733862743
1853,0.63242203,0.410252869,-0.761648953,0.30028078,-0.0732362866,0.0896736756,0.0241833925
1854,0.934020221,-0.320224136,-0.626287878,-0.305707514,-0.00354760373,-0.0946600214,-0.0802992061
1855,0.736005425,-0.484284371,0.366665125,0.523532152,0.0667456761,-0.00677075936,-0.0596886948
1856,0.598095596,0.662979782,0.202740461,0.261932164,0.0108136386,0.00441745948,-0.0779827237
1857,1.11185753,0.246275097,0.395117015,-0.020625893,-0.0341932699,-0.0142396949,0.0555503108
1858,1.34191132,-0.447166443,0.431320608,-0.804573655,-0.0474805497,0.0806928724,-0.00644714525
1859,1.18320501,0.369876564,-0.924763024,0.493082941,0.05746378,0.0398517139,0.0261617284
1860,0.995778501,0.678049147,0.60094893,-0.585170925,-0.0816338211,0.01289088,0.0246548411
1861,1.35777795,-0.874276936,0.533719897,-0.902588904,-0.0910475031,0.0939626992,-0.0279160235
1862,0.664826095,0.257614493,-0.103040874,0.27426362,-0.0299569033,0.0358529538,-0.061744567
1863,0.760787368,0.311801225,0.65155679,-0.519116521,-0.0180234928,-0.0741110146,0.0888097659
1864,0.589343369,-0.446822762,-0.498993576,-0.0539082661,-0.0849050656,-0.0357300229,-0.0193378627
1865,0.8432917,-0.704815209,-0.481914073,0.894388318,-0.0103520975,-0.0607107356,0.0939701945
1866,0.502644897,-0.879011691,0.206983969,0.0841226652,-0.0323615558,-0.0063692173,-0.00120372698
1867,1.02445066,0.36293143,0.697737932,0.148982286,0.0261713974,-0.0488093421,-0.0540916361
1868,0.634563148,0.767387927,0.0241490901,-0.209096223,0.096041508,0.0733664036,-0.0508061461
1869,0.912562013,0.58418107,-0.634865463,-0.420755595,0.00280009932,-0.0444340892,-0.0983944982
1870,1.02522087,0.413062602,0.675923049,-0.223559812,0.0895021111,-0.0918634087,0.0391903967
1871,0.749549806,0.950374186,-0.28706345,0.0864355788,0.00553504564,-0.0580815598,0.010613665
1872,1.10953414,-0.670118988,-0.916049838,0.921224892,-0.0526537411,-0.0187219959,-0.0469518267
1873,1.49030173,-0.932991803,0.0114899054,-0.625308335,0.0749068707,-0.0319195725,0.0619894937
1874,0.82148391,-0.156798854,-0.671967447,0.753883004,0.00558089791,-0.0825546309,-0.0220704097
1875,1.44380033,0.587958217,-0.662777424,0.00657340512,0.0759384707,0.0564347804,-0.0184311494
1876,0.984500706,-0.449649453,-0.776482463,-0.828734457,-0.0821490362,-0.00660738209,-0.0407377221
1877,1.18108642,0.094225049,0.157819182,-0.101436689,0.0415779203,0.0926777944,-0.0413607024
1878,0.864289761,0.637010098,-0.663693488,0.0620421171,0.0987141952,-0.0620507114,-0.00852438621
1879,1.24281871,0.0800977722,-0.151916489,0.3842915,0.0122298207,-0.082427375,0.0951231122
1880,0.727966368,-0.930676579,0.904858887,-0.819618404,-0.023975879,0.0023282459,0.00468689343
1881,1.43520713,-0.605411351,-0.464617342,-0.998628199,-0.0779061839,0.0244256258,-0.0696788877
1882,1.16443694,0.152005762,-0.909053743,0.373036921,0.0693334788,-0.00893543661,0.0207128245
1883,0.513854742,-0.835218608,-0.912356079,-0.508666575,-0.0254711621,-0.000317940023,-0.0281505343
1884,0.743670106,0.691475391,0.0558471791,-0.368540555,0.0452723131,0.0764882565,0.0802061334
1885,0.848676026,0.156095833,0.226538062,0.582009971,0.0119052483,0.0972427279,0.0417579748
1886,1.10802531,-0.234953254,0.476543844,0.671835661,-0.0447488986,-0.0577385426,-0.0260279831
1887,0.723620355,0.206948936,0.592329621,0.277631849,-0.010344441,0.0661606491,0.00675070984
1888,0.53341341,-0.500854015,-0.736764133,0.184332445,-0.0087774843,-0.0635448247,0.0777508318
1889,1.06425655,-0.6779567,0.111625649,-0.410880715,-0.0498208292,0.000887791219,-0.0529552922
1890,1.45062315,-0.990559757,-0.940908253,-0.152588844,0.035882283,-0.0646603703,0.021975996
1891,0.855157971,0.468925297,-0.0610856041,-0.956602097,-0.0279548671,-0.074569799,0.0636019409
1892,0.790731847,-0.778070986,-0.983018994,0.139468819,-0.0127973128,0.0262534004,-0.0472301766
1893,1.28778648,0.220698416,-0.315538943,0.713540137,0.0762049705,-0.0163321737,-0.0970069766
1894,0.758631468,0.317261666,0.729329944,0.739251018,-0.0195190329,0.0979989767,0.0854900852
1895,0.68424499,-0.11403387,0.121467069,-0.961290419,0.0357018858,-0.00478613563,0.0117228329
1896,0.841367185,-0.0522300825,-0.578422844,0.693529248,-0.0936314911,0.0555953905,0.0462612323
1897,1.20047152,0.244352385,-0.727680981,-0.670572758,-0.00105391291,-0.0166404713,0.0420058183
1898,1.06734705,0.304507345,-0.0412948728,-0.451035947,-0.0885129273,-0.090786241,-0.0552049093
1899,1.39212859,-0.085212715,-0.777445853,-0.0135633852,-0.0773767084,0.0837618262,0.0550112091
1900,0.614323258,-0.379468113,0.416890919,-0.896007478,-0.0369508788,-0.0718069822,-0.0839632526
1901,0.934814334,-0.841605067,0.10479407,0.668524444,-0.0304004829,-0.0880297497,0.0334200524
1902,0.506903768,0.697935045,0.139862433,-0.8565889,0.0654327869,-0.0613472983,-0.0237498563
1903,1.1425097,0.410486042,-0.754295707,-0.314362407,-0.0124387639,0.0554171354,0.00102361816
1904,0.608255744,0.16876471,-0.692974627,-0.774217248,0.00255472469,0.00689255167,0.036995586
1905,0.676684082,0.350624353,-0.12555784,0.991990507,0.000767458754,-0.0528227724,0.0537943244
1906,0.651611984,-0.242762372,0.261090755,0.549526811,0.091522269,-0.0126677435,0.0488240048
1907,0.849602103,0.0274357777,0.352863282,-0.270464242,-0.081627354,0.0406717397,-0.0112566138
1908,0.768308878,0.274613708,-0.780071139,0.70372653,0.0312834904,0.0125659676,-0.0715495571
1909,0.857103884,0.172093928,-0.945120633,0.645178199,-0.0659335628,-0.0138835199,-0.0707150772
1910,0.949852705,0.0547675937,0.477163732,0.879365981,0.0656494647,0.0547202565,0.0352317281
1911,0.665129006,0.358898729,-0.577368081,-0.925061882,0.0474622436,-0.034230113,-0.0263966545
1912,1.22940886,0.675675929,0.0977754593,-0.668934703,-0.0493702777,0.0900512412,-0.00277670147
1913,1.04088259,-0.22686474,0.0476148985,0.229570985,0.0499034449,-0.012711932,-0.0956948996
1914,1.03972054,0.289747983,-0.953283191,0.189163059,0.0196020715,-0.0988214016,0.01241777
1915,1.02804089,-0.198275551,-0.556106567,0.751597703,-0.0378104299,0.0470279604,0.00655036326
1916,0.662354469,0.466922164,0.9239645,0.499740422,0.01421188,-0.0719418824,-0.0771049932
1917,0.738788188,0.781173885,0.372964084,0.0363206491,0.00447105663,0.0790659562,0.0731126964
1918,1.05054998,-0.422477722,-0.265322596,-0.406020969,-0.0513555333,-0.0621008165,-0.0442688279
1919,1.34169936,0.900657117,-0.00461288774,-0.787217438,-0.0894141868,-0.040262457,-0.0290476866
1920,1.42171884,0.727190495,0.11074698,-0.912946761,0.0908453315,0.0475414656,0.0883966461
1921,1.40681279,0.631796539,0.544309556,0.371658713,0.0433813855,-0.0985989943,-0.0402102321
1922,1.24052727,0.566743672,0.650251985,-0.109817304,-0.0601466075,0.0317701139,-0.0912412852
1923,1.09549081,-0.393505007,0.297394186,-0.521022797,-0.0462668389,-0.0452008434,-0.00868151803
1924,1.20166039,-0.873701692,-0.585066378,-0.542068362,0.0800378174,-0.04240188,0.00838206243
1925,1.18296599,0.293303251,0.275839239,-0.0198848546,-0.0134119522,-0.0858426094,-0.0382037759
1926,0.595843732,0.888599575,0.0625961348,-0.516051769,0.0724575669,0.0575621948,0.00643971423
1927,1.20257306,-0.996674597,-0.11564824,0.544395924,0.0234928634,0.0288802627,-0.00514011551
1928,1.46351445,-0.958934009,0.945441127,0.833346426,-0.0716637522,-0.0777142718,0.0460974127
1929,0.735767961,0.732248783,-0.114247859,0.669571996,-0.0278073326,-0.0490730889,-0.0447844528
1930,1.42308974,-0.214210123,-0.340153217,-0.314441532,-0.0269003846,0.014692802,0.0677487776
1931,0.675172925,-0.260657549,0.626885772,-0.126878247,0.0279525556,0.031536907,-0.0549605079
1932,1.40169477,0.0693925768,0.993770182,0.589558661,-0.0511316732,0.0599835403,0.0697635859
1933,1.03506279,-0.13402693,-0.904177129,0.548708081,0.0857019424,-0.077057831,-0.0714908987
1934,1.1928128,-0.346344382,-0.0550606288,-0.774255037,0.050552506,-0.0739154965,0.0871275887
1935,1.08776462,-0.784945726,-0.111365005,0.912829876,0.0851691589,-0.00773908757,0.00512469606
1936,0.913381696,-0.703954279,0.537825823,0.817072213,-0.085833922,0.073044613,-0.017748883
1937,1.15087545,0.420349509,0.134531379,-0.388712138,-0.075830251,0.0728493705,0.0918595269
1938,0.603686988,0.677109957,0.539124846,0.0588112734,0.0566334724,0.0504874811,0.0426130481
1939,1.34789622,0.688987136,0.470109463,-0.438944429,-0.082244806,-0.0687516704,-0.0702275708
1940,0.626470804,-0.184324011,0.975421786,-0.648726106,-0.0792638808,0.0789647996,-0.0399185941
1941,1.45719504,0.579579353,0.72928077,0.865722299,-0.0575036444,0.0170256216,0.0429713279
1942,0.578381896,0.938607097,0.0243822765,-0.818112373,0.0176444724,0.0848508999,0.074124068
1943,0.809412301,0.336825609,0.480747998,0.32313931,0.0986007154,-0.0784122124,0.0603423901
1944,0.909458101,-0.234553069,-0.843081594,0.86969769,-0.0707888156,0.00738050323,-0.0401294418
1945,0.78429687,-0.741923511,-0.012989426,0.732334495,0.0559501164,0.0610301755,0.0920173675
1946,1.39570618,-0.144608378,0.275978029,0.266099513,0.00191404275,0.0692235082,-0.0357160307
1947,1.19516003,-0.856140316,-0.683568537,-0.88323468,0.00128333294,-0.0959612578,0.0247243103
1948,0.974945366,0.414840966,0.30314371,-0.592684865,0.0836700872,0.0937322825,0.0766707137
1949,0.972944975,0.967213213,0.355406195,-0.708128095,-0.0620770119,-0.0106657511,0.0800844505
1950,0.798684597,0.650280893,0.660621643,0.259658962,0.087663576,0.0024898129,-0.0662555248
1951,0.933095813,0.510222673,-0.943370461,0.349180996,0.0169684272,0.0689024031,-0.061367251
1952,0.531551123,0.996036172,0.868212581,-0.885185599,-0.0929482356,0.0179700162,-0.0376189202
1953,0.543865979,-0.378537714,-0.256714165,-0.349209428,-0.0685475394,-0.0675848201,-0.0356532186
1954,1.06907141,-0.58171016,0.379980832,0.171203643,0.0712697431,0.0604155734,0.0877267942
1955,0.662432253,-0.77911216,-0.153393775,-0.312557757,-0.0408446603,0.0451318435,-0.0222136378
1956,1.17282391,-0.458780497,-0.908229768,-0.846354127,-0.0730324537,-0.0441657715,-0.0539042391
1957,1.17286944,0.332011014,0.336528182,0.029489262,-0.0790100843,0.0673484653,0.0241038036
1958,0.566338062,0.945162117,0.0265256502,0.0747337118,-0.0223964471,-0.00637015281,0.0369381905
1959,0.804017842,0.389455408,-0.731543303,-0.670368016,0.0201115906,-0.0924043879,-0.00764068915
1960,0.941811621,0.93541652,0.664939225,-0.621174157,-0.00660535507,0.00207526982,0.00567612797
1961,1.05083489,0.413926125,-0.907344043,-0.420703381,0.083645761,0.0470040254,-0.039940618
1962,1.12909639,0.466989279,0.954939544,-0.394942522,0.0107185869,-0.0918697342,0.0341586284
1963,0.509514689,-0.32439512,-0.211161524,0.620322526,-0.0986988917,-0.0716748238,0.082306385
1964,1.29310894,-0.950957358,0.460398644,0.269216418,-0.0433081873,0.0369090028,-0.0886118934
1965,0.737888873,0.660248995,-0.860407352,-0.114635937,-0.00238449499,-0.0512773246,-0.0811903626
1966,0.709951818,-0.580130458,0.756837249,-0.944046438,0.0052265157,-0.0147566888,0.0294418614
1967,1.46110427,-0.911940038,0.535333872,-0.0871880054,0.0734088495,-0.0606629439,0.0199665315
1968,1.10590541,-0.82589525,-0.0189202949,0.671147704,0.0225427542,-0.0494563989,-0.0887485072
1969,0.881332695,0.666914463,-0.39226222,0.97088021,-0.0246507842,0.0793368891,0.0878028721
1970,1.15707529,-0.40141046,0.673666835,0.961939573,0.0880948752,-0.0548467003,0.0989453122
1971,0.917061865,0.896295011,0.251618981,0.221409604,-0.00790766627,-0.0453602411,-0.0240052417
1972,1.43770659,0.9877671,0.105487391,0.0282993987,-0.0156816449,0.00753770163,-0.0406345762
1973,0.737694085,-0.0743829235,-0.2937392,0.59974283,0.0563452877,-0.0484693386,0.0789841488
1974,0.614676178,0.086452283,0.525008142,0.411762983,-0.0369716175,-0.0554108024,-0.0994628742
1975,0.830194294,0.433692843,0.248942241,-0.180648789,-0.0854262412,-0.0183268338,0.0040051816
1976,1.08960903,-0.588278234,0.471681863,0.218052879,-0.0649329573,-0.0784938708,0.0151857659
1977,1.05086112,-0.858634472,-0.877235174,0.115896866,-0.0270488784,0.0134347174,-0.0735513046
1978,1.05853224,-0.73687315,-0.449169189,0.0809383243,0.0233898424,-0.0470573232,0.0090957433
1979,1.36695623,0.975006819,0.926020026,-0.378273904,0.0502179004,0.0946743712,0.0485896543
1980,1.26498973,-0.684963465,0.718652368,0.269025683,0.0408881083,0.0335267298,0.0763507634
1981,1.37989533,0.667631686,0.74300164,-0.117787614,0.0777171627,-0.0822857991,0.0170913152
1982,0.845551074,-0.623762131,0.712946594,0.593828857,0.0164321791,-0.0203741044,-0.0149944741
1983,0.836862028,-0.293125063,-0.302823067,-0.304624438,-0.0635920241,0.00206940784,-0.0532671809
1984,1.28258562,-0.940666497,-0.920005322,-0.067196317,0.0117149297,0.0690136775,-0.0744109601
1985,0.871004164,-0.459727854,0.0115483673,0.297814012,0.0486771166,0.0864505023,-0.0530824699
1986,1.13905215,0.486284226,-0.595694661,-0.403051049,-0.0648696646,-0.0793041438,-0.038601011
1987,1.06104398,0.940007925,0.12750119,0.375987649,0.0446452573,-0.0650730059,-0.0575074628
1988,1.42060685,-0.118887849,-0.846597135,0.566841125,0.0285552517,-0.00932938419,0.025104532
1989,1.0563693,0.452490151,-0.861631155,-0.906271994,-0.0435736589,0.0509990342,-0.0338282362
1990,0.667498529,-0.874347627,-0.549931705,-0.00485282717,0.00845051184,0.0167255774,0.0429818034
1991,1.05852222,-0.932620645,0.904933691,0.652460575,0.0545369424,0.0842941999,-0.0379535332
1992,0.502383828,0.592369378,-0.33024624,0.513915896,-0.0927058831,0.0612884611,-0.030044144
1993,1.34086847,0.723292828,-0.510459185,-0.96880281,-0.0945148543,-0.079154186,0.0727729797
1994,0.777245283,-0.797832847,0.31675455,-0.140492275,0.0288435109,0.0102003496,0.00334335049
1995,0.633230627,0.227828965,0.116310164,-0.453559399,0.0675774515,0.0351985581,0.0262258183
1996,0.830254316,0.419823527,0.0407735743,0.0129411491,-0.045183789,-0.0165642668,0.048634313
1997,1.02470219,0.291443944,-0.0616301447,-0.449763954,0.0567768365,0.0946217403,0.0323528349
1998,0.951916873,0.702738941,0.995237589,-0.858651996,-0.00990393106,0.0846292228,-0.0214249622
1999,0.530554116,-0.645230472,0.634241641,-0.027700156,-0.0520274006,-0.06994728,0.0178500507
2000,1.43269372,0.77499032,-0.17014119,0.405647278,0.091778636,-0.0709261596,0.00118859764
2001,1.4262923,-0.844777644,0.0614912212,0.782161951,-0.0625103116,-0.0162213724,-0.0114880241
2002,1.34886014,0.375830084,0.725603759,-0.375404507,0.0832118019,-0.0328990519,0.0167586152
2003,0.611452878,-0.00311458879,-0.703532875,0.735007405,0.0660140514,-0.028794229,-0.00810049847
2004,0.744434595,-0.230339319,-0.751908064,0.654217064,0.0251061842,0.0205407683,-0.0504771955
2005,1.27040064,-0.908824265,-0.532332361,0.434451997,0.020078849,0.0597420447,-0.0324134119
2006,0.947858155,0.733228028,-0.530599892,0.170264632,-0.0114141684,-0.0939028338,-0.0462499149
2007,1.45622265,0.704141557,-0.391205639,-0.953309417,-0.00464635668,0.0111869602,0.0343148038
2008,0.678291202,0.381425202,0.378657818,-0.0650859624,-0.0202038866,0.0847641081,0.0580434315
2009,0.863211513,-0.753577888,0.819396913,-0.815089166,-0.0683357045,-0.0676181912,0.0685347766
2010,1.16213238,0.715135992,-0.837106586,-0.453038156,-0.0451865382,-0.0111960713,-0.094193846
2011,0.732988417,0.101942845,0.903027713,-0.803391993,-0.0850396156,-0.0449794121,0.00439348537
2012,1.2598809,-0.365451574,0.377457798,-0.452082217,-0.0281312838,-0.0596282259,0.0881467164
2013,0.648680091,-0.534923017,0.856077969,0.474377453,-0.0294607282,0.00387347839,0.0349121764
2014,0.83937633,0.383048117,-0.494123489,-0.898816288,0.0535356626,0.0943303034,0.0939000696
2015,0.687142909,-0.520249367,-0.913081467,-0.948115945,0.0976941586,-0.020737458,0.0705216229
2016,1.13621223,0.592472434,-0.890906394,0.795701802,0.0271446239,-0.0743543208,-0.0505123362
2017,1.21163809,0.712777734,0.0380264521,0.916367352,0.0922795981,-0.0778469965,-0.0324115828
2018,0.966055214,0.364205599,-0.317753285,0.821695387,0.0809470639,-0.0572781377,0.0662330016
2019,1.24276292,0.12758553,0.408657521,-0.03736718,-0.0427135713,-0.0432167239,-0.0859361365
2020,1.33087349,-0.441242307,0.624861002,0.79881072,0.0513930656,-0.0243634712,-0.0819985718
2021,1.14587963,0.109023325,-0.679475844,0.300955623,0.0554318838,0.0647117272,-0.0764195248
2022,0.973950863,0.874650836,-0.687086225,0.526467919,-0.0830815583,-0.0282456856,-0.0806217492
2023,0.937780499,-0.7911731,-0.179590374,0.769664645,-0.0757702664,-0.0842947587,0.0281176567
2024,1.45233583,-0.520546675,0.0419648662,-0.610272586,0.0826603621,0.0511990599,-0.039503634
2025,1.41744387,0.986061156,-0.24428156,-0.183131725,-0.0599738769,0.00317887054,0.0928603932
2026,1.48976362,-0.596369624,0.430507183,0.0174554139,0.074264802,-0.0370160975,0.0756241605
2027,1.06123805,0.265428901,0.219861284,-0.773588002,-0.0947866589,-0.035718888,0.0383277722
2028,1.12325621,0.38898766,0.529767394,-0.694007874,-0.0524628013,-0.00205079187,0.0841514617
2029,0.518054783,-0.698353708,-0.0893943682,0.505783081,-0.0224941727,0.0505123362,0.0503658541
2030,0.600160122,0.908761144,-0.248830169,-0.930543661,0.0100900577,-0.0557746775,0.00997203961
2031,0.964650095,-0.356845498,-0.666889489,-0.0189980231,0.00964539032,-0.0511236563,-0.0688716248
2032,1.04809391,0.73539865,0.139376745,-0.0381406695,-0.0832033306,0.0087552825,-0.0412770957
2033,0.956831932,-0.0756079778,0.824103832,0.0425971895,0.0826136172,-0.0957876071,-0.0739709586
2034,1.41953075,0.52897948,0.694440007,-0.203893796,-0.0491841324,-0.0997648537,-0.031936653
2035,0.814742267,0.772220016,0.204671785,-0.519731581,0.0564461797,-0.0160524286,0.0404849574
2036,1.08831525,-0.59245801,-0.240267381,-0.384458035,0.0500914864,-0.0431943014,-0.0770582184
2037,0.904283047,-0.0322687365,0.769805253,-0.31260559,0.0604450591,-0.0232484974,-0.0643848702
2038,0.85948503,-0.598508239,-0.383842528,-0.76388526,0.078309387,-0.0362237208,0.0904134586
2039,0.588747323,0.170789286,0.417299181,-0.596014082,-0.0175325572,-0.0597311929,-0.05921413
2040,0.834554255,0.0300159436,-0.135360152,0.720839798,0.0715291947,-0.0234419499,-0.0386031605
2041,1.35326004,-0.0663370714,0.946797609,0.0911306888,0.00158161134,0.00609993748,-0.0774320811
2042,1.30178404,0.707786679,-0.0996716395,0.901565135,0.025279494,-0.0138216233,0.0999818966
2043,0.539812028,0.762115896,-0.756572247,-0.860491157,0.0462074764,-0.0730586424,0.0509420894
2044,1.11236,0.0742226467,0.701210558,-0.161413729,0.0278784763,0.0627525076,0.0616293401
2045,1.43210256,0.596324861,-0.984410882,-0.349489033,-0.0380411819,0.0420047417,-0.00103814492
2046,1.12273633,0.932759762,0.984091103,-0.643844366,-0.073079288,-0.0769082233,0.00392647367
2047,0.589136124,-0.5619452,0.432042837,0.521056056,-0.0609872825,0.0198273808,-0.0365210213
