step,time,energy,px,py,pz,lx,ly,lz
0,0,-0.50002499437578141,0,0,0,0,0,0.70705375281792138
1,0.0086781565433861306,-0.50002499437567427,0,0,0,0,0,0.70705375281792149
2,0.017356313086772261,-0.5000249943753543,0,0,0,0,0,0.70705375281792149
3,0.026034469630158392,-0.50002499437482073,0,0,0,0,0,0.70705375281792138
4,0.034712626173544522,-0.50002499437407377,0,0,0,0,0,0.70705375281792138
5,0.043390782716930656,-0.50002499437311376,0,0,0,0,0,0.70705375281792149
6,0.052068939260316784,-0.50002499437194048,0,0,0,0,0,0.7070537528179216
7,0.060747095803702911,-0.50002499437055414,0,0,0,0,0,0.70705375281792149
8,0.069425252347089045,-0.50002499436895564,0,0,0,0,0,0.7070537528179216
9,0.078103408890475179,-0.50002499436714454,0,0,0,0,0,0.7070537528179216
10,0.086781565433861313,-0.50002499436512104,0,0,0,0,0,0.70705375281792171
11,0.095459721977247433,-0.50002499436288583,0,0,0,0,0,0.7070537528179216
12,0.10413787852063357,-0.50002499436043912,0,0,0,0,0,0.70705375281792171
13,0.1128160350640197,-0.50002499435778125,0,0,0,0,0,0.70705375281792171
14,0.12149419160740582,-0.50002499435491266,0,0,0,0,0,0.70705375281792171
15,0.13017234815079196,-0.50002499435183378,0,0,0,0,0,0.70705375281792171
16,0.13885050469417809,-0.50002499434854519,0,0,0,0,0,0.7070537528179216
17,0.14752866123756422,-0.50002499434504677,0,0,0,0,0,0.7070537528179216
18,0.15620681778095036,-0.50002499434134018,0,0,0,0,0,0.7070537528179216
19,0.16488497432433649,-0.50002499433742487,0,0,0,0,0,0.7070537528179216
20,0.17356313086772263,-0.50002499433330194,0,0,0,0,0,0.70705375281792149
21,0.18224128741110873,-0.50002499432897207,0,0,0,0,0,0.70705375281792149
22,0.19091944395449487,-0.5000249943244357,0,0,0,0,0,0.70705375281792149
23,0.199597600497881,-0.50002499431969372,0,0,0,0,0,0.70705375281792149
24,0.20827575704126713,-0.50002499431474656,0,0,0,0,0,0.70705375281792149
25,0.21695391358465327,-0.50002499430959524,0,0,0,0,0,0.70705375281792149
26,0.2256320701280394,-0.5000249943042403,0,0,0,0,0,0.70705375281792149
27,0.23431022667142554,-0.50002499429868297,0,0,0,0,0,0.70705375281792149
28,0.24298838321481164,-0.50002499429292357,0,0,0,0,0,0.70705375281792149
29,0.2516665397581978,-0.50002499428696312,0,0,0,0,0,0.7070537528179216
30,0.26034469630158391,-0.50002499428080283,0,0,0,0,0,0.7070537528179216
31,0.26902285284497007,-0.50002499427444347,0,0,0,0,0,0.70705375281792149
32,0.27770100938835618,-0.50002499426788583,0,0,0,0,0,0.70705375281792149
33,0.28637916593174229,-0.5000249942611309,0,0,0,0,0,0.70705375281792149
34,0.29505732247512845,-0.50002499425417979,0,0,0,0,0,0.70705375281792149
35,0.30373547901851455,-0.50002499424703373,0,0,0,0,0,0.70705375281792149
36,0.31241363556190072,-0.50002499423969349,0,0,0,0,0,0.70705375281792138
37,0.32109179210528682,-0.50002499423216029,0,0,0,0,0,0.70705375281792138
38,0.32976994864867298,-0.50002499422443547,0,0,0,0,0,0.70705375281792138
39,0.33844810519205909,-0.5000249942165198,0,0,0,0,0,0.70705375281792138
40,0.34712626173544525,-0.50002499420841451,0,0,0,0,0,0.70705375281792149
41,0.35580441827883136,-0.50002499420012136,0,0,0,0,0,0.70705375281792149
42,0.36448257482221746,-0.50002499419164126,0,0,0,0,0,0.70705375281792149
43,0.37316073136560363,-0.50002499418297508,0,0,0,0,0,0.70705375281792149
44,0.38183888790898973,-0.50002499417412483,0,0,0,0,0,0.7070537528179216
45,0.39051704445237589,-0.50002499416509094,0,0,0,0,0,0.70705375281792149
46,0.399195200995762,-0.50002499415587609,0,0,0,0,0,0.7070537528179216
47,0.40787335753914816,-0.50002499414648061,0,0,0,0,0,0.7070537528179216
48,0.41655151408253427,-0.50002499413690626,0,0,0,0,0,0.7070537528179216
49,0.42522967062592038,-0.50002499412715462,0,0,0,0,0,0.7070537528179216
50,0.43390782716930654,-0.50002499411722701,0,0,0,0,0,0.7070537528179216
51,0.44258598371269264,-0.50002499410712486,0,0,0,0,0,0.70705375281792149
52,0.45126414025607881,-0.50002499409684975,0,0,0,0,0,0.7070537528179216
53,0.45994229679946491,-0.500024994086403,0,0,0,0,0,0.7070537528179216
54,0.46862045334285107,-0.50002499407578671,0,0,0,0,0,0.7070537528179216
55,0.47729860988623718,-0.50002499406500212,0,0,0,0,0,0.7070537528179216
56,0.48597676642962329,-0.50002499405405099,0,0,0,0,0,0.70705375281792171
57,0.49465492297300945,-0.50002499404293466,0,0,0,0,0,0.70705375281792171
58,0.50333307951639561,-0.50002499403165523,0,0,0,0,0,0.70705375281792171
59,0.51201123605978172,-0.50002499402021439,0,0,0,0,0,0.70705375281792171
60,0.52068939260316782,-0.50002499400861344,0,0,0,0,0,0.70705375281792171
61,0.52936754914655393,-0.50002499399685463,0,0,0,0,0,0.70705375281792171
62,0.53804570568994015,-0.50002499398493949,0,0,0,0,0,0.70705375281792149
63,0.54672386223332625,-0.50002499397286959,0,0,0,0,0,0.7070537528179216
64,0.55540201877671236,-0.50002499396064704,0,0,0,0,0,0.7070537528179216
65,0.56408017532009846,-0.50002499394827382,0,0,0,0,0,0.7070537528179216
66,0.57275833186348457,-0.50002499393575139,0,0,0,0,0,0.7070537528179216
67,0.58143648840687079,-0.50002499392308186,0,0,0,0,0,0.70705375281792171
68,0.59011464495025689,-0.50002499391026722,0,0,0,0,0,0.7070537528179216
69,0.598792801493643,-0.50002499389730892,0,0,0,0,0,0.70705375281792171
70,0.60747095803702911,-0.50002499388421007,0,0,0,0,0,0.70705375281792171
71,0.61614911458041532,-0.50002499387097121,0,0,0,0,0,0.70705375281792171
72,0.62482727112380143,-0.50002499385759547,0,0,0,0,0,0.7070537528179216
73,0.63350542766718754,-0.50002499384408416,0,0,0,0,0,0.70705375281792149
74,0.64218358421057364,-0.5000249938304393,0,0,0,0,0,0.7070537528179216
75,0.65086174075395975,-0.50002499381666332,0,0,0,0,0,0.7070537528179216
76,0.65953989729734597,-0.50002499380275867,0,0,0,0,0,0.70705375281792149
77,0.66821805384073207,-0.50002499378872645,0,0,0,0,0,0.70705375281792149
78,0.67689621038411818,-0.50002499377456922,0,0,0,0,0,0.70705375281792149
79,0.68557436692750429,-0.50002499376028953,0,0,0,0,0,0.7070537528179216
80,0.6942525234708905,-0.50002499374588916,0,0,0,0,0,0.70705375281792149
81,0.70293068001427661,-0.5000249937313701,0,0,0,0,0,0.70705375281792149
82,0.71160883655766272,-0.5000249937167347,0,0,0,0,0,0.7070537528179216
83,0.72028699310104882,-0.50002499370198517,0,0,0,0,0,0.7070537528179216
84,0.72896514964443493,-0.50002499368712416,0,0,0,0,0,0.70705375281792149
85,0.73764330618782115,-0.50002499367215325,0,0,0,0,0,0.70705375281792149
86,0.74632146273120725,-0.50002499365707487,0,0,0,0,0,0.70705375281792149
87,0.75499961927459336,-0.50002499364189168,0,0,0,0,0,0.70705375281792138
88,0.76367777581797947,-0.50002499362660524,0,0,0,0,0,0.70705375281792138
89,0.77235593236136557,-0.50002499361121866,0,0,0,0,0,0.70705375281792138
90,0.78103408890475179,-0.50002499359573394,0,0,0,0,0,0.70705375281792127
91,0.7897122454481379,-0.50002499358015284,0,0,0,0,0,0.70705375281792138
92,0.798390401991524,-0.5000249935644786,0,0,0,0,0,0.70705375281792138
93,0.80706855853491011,-0.50002499354871299,0,0,0,0,0,0.70705375281792127
94,0.81574671507829632,-0.50002499353285867,0,0,0,0,0,0.70705375281792127
95,0.82442487162168243,-0.50002499351691831,0,0,0,0,0,0.70705375281792127
96,0.83310302816506854,-0.50002499350089358,0,0,0,0,0,0.70705375281792138
97,0.84178118470845464,-0.50002499348478735,0,0,0,0,0,0.70705375281792138
98,0.85045934125184075,-0.50002499346860196,0,0,0,0,0,0.70705375281792138
99,0.85913749779522697,-0.50002499345233997,0,0,0,0,0,0.70705375281792138
100,0.86781565433861307,-0.5000249934360036,0,0,0,0,0,0.70705375281792127
101,0.87649381088199918,-0.5000249934195955,0,0,0,0,0,0.70705375281792138
102,0.88517196742538529,-0.50002499340311823,0,0,0,0,0,0.70705375281792138
103,0.8938501239687715,-0.50002499338657413,0,0,0,0,0,0.70705375281792127
104,0.90252828051215761,-0.50002499336996542,0,0,0,0,0,0.70705375281792138
105,0.91120643705554372,-0.50002499335329509,0,0,0,0,0,0.70705375281792127
106,0.91988459359892982,-0.50002499333656514,0,0,0,0,0,0.70705375281792138
107,0.92856275014231593,-0.50002499331977868,0,0,0,0,0,0.70705375281792138
108,0.93724090668570215,-0.50002499330293781,0,0,0,0,0,0.70705375281792138
109,0.94591906322908825,-0.50002499328604511,0,0,0,0,0,0.70705375281792138
110,0.95459721977247436,-0.50002499326910321,0,0,0,0,0,0.70705375281792149
111,0.96327537631586047,-0.50002499325211491,0,0,0,0,0,0.70705375281792149
112,0.97195353285924657,-0.50002499323508265,0,0,0,0,0,0.70705375281792149
113,0.98063168940263279,-0.50002499321800853,0,0,0,0,0,0.70705375281792138
114,0.9893098459460189,-0.50002499320089555,0,0,0,0,0,0.70705375281792149
115,0.997988002489405,-0.50002499318374627,0,0,0,0,0,0.70705375281792149
116,1.0066661590327912,-0.50002499316656324,0,0,0,0,0,0.70705375281792149
117,1.0153443155761772,-0.50002499314934901,0,0,0,0,0,0.70705375281792138
118,1.0240224721195634,-0.50002499313210613,0,0,0,0,0,0.70705375281792138
119,1.0327006286629496,-0.50002499311483728,0,0,0,0,0,0.70705375281792149
120,1.0413787852063356,-0.500024993097545,0,0,0,0,0,0.70705375281792138
121,1.0500569417497219,-0.50002499308023185,0,0,0,0,0,0.70705375281792149
122,1.0587350982931079,-0.5000249930629006,0,0,0,0,0,0.70705375281792138
123,1.0674132548364941,-0.5000249930455537,0,0,0,0,0,0.70705375281792149
124,1.0760914113798803,-0.50002499302819392,0,0,0,0,0,0.70705375281792138
125,1.0847695679232663,-0.50002499301082381,0,0,0,0,0,0.70705375281792149
126,1.0934477244666525,-0.50002499299344605,0,0,0,0,0,0.70705375281792138
127,1.1021258810100385,-0.50002499297606329,0,0,0,0,0,0.70705375281792127
128,1.1108040375534247,-0.50002499295867764,0,0,0,0,0,0.70705375281792127
129,1.1194821940968109,-0.50002499294129221,0,0,0,0,0,0.70705375281792127
130,1.1281603506401969,-0.50002499292390956,0,0,0,0,0,0.70705375281792127
131,1.1368385071835831,-0.50002499290653246,0,0,0,0,0,0.70705375281792138
132,1.1455166637269691,-0.50002499288916324,0,0,0,0,0,0.70705375281792138
133,1.1541948202703554,-0.50002499287180435,0,0,0,0,0,0.70705375281792149
134,1.1628729768137416,-0.50002499285445878,0,0,0,0,0,0.70705375281792149
135,1.1715511333571276,-0.50002499283712931,0,0,0,0,0,0.70705375281792149
136,1.1802292899005138,-0.50002499281981805,0,0,0,0,0,0.70705375281792149
137,1.1889074464438998,-0.50002499280252799,0,0,0,0,0,0.70705375281792138
138,1.197585602987286,-0.50002499278526136,0,0,0,0,0,0.70705375281792149
139,1.2062637595306722,-0.50002499276802126,0,0,0,0,0,0.70705375281792149
140,1.2149419160740582,-0.5000249927508098,0,0,0,0,0,0.70705375281792138
141,1.2236200726174444,-0.50002499273362999,0,0,0,0,0,0.70705375281792149
142,1.2322982291608306,-0.50002499271648393,0,0,0,0,0,0.70705375281792149
143,1.2409763857042166,-0.5000249926993745,0,0,0,0,0,0.70705375281792149
144,1.2496545422476029,-0.50002499268230438,0,0,0,0,0,0.70705375281792149
145,1.2583326987909889,-0.50002499266527578,0,0,0,0,0,0.70705375281792149
146,1.2670108553343751,-0.50002499264829181,0,0,0,0,0,0.70705375281792149
147,1.2756890118777613,-0.50002499263135458,0,0,0,0,0,0.7070537528179216
148,1.2843671684211473,-0.50002499261446687,0,0,0,0,0,0.70705375281792149
149,1.2930453249645335,-0.50002499259763078,0,0,0,0,0,0.7070537528179216
150,1.3017234815079195,-0.50002499258084976,0,0,0,0,0,0.7070537528179216
151,1.3104016380513057,-0.50002499256412536,0,0,0,0,0,0.70705375281792149
152,1.3190797945946919,-0.50002499254746069,0,0,0,0,0,0.70705375281792149
153,1.3277579511380779,-0.50002499253085819,0,0,0,0,0,0.7070537528179216
154,1.3364361076814641,-0.50002499251431998,0,0,0,0,0,0.7070537528179216
155,1.3451142642248501,-0.50002499249784904,0,0,0,0,0,0.7070537528179216
156,1.3537924207682364,-0.50002499248144738,0,0,0,0,0,0.70705375281792171
157,1.3624705773116226,-0.50002499246511789,0,0,0,0,0,0.70705375281792171
158,1.3711487338550086,-0.50002499244886278,0,0,0,0,0,0.7070537528179216
159,1.3798268903983948,-0.50002499243268472,0,0,0,0,0,0.7070537528179216
160,1.388505046941781,-0.50002499241658571,0,0,0,0,0,0.7070537528179216
161,1.397183203485167,-0.50002499240056908,0,0,0,0,0,0.70705375281792149
162,1.4058613600285532,-0.50002499238463605,0,0,0,0,0,0.7070537528179216
163,1.4145395165719392,-0.50002499236878994,0,0,0,0,0,0.7070537528179216
164,1.4232176731153254,-0.50002499235303244,0,0,0,0,0,0.7070537528179216
165,1.4318958296587116,-0.50002499233736641,0,0,0,0,0,0.7070537528179216
166,1.4405739862020976,-0.50002499232179431,0,0,0,0,0,0.70705375281792149
167,1.4492521427454839,-0.50002499230631803,0,0,0,0,0,0.70705375281792149
168,1.4579302992888699,-0.50002499229094011,0,0,0,0,0,0.7070537528179216
169,1.4666084558322561,-0.50002499227566299,0,0,0,0,0,0.7070537528179216
170,1.4752866123756423,-0.50002499226048891,0,0,0,0,0,0.70705375281792149
171,1.4839647689190283,-0.50002499224541996,0,0,0,0,0,0.70705375281792149
172,1.4926429254624145,-0.5000249922304586,0,0,0,0,0,0.70705375281792149
173,1.5013210820058005,-0.50002499221560703,0,0,0,0,0,0.70705375281792149
174,1.5099992385491867,-0.50002499220086749,0,0,0,0,0,0.70705375281792138
175,1.5186773950925729,-0.5000249921862423,0,0,0,0,0,0.70705375281792138
176,1.5273555516359589,-0.50002499217173368,0,0,0,0,0,0.70705375281792127
177,1.5360337081793451,-0.5000249921573432,0,0,0,0,0,0.70705375281792138
178,1.5447118647227311,-0.50002499214307383,0,0,0,0,0,0.70705375281792138
179,1.5533900212661174,-0.50002499212892737,0,0,0,0,0,0.70705375281792127
180,1.5620681778095036,-0.50002499211490614,0,0,0,0,0,0.70705375281792127
181,1.5707463343528896,-0.50002499210101181,0,0,0,0,0,0.70705375281792127
182,1.5794244908962758,-0.50002499208724693,0,0,0,0,0,0.70705375281792127
183,1.588102647439662,-0.50002499207361317,0,0,0,0,0,0.70705375281792127
184,1.596780803983048,-0.50002499206011297,0,0,0,0,0,0.70705375281792138
185,1.6054589605264342,-0.50002499204674833,0,0,0,0,0,0.70705375281792127
186,1.6141371170698202,-0.50002499203352069,0,0,0,0,0,0.70705375281792127
187,1.6228152736132064,-0.50002499202043305,0,0,0,0,0,0.70705375281792138
188,1.6314934301565926,-0.50002499200748629,0,0,0,0,0,0.70705375281792149
189,1.6401715866999786,-0.50002499199468331,0,0,0,0,0,0.70705375281792149
190,1.6488497432433649,-0.50002499198202566,0,0,0,0,0,0.70705375281792149
191,1.6575278997867509,-0.50002499196951489,0,0,0,0,0,0.70705375281792149
192,1.6662060563301371,-0.50002499195715333,0,0,0,0,0,0.70705375281792149
193,1.6748842128735233,-0.50002499194494265,0,0,0,0,0,0.70705375281792149
194,1.6835623694169093,-0.50002499193288497,0,0,0,0,0,0.70705375281792149
195,1.6922405259602955,-0.5000249919209816,0,0,0,0,0,0.70705375281792149
196,1.7009186825036815,-0.50002499190923477,0,0,0,0,0,0.70705375281792149
197,1.7095968390470677,-0.50002499189764604,0,0,0,0,0,0.70705375281792149
198,1.7182749955904539,-0.50002499188621741,0,0,0,0,0,0.70705375281792138
199,1.7269531521338399,-0.50002499187494998,0,0,0,0,0,0.70705375281792138
200,1.7356313086772261,-0.5000249918638463,0,0,0,0,0,0.70705375281792138
201,1.7443094652206121,-0.50002499185290727,0,0,0,0,0,0.70705375281792127
202,1.7529876217639984,-0.50002499184213478,0,0,0,0,0,0.70705375281792127
203,1.7616657783073846,-0.50002499183153093,0,0,0,0,0,0.70705375281792127
204,1.7703439348507706,-0.50002499182109639,0,0,0,0,0,0.70705375281792138
205,1.7790220913941568,-0.50002499181083382,0,0,0,0,0,0.70705375281792138
206,1.787700247937543,-0.50002499180074389,0,0,0,0,0,0.70705375281792127
207,1.796378404480929,-0.50002499179082827,0,0,0,0,0,0.70705375281792127
208,1.8050565610243152,-0.50002499178108906,0,0,0,0,0,0.70705375281792127
209,1.8137347175677012,-0.50002499177152693,0,0,0,0,0,0.70705375281792127
210,1.8224128741110874,-0.50002499176214399,0,0,0,0,0,0.70705375281792138
211,1.8310910306544737,-0.50002499175294102,0,0,0,0,0,0.70705375281792138
212,1.8397691871978596,-0.50002499174391968,0,0,0,0,0,0.70705375281792149
213,1.8484473437412459,-0.50002499173508141,0,0,0,0,0,0.70705375281792149
214,1.8571255002846319,-0.50002499172642789,0,0,0,0,0,0.70705375281792138
215,1.8658036568280181,-0.50002499171795933,0,0,0,0,0,0.70705375281792149
216,1.8744818133714043,-0.50002499170967818,0,0,0,0,0,0.70705375281792149
217,1.8831599699147903,-0.5000249917015851,0,0,0,0,0,0.70705375281792138
218,1.8918381264581765,-0.50002499169368164,0,0,0,0,0,0.70705375281792138
219,1.9005162830015625,-0.5000249916859687,0,0,0,0,0,0.70705375281792149
220,1.9091944395449487,-0.50002499167844738,0,0,0,0,0,0.70705375281792138
221,1.9178725960883349,-0.50002499167111902,0,0,0,0,0,0.70705375281792138
222,1.9265507526317209,-0.50002499166398451,0,0,0,0,0,0.70705375281792149
223,1.9352289091751071,-0.50002499165704517,0,0,0,0,0,0.70705375281792138
224,1.9439070657184931,-0.50002499165030168,0,0,0,0,0,0.70705375281792149
225,1.9525852222618794,-0.50002499164375547,0,0,0,0,0,0.70705375281792149
226,1.9612633788052656,-0.50002499163740732,0,0,0,0,0,0.70705375281792149
227,1.9699415353486516,-0.50002499163125835,0,0,0,0,0,0.7070537528179216
228,1.9786196918920378,-0.50002499162530945,0,0,0,0,0,0.70705375281792149
229,1.987297848435424,-0.50002499161956115,0,0,0,0,0,0.70705375281792149
230,1.99597600497881,-0.5000249916140147,0,0,0,0,0,0.7070537528179216
231,2.004654161522196,-0.50002499160867098,0,0,0,0,0,0.70705375281792149
232,2.0133323180655824,-0.50002499160353042,0,0,0,0,0,0.70705375281792149
233,2.0220104746089684,-0.50002499159859437,0,0,0,0,0,0.70705375281792138
234,2.0306886311523544,-0.50002499159386293,0,0,0,0,0,0.70705375281792149
235,2.0393667876957409,-0.50002499158933711,0,0,0,0,0,0.70705375281792138
236,2.0480449442391269,-0.50002499158501756,0,0,0,0,0,0.70705375281792138
237,2.0567231007825129,-0.50002499158090485,0,0,0,0,0,0.70705375281792149
238,2.0654012573258993,-0.50002499157699998,0,0,0,0,0,0.70705375281792149
239,2.0740794138692853,-0.50002499157330305,0,0,0,0,0,0.70705375281792127
240,2.0827575704126713,-0.50002499156981495,0,0,0,0,0,0.70705375281792138
241,2.0914357269560573,-0.50002499156653613,0,0,0,0,0,0.70705375281792127
242,2.1001138834994437,-0.50002499156346669,0,0,0,0,0,0.70705375281792138
243,2.1087920400428297,-0.50002499156060765,0,0,0,0,0,0.70705375281792138
244,2.1174701965862157,-0.50002499155795932,0,0,0,0,0,0.70705375281792138
245,2.1261483531296022,-0.50002499155552171,0,0,0,0,0,0.70705375281792127
246,2.1348265096729881,-0.50002499155329572,0,0,0,0,0,0.70705375281792127
247,2.1435046662163741,-0.50002499155128133,0,0,0,0,0,0.70705375281792138
248,2.1521828227597606,-0.5000249915494791,0,0,0,0,0,0.70705375281792127
249,2.1608609793031466,-0.50002499154788915,0,0,0,0,0,0.70705375281792127
250,2.1695391358465326,-0.50002499154651148,0,0,0,0,0,0.70705375281792127
251,2.1782172923899186,-0.50002499154534685,0,0,0,0,0,0.70705375281792127
252,2.186895448933305,-0.50002499154439484,0,0,0,0,0,0.70705375281792127
253,2.195573605476691,-0.50002499154365587,0,0,0,0,0,0.70705375281792138
254,2.204251762020077,-0.50002499154313007,0,0,0,0,0,0.70705375281792138
255,2.2129299185634634,-0.50002499154281788,0,0,0,0,0,0.70705375281792127
256,2.2216080751068494,-0.50002499154271873,0,0,0,0,0,0.70705375281792138
257,2.2302862316502354,-0.50002499154283298,0,0,0,0,0,0.70705375281792138
258,2.2389643881936219,-0.50002499154316005,0,0,0,0,0,0.70705375281792138
259,2.2476425447370079,-0.50002499154370095,0,0,0,0,0,0.70705375281792138
260,2.2563207012803939,-0.50002499154445457,0,0,0,0,0,0.70705375281792149
261,2.2649988578237803,-0.50002499154542146,0,0,0,0,0,0.70705375281792149
262,2.2736770143671663,-0.50002499154660107,0,0,0,0,0,0.70705375281792149
263,2.2823551709105523,-0.50002499154799374,0,0,0,0,0,0.70705375281792149
264,2.2910333274539383,-0.50002499154959845,0,0,0,0,0,0.7070537528179216
265,2.2997114839973247,-0.50002499155141589,0,0,0,0,0,0.70705375281792149
266,2.3083896405407107,-0.50002499155344526,0,0,0,0,0,0.70705375281792149
267,2.3170677970840967,-0.50002499155568625,0,0,0,0,0,0.70705375281792149
268,2.3257459536274832,-0.50002499155813851,0,0,0,0,0,0.70705375281792138
269,2.3344241101708691,-0.50002499156080149,0,0,0,0,0,0.70705375281792149
270,2.3431022667142551,-0.50002499156367586,0,0,0,0,0,0.70705375281792138
271,2.3517804232576416,-0.5000249915667595,0,0,0,0,0,0.70705375281792149
272,2.3604585798010276,-0.5000249915700532,0,0,0,0,0,0.70705375281792149
273,2.3691367363444136,-0.50002499157355618,0,0,0,0,0,0.70705375281792149
274,2.3778148928877996,-0.50002499157726765,0,0,0,0,0,0.70705375281792149
275,2.386493049431186,-0.50002499158118718,0,0,0,0,0,0.7070537528179216
276,2.395171205974572,-0.50002499158531444,0,0,0,0,0,0.7070537528179216
277,2.403849362517958,-0.50002499158964853,0,0,0,0,0,0.70705375281792149
278,2.4125275190613444,-0.50002499159418878,0,0,0,0,0,0.7070537528179216
279,2.4212056756047304,-0.50002499159893454,0,0,0,0,0,0.7070537528179216
280,2.4298838321481164,-0.50002499160388547,0,0,0,0,0,0.70705375281792149
281,2.4385619886915029,-0.50002499160904013,0,0,0,0,0,0.70705375281792149
282,2.4472401452348889,-0.50002499161439828,0,0,0,0,0,0.70705375281792149
283,2.4559183017782749,-0.50002499161995906,0,0,0,0,0,0.70705375281792149
284,2.4645964583216613,-0.50002499162572134,0,0,0,0,0,0.70705375281792149
285,2.4732746148650473,-0.50002499163168435,0,0,0,0,0,0.70705375281792149
286,2.4819527714084333,-0.50002499163784764,0,0,0,0,0,0.70705375281792138
287,2.4906309279518193,-0.50002499164420966,0,0,0,0,0,0.70705375281792149
288,2.4993090844952057,-0.50002499165076941,0,0,0,0,0,0.70705375281792149
289,2.5079872410385917,-0.50002499165752656,0,0,0,0,0,0.70705375281792149
290,2.5166653975819777,-0.50002499166447967,0,0,0,0,0,0.7070537528179216
291,2.5253435541253642,-0.50002499167162795,0,0,0,0,0,0.70705375281792149
292,2.5340217106687501,-0.50002499167896985,0,0,0,0,0,0.7070537528179216
293,2.5426998672121361,-0.50002499168650472,0,0,0,0,0,0.7070537528179216
294,2.5513780237555226,-0.50002499169423098,0,0,0,0,0,0.70705375281792171
295,2.5600561802989086,-0.50002499170214798,0,0,0,0,0,0.70705375281792171
296,2.5687343368422946,-0.50002499171025416,0,0,0,0,0,0.70705375281792171
297,2.5774124933856806,-0.50002499171854864,0,0,0,0,0,0.70705375281792171
298,2.586090649929067,-0.50002499172702974,0,0,0,0,0,0.70705375281792171
299,2.594768806472453,-0.5000249917356967,0,0,0,0,0,0.70705375281792182
300,2.603446963015839,-0.50002499174454762,0,0,0,0,0,0.70705375281792171
301,2.6121251195592254,-0.50002499175358173,0,0,0,0,0,0.70705375281792182
302,2.6208032761026114,-0.50002499176279758,0,0,0,0,0,0.70705375281792171
303,2.6294814326459974,-0.50002499177219328,0,0,0,0,0,0.70705375281792171
304,2.6381595891893839,-0.50002499178176774,0,0,0,0,0,0.70705375281792171
305,2.6468377457327699,-0.5000249917915196,0,0,0,0,0,0.70705375281792171
306,2.6555159022761559,-0.50002499180144733,0,0,0,0,0,0.70705375281792171
307,2.6641940588195423,-0.50002499181154936,0,0,0,0,0,0.70705375281792171
308,2.6728722153629283,-0.50002499182182425,0,0,0,0,0,0.70705375281792171
309,2.6815503719063143,-0.50002499183227078,0,0,0,0,0,0.70705375281792182
310,2.6902285284497003,-0.5000249918428864,0,0,0,0,0,0.70705375281792171
311,2.6989066849930867,-0.50002499185367055,0,0,0,0,0,0.70705375281792171
312,2.7075848415364727,-0.50002499186462113,0,0,0,0,0,0.70705375281792182
313,2.7162629980798587,-0.50002499187573668,0,0,0,0,0,0.70705375281792182
314,2.7249411546232452,-0.50002499188701532,0,0,0,0,0,0.70705375281792171
315,2.7336193111666311,-0.50002499189845528,0,0,0,0,0,0.70705375281792182
316,2.7422974677100171,-0.50002499191005523,0,0,0,0,0,0.70705375281792193
317,2.7509756242534036,-0.50002499192181316,0,0,0,0,0,0.70705375281792193
318,2.7596537807967896,-0.5000249919337274,0,0,0,0,0,0.70705375281792193
319,2.7683319373401756,-0.50002499194579619,0,0,0,0,0,0.70705375281792193
320,2.777010093883562,-0.50002499195801753,0,0,0,0,0,0.70705375281792193
321,2.785688250426948,-0.50002499197038963,0,0,0,0,0,0.70705375281792182
322,2.794366406970334,-0.5000249919829105,0,0,0,0,0,0.70705375281792193
323,2.80304456351372,-0.50002499199557859,0,0,0,0,0,0.70705375281792182
324,2.8117227200571064,-0.50002499200839201,0,0,0,0,0,0.70705375281792193
325,2.8204008766004924,-0.50002499202134865,0,0,0,0,0,0.70705375281792193
326,2.8290790331438784,-0.50002499203444617,0,0,0,0,0,0.70705375281792193
327,2.8377571896872649,-0.50002499204768291,0,0,0,0,0,0.70705375281792193
328,2.8464353462306509,-0.50002499206105755,0,0,0,0,0,0.70705375281792193
329,2.8551135027740369,-0.50002499207456708,0,0,0,0,0,0.70705375281792204
330,2.8637916593174233,-0.50002499208820972,0,0,0,0,0,0.70705375281792215
331,2.8724698158608093,-0.50002499210198381,0,0,0,0,0,0.70705375281792215
332,2.8811479724041953,-0.50002499211588725,0,0,0,0,0,0.70705375281792204
333,2.8898261289475813,-0.50002499212991758,0,0,0,0,0,0.70705375281792204
334,2.8985042854909677,-0.50002499214407259,0,0,0,0,0,0.70705375281792204
335,2.9071824420343537,-0.50002499215835061,0,0,0,0,0,0.70705375281792215
336,2.9158605985777397,-0.50002499217274943,0,0,0,0,0,0.70705375281792204
337,2.9245387551211262,-0.50002499218726648,0,0,0,0,0,0.70705375281792204
338,2.9332169116645121,-0.50002499220189989,0,0,0,0,0,0.70705375281792193
339,2.9418950682078981,-0.50002499221664742,0,0,0,0,0,0.70705375281792193
340,2.9505732247512846,-0.50002499223150665,0,0,0,0,0,0.70705375281792204
341,2.9592513812946706,-0.50002499224647567,0,0,0,0,0,0.70705375281792215
342,2.9679295378380566,-0.5000249922615525,0,0,0,0,0,0.70705375281792204
343,2.976607694381443,-0.5000249922767338,0,0,0,0,0,0.70705375281792204
344,2.985285850924829,-0.50002499229201813,0,0,0,0,0,0.70705375281792204
345,2.993964007468215,-0.50002499230740272,0,0,0,0,0,0.70705375281792204
346,3.002642164011601,-0.50002499232288611,0,0,0,0,0,0.70705375281792193
347,3.0113203205549874,-0.50002499233846476,0,0,0,0,0,0.70705375281792204
348,3.0199984770983734,-0.50002499235413733,0,0,0,0,0,0.70705375281792204
349,3.0286766336417594,-0.50002499236990094,0,0,0,0,0,0.70705375281792204
350,3.0373547901851459,-0.50002499238575338,0,0,0,0,0,0.70705375281792204
351,3.0460329467285319,-0.50002499240169218,0,0,0,0,0,0.70705375281792215
352,3.0547111032719179,-0.50002499241771492,0,0,0,0,0,0.70705375281792215
353,3.0633892598153043,-0.50002499243381959,0,0,0,0,0,0.70705375281792215
354,3.0720674163586903,-0.50002499245000309,0,0,0,0,0,0.70705375281792215
355,3.0807455729020763,-0.50002499246626353,0,0,0,0,0,0.70705375281792204
356,3.0894237294454623,-0.50002499248259813,0,0,0,0,0,0.70705375281792215
357,3.0981018859888487,-0.50002499249900445,0,0,0,0,0,0.70705375281792215
358,3.1067800425322347,-0.50002499251548027,0,0,0,0,0,0.70705375281792215
359,3.1154581990756207,-0.50002499253202304,0,0,0,0,0,0.70705375281792215
360,3.1241363556190072,-0.50002499254863031,0,0,0,0,0,0.70705375281792215
361,3.1328145121623932,-0.50002499256529909,0,0,0,0,0,0.70705375281792215
362,3.1414926687057791,-0.50002499258202715,0,0,0,0,0,0.70705375281792215
363,3.1501708252491656,-0.50002499259881261,0,0,0,0,0,0.70705375281792227
364,3.1588489817925516,-0.50002499261565203,0,0,0,0,0,0.70705375281792227
365,3.1675271383359376,-0.50002499263254341,0,0,0,0,0,0.70705375281792238
366,3.176205294879324,-0.50002499264948408,0,0,0,0,0,0.70705375281792227
367,3.18488345142271,-0.50002499266647138,0,0,0,0,0,0.70705375281792227
368,3.193561607966096,-0.50002499268350276,0,0,0,0,0,0.70705375281792227
369,3.202239764509482,-0.50002499270057577,0,0,0,0,0,0.70705375281792215
370,3.2109179210528684,-0.50002499271768774,0,0,0,0,0,0.70705375281792227
371,3.2195960775962544,-0.50002499273483614,0,0,0,0,0,0.70705375281792227
372,3.2282742341396404,-0.50002499275201828,0,0,0,0,0,0.70705375281792227
373,3.2369523906830269,-0.50002499276923174,0,0,0,0,0,0.70705375281792227
374,3.2456305472264129,-0.50002499278647417,0,0,0,0,0,0.70705375281792215
375,3.2543087037697989,-0.50002499280374246,0,0,0,0,0,0.70705375281792215
376,3.2629868603131853,-0.5000249928210343,0,0,0,0,0,0.70705375281792204
377,3.2716650168565713,-0.50002499283834678,0,0,0,0,0,0.70705375281792215
378,3.2803431733999573,-0.50002499285567747,0,0,0,0,0,0.70705375281792215
379,3.2890213299433433,-0.50002499287302382,0,0,0,0,0,0.70705375281792227
380,3.2976994864867297,-0.50002499289038349,0,0,0,0,0,0.70705375281792215
381,3.3063776430301157,-0.50002499290775337,0,0,0,0,0,0.70705375281792227
382,3.3150557995735017,-0.50002499292513125,0,0,0,0,0,0.70705375281792204
383,3.3237339561168882,-0.50002499294251401,0,0,0,0,0,0.70705375281792204
384,3.3324121126602742,-0.50002499295989966,0,0,0,0,0,0.70705375281792215
385,3.3410902692036601,-0.50002499297728487,0,0,0,0,0,0.70705375281792215
386,3.3497684257470466,-0.50002499299466763,0,0,0,0,0,0.70705375281792215
387,3.3584465822904326,-0.50002499301204462,0,0,0,0,0,0.70705375281792227
388,3.3671247388338186,-0.50002499302941439,0,0,0,0,0,0.70705375281792215
389,3.375802895377205,-0.50002499304677339,0,0,0,0,0,0.70705375281792215
390,3.384481051920591,-0.50002499306411918,0,0,0,0,0,0.70705375281792215
391,3.393159208463977,-0.50002499308144932,0,0,0,0,0,0.70705375281792215
392,3.401837365007363,-0.50002499309876103,0,0,0,0,0,0.70705375281792227
393,3.4105155215507494,-0.50002499311605153,0,0,0,0,0,0.70705375281792227
394,3.4191936780941354,-0.50002499313331872,0,0,0,0,0,0.70705375281792215
395,3.4278718346375214,-0.50002499315055959,0,0,0,0,0,0.70705375281792227
396,3.4365499911809079,-0.50002499316777171,0,0,0,0,0,0.70705375281792227
397,3.4452281477242939,-0.50002499318495264,0,0,0,0,0,0.70705375281792227
398,3.4539063042676799,-0.50002499320209948,0,0,0,0,0,0.70705375281792215
399,3.4625844608110663,-0.5000249932192099,0,0,0,0,0,0.70705375281792227
400,3.4712626173544523,-0.50002499323628102,0,0,0,0,0,0.70705375281792215
401,3.4799407738978383,-0.50002499325331062,0,0,0,0,0,0.70705375281792204
402,3.4886189304412243,-0.5000249932702957,0,0,0,0,0,0.70705375281792215
403,3.4972970869846107,-0.50002499328723415,0,0,0,0,0,0.70705375281792215
404,3.5059752435279967,-0.5000249933041232,0,0,0,0,0,0.70705375281792215
405,3.5146534000713827,-0.50002499332096007,0,0,0,0,0,0.70705375281792215
406,3.5233315566147692,-0.50002499333774275,0,0,0,0,0,0.70705375281792227
407,3.5320097131581552,-0.50002499335446826,0,0,0,0,0,0.70705375281792215
408,3.5406878697015411,-0.50002499337113471,0,0,0,0,0,0.70705375281792215
409,3.5493660262449276,-0.50002499338773876,0,0,0,0,0,0.70705375281792215
410,3.5580441827883136,-0.50002499340427831,0,0,0,0,0,0.70705375281792215
411,3.5667223393316996,-0.50002499342075102,0,0,0,0,0,0.70705375281792215
412,3.575400495875086,-0.50002499343715412,0,0,0,0,0,0.70705375281792215
413,3.584078652418472,-0.50002499345348517,0,0,0,0,0,0.70705375281792215
414,3.592756808961858,-0.50002499346974183,0,0,0,0,0,0.70705375281792215
415,3.601434965505244,-0.50002499348592178,0,0,0,0,0,0.70705375281792204
416,3.6101131220486304,-0.50002499350202256,0,0,0,0,0,0.70705375281792204
417,3.6187912785920164,-0.50002499351804119,0,0,0,0,0,0.70705375281792215
418,3.6274694351354024,-0.500024993533976,0,0,0,0,0,0.70705375281792215
419,3.6361475916787889,-0.50002499354982399,0,0,0,0,0,0.70705375281792215
420,3.6448257482221749,-0.50002499356558328,0,0,0,0,0,0.70705375281792204
421,3.6535039047655609,-0.50002499358125096,0,0,0,0,0,0.70705375281792204
422,3.6621820613089473,-0.50002499359682506,0,0,0,0,0,0.70705375281792204
423,3.6708602178523333,-0.50002499361230324,0,0,0,0,0,0.70705375281792193
424,3.6795383743957193,-0.50002499362768305,0,0,0,0,0,0.70705375281792193
425,3.6882165309391053,-0.50002499364296216,0,0,0,0,0,0.70705375281792193
426,3.6968946874824917,-0.50002499365813835,0,0,0,0,0,0.70705375281792193
427,3.7055728440258777,-0.50002499367320907,0,0,0,0,0,0.70705375281792193
428,3.7142510005692637,-0.50002499368817244,0,0,0,0,0,0.70705375281792193
429,3.7229291571126502,-0.50002499370302589,0,0,0,0,0,0.70705375281792193
430,3.7316073136560362,-0.50002499371776743,0,0,0,0,0,0.70705375281792193
431,3.7402854701994221,-0.50002499373239462,0,0,0,0,0,0.70705375281792193
432,3.7489636267428086,-0.50002499374690546,0,0,0,0,0,0.70705375281792204
433,3.7576417832861946,-0.5000249937612975,0,0,0,0,0,0.70705375281792193
434,3.7663199398295806,-0.50002499377556875,0,0,0,0,0,0.70705375281792193
435,3.774998096372967,-0.50002499378971699,0,0,0,0,0,0.70705375281792204
436,3.783676252916353,-0.50002499380374021,0,0,0,0,0,0.70705375281792204
437,3.792354409459739,-0.50002499381763599,0,0,0,0,0,0.70705375281792215
438,3.801032566003125,-0.50002499383140275,0,0,0,0,0,0.70705375281792215
439,3.8097107225465114,-0.50002499384503818,0,0,0,0,0,0.70705375281792215
440,3.8183888790898974,-0.50002499385854016,0,0,0,0,0,0.70705375281792204
441,3.8270670356332834,-0.50002499387190635,0,0,0,0,0,0.70705375281792193
442,3.8357451921766699,-0.50002499388513533,0,0,0,0,0,0.70705375281792193
443,3.8444233487200559,-0.50002499389822486,0,0,0,0,0,0.70705375281792193
444,3.8531015052634419,-0.50002499391117261,0,0,0,0,0,0.70705375281792204
445,3.8617796618068283,-0.50002499392397726,0,0,0,0,0,0.70705375281792204
446,3.8704578183502143,-0.50002499393663657,0,0,0,0,0,0.70705375281792204
447,3.8791359748936003,-0.50002499394914823,0,0,0,0,0,0.70705375281792204
448,3.8878141314369863,-0.50002499396151123,0,0,0,0,0,0.70705375281792204
449,3.8964922879803727,-0.50002499397372313,0,0,0,0,0,0.70705375281792215
450,3.9051704445237587,-0.50002499398578193,0,0,0,0,0,0.70705375281792215
451,3.9138486010671447,-0.50002499399768618,0,0,0,0,0,0.70705375281792215
452,3.9225267576105312,-0.50002499400943434,0,0,0,0,0,0.70705375281792215
453,3.9312049141539172,-0.50002499402102374,0,0,0,0,0,0.70705375281792204
454,3.9398830706973031,-0.50002499403245371,0,0,0,0,0,0.70705375281792193
455,3.9485612272406896,-0.50002499404372147,0,0,0,0,0,0.70705375281792193
456,3.9572393837840756,-0.50002499405482614,0,0,0,0,0,0.70705375281792193
457,3.9659175403274616,-0.50002499406576539,0,0,0,0,0,0.70705375281792215
458,3.974595696870848,-0.50002499407653833,0,0,0,0,0,0.70705375281792215
459,3.983273853414234,-0.50002499408714252,0,0,0,0,0,0.70705375281792215
460,3.99195200995762,-0.50002499409757717,0,0,0,0,0,0.70705375281792215
461,4.000630166501006,-0.50002499410784007,0,0,0,0,0,0.70705375281792227
462,4.009308323044392,-0.50002499411793011,0,0,0,0,0,0.70705375281792227
463,4.0179864795877789,-0.5000249941278454,0,0,0,0,0,0.70705375281792227
464,4.0266646361311649,-0.50002499413758472,0,0,0,0,0,0.70705375281792215
465,4.0353427926745509,-0.50002499414714663,0,0,0,0,0,0.70705375281792227
466,4.0440209492179369,-0.50002499415652935,0,0,0,0,0,0.70705375281792215
467,4.0526991057613229,-0.50002499416573176,0,0,0,0,0,0.70705375281792227
468,4.0613772623047089,-0.50002499417475221,0,0,0,0,0,0.70705375281792227
469,4.0700554188480949,-0.5000249941835897,0,0,0,0,0,0.70705375281792227
470,4.0787335753914817,-0.50002499419224256,0,0,0,0,0,0.70705375281792215
471,4.0874117319348677,-0.50002499420070967,0,0,0,0,0,0.70705375281792227
472,4.0960898884782537,-0.50002499420898983,0,0,0,0,0,0.70705375281792227
473,4.1047680450216397,-0.5000249942170818,0,0,0,0,0,0.70705375281792215
474,4.1134462015650257,-0.50002499422498392,0,0,0,0,0,0.70705375281792227
475,4.1221243581084117,-0.50002499423269531,0,0,0,0,0,0.70705375281792227
476,4.1308025146517986,-0.50002499424021507,0,0,0,0,0,0.70705375281792238
477,4.1394806711951846,-0.50002499424754143,0,0,0,0,0,0.70705375281792227
478,4.1481588277385706,-0.50002499425467395,0,0,0,0,0,0.70705375281792238
479,4.1568369842819566,-0.50002499426161129,0,0,0,0,0,0.70705375281792249
480,4.1655151408253426,-0.50002499426835234,0,0,0,0,0,0.70705375281792238
481,4.1741932973687286,-0.50002499427489622,0,0,0,0,0,0.70705375281792238
482,4.1828714539121146,-0.50002499428124159,0,0,0,0,0,0.70705375281792238
483,4.1915496104555015,-0.50002499428738767,0,0,0,0,0,0.70705375281792249
484,4.2002277669988874,-0.5000249942933338,0,0,0,0,0,0.7070537528179226
485,4.2089059235422734,-0.50002499429907898,0,0,0,0,0,0.7070537528179226
486,4.2175840800856594,-0.50002499430462211,0,0,0,0,0,0.70705375281792271
487,4.2262622366290454,-0.50002499430996239,0,0,0,0,0,0.70705375281792271
488,4.2349403931724314,-0.50002499431509961,0,0,0,0,0,0.70705375281792271
489,4.2436185497158174,-0.50002499432003211,0,0,0,0,0,0.70705375281792282
490,4.2522967062592043,-0.50002499432475989,0,0,0,0,0,0.70705375281792271
491,4.2609748628025903,-0.50002499432928182,0,0,0,0,0,0.70705375281792271
492,4.2696530193459763,-0.50002499433359704,0,0,0,0,0,0.70705375281792271
493,4.2783311758893623,-0.50002499433770553,0,0,0,0,0,0.70705375281792282
494,4.2870093324327483,-0.50002499434160597,0,0,0,0,0,0.70705375281792271
495,4.2956874889761343,-0.50002499434529857,0,0,0,0,0,0.70705375281792271
496,4.3043656455195212,-0.50002499434878178,0,0,0,0,0,0.70705375281792271
497,4.3130438020629072,-0.50002499435205561,0,0,0,0,0,0.70705375281792271
498,4.3217219586062932,-0.50002499435511982,0,0,0,0,0,0.70705375281792282
499,4.3304001151496792,-0.50002499435797354,0,0,0,0,0,0.70705375281792282
500,4.3390782716930651,-0.50002499436061643,0,0,0,0,0,0.70705375281792282
501,4.3477564282364511,-0.50002499436304815,0,0,0,0,0,0.70705375281792293
502,4.3564345847798371,-0.5000249943652687,0,0,0,0,0,0.70705375281792282
503,4.365112741323224,-0.50002499436727688,0,0,0,0,0,0.70705375281792293
504,4.37379089786661,-0.50002499436907311,0,0,0,0,0,0.70705375281792293
505,4.382469054409996,-0.50002499437065706,0,0,0,0,0,0.70705375281792282
506,4.391147210953382,-0.5000249943720283,0,0,0,0,0,0.70705375281792282
507,4.399825367496768,-0.50002499437318626,0,0,0,0,0,0.70705375281792271
508,4.408503524040154,-0.50002499437413139,0,0,0,0,0,0.70705375281792282
509,4.4171816805835409,-0.50002499437486314,0,0,0,0,0,0.70705375281792293
510,4.4258598371269269,-0.50002499437538184,0,0,0,0,0,0.70705375281792282
511,4.4345379936703129,-0.50002499437568682,0,0,0,0,0,0.70705375281792293
512,4.4432161502136989,-0.50002499437577874,0,0,0,0,0,0.70705375281792293
513,4.4518943067570849,-0.50002499437565717,0,0,0,0,0,0.70705375281792282
514,4.4605724633004709,-0.50002499437532155,0,0,0,0,0,0.70705375281792282
515,4.4692506198438569,-0.50002499437477332,0,0,0,0,0,0.70705375281792282
516,4.4779287763872437,-0.50002499437401116,0,0,0,0,0,0.70705375281792282
517,4.4866069329306297,-0.50002499437303605,0,0,0,0,0,0.70705375281792282
518,4.4952850894740157,-0.50002499437184811,0,0,0,0,0,0.70705375281792282
519,4.5039632460174017,-0.50002499437044701,0,0,0,0,0,0.70705375281792293
520,4.5126414025607877,-0.5000249943688333,0,0,0,0,0,0.70705375281792282
521,4.5213195591041737,-0.5000249943670072,0,0,0,0,0,0.70705375281792293
522,4.5299977156475606,-0.50002499436496883,0,0,0,0,0,0.70705375281792293
523,4.5386758721909466,-0.50002499436271863,0,0,0,0,0,0.70705375281792282
524,4.5473540287343326,-0.50002499436025716,0,0,0,0,0,0.70705375281792304
525,4.5560321852777186,-0.50002499435758452,0,0,0,0,0,0.70705375281792293
526,4.5647103418211046,-0.50002499435470116,0,0,0,0,0,0.70705375281792282
527,4.5733884983644906,-0.50002499435160763,0,0,0,0,0,0.70705375281792282
528,4.5820666549078766,-0.50002499434830416,0,0,0,0,0,0.70705375281792282
529,4.5907448114512635,-0.5000249943447912,0,0,0,0,0,0.70705375281792282
530,4.5994229679946494,-0.50002499434106984,0,0,0,0,0,0.70705375281792282
531,4.6081011245380354,-0.50002499433713998,0,0,0,0,0,0.70705375281792282
532,4.6167792810814214,-0.50002499433300218,0,0,0,0,0,0.70705375281792282
533,4.6254574376248074,-0.50002499432865799,0,0,0,0,0,0.70705375281792282
534,4.6341355941681934,-0.5000249943241073,0,0,0,0,0,0.70705375281792282
535,4.6428137507115803,-0.50002499431935055,0,0,0,0,0,0.70705375281792282
536,4.6514919072549663,-0.50002499431438907,0,0,0,0,0,0.70705375281792282
537,4.6601700637983523,-0.50002499430922354,0,0,0,0,0,0.70705375281792282
538,4.6688482203417383,-0.50002499430385416,0,0,0,0,0,0.70705375281792293
539,4.6775263768851243,-0.50002499429828251,0,0,0,0,0,0.70705375281792282
540,4.6862045334285103,-0.50002499429250891,0,0,0,0,0,0.70705375281792293
541,4.6948826899718963,-0.50002499428653446,0,0,0,0,0,0.70705375281792293
542,4.7035608465152832,-0.50002499428036007,0,0,0,0,0,0.70705375281792293
543,4.7122390030586692,-0.50002499427398672,0,0,0,0,0,0.70705375281792293
544,4.7209171596020552,-0.50002499426741509,0,0,0,0,0,0.70705375281792293
545,4.7295953161454412,-0.5000249942606465,0,0,0,0,0,0.70705375281792282
546,4.7382734726888271,-0.50002499425368174,0,0,0,0,0,0.70705375281792282
547,4.7469516292322131,-0.50002499424652169,0,0,0,0,0,0.70705375281792293
548,4.7556297857755991,-0.50002499423916769,0,0,0,0,0,0.70705375281792304
549,4.764307942318986,-0.50002499423162095,0,0,0,0,0,0.70705375281792293
550,4.772986098862372,-0.50002499422388258,0,0,0,0,0,0.70705375281792282
551,4.781664255405758,-0.50002499421595359,0,0,0,0,0,0.70705375281792293
552,4.790342411949144,-0.50002499420783553,0,0,0,0,0,0.70705375281792282
553,4.79902056849253,-0.50002499419952884,0,0,0,0,0,0.70705375281792293
554,4.807698725035916,-0.5000249941910353,0,0,0,0,0,0.70705375281792282
555,4.8163768815793029,-0.50002499418235646,0,0,0,0,0,0.70705375281792293
556,4.8250550381226889,-0.50002499417349311,0,0,0,0,0,0.70705375281792282
557,4.8337331946660749,-0.50002499416444679,0,0,0,0,0,0.70705375281792304
558,4.8424113512094609,-0.50002499415521906,0,0,0,0,0,0.70705375281792282
559,4.8510895077528469,-0.50002499414581114,0,0,0,0,0,0.70705375281792282
560,4.8597676642962329,-0.50002499413622448,0,0,0,0,0,0.70705375281792282
561,4.8684458208396189,-0.50002499412646029,0,0,0,0,0,0.70705375281792282
562,4.8771239773830057,-0.50002499411652024,0,0,0,0,0,0.70705375281792282
563,4.8858021339263917,-0.50002499410640588,0,0,0,0,0,0.70705375281792282
564,4.8944802904697777,-0.50002499409611856,0,0,0,0,0,0.70705375281792282
565,4.9031584470131637,-0.50002499408566015,0,0,0,0,0,0.70705375281792282
566,4.9118366035565497,-0.50002499407503176,0,0,0,0,0,0.70705375281792282
567,4.9205147600999357,-0.50002499406423562,0,0,0,0,0,0.70705375281792282
568,4.9291929166433226,-0.50002499405327239,0,0,0,0,0,0.70705375281792293
569,4.9378710731867086,-0.50002499404214507,0,0,0,0,0,0.70705375281792282
570,4.9465492297300946,-0.50002499403085388,0,0,0,0,0,0.70705375281792293
571,4.9552273862734806,-0.50002499401940181,0,0,0,0,0,0.70705375281792282
572,4.9639055428168666,-0.50002499400778999,0,0,0,0,0,0.70705375281792282
573,4.9725836993602526,-0.50002499399601996,0,0,0,0,0,0.70705375281792282
574,4.9812618559036386,-0.50002499398409372,0,0,0,0,0,0.70705375281792282
575,4.9899400124470255,-0.50002499397201283,0,0,0,0,0,0.70705375281792282
576,4.9986181689904114,-0.50002499395977973,0,0,0,0,0,0.70705375281792293
577,5.0072963255337974,-0.50002499394739575,0,0,0,0,0,0.70705375281792282
578,5.0159744820771834,-0.50002499393486299,0,0,0,0,0,0.70705375281792304
579,5.0246526386205694,-0.5000249939221828,0,0,0,0,0,0.70705375281792304
580,5.0333307951639554,-0.50002499390935817,0,0,0,0,0,0.70705375281792304
581,5.0420089517073423,-0.50002499389639032,0,0,0,0,0,0.70705375281792304
582,5.0506871082507283,-0.50002499388328103,0,0,0,0,0,0.70705375281792304
583,5.0593652647941143,-0.50002499387003274,0,0,0,0,0,0.70705375281792304
584,5.0680434213375003,-0.50002499385664723,0,0,0,0,0,0.70705375281792304
585,5.0767215778808863,-0.50002499384312649,0,0,0,0,0,0.70705375281792304
586,5.0853997344242723,-0.50002499382947252,0,0,0,0,0,0.70705375281792304
587,5.0940778909676583,-0.50002499381568732,0,0,0,0,0,0.70705375281792304
588,5.1027560475110452,-0.50002499380177334,0,0,0,0,0,0.70705375281792304
589,5.1114342040544312,-0.50002499378773235,0,0,0,0,0,0.70705375281792315
590,5.1201123605978172,-0.50002499377356668,0,0,0,0,0,0.70705375281792304
591,5.1287905171412032,-0.50002499375927822,0,0,0,0,0,0.70705375281792315
592,5.1374686736845891,-0.50002499374486953,0,0,0,0,0,0.70705375281792304
593,5.1461468302279751,-0.50002499373034204,0,0,0,0,0,0.70705375281792304
594,5.1548249867713611,-0.50002499371569875,0,0,0,0,0,0.70705375281792304
595,5.163503143314748,-0.50002499370094156,0,0,0,0,0,0.70705375281792304
596,5.172181299858134,-0.50002499368607256,0,0,0,0,0,0.70705375281792304
597,5.18085945640152,-0.50002499367109388,0,0,0,0,0,0.70705375281792304
598,5.189537612944906,-0.50002499365600794,0,0,0,0,0,0.70705375281792304
599,5.198215769488292,-0.50002499364081743,0,0,0,0,0,0.70705375281792304
600,5.206893926031678,-0.50002499362552399,0,0,0,0,0,0.70705375281792293
601,5.2155720825750649,-0.50002499361013009,0,0,0,0,0,0.70705375281792304
602,5.2242502391184509,-0.50002499359463837,0,0,0,0,0,0.70705375281792304
603,5.2329283956618369,-0.50002499357905106,0,0,0,0,0,0.70705375281792304
604,5.2416065522052229,-0.50002499356337005,0,0,0,0,0,0.70705375281792304
605,5.2502847087486089,-0.50002499354759822,0,0,0,0,0,0.70705375281792304
606,5.2589628652919949,-0.50002499353173802,0,0,0,0,0,0.70705375281792315
607,5.2676410218353809,-0.50002499351579122,0,0,0,0,0,0.70705375281792326
608,5.2763191783787677,-0.50002499349976048,0,0,0,0,0,0.70705375281792315
609,5.2849973349221537,-0.50002499348364882,0,0,0,0,0,0.70705375281792315
610,5.2936754914655397,-0.50002499346745799,0,0,0,0,0,0.70705375281792326
611,5.3023536480089257,-0.50002499345119056,0,0,0,0,0,0.70705375281792315
612,5.3110318045523117,-0.50002499343484941,0,0,0,0,0,0.70705375281792315
613,5.3197099610956977,-0.50002499341843631,0,0,0,0,0,0.70705375281792304
614,5.3283881176390846,-0.50002499340195417,0,0,0,0,0,0.70705375281792304
615,5.3370662741824706,-0.5000249933854054,0,0,0,0,0,0.70705375281792304
616,5.3457444307258566,-0.50002499336879225,0,0,0,0,0,0.70705375281792304
617,5.3544225872692426,-0.50002499335211781,0,0,0,0,0,0.70705375281792304
618,5.3631007438126286,-0.50002499333538375,0,0,0,0,0,0.70705375281792315
619,5.3717789003560146,-0.50002499331859329,0,0,0,0,0,0.70705375281792315
620,5.3804570568994006,-0.50002499330174877,0,0,0,0,0,0.70705375281792304
621,5.3891352134427875,-0.50002499328485239,0,0,0,0,0,0.70705375281792315
622,5.3978133699861734,-0.50002499326790739,0,0,0,0,0,0.70705375281792304
623,5.4064915265295594,-0.50002499325091598,0,0,0,0,0,0.70705375281792304
624,5.4151696830729454,-0.5000249932338805,0,0,0,0,0,0.70705375281792304
625,5.4238478396163314,-0.50002499321680371,0,0,0,0,0,0.70705375281792304
626,5.4325259961597174,-0.50002499319968807,0,0,0,0,0,0.70705375281792304
627,5.4412041527031043,-0.50002499318253624,0,0,0,0,0,0.70705375281792315
628,5.4498823092464903,-0.50002499316535087,0,0,0,0,0,0.70705375281792304
629,5.4585604657898763,-0.50002499314813442,0,0,0,0,0,0.70705375281792315
630,5.4672386223332623,-0.50002499313088955,0,0,0,0,0,0.70705375281792315
631,5.4759167788766483,-0.50002499311361914,0,0,0,0,0,0.70705375281792315
632,5.4845949354200343,-0.5000249930963252,0,0,0,0,0,0.70705375281792315
633,5.4932730919634203,-0.5000249930790106,0,0,0,0,0,0.70705375281792315
634,5.5019512485068072,-0.50002499306167836,0,0,0,0,0,0.70705375281792315
635,5.5106294050501932,-0.50002499304433057,0,0,0,0,0,0.70705375281792315
636,5.5193075615935792,-0.50002499302696979,0,0,0,0,0,0.70705375281792315
637,5.5279857181369652,-0.50002499300959924,0,0,0,0,0,0.70705375281792304
638,5.5366638746803511,-0.5000249929922207,0,0,0,0,0,0.70705375281792304
639,5.5453420312237371,-0.5000249929748376,0,0,0,0,0,0.70705375281792304
640,5.554020187767124,-0.50002499295745217,0,0,0,0,0,0.70705375281792315
641,5.56269834431051,-0.50002499294006675,0,0,0,0,0,0.70705375281792304
642,5.571376500853896,-0.50002499292268454,0,0,0,0,0,0.70705375281792315
643,5.580054657397282,-0.50002499290530789,0,0,0,0,0,0.70705375281792315
644,5.588732813940668,-0.50002499288793911,0,0,0,0,0,0.70705375281792326
645,5.597410970484054,-0.50002499287058133,0,0,0,0,0,0.70705375281792315
646,5.60608912702744,-0.50002499285323665,0,0,0,0,0,0.70705375281792338
647,5.6147672835708269,-0.50002499283590829,0,0,0,0,0,0.70705375281792326
648,5.6234454401142129,-0.50002499281859847,0,0,0,0,0,0.70705375281792338
649,5.6321235966575989,-0.50002499280130963,0,0,0,0,0,0.70705375281792349
650,5.6408017532009849,-0.500024992784045,0,0,0,0,0,0.70705375281792338
651,5.6494799097443709,-0.50002499276680679,0,0,0,0,0,0.70705375281792349
652,5.6581580662877569,-0.50002499274959733,0,0,0,0,0,0.70705375281792338
653,5.6668362228311429,-0.50002499273241963,0,0,0,0,0,0.70705375281792349
654,5.6755143793745297,-0.50002499271527623,0,0,0,0,0,0.70705375281792349
655,5.6841925359179157,-0.5000249926981698,0,0,0,0,0,0.70705375281792338
656,5.6928706924613017,-0.50002499268110256,0,0,0,0,0,0.70705375281792338
657,5.7015488490046877,-0.50002499266407718,0,0,0,0,0,0.70705375281792338
658,5.7102270055480737,-0.50002499264709643,0,0,0,0,0,0.70705375281792326
659,5.7189051620914597,-0.50002499263016253,0,0,0,0,0,0.70705375281792338
660,5.7275833186348466,-0.50002499261327804,0,0,0,0,0,0.70705375281792349
661,5.7362614751782326,-0.50002499259644617,0,0,0,0,0,0.70705375281792349
662,5.7449396317216186,-0.5000249925796687,0,0,0,0,0,0.70705375281792338
663,5.7536177882650046,-0.50002499256294841,0,0,0,0,0,0.7070537528179236
664,5.7622959448083906,-0.50002499254628785,0,0,0,0,0,0.70705375281792349
665,5.7709741013517766,-0.50002499252968957,0,0,0,0,0,0.7070537528179236
666,5.7796522578951626,-0.50002499251315613,0,0,0,0,0,0.7070537528179236
667,5.7883304144385495,-0.50002499249669019,0,0,0,0,0,0.70705375281792349
668,5.7970085709819354,-0.50002499248029353,0,0,0,0,0,0.7070537528179236
669,5.8056867275253214,-0.50002499246396948,0,0,0,0,0,0.70705375281792349
670,5.8143648840687074,-0.50002499244771959,0,0,0,0,0,0.7070537528179236
671,5.8230430406120934,-0.50002499243154674,0,0,0,0,0,0.70705375281792349
672,5.8317211971554794,-0.50002499241545384,0,0,0,0,0,0.7070537528179236
673,5.8403993536988663,-0.50002499239944276,0,0,0,0,0,0.70705375281792349
674,5.8490775102422523,-0.50002499238351583,0,0,0,0,0,0.7070537528179236
675,5.8577556667856383,-0.50002499236767572,0,0,0,0,0,0.70705375281792349
676,5.8664338233290243,-0.50002499235192466,0,0,0,0,0,0.70705375281792349
677,5.8751119798724103,-0.50002499233626518,0,0,0,0,0,0.70705375281792338
678,5.8837901364157963,-0.50002499232069963,0,0,0,0,0,0.70705375281792349
679,5.8924682929591823,-0.50002499230523034,0,0,0,0,0,0.7070537528179236
680,5.9011464495025692,-0.5000249922898593,0,0,0,0,0,0.70705375281792349
681,5.9098246060459552,-0.50002499227458941,0,0,0,0,0,0.7070537528179236
682,5.9185027625893412,-0.50002499225942243,0,0,0,0,0,0.70705375281792349
683,5.9271809191327272,-0.50002499224436114,0,0,0,0,0,0.70705375281792349
684,5.9358590756761132,-0.50002499222940744,0,0,0,0,0,0.70705375281792349
685,5.9445372322194991,-0.50002499221456354,0,0,0,0,0,0.7070537528179236
686,5.953215388762886,-0.50002499219983176,0,0,0,0,0,0.7070537528179236
687,5.961893545306272,-0.50002499218521457,0,0,0,0,0,0.7070537528179236
688,5.970571701849658,-0.50002499217071406,0,0,0,0,0,0.70705375281792371
689,5.979249858393044,-0.50002499215633234,0,0,0,0,0,0.7070537528179236
690,5.98792801493643,-0.50002499214207141,0,0,0,0,0,0.70705375281792371
691,5.996606171479816,-0.50002499212793372,0,0,0,0,0,0.7070537528179236
692,6.005284328023202,-0.50002499211392126,0,0,0,0,0,0.70705375281792371
693,6.0139624845665889,-0.50002499210003593,0,0,0,0,0,0.7070537528179236
694,6.0226406411099749,-0.50002499208628015,0,0,0,0,0,0.70705375281792371
695,6.0313187976533609,-0.50002499207265561,0,0,0,0,0,0.70705375281792371
696,6.0399969541967469,-0.50002499205916484,0,0,0,0,0,0.70705375281792371
697,6.0486751107401329,-0.50002499204580986,0,0,0,0,0,0.70705375281792371
698,6.0573532672835189,-0.50002499203259232,0,0,0,0,0,0.70705375281792382
699,6.0660314238269049,-0.50002499201951411,0,0,0,0,0,0.70705375281792393
700,6.0747095803702917,-0.5000249920065778,0,0,0,0,0,0.70705375281792393
701,6.0833877369136777,-0.50002499199378458,0,0,0,0,0,0.70705375281792382
702,6.0920658934570637,-0.50002499198113726,0,0,0,0,0,0.70705375281792382
703,6.1007440500004497,-0.50002499196863714,0,0,0,0,0,0.70705375281792382
704,6.1094222065438357,-0.50002499195628602,0,0,0,0,0,0.70705375281792382
705,6.1181003630872217,-0.50002499194408601,0,0,0,0,0,0.70705375281792382
706,6.1267785196306086,-0.50002499193203898,0,0,0,0,0,0.70705375281792393
707,6.1354566761739946,-0.50002499192014671,0,0,0,0,0,0.70705375281792393
708,6.1441348327173806,-0.50002499190841099,0,0,0,0,0,0.70705375281792393
709,6.1528129892607666,-0.50002499189683325,0,0,0,0,0,0.70705375281792393
710,6.1614911458041526,-0.50002499188541583,0,0,0,0,0,0.70705375281792393
711,6.1701693023475386,-0.50002499187415994,0,0,0,0,0,0.70705375281792393
712,6.1788474588909246,-0.50002499186306748,0,0,0,0,0,0.70705375281792393
713,6.1875256154343115,-0.50002499185214033,0,0,0,0,0,0.70705375281792393
714,6.1962037719776974,-0.50002499184137983,0,0,0,0,0,0.70705375281792393
715,6.2048819285210834,-0.50002499183078775,0,0,0,0,0,0.70705375281792393
716,6.2135600850644694,-0.50002499182036553,0,0,0,0,0,0.70705375281792382
717,6.2222382416078554,-0.50002499181011462,0,0,0,0,0,0.70705375281792382
718,6.2309163981512414,-0.50002499180003712,0,0,0,0,0,0.70705375281792393
719,6.2395945546946283,-0.50002499179013404,0,0,0,0,0,0.70705375281792393
720,6.2482727112380143,-0.50002499178040694,0,0,0,0,0,0.70705375281792393
721,6.2569508677814003,-0.50002499177085724,0,0,0,0,0,0.70705375281792393
722,6.2656290243247863,-0.50002499176148674,0,0,0,0,0,0.70705375281792393
723,6.2743071808681723,-0.50002499175229675,0,0,0,0,0,0.70705375281792393
724,6.2829853374115583,-0.50002499174328841,0,0,0,0,0,0.70705375281792393
725,6.2916634939549443,-0.50002499173446335,0,0,0,0,0,0.70705375281792393
726,6.3003416504983312,-0.5000249917258226,0,0,0,0,0,0.70705375281792382
727,6.3090198070417172,-0.50002499171736758,0,0,0,0,0,0.70705375281792393
728,6.3176979635851032,-0.50002499170909931,0,0,0,0,0,0.70705375281792393
729,6.3263761201284892,-0.50002499170101955,0,0,0,0,0,0.70705375281792393
730,6.3350542766718752,-0.50002499169312942,0,0,0,0,0,0.70705375281792393
731,6.3437324332152611,-0.5000249916854298,0,0,0,0,0,0.70705375281792393
732,6.352410589758648,-0.50002499167792203,0,0,0,0,0,0.70705375281792382
733,6.361088746302034,-0.50002499167060732,0,0,0,0,0,0.70705375281792393
734,6.36976690284542,-0.50002499166348657,0,0,0,0,0,0.70705375281792382
735,6.378445059388806,-0.50002499165656067,0,0,0,0,0,0.70705375281792371
736,6.387123215932192,-0.5000249916498315,0,0,0,0,0,0.70705375281792371
737,6.395801372475578,-0.50002499164329928,0,0,0,0,0,0.70705375281792371
738,6.404479529018964,-0.50002499163696534,0,0,0,0,0,0.7070537528179236
739,6.4131576855623509,-0.50002499163083036,0,0,0,0,0,0.70705375281792371
740,6.4218358421057369,-0.50002499162489533,0,0,0,0,0,0.70705375281792371
741,6.4305139986491229,-0.50002499161916114,0,0,0,0,0,0.70705375281792382
742,6.4391921551925089,-0.50002499161362901,0,0,0,0,0,0.70705375281792382
743,6.4478703117358949,-0.50002499160829961,0,0,0,0,0,0.70705375281792371
744,6.4565484682792809,-0.50002499160317315,0,0,0,0,0,0.70705375281792371
745,6.4652266248226669,-0.50002499159825153,0,0,0,0,0,0.70705375281792382
746,6.4739047813660537,-0.50002499159353431,0,0,0,0,0,0.70705375281792382
747,6.4825829379094397,-0.50002499158902314,0,0,0,0,0,0.70705375281792382
748,6.4912610944528257,-0.50002499158471825,0,0,0,0,0,0.70705375281792371
749,6.4999392509962117,-0.50002499158062008,0,0,0,0,0,0.70705375281792371
750,6.5086174075395977,-0.50002499157672964,0,0,0,0,0,0.70705375281792371
751,6.5172955640829837,-0.50002499157304747,0,0,0,0,0,0.70705375281792371
752,6.5259737206263706,-0.50002499156957403,0,0,0,0,0,0.70705375281792371
753,6.5346518771697566,-0.50002499156630975,0,0,0,0,0,0.70705375281792371
754,6.5433300337131426,-0.50002499156325531,0,0,0,0,0,0.70705375281792382
755,6.5520081902565286,-0.50002499156041103,0,0,0,0,0,0.70705375281792382
756,6.5606863467999146,-0.50002499155777735,0,0,0,0,0,0.70705375281792393
757,6.5693645033433006,-0.50002499155535485,0,0,0,0,0,0.70705375281792382
758,6.5780426598866866,-0.50002499155314339,0,0,0,0,0,0.70705375281792382
759,6.5867208164300735,-0.50002499155114422,0,0,0,0,0,0.70705375281792393
760,6.5953989729734595,-0.50002499154935665,0,0,0,0,0,0.70705375281792393
761,6.6040771295168454,-0.50002499154778146,0,0,0,0,0,0.70705375281792393
762,6.6127552860602314,-0.50002499154641888,0,0,0,0,0,0.70705375281792393
763,6.6214334426036174,-0.50002499154526892,0,0,0,0,0,0.70705375281792404
764,6.6301115991470034,-0.50002499154433211,0,0,0,0,0,0.70705375281792404
765,6.6387897556903903,-0.50002499154360824,0,0,0,0,0,0.70705375281792404
766,6.6474679122337763,-0.50002499154309721,0,0,0,0,0,0.70705375281792426
767,6.6561460687771623,-0.50002499154279989,0,0,0,0,0,0.70705375281792426
768,6.6648242253205483,-0.50002499154271551,0,0,0,0,0,0.70705375281792437
769,6.6735023818639343,-0.50002499154284485,0,0,0,0,0,0.70705375281792426
770,6.6821805384073203,-0.50002499154318703,0,0,0,0,0,0.70705375281792426
771,6.6908586949507063,-0.5000249915437428,0,0,0,0,0,0.70705375281792426
772,6.6995368514940932,-0.50002499154451185,0,0,0,0,0,0.70705375281792415
773,6.7082150080374792,-0.50002499154549362,0,0,0,0,0,0.70705375281792426
774,6.7168931645808652,-0.50002499154668845,0,0,0,0,0,0.70705375281792415
775,6.7255713211242512,-0.50002499154809565,0,0,0,0,0,0.70705375281792415
776,6.7342494776676372,-0.50002499154971558,0,0,0,0,0,0.70705375281792426
777,6.7429276342110231,-0.50002499155154778,0,0,0,0,0,0.70705375281792426
778,6.75160579075441,-0.50002499155359204,0,0,0,0,0,0.70705375281792426
779,6.760283947297796,-0.50002499155584779,0,0,0,0,0,0.70705375281792426
780,6.768962103841182,-0.50002499155831504,0,0,0,0,0,0.70705375281792415
781,6.777640260384568,-0.50002499156099312,0,0,0,0,0,0.70705375281792426
782,6.786318416927954,-0.5000249915638818,0,0,0,0,0,0.70705375281792426
783,6.79499657347134,-0.50002499156698055,0,0,0,0,0,0.70705375281792426
784,6.803674730014726,-0.50002499157028901,0,0,0,0,0,0.70705375281792415
785,6.8123528865581129,-0.50002499157380642,0,0,0,0,0,0.70705375281792415
786,6.8210310431014989,-0.50002499157753277,0,0,0,0,0,0.70705375281792404
787,6.8297091996448849,-0.50002499158146718,0,0,0,0,0,0.70705375281792415
788,6.8383873561882709,-0.50002499158560865,0,0,0,0,0,0.70705375281792426
789,6.8470655127316569,-0.5000249915899575,0,0,0,0,0,0.70705375281792415
790,6.8557436692750429,-0.50002499159451208,0,0,0,0,0,0.70705375281792437
791,6.8644218258184297,-0.50002499159927227,0,0,0,0,0,0.70705375281792426
792,6.8730999823618157,-0.50002499160423752,0,0,0,0,0,0.70705375281792426
793,6.8817781389052017,-0.50002499160940683,0,0,0,0,0,0.70705375281792426
794,6.8904562954485877,-0.50002499161477909,0,0,0,0,0,0.70705375281792426
795,6.8991344519919737,-0.50002499162035408,0,0,0,0,0,0.70705375281792426
796,6.9078126085353597,-0.50002499162613034,0,0,0,0,0,0.70705375281792426
797,6.9164907650787457,-0.50002499163210734,0,0,0,0,0,0.70705375281792426
798,6.9251689216221326,-0.50002499163828462,0,0,0,0,0,0.70705375281792426
799,6.9338470781655186,-0.50002499164466052,0,0,0,0,0,0.70705375281792437
800,6.9425252347089046,-0.50002499165123448,0,0,0,0,0,0.70705375281792437
801,6.9512033912522906,-0.50002499165800529,0,0,0,0,0,0.70705375281792449
802,6.9598815477956766,-0.50002499166497194,0,0,0,0,0,0.70705375281792437
803,6.9685597043390626,-0.50002499167213399,0,0,0,0,0,0.70705375281792449
804,6.9772378608824486,-0.50002499167948966,0,0,0,0,0,0.70705375281792449
805,6.9859160174258355,-0.50002499168703796,0,0,0,0,0,0.70705375281792449
806,6.9945941739692215,-0.50002499169477777,0,0,0,0,0,0.70705375281792449
807,7.0032723305126074,-0.50002499170270798,0,0,0,0,0,0.7070537528179246
808,7.0119504870559934,-0.5000249917108277,0,0,0,0,0,0.70705375281792449
809,7.0206286435993794,-0.50002499171913539,0,0,0,0,0,0.70705375281792449
810,7.0293068001427654,-0.50002499172762982,0,0,0,0,0,0.7070537528179246
811,7.0379849566861523,-0.50002499173630943,0,0,0,0,0,0.70705375281792449
812,7.0466631132295383,-0.50002499174517345,0,0,0,0,0,0.7070537528179246
813,7.0553412697729243,-0.50002499175422011,0,0,0,0,0,0.7070537528179246
814,7.0640194263163103,-0.5000249917634485,0,0,0,0,0,0.7070537528179246
815,7.0726975828596963,-0.50002499177285675,0,0,0,0,0,0.70705375281792471
816,7.0813757394030823,-0.50002499178244397,0,0,0,0,0,0.7070537528179246
817,7.0900538959464683,-0.50002499179220838,0,0,0,0,0,0.7070537528179246
818,7.0987320524898552,-0.5000249918021481,0,0,0,0,0,0.7070537528179246
819,7.1074102090332412,-0.50002499181226234,0,0,0,0,0,0.7070537528179246
820,7.1160883655766272,-0.50002499182254934,0,0,0,0,0,0.7070537528179246
821,7.1247665221200132,-0.50002499183300764,0,0,0,0,0,0.7070537528179246
822,7.1334446786633992,-0.50002499184363569,0,0,0,0,0,0.7070537528179246
823,7.1421228352067851,-0.50002499185443161,0,0,0,0,0,0.7070537528179246
824,7.150800991750172,-0.50002499186539373,0,0,0,0,0,0.7070537528179246
825,7.159479148293558,-0.50002499187652072,0,0,0,0,0,0.7070537528179246
826,7.168157304836944,-0.5000249918878108,0,0,0,0,0,0.7070537528179246
827,7.17683546138033,-0.50002499189926219,0,0,0,0,0,0.7070537528179246
828,7.185513617923716,-0.50002499191087324,0,0,0,0,0,0.7070537528179246
829,7.194191774467102,-0.50002499192264238,0,0,0,0,0,0.7070537528179246
830,7.202869931010488,-0.5000249919345674,0,0,0,0,0,0.70705375281792471
831,7.2115480875538749,-0.50002499194664685,0,0,0,0,0,0.7070537528179246
832,7.2202262440972609,-0.50002499195887895,0,0,0,0,0,0.70705375281792471
833,7.2289044006406469,-0.50002499197126149,0,0,0,0,0,0.7070537528179246
834,7.2375825571840329,-0.50002499198379291,0,0,0,0,0,0.70705375281792471
835,7.2462607137274189,-0.50002499199647121,0,0,0,0,0,0.70705375281792482
836,7.2549388702708049,-0.50002499200929462,0,0,0,0,0,0.70705375281792482
837,7.2636170268141917,-0.50002499202226103,0,0,0,0,0,0.70705375281792482
838,7.2722951833575777,-0.50002499203536876,0,0,0,0,0,0.70705375281792482
839,7.2809733399009637,-0.50002499204861539,0,0,0,0,0,0.70705375281792482
840,7.2896514964443497,-0.50002499206199924,0,0,0,0,0,0.70705375281792482
841,7.2983296529877357,-0.50002499207551832,0,0,0,0,0,0.70705375281792482
842,7.3070078095311217,-0.50002499208917039,0,0,0,0,0,0.70705375281792493
843,7.3156859660745077,-0.50002499210295381,0,0,0,0,0,0.70705375281792482
844,7.3243641226178946,-0.50002499211686602,0,0,0,0,0,0.70705375281792482
845,7.3330422791612806,-0.50002499213090512,0,0,0,0,0,0.70705375281792482
846,7.3417204357046666,-0.50002499214506879,0,0,0,0,0,0.70705375281792482
847,7.3503985922480526,-0.50002499215935559,0,0,0,0,0,0.70705375281792482
848,7.3590767487914386,-0.50002499217376273,0,0,0,0,0,0.70705375281792482
849,7.3677549053348246,-0.50002499218828789,0,0,0,0,0,0.70705375281792493
850,7.3764330618782106,-0.50002499220292929,0,0,0,0,0,0.70705375281792493
851,7.3851112184215975,-0.50002499221768504,0,0,0,0,0,0.70705375281792493
852,7.3937893749649835,-0.50002499223255215,0,0,0,0,0,0.70705375281792493
853,7.4024675315083694,-0.50002499224752883,0,0,0,0,0,0.70705375281792493
854,7.4111456880517554,-0.50002499226261277,0,0,0,0,0,0.70705375281792482
855,7.4198238445951414,-0.50002499227780151,0,0,0,0,0,0.70705375281792482
856,7.4285020011385274,-0.50002499229309305,0,0,0,0,0,0.70705375281792482
857,7.4371801576819143,-0.50002499230848485,0,0,0,0,0,0.70705375281792493
858,7.4458583142253003,-0.50002499232397479,0,0,0,0,0,0.70705375281792482
859,7.4545364707686863,-0.50002499233956021,0,0,0,0,0,0.70705375281792493
860,7.4632146273120723,-0.50002499235523934,0,0,0,0,0,0.70705375281792493
861,7.4718927838554583,-0.50002499237100917,0,0,0,0,0,0.70705375281792482
862,7.4805709403988443,-0.50002499238686793,0,0,0,0,0,0.70705375281792482
863,7.4892490969422303,-0.50002499240281273,0,0,0,0,0,0.70705375281792471
864,7.4979272534856172,-0.50002499241884157,0,0,0,0,0,0.70705375281792471
865,7.5066054100290032,-0.50002499243495158,0,0,0,0,0,0.70705375281792482
866,7.5152835665723892,-0.50002499245114063,0,0,0,0,0,0.70705375281792482
867,7.5239617231157752,-0.50002499246740628,0,0,0,0,0,0.70705375281792471
868,7.5326398796591612,-0.50002499248374632,0,0,0,0,0,0.70705375281792471
869,7.5413180362025471,-0.50002499250015753,0,0,0,0,0,0.7070537528179246
870,7.549996192745934,-0.50002499251663823,0,0,0,0,0,0.70705375281792482
871,7.55867434928932,-0.50002499253318555,0,0,0,0,0,0.70705375281792482
872,7.567352505832706,-0.50002499254979704,0,0,0,0,0,0.70705375281792482
873,7.576030662376092,-0.50002499256647037,0,0,0,0,0,0.70705375281792471
874,7.584708818919478,-0.50002499258320265,0,0,0,0,0,0.70705375281792482
875,7.593386975462864,-0.50002499259999189,0,0,0,0,0,0.70705375281792482
876,7.60206513200625,-0.5000249926168352,0,0,0,0,0,0.70705375281792482
877,7.6107432885496369,-0.50002499263373001,0,0,0,0,0,0.70705375281792482
878,7.6194214450930229,-0.50002499265067391,0,0,0,0,0,0.70705375281792482
879,7.6280996016364089,-0.50002499266766454,0,0,0,0,0,0.70705375281792471
880,7.6367777581797949,-0.50002499268469869,0,0,0,0,0,0.70705375281792482
881,7.6454559147231809,-0.5000249927017747,0,0,0,0,0,0.70705375281792471
882,7.6541340712665669,-0.50002499271888934,0,0,0,0,0,0.70705375281792493
883,7.6628122278099537,-0.50002499273604029,0,0,0,0,0,0.70705375281792482
884,7.6714903843533397,-0.50002499275322476,0,0,0,0,0,0.70705375281792482
885,7.6801685408967257,-0.50002499277044032,0,0,0,0,0,0.70705375281792482
886,7.6888466974401117,-0.50002499278768442,0,0,0,0,0,0.70705375281792482
887,7.6975248539834977,-0.50002499280495438,0,0,0,0,0,0.70705375281792482
888,7.7062030105268837,-0.50002499282224744,0,0,0,0,0,0.70705375281792482
889,7.7148811670702697,-0.50002499283956148,0,0,0,0,0,0.70705375281792493
890,7.7235593236136566,-0.50002499285689339,0,0,0,0,0,0.70705375281792493
891,7.7322374801570426,-0.50002499287424074,0,0,0,0,0,0.70705375281792504
892,7.7409156367004286,-0.50002499289160118,0,0,0,0,0,0.70705375281792493
893,7.7495937932438146,-0.50002499290897162,0,0,0,0,0,0.70705375281792493
894,7.7582719497872006,-0.50002499292634983,0,0,0,0,0,0.70705375281792493
895,7.7669501063305866,-0.50002499294373315,0,0,0,0,0,0.70705375281792493
896,7.7756282628739726,-0.50002499296111846,0,0,0,0,0,0.70705375281792482
897,7.7843064194173595,-0.50002499297850378,0,0,0,0,0,0.70705375281792493
898,7.7929845759607455,-0.5000249929958861,0,0,0,0,0,0.70705375281792504
899,7.8016627325041314,-0.5000249930132632,0,0,0,0,0,0.70705375281792493
900,7.8103408890475174,-0.50002499303063197,0,0,0,0,0,0.70705375281792504
901,7.8190190455909034,-0.50002499304798997,0,0,0,0,0,0.70705375281792493
902,7.8276972021342894,-0.50002499306533477,0,0,0,0,0,0.70705375281792493
903,7.8363753586776763,-0.50002499308266379,0,0,0,0,0,0.70705375281792493
904,7.8450535152210623,-0.50002499309997384,0,0,0,0,0,0.70705375281792493
905,7.8537316717644483,-0.50002499311726334,0,0,0,0,0,0.70705375281792482
906,7.8624098283078343,-0.50002499313452886,0,0,0,0,0,0.70705375281792482
907,7.8710879848512203,-0.50002499315176774,0,0,0,0,0,0.70705375281792482
908,7.8797661413946063,-0.50002499316897797,0,0,0,0,0,0.70705375281792482
909,7.8884442979379923,-0.50002499318615645,0,0,0,0,0,0.70705375281792482
910,7.8971224544813792,-0.50002499320330063,0,0,0,0,0,0.70705375281792471
911,7.9058006110247652,-0.50002499322040839,0,0,0,0,0,0.70705375281792471
912,7.9144787675681512,-0.50002499323747673,0,0,0,0,0,0.70705375281792471
913,7.9231569241115372,-0.50002499325450322,0,0,0,0,0,0.7070537528179246
914,7.9318350806549232,-0.50002499327148509,0,0,0,0,0,0.70705375281792471
915,7.9405132371983091,-0.50002499328842021,0,0,0,0,0,0.70705375281792471
916,7.949191393741696,-0.5000249933053057,0,0,0,0,0,0.70705375281792471
917,7.957869550285082,-0.50002499332213901,0,0,0,0,0,0.7070537528179246
918,7.966547706828468,-0.50002499333891792,0,0,0,0,0,0.7070537528179246
919,7.975225863371854,-0.50002499335563932,0,0,0,0,0,0.70705375281792449
920,7.98390401991524,-0.50002499337230133,0,0,0,0,0,0.7070537528179246
921,7.992582176458626,-0.50002499338890072,0,0,0,0,0,0.7070537528179246
922,8.001260333002012,-0.50002499340543594,0,0,0,0,0,0.7070537528179246
923,8.009938489545398,-0.50002499342190343,0,0,0,0,0,0.7070537528179246
924,8.018616646088784,-0.50002499343830187,0,0,0,0,0,0.7070537528179246
925,8.02729480263217,-0.50002499345462792,0,0,0,0,0,0.7070537528179246
926,8.0359729591755578,-0.50002499347087914,0,0,0,0,0,0.7070537528179246
927,8.0446511157189438,-0.50002499348705376,0,0,0,0,0,0.70705375281792449
928,8.0533292722623298,-0.50002499350314855,0,0,0,0,0,0.7070537528179246
929,8.0620074288057157,-0.50002499351916141,0,0,0,0,0,0.70705375281792449
930,8.0706855853491017,-0.50002499353509033,0,0,0,0,0,0.70705375281792449
931,8.0793637418924877,-0.50002499355093222,0,0,0,0,0,0.70705375281792449
932,8.0880418984358737,-0.50002499356668506,0,0,0,0,0,0.70705375281792437
933,8.0967200549792597,-0.50002499358234642,0,0,0,0,0,0.70705375281792437
934,8.1053982115226457,-0.50002499359791353,0,0,0,0,0,0.70705375281792437
935,8.1140763680660317,-0.50002499361338515,0,0,0,0,0,0.70705375281792437
936,8.1227545246094177,-0.50002499362875774,0,0,0,0,0,0.70705375281792437
937,8.1314326811528037,-0.50002499364402953,0,0,0,0,0,0.70705375281792437
938,8.1401108376961897,-0.50002499365919839,0,0,0,0,0,0.70705375281792449
939,8.1487889942395775,-0.50002499367426179,0,0,0,0,0,0.70705375281792449
940,8.1574671507829635,-0.5000249936892176,0,0,0,0,0,0.70705375281792437
941,8.1661453073263495,-0.50002499370406306,0,0,0,0,0,0.70705375281792449
942,8.1748234638697355,-0.5000249937187965,0,0,0,0,0,0.70705375281792437
943,8.1835016204131215,-0.50002499373341536,0,0,0,0,0,0.70705375281792449
944,8.1921797769565075,-0.50002499374791809,0,0,0,0,0,0.70705375281792449
945,8.2008579334998934,-0.50002499376230192,0,0,0,0,0,0.70705375281792449
946,8.2095360900432794,-0.50002499377656462,0,0,0,0,0,0.70705375281792437
947,8.2182142465866654,-0.5000249937907042,0,0,0,0,0,0.70705375281792449
948,8.2268924031300514,-0.50002499380471854,0,0,0,0,0,0.70705375281792437
949,8.2355705596734374,-0.50002499381860532,0,0,0,0,0,0.70705375281792449
950,8.2442487162168234,-0.50002499383236299,0,0,0,0,0,0.70705375281792449
951,8.2529268727602094,-0.50002499384598864,0,0,0,0,0,0.7070537528179246
952,8.2616050293035972,-0.50002499385948118,0,0,0,0,0,0.7070537528179246
953,8.2702831858469832,-0.50002499387283794,0,0,0,0,0,0.70705375281792449
954,8.2789613423903692,-0.50002499388605726,0,0,0,0,0,0.70705375281792449
955,8.2876394989337552,-0.50002499389913668,0,0,0,0,0,0.70705375281792437
956,8.2963176554771412,-0.50002499391207478,0,0,0,0,0,0.7070537528179246
957,8.3049958120205272,-0.50002499392486888,0,0,0,0,0,0.7070537528179246
958,8.3136739685639132,-0.50002499393751787,0,0,0,0,0,0.70705375281792449
959,8.3223521251072992,-0.50002499395001943,0,0,0,0,0,0.70705375281792437
960,8.3310302816506852,-0.50002499396237199,0,0,0,0,0,0.70705375281792437
961,8.3397084381940711,-0.5000249939745729,0,0,0,0,0,0.70705375281792437
962,8.3483865947374571,-0.50002499398662104,0,0,0,0,0,0.70705375281792449
963,8.3570647512808431,-0.50002499399851419,0,0,0,0,0,0.7070537528179246
964,8.3657429078242291,-0.50002499401025102,0,0,0,0,0,0.70705375281792449
965,8.3744210643676169,-0.50002499402182954,0,0,0,0,0,0.70705375281792437
966,8.3830992209110029,-0.50002499403324807,0,0,0,0,0,0.70705375281792437
967,8.3917773774543889,-0.50002499404450451,0,0,0,0,0,0.7070537528179246
968,8.4004555339977749,-0.50002499405559764,0,0,0,0,0,0.70705375281792449
969,8.4091336905411609,-0.50002499406652534,0,0,0,0,0,0.7070537528179246
970,8.4178118470845469,-0.50002499407728629,0,0,0,0,0,0.7070537528179246
971,8.4264900036279329,-0.50002499408787893,0,0,0,0,0,0.7070537528179246
972,8.4351681601713189,-0.50002499409830148,0,0,0,0,0,0.7070537528179246
973,8.4438463167147049,-0.50002499410855217,0,0,0,0,0,0.7070537528179246
974,8.4525244732580909,-0.50002499411863,0,0,0,0,0,0.7070537528179246
975,8.4612026298014769,-0.50002499412853307,0,0,0,0,0,0.7070537528179246
976,8.4698807863448629,-0.50002499413826007,0,0,0,0,0,0.70705375281792449
977,8.4785589428882489,-0.50002499414780921,0,0,0,0,0,0.70705375281792449
978,8.4872370994316348,-0.50002499415717927,0,0,0,0,0,0.70705375281792449
979,8.4959152559750226,-0.50002499416636903,0,0,0,0,0,0.70705375281792437
980,8.5045934125184086,-0.50002499417537671,0,0,0,0,0,0.70705375281792437
981,8.5132715690617946,-0.50002499418420143,0,0,0,0,0,0.70705375281792437
982,8.5219497256051806,-0.50002499419284108,0,0,0,0,0,0.70705375281792437
983,8.5306278821485666,-0.50002499420129498,0,0,0,0,0,0.70705375281792449
984,8.5393060386919526,-0.50002499420956192,0,0,0,0,0,0.7070537528179246
985,8.5479841952353386,-0.50002499421764024,0,0,0,0,0,0.7070537528179246
986,8.5566623517787246,-0.50002499422552926,0,0,0,0,0,0.7070537528179246
987,8.5653405083221106,-0.50002499423322733,0,0,0,0,0,0.7070537528179246
988,8.5740186648654966,-0.50002499424073343,0,0,0,0,0,0.7070537528179246
989,8.5826968214088826,-0.50002499424804658,0,0,0,0,0,0.7070537528179246
990,8.5913749779522686,-0.50002499425516533,0,0,0,0,0,0.70705375281792449
991,8.6000531344956546,-0.5000249942620888,0,0,0,0,0,0.7070537528179246
992,8.6087312910390423,-0.50002499426881597,0,0,0,0,0,0.70705375281792449
993,8.6174094475824283,-0.50002499427534586,0,0,0,0,0,0.70705375281792449
994,8.6260876041258143,-0.50002499428167735,0,0,0,0,0,0.70705375281792449
995,8.6347657606692003,-0.50002499428780967,0,0,0,0,0,0.70705375281792449
996,8.6434439172125863,-0.50002499429374192,0,0,0,0,0,0.70705375281792449
997,8.6521220737559723,-0.500024994299473,0,0,0,0,0,0.70705375281792449
998,8.6608002302993583,-0.50002499430500202,0,0,0,0,0,0.70705375281792449
999,8.6694783868427443,-0.5000249943103281,0,0,0,0,0,0.70705375281792449
1000,8.6781565433861303,-0.50002499431545078,0,0,0,0,0,0.70705375281792437
1001,8.6868346999295163,-0.50002499432036907,0,0,0,0,0,0.70705375281792437
1002,8.6955128564729023,-0.50002499432508229,0,0,0,0,0,0.70705375281792437
1003,8.7041910130162883,-0.5000249943295898,0,0,0,0,0,0.70705375281792426
1004,8.7128691695596743,-0.50002499433389069,0,0,0,0,0,0.70705375281792426
1005,8.721547326103062,-0.50002499433798442,0,0,0,0,0,0.70705375281792415
1006,8.730225482646448,-0.50002499434187042,0,0,0,0,0,0.70705375281792426
1007,8.738903639189834,-0.50002499434554815,0,0,0,0,0,0.70705375281792415
1008,8.74758179573322,-0.5000249943490167,0,0,0,0,0,0.70705375281792426
1009,8.756259952276606,-0.5000249943522761,0,0,0,0,0,0.70705375281792415
1010,8.764938108819992,-0.50002499435532533,0,0,0,0,0,0.70705375281792415
1011,8.773616265363378,-0.50002499435816439,0,0,0,0,0,0.70705375281792426
1012,8.782294421906764,-0.5000249943607924,0,0,0,0,0,0.70705375281792426
1013,8.79097257845015,-0.50002499436320935,0,0,0,0,0,0.70705375281792426
1014,8.799650734993536,-0.5000249943654147,0,0,0,0,0,0.70705375281792426
1015,8.808328891536922,-0.50002499436740822,0,0,0,0,0,0.70705375281792415
1016,8.817007048080308,-0.50002499436918946,0,0,0,0,0,0.70705375281792426
1017,8.825685204623694,-0.50002499437075854,0,0,0,0,0,0.70705375281792415
1018,8.8343633611670818,-0.50002499437211445,0,0,0,0,0,0.70705375281792415
1019,8.8430415177104678,-0.50002499437325765,0,0,0,0,0,0.70705375281792426
1020,8.8517196742538538,-0.50002499437418779,0,0,0,0,0,0.70705375281792426
1021,8.8603978307972397,-0.50002499437490466,0,0,0,0,0,0.70705375281792426
1022,8.8690759873406257,-0.50002499437540815,0,0,0,0,0,0.70705375281792426
1023,8.8777541438840117,-0.50002499437569825,0,0,0,0,0,0.70705375281792437
1024,8.8864323004273977,-0.50002499437577486,0,0,0,0,0,0.70705375281792437
1025,8.8951104569707837,-0.50002499437563819,0,0,0,0,0,0.70705375281792437
1026,8.9037886135141697,-0.5000249943752878,0,0,0,0,0,0.70705375281792437
1027,8.9124667700575557,-0.50002499437472447,0,0,0,0,0,0.70705375281792426
1028,8.9211449266009417,-0.50002499437394754,0,0,0,0,0,0.70705375281792437
1029,8.9298230831443277,-0.50002499437295733,0,0,0,0,0,0.70705375281792426
1030,8.9385012396877137,-0.50002499437175418,0,0,0,0,0,0.70705375281792437
1031,8.9471793962311015,-0.50002499437033809,0,0,0,0,0,0.70705375281792437
1032,8.9558575527744875,-0.50002499436870984,0,0,0,0,0,0.70705375281792426
1033,8.9645357093178735,-0.50002499436686865,0,0,0,0,0,0.70705375281792426
1034,8.9732138658612595,-0.50002499436481562,0,0,0,0,0,0.70705375281792437
1035,8.9818920224046455,-0.50002499436255066,0,0,0,0,0,0.70705375281792426
1036,8.9905701789480315,-0.50002499436007419,0,0,0,0,0,0.70705375281792426
1037,8.9992483354914174,-0.5000249943573869,0,0,0,0,0,0.70705375281792426
1038,9.0079264920348034,-0.50002499435448844,0,0,0,0,0,0.70705375281792426
1039,9.0166046485781894,-0.50002499435138004,0,0,0,0,0,0.70705375281792437
1040,9.0252828051215754,-0.50002499434806169,0,0,0,0,0,0.70705375281792426
1041,9.0339609616649614,-0.50002499434453429,0,0,0,0,0,0.70705375281792437
1042,9.0426391182083474,-0.50002499434079795,0,0,0,0,0,0.70705375281792437
1043,9.0513172747517334,-0.50002499433685355,0,0,0,0,0,0.70705375281792437
1044,9.0599954312951212,-0.50002499433270142,0,0,0,0,0,0.70705375281792426
1045,9.0686735878385072,-0.50002499432834235,0,0,0,0,0,0.70705375281792426
1046,9.0773517443818932,-0.50002499432377723,0,0,0,0,0,0.70705375281792437
1047,9.0860299009252792,-0.50002499431900604,0,0,0,0,0,0.70705375281792437
1048,9.0947080574686652,-0.50002499431403025,0,0,0,0,0,0.70705375281792426
1049,9.1033862140120512,-0.50002499430885039,0,0,0,0,0,0.70705375281792437
1050,9.1120643705554372,-0.50002499430346692,0,0,0,0,0,0.70705375281792426
1051,9.1207425270988232,-0.50002499429788083,0,0,0,0,0,0.70705375281792426
1052,9.1294206836422092,-0.50002499429209335,0,0,0,0,0,0.70705375281792437
1053,9.1380988401855952,-0.50002499428610481,0,0,0,0,0,0.70705375281792426
1054,9.1467769967289811,-0.50002499427991642,0,0,0,0,0,0.70705375281792426
1055,9.1554551532723671,-0.50002499427352876,0,0,0,0,0,0.70705375281792415
1056,9.1641333098157531,-0.50002499426694336,0,0,0,0,0,0.70705375281792437
1057,9.1728114663591409,-0.50002499426016089,0,0,0,0,0,0.70705375281792426
1058,9.1814896229025269,-0.50002499425318225,0,0,0,0,0,0.70705375281792426
1059,9.1901677794459129,-0.50002499424600877,0,0,0,0,0,0.70705375281792437
1060,9.1988459359892989,-0.50002499423864111,0,0,0,0,0,0.70705375281792437
1061,9.2075240925326849,-0.50002499423108093,0,0,0,0,0,0.70705375281792437
1062,9.2162022490760709,-0.50002499422332913,0,0,0,0,0,0.70705375281792437
1063,9.2248804056194569,-0.5000249942153866,0,0,0,0,0,0.70705375281792437
1064,9.2335585621628429,-0.50002499420725499,0,0,0,0,0,0.70705375281792437
1065,9.2422367187062289,-0.50002499419893554,0,0,0,0,0,0.70705375281792437
1066,9.2509148752496149,-0.50002499419042878,0,0,0,0,0,0.70705375281792437
1067,9.2595930317930009,-0.50002499418173696,0,0,0,0,0,0.70705375281792449
1068,9.2682711883363869,-0.50002499417286084,0,0,0,0,0,0.70705375281792437
1069,9.2769493448797729,-0.50002499416380175,0,0,0,0,0,0.70705375281792437
1070,9.2856275014231606,-0.50002499415456114,0,0,0,0,0,0.70705375281792437
1071,9.2943056579665466,-0.50002499414514046,0,0,0,0,0,0.70705375281792437
1072,9.3029838145099326,-0.50002499413554125,0,0,0,0,0,0.70705375281792437
1073,9.3116619710533186,-0.50002499412576451,0,0,0,0,0,0.70705375281792437
1074,9.3203401275967046,-0.50002499411581214,0,0,0,0,0,0.70705375281792437
1075,9.3290182841400906,-0.50002499410568579,0,0,0,0,0,0.70705375281792437
1076,9.3376964406834766,-0.50002499409538648,0,0,0,0,0,0.70705375281792437
1077,9.3463745972268626,-0.50002499408491563,0,0,0,0,0,0.70705375281792437
1078,9.3550527537702486,-0.50002499407427548,0,0,0,0,0,0.70705375281792437
1079,9.3637309103136346,-0.50002499406346756,0,0,0,0,0,0.70705375281792437
1080,9.3724090668570206,-0.5000249940524929,0,0,0,0,0,0.70705375281792437
1081,9.3810872234004066,-0.5000249940413537,0,0,0,0,0,0.70705375281792437
1082,9.3897653799437926,-0.50002499403005152,0,0,0,0,0,0.70705375281792437
1083,9.3984435364871786,-0.5000249940185878,0,0,0,0,0,0.70705375281792437
1084,9.4071216930305663,-0.50002499400696476,0,0,0,0,0,0.70705375281792449
1085,9.4157998495739523,-0.50002499399518352,0,0,0,0,0,0.70705375281792449
1086,9.4244780061173383,-0.5000249939832464,0,0,0,0,0,0.7070537528179246
1087,9.4331561626607243,-0.50002499397115496,0,0,0,0,0,0.7070537528179246
1088,9.4418343192041103,-0.5000249939589112,0,0,0,0,0,0.7070537528179246
1089,9.4505124757474963,-0.50002499394651656,0,0,0,0,0,0.7070537528179246
1090,9.4591906322908823,-0.50002499393397337,0,0,0,0,0,0.70705375281792471
1091,9.4678687888342683,-0.50002499392128308,0,0,0,0,0,0.70705375281792471
1092,9.4765469453776543,-0.50002499390844846,0,0,0,0,0,0.7070537528179246
1093,9.4852251019210403,-0.50002499389547039,0,0,0,0,0,0.70705375281792471
1094,9.4939032584644263,-0.50002499388235122,0,0,0,0,0,0.70705375281792482
1095,9.5025814150078123,-0.50002499386909327,0,0,0,0,0,0.70705375281792482
1096,9.5112595715511983,-0.50002499385569821,0,0,0,0,0,0.70705375281792482
1097,9.519937728094586,-0.50002499384216792,0,0,0,0,0,0.70705375281792482
1098,9.528615884637972,-0.50002499382850463,0,0,0,0,0,0.70705375281792482
1099,9.537294041181358,-0.50002499381471055,0,0,0,0,0,0.70705375281792482
1100,9.545972197724744,-0.50002499380078735,0,0,0,0,0,0.70705375281792482
1101,9.55465035426813,-0.5000249937867377,0,0,0,0,0,0.70705375281792482
1102,9.563328510811516,-0.50002499377256315,0,0,0,0,0,0.70705375281792493
1103,9.572006667354902,-0.50002499375826615,0,0,0,0,0,0.70705375281792482
1104,9.580684823898288,-0.50002499374384901,0,0,0,0,0,0.70705375281792482
1105,9.589362980441674,-0.50002499372931353,0,0,0,0,0,0.70705375281792482
1106,9.59804113698506,-0.50002499371466202,0,0,0,0,0,0.70705375281792482
1107,9.606719293528446,-0.50002499369989661,0,0,0,0,0,0.70705375281792482
1108,9.615397450071832,-0.50002499368501974,0,0,0,0,0,0.70705375281792482
1109,9.624075606615218,-0.5000249936700335,0,0,0,0,0,0.70705375281792482
1110,9.6327537631586058,-0.50002499365494046,0,0,0,0,0,0.70705375281792471
1111,9.6414319197019918,-0.50002499363974229,0,0,0,0,0,0.70705375281792471
1112,9.6501100762453778,-0.50002499362444186,0,0,0,0,0,0.70705375281792482
1113,9.6587882327887638,-0.50002499360904118,0,0,0,0,0,0.70705375281792471
1114,9.6674663893321497,-0.50002499359354258,0,0,0,0,0,0.70705375281792482
1115,9.6761445458755357,-0.50002499357794838,0,0,0,0,0,0.70705375281792482
1116,9.6848227024189217,-0.50002499356226093,0,0,0,0,0,0.70705375281792493
1117,9.6935008589623077,-0.50002499354648289,0,0,0,0,0,0.70705375281792482
1118,9.7021790155056937,-0.50002499353061636,0,0,0,0,0,0.70705375281792482
1119,9.7108571720490797,-0.50002499351466367,0,0,0,0,0,0.70705375281792493
1120,9.7195353285924657,-0.5000249934986275,0,0,0,0,0,0.70705375281792482
1121,9.7282134851358517,-0.50002499348251028,0,0,0,0,0,0.70705375281792482
1122,9.7368916416792377,-0.50002499346631368,0,0,0,0,0,0.70705375281792471
1123,9.7455697982226255,-0.50002499345004126,0,0,0,0,0,0.70705375281792482
1124,9.7542479547660115,-0.50002499343369455,0,0,0,0,0,0.70705375281792493
1125,9.7629261113093975,-0.50002499341727658,0,0,0,0,0,0.70705375281792482
1126,9.7716042678527835,-0.50002499340078987,0,0,0,0,0,0.70705375281792482
1127,9.7802824243961695,-0.50002499338423623,0,0,0,0,0,0.70705375281792482
1128,9.7889605809395555,-0.50002499336761908,0,0,0,0,0,0.70705375281792471
1129,9.7976387374829415,-0.50002499335094008,0,0,0,0,0,0.70705375281792471
1130,9.8063168940263274,-0.50002499333420225,0,0,0,0,0,0.70705375281792471
1131,9.8149950505697134,-0.50002499331740791,0,0,0,0,0,0.7070537528179246
1132,9.8236732071130994,-0.50002499330055938,0,0,0,0,0,0.70705375281792471
1133,9.8323513636564854,-0.50002499328366001,0,0,0,0,0,0.70705375281792482
1134,9.8410295201998714,-0.50002499326671135,0,0,0,0,0,0.70705375281792482
1135,9.8497076767432574,-0.5000249932497165,0,0,0,0,0,0.70705375281792482
1136,9.8583858332866452,-0.50002499323267779,0,0,0,0,0,0.70705375281792493
1137,9.8670639898300312,-0.50002499321559835,0,0,0,0,0,0.70705375281792493
1138,9.8757421463734172,-0.50002499319847993,0,0,0,0,0,0.70705375281792493
1139,9.8844203029168032,-0.50002499318132587,0,0,0,0,0,0.70705375281792504
1140,9.8930984594601892,-0.50002499316413818,0,0,0,0,0,0.70705375281792493
1141,9.9017766160035752,-0.50002499314691973,0,0,0,0,0,0.70705375281792493
1142,9.9104547725469612,-0.50002499312967286,0,0,0,0,0,0.70705375281792493
1143,9.9191329290903472,-0.50002499311240078,0,0,0,0,0,0.70705375281792504
1144,9.9278110856337332,-0.50002499309510517,0,0,0,0,0,0.70705375281792504
1145,9.9364892421771192,-0.50002499307778958,0,0,0,0,0,0.70705375281792504
1146,9.9451673987205051,-0.50002499306045578,0,0,0,0,0,0.70705375281792504
1147,9.9538455552638911,-0.50002499304310699,0,0,0,0,0,0.70705375281792504
1148,9.9625237118072771,-0.50002499302574566,0,0,0,0,0,0.70705375281792493
1149,9.9712018683506649,-0.50002499300837444,0,0,0,0,0,0.70705375281792493
1150,9.9798800248940509,-0.50002499299099556,0,0,0,0,0,0.70705375281792493
1151,9.9885581814374369,-0.50002499297361214,0,0,0,0,0,0.70705375281792493
1152,9.9972363379808229,-0.50002499295622638,0,0,0,0,0,0.70705375281792504
1153,10.005914494524209,-0.50002499293884117,0,0,0,0,0,0.70705375281792515
1154,10.014592651067595,-0.5000249929214593,0,0,0,0,0,0.70705375281792515
1155,10.023270807610981,-0.50002499290408275,0,0,0,0,0,0.70705375281792504
1156,10.031948964154367,-0.50002499288671498,0,0,0,0,0,0.70705375281792504
1157,10.040627120697753,-0.50002499286935809,0,0,0,0,0,0.70705375281792493
1158,10.049305277241139,-0.50002499285201474,0,0,0,0,0,0.70705375281792504
1159,10.057983433784525,-0.5000249928346876,0,0,0,0,0,0.70705375281792493
1160,10.066661590327911,-0.50002499281737933,0,0,0,0,0,0.70705375281792493
1161,10.075339746871297,-0.50002499280009227,0,0,0,0,0,0.70705375281792493
1162,10.084017903414685,-0.5000249927828293,0,0,0,0,0,0.70705375281792493
1163,10.092696059958071,-0.50002499276559309,0,0,0,0,0,0.70705375281792504
1164,10.101374216501457,-0.50002499274838597,0,0,0,0,0,0.70705375281792504
1165,10.110052373044843,-0.50002499273121037,0,0,0,0,0,0.70705375281792504
1166,10.118730529588229,-0.50002499271406964,0,0,0,0,0,0.70705375281792504
1167,10.127408686131615,-0.50002499269696554,0,0,0,0,0,0.70705375281792504
1168,10.136086842675001,-0.50002499267990097,0,0,0,0,0,0.70705375281792504
1169,10.144764999218387,-0.50002499266287881,0,0,0,0,0,0.70705375281792493
1170,10.153443155761773,-0.50002499264590117,0,0,0,0,0,0.70705375281792504
1171,10.162121312305159,-0.50002499262897082,0,0,0,0,0,0.70705375281792504
1172,10.170799468848545,-0.50002499261209021,0,0,0,0,0,0.70705375281792504
1173,10.179477625391931,-0.50002499259526201,0,0,0,0,0,0.70705375281792493
1174,10.188155781935317,-0.50002499257848854,0,0,0,0,0,0.70705375281792504
1175,10.196833938478704,-0.50002499256177235,0,0,0,0,0,0.70705375281792493
1176,10.20551209502209,-0.50002499254511645,0,0,0,0,0,0.70705375281792493
1177,10.214190251565476,-0.50002499252852273,0,0,0,0,0,0.70705375281792482
1178,10.222868408108862,-0.50002499251199406,0,0,0,0,0,0.70705375281792482
1179,10.231546564652248,-0.50002499249553245,0,0,0,0,0,0.70705375281792482
1180,10.240224721195634,-0.50002499247914112,0,0,0,0,0,0.70705375281792482
1181,10.24890287773902,-0.50002499246282173,0,0,0,0,0,0.70705375281792482
1182,10.257581034282406,-0.5000249924465775,0,0,0,0,0,0.70705375281792493
1183,10.266259190825792,-0.50002499243041021,0,0,0,0,0,0.70705375281792482
1184,10.274937347369178,-0.50002499241432297,0,0,0,0,0,0.70705375281792482
1185,10.283615503912564,-0.50002499239831744,0,0,0,0,0,0.70705375281792493
1186,10.29229366045595,-0.50002499238239662,0,0,0,0,0,0.70705375281792504
1187,10.300971816999336,-0.50002499236656284,0,0,0,0,0,0.70705375281792482
1188,10.309649973542722,-0.50002499235081821,0,0,0,0,0,0.70705375281792482
1189,10.31832813008611,-0.5000249923351654,0,0,0,0,0,0.70705375281792482
1190,10.327006286629496,-0.50002499231960629,0,0,0,0,0,0.70705375281792482
1191,10.335684443172882,-0.50002499230414399,0,0,0,0,0,0.70705375281792482
1192,10.344362599716268,-0.50002499228878006,0,0,0,0,0,0.70705375281792482
1193,10.353040756259654,-0.50002499227351738,0,0,0,0,0,0.70705375281792471
1194,10.36171891280304,-0.50002499225835784,0,0,0,0,0,0.70705375281792471
1195,10.370397069346426,-0.50002499224330377,0,0,0,0,0,0.70705375281792482
1196,10.379075225889812,-0.50002499222835783,0,0,0,0,0,0.70705375281792471
1197,10.387753382433198,-0.50002499221352203,0,0,0,0,0,0.70705375281792471
1198,10.396431538976584,-0.50002499219879826,0,0,0,0,0,0.70705375281792482
1199,10.40510969551997,-0.50002499218418917,0,0,0,0,0,0.70705375281792471
1200,10.413787852063356,-0.50002499216969698,0,0,0,0,0,0.70705375281792471
1201,10.422466008606742,-0.50002499215532348,0,0,0,0,0,0.70705375281792471
1202,10.43114416515013,-0.50002499214107132,0,0,0,0,0,0.70705375281792471
1203,10.439822321693516,-0.50002499212694262,0,0,0,0,0,0.7070537528179246
1204,10.448500478236902,-0.50002499211293872,0,0,0,0,0,0.70705375281792482
1205,10.457178634780288,-0.50002499209906248,0,0,0,0,0,0.70705375281792471
1206,10.465856791323674,-0.50002499208531592,0,0,0,0,0,0.70705375281792482
1207,10.47453494786706,-0.50002499207170092,0,0,0,0,0,0.70705375281792482
1208,10.483213104410446,-0.50002499205821971,0,0,0,0,0,0.70705375281792482
1209,10.491891260953832,-0.50002499204487405,0,0,0,0,0,0.70705375281792482
1210,10.500569417497218,-0.50002499203166639,0,0,0,0,0,0.70705375281792482
1211,10.509247574040604,-0.50002499201859829,0,0,0,0,0,0.70705375281792482
1212,10.51792573058399,-0.50002499200567174,0,0,0,0,0,0.70705375281792482
1213,10.526603887127376,-0.50002499199288897,0,0,0,0,0,0.70705375281792482
1214,10.535282043670762,-0.50002499198025152,0,0,0,0,0,0.70705375281792493
1215,10.543960200214149,-0.50002499196776196,0,0,0,0,0,0.70705375281792482
1216,10.552638356757535,-0.50002499195542127,0,0,0,0,0,0.70705375281792482
1217,10.561316513300921,-0.50002499194323224,0,0,0,0,0,0.70705375281792493
1218,10.569994669844307,-0.50002499193119587,0,0,0,0,0,0.70705375281792482
1219,10.578672826387693,-0.50002499191931438,0,0,0,0,0,0.70705375281792504
1220,10.587350982931079,-0.50002499190758976,0,0,0,0,0,0.70705375281792504
1221,10.596029139474465,-0.50002499189602345,0,0,0,0,0,0.70705375281792504
1222,10.604707296017851,-0.50002499188461724,0,0,0,0,0,0.70705375281792504
1223,10.613385452561237,-0.50002499187337279,0,0,0,0,0,0.70705375281792504
1224,10.622063609104623,-0.5000249918622921,0,0,0,0,0,0.70705375281792493
1225,10.630741765648009,-0.50002499185137639,0,0,0,0,0,0.70705375281792482
1226,10.639419922191395,-0.50002499184062765,0,0,0,0,0,0.70705375281792482
1227,10.648098078734781,-0.50002499183004767,0,0,0,0,0,0.70705375281792482
1228,10.656776235278169,-0.50002499181963733,0,0,0,0,0,0.70705375281792482
1229,10.665454391821555,-0.50002499180939863,0,0,0,0,0,0.70705375281792482
1230,10.674132548364941,-0.50002499179933335,0,0,0,0,0,0.70705375281792482
1231,10.682810704908327,-0.50002499178944237,0,0,0,0,0,0.70705375281792482
1232,10.691488861451713,-0.50002499177972792,0,0,0,0,0,0.70705375281792482
1233,10.700167017995099,-0.50002499177019111,0,0,0,0,0,0.70705375281792482
1234,10.708845174538485,-0.50002499176083304,0,0,0,0,0,0.70705375281792482
1235,10.717523331081871,-0.50002499175165571,0,0,0,0,0,0.70705375281792482
1236,10.726201487625257,-0.50002499174266057,0,0,0,0,0,0.70705375281792482
1237,10.734879644168643,-0.50002499173384796,0,0,0,0,0,0.70705375281792482
1238,10.743557800712029,-0.50002499172522019,0,0,0,0,0,0.70705375281792482
1239,10.752235957255415,-0.50002499171677828,0,0,0,0,0,0.70705375281792493
1240,10.760914113798801,-0.50002499170852344,0,0,0,0,0,0.70705375281792493
1241,10.769592270342189,-0.50002499170045678,0,0,0,0,0,0.70705375281792504
1242,10.778270426885575,-0.50002499169258008,0,0,0,0,0,0.70705375281792493
1243,10.786948583428961,-0.50002499168489378,0,0,0,0,0,0.70705375281792493
1244,10.795626739972347,-0.50002499167739956,0,0,0,0,0,0.70705375281792504
1245,10.804304896515733,-0.50002499167009817,0,0,0,0,0,0.70705375281792504
1246,10.812983053059119,-0.50002499166299119,0,0,0,0,0,0.70705375281792504
1247,10.821661209602505,-0.50002499165607928,0,0,0,0,0,0.70705375281792504
1248,10.830339366145891,-0.50002499164936376,0,0,0,0,0,0.70705375281792504
1249,10.839017522689277,-0.50002499164284542,0,0,0,0,0,0.70705375281792504
1250,10.847695679232663,-0.50002499163652525,0,0,0,0,0,0.70705375281792515
1251,10.856373835776049,-0.50002499163040415,0,0,0,0,0,0.70705375281792526
1252,10.865051992319435,-0.50002499162448333,0,0,0,0,0,0.70705375281792526
1253,10.873730148862821,-0.50002499161876357,0,0,0,0,0,0.70705375281792515
1254,10.882408305406209,-0.50002499161324543,0,0,0,0,0,0.70705375281792515
1255,10.891086461949595,-0.50002499160793024,0,0,0,0,0,0.70705375281792515
1256,10.899764618492981,-0.50002499160281844,0,0,0,0,0,0.70705375281792526
1257,10.908442775036367,-0.50002499159791103,0,0,0,0,0,0.70705375281792515
1258,10.917120931579753,-0.50002499159320857,0,0,0,0,0,0.70705375281792515
1259,10.925799088123139,-0.50002499158871161,0,0,0,0,0,0.70705375281792515
1260,10.934477244666525,-0.50002499158442115,0,0,0,0,0,0.70705375281792515
1261,10.943155401209911,-0.50002499158033786,0,0,0,0,0,0.70705375281792515
1262,10.951833557753297,-0.50002499157646196,0,0,0,0,0,0.70705375281792515
1263,10.960511714296683,-0.50002499157279423,0,0,0,0,0,0.70705375281792515
1264,10.969189870840069,-0.50002499156933555,0,0,0,0,0,0.70705375281792515
1265,10.977868027383455,-0.50002499156608593,0,0,0,0,0,0.70705375281792515
1266,10.986546183926841,-0.50002499156304647,0,0,0,0,0,0.70705375281792504
1267,10.995224340470228,-0.50002499156021707,0,0,0,0,0,0.70705375281792504
1268,11.003902497013614,-0.50002499155759828,0,0,0,0,0,0.70705375281792515
1269,11.012580653557,-0.50002499155519065,0,0,0,0,0,0.70705375281792504
1270,11.021258810100386,-0.50002499155299407,0,0,0,0,0,0.70705375281792504
1271,11.029936966643772,-0.50002499155100955,0,0,0,0,0,0.70705375281792526
1272,11.038615123187158,-0.50002499154923685,0,0,0,0,0,0.70705375281792526
1273,11.047293279730544,-0.50002499154767688,0,0,0,0,0,0.70705375281792526
1274,11.05597143627393,-0.50002499154632907,0,0,0,0,0,0.70705375281792526
1275,11.064649592817316,-0.5000249915451942,0,0,0,0,0,0.70705375281792526
1276,11.073327749360702,-0.5000249915442726,0,0,0,0,0,0.70705375281792526
1277,11.082005905904088,-0.5000249915435635,0,0,0,0,0,0.70705375281792526
1278,11.090684062447474,-0.50002499154306801,0,0,0,0,0,0.70705375281792515
1279,11.09936221899086,-0.50002499154278546,0,0,0,0,0,0.70705375281792515
1280,11.108040375534248,-0.5000249915427164,0,0,0,0,0,0.70705375281792515
1281,11.116718532077634,-0.5000249915428604,0,0,0,0,0,0.70705375281792526
1282,11.12539668862102,-0.50002499154321789,0,0,0,0,0,0.70705375281792537
1283,11.134074845164406,-0.50002499154378821,0,0,0,0,0,0.70705375281792537
1284,11.142753001707792,-0.50002499154457203,0,0,0,0,0,0.70705375281792548
1285,11.151431158251178,-0.50002499154556879,0,0,0,0,0,0.7070537528179256
1286,11.160109314794564,-0.5000249915467786,0,0,0,0,0,0.70705375281792548
1287,11.16878747133795,-0.50002499154820079,0,0,0,0,0,0.70705375281792548
1288,11.177465627881336,-0.5000249915498356,0,0,0,0,0,0.7070537528179256
1289,11.186143784424722,-0.50002499155168267,0,0,0,0,0,0.7070537528179256
1290,11.194821940968108,-0.5000249915537418,0,0,0,0,0,0.7070537528179256
1291,11.203500097511494,-0.50002499155601254,0,0,0,0,0,0.7070537528179256
1292,11.21217825405488,-0.50002499155849456,0,0,0,0,0,0.70705375281792548
1293,11.220856410598266,-0.50002499156118763,0,0,0,0,0,0.7070537528179256
1294,11.229534567141654,-0.50002499156409108,0,0,0,0,0,0.7070537528179256
1295,11.23821272368504,-0.50002499156720459,0,0,0,0,0,0.7070537528179256
1296,11.246890880228426,-0.50002499157052738,0,0,0,0,0,0.70705375281792571
1297,11.255569036771812,-0.50002499157405988,0,0,0,0,0,0.7070537528179256
1298,11.264247193315198,-0.50002499157780067,0,0,0,0,0,0.7070537528179256
1299,11.272925349858584,-0.50002499158174962,0,0,0,0,0,0.7070537528179256
1300,11.28160350640197,-0.50002499158590585,0,0,0,0,0,0.7070537528179256
1301,11.290281662945356,-0.50002499159026892,0,0,0,0,0,0.7070537528179256
1302,11.298959819488742,-0.50002499159483849,0,0,0,0,0,0.7070537528179256
1303,11.307637976032128,-0.500024991599613,0,0,0,0,0,0.70705375281792548
1304,11.316316132575514,-0.50002499160459246,0,0,0,0,0,0.7070537528179256
1305,11.3249942891189,-0.50002499160977598,0,0,0,0,0,0.70705375281792548
1306,11.333672445662286,-0.50002499161516256,0,0,0,0,0,0.7070537528179256
1307,11.342350602205673,-0.50002499162075187,0,0,0,0,0,0.7070537528179256
1308,11.351028758749059,-0.50002499162654246,0,0,0,0,0,0.70705375281792548
1309,11.359706915292445,-0.50002499163253378,0,0,0,0,0,0.70705375281792548
1310,11.368385071835831,-0.50002499163872494,0,0,0,0,0,0.70705375281792548
1311,11.377063228379217,-0.50002499164511494,0,0,0,0,0,0.70705375281792548
1312,11.385741384922603,-0.50002499165170278,0,0,0,0,0,0.70705375281792548
1313,11.394419541465989,-0.50002499165848746,0,0,0,0,0,0.70705375281792548
1314,11.403097698009375,-0.5000249916654681,0,0,0,0,0,0.70705375281792537
1315,11.411775854552761,-0.50002499167264369,0,0,0,0,0,0.70705375281792537
1316,11.420454011096147,-0.50002499168001313,0,0,0,0,0,0.70705375281792526
1317,11.429132167639533,-0.50002499168757497,0,0,0,0,0,0.70705375281792526
1318,11.437810324182919,-0.50002499169532832,0,0,0,0,0,0.70705375281792526
1319,11.446488480726305,-0.50002499170327208,0,0,0,0,0,0.70705375281792526
1320,11.455166637269693,-0.5000249917114048,0,0,0,0,0,0.70705375281792526
1321,11.463844793813079,-0.50002499171972559,0,0,0,0,0,0.70705375281792526
1322,11.472522950356465,-0.500024991728233,0,0,0,0,0,0.70705375281792526
1323,11.481201106899851,-0.50002499173692572,0,0,0,0,0,0.70705375281792526
1324,11.489879263443237,-0.50002499174580262,0,0,0,0,0,0.70705375281792526
1325,11.498557419986623,-0.50002499175486248,0,0,0,0,0,0.70705375281792526
1326,11.507235576530009,-0.50002499176410331,0,0,0,0,0,0.70705375281792526
1327,11.515913733073395,-0.50002499177352444,0,0,0,0,0,0.70705375281792526
1328,11.524591889616781,-0.5000249917831241,0,0,0,0,0,0.70705375281792526
1329,11.533270046160167,-0.50002499179290072,0,0,0,0,0,0.70705375281792526
1330,11.541948202703553,-0.50002499180285298,0,0,0,0,0,0.70705375281792537
1331,11.550626359246939,-0.50002499181297932,0,0,0,0,0,0.70705375281792537
1332,11.559304515790325,-0.50002499182327864,0,0,0,0,0,0.70705375281792537
1333,11.567982672333713,-0.50002499183374893,0,0,0,0,0,0.70705375281792537
1334,11.576660828877099,-0.50002499184438842,0,0,0,0,0,0.70705375281792537
1335,11.585338985420485,-0.50002499185519611,0,0,0,0,0,0.70705375281792537
1336,11.594017141963871,-0.50002499186616989,0,0,0,0,0,0.70705375281792526
1337,11.602695298507257,-0.50002499187730853,0,0,0,0,0,0.70705375281792537
1338,11.611373455050643,-0.50002499188861005,0,0,0,0,0,0.70705375281792537
1339,11.620051611594029,-0.50002499190007266,0,0,0,0,0,0.70705375281792537
1340,11.628729768137415,-0.50002499191169492,0,0,0,0,0,0.70705375281792537
1341,11.637407924680801,-0.50002499192347516,0,0,0,0,0,0.70705375281792537
1342,11.646086081224187,-0.50002499193541117,0,0,0,0,0,0.70705375281792537
1343,11.654764237767573,-0.50002499194750116,0,0,0,0,0,0.70705375281792548
1344,11.663442394310959,-0.50002499195974393,0,0,0,0,0,0.70705375281792537
1345,11.672120550854345,-0.50002499197213723,0,0,0,0,0,0.70705375281792526
1346,11.680798707397733,-0.50002499198467931,0,0,0,0,0,0.70705375281792537
1347,11.689476863941119,-0.50002499199736772,0,0,0,0,0,0.70705375281792526
1348,11.698155020484505,-0.50002499201020134,0,0,0,0,0,0.70705375281792526
1349,11.706833177027891,-0.50002499202317763,0,0,0,0,0,0.70705375281792537
1350,11.715511333571277,-0.50002499203629514,0,0,0,0,0,0.70705375281792537
1351,11.724189490114663,-0.50002499204955175,0,0,0,0,0,0.70705375281792537
1352,11.732867646658049,-0.50002499206294526,0,0,0,0,0,0.70705375281792537
1353,11.741545803201435,-0.50002499207647366,0,0,0,0,0,0.70705375281792526
1354,11.750223959744821,-0.50002499209013507,0,0,0,0,0,0.70705375281792526
1355,11.758902116288207,-0.50002499210392737,0,0,0,0,0,0.70705375281792537
1356,11.767580272831593,-0.50002499211784857,0,0,0,0,0,0.70705375281792548
1357,11.776258429374979,-0.50002499213189644,0,0,0,0,0,0.70705375281792548
1358,11.784936585918365,-0.50002499214606932,0,0,0,0,0,0.70705375281792548
1359,11.793614742461752,-0.50002499216036433,0,0,0,0,0,0.70705375281792548
1360,11.802292899005138,-0.50002499217477969,0,0,0,0,0,0.70705375281792548
1361,11.810971055548524,-0.50002499218931351,0,0,0,0,0,0.70705375281792537
1362,11.81964921209191,-0.50002499220396301,0,0,0,0,0,0.70705375281792537
1363,11.828327368635296,-0.50002499221872632,0,0,0,0,0,0.70705375281792548
1364,11.837005525178682,-0.50002499223360131,0,0,0,0,0,0.70705375281792537
1365,11.845683681722068,-0.50002499224858565,0,0,0,0,0,0.70705375281792537
1366,11.854361838265454,-0.50002499226367714,0,0,0,0,0,0.70705375281792526
1367,11.86303999480884,-0.50002499227887331,0,0,0,0,0,0.70705375281792526
1368,11.871718151352226,-0.50002499229417208,0,0,0,0,0,0.70705375281792515
1369,11.880396307895612,-0.50002499230957087,0,0,0,0,0,0.70705375281792526
1370,11.889074464438998,-0.50002499232506747,0,0,0,0,0,0.70705375281792515
1371,11.897752620982384,-0.50002499234065978,0,0,0,0,0,0.70705375281792515
1372,11.906430777525772,-0.50002499235634512,0,0,0,0,0,0.70705375281792515
1373,11.915108934069158,-0.50002499237212139,0,0,0,0,0,0.70705375281792526
1374,11.923787090612544,-0.50002499238798603,0,0,0,0,0,0.70705375281792537
1375,11.93246524715593,-0.50002499240393683,0,0,0,0,0,0.70705375281792537
1376,11.941143403699316,-0.50002499241997134,0,0,0,0,0,0.70705375281792537
1377,11.949821560242702,-0.500024992436087,0,0,0,0,0,0.70705375281792526
1378,11.958499716786088,-0.50002499245228127,0,0,0,0,0,0.70705375281792537
1379,11.967177873329474,-0.50002499246855248,0,0,0,0,0,0.70705375281792537
1380,11.97585602987286,-0.50002499248489729,0,0,0,0,0,0.70705375281792548
1381,11.984534186416246,-0.5000249925013136,0,0,0,0,0,0.70705375281792548
1382,11.993212342959632,-0.50002499251779886,0,0,0,0,0,0.70705375281792548
1383,12.001890499503018,-0.50002499253435118,0,0,0,0,0,0.70705375281792548
1384,12.010568656046404,-0.50002499255096677,0,0,0,0,0,0.70705375281792548
1385,12.01924681258979,-0.50002499256764432,0,0,0,0,0,0.70705375281792548
1386,12.027924969133178,-0.50002499258438082,0,0,0,0,0,0.70705375281792548
1387,12.036603125676564,-0.50002499260117417,0,0,0,0,0,0.70705375281792537
1388,12.04528128221995,-0.50002499261802102,0,0,0,0,0,0.70705375281792537
1389,12.053959438763336,-0.5000249926349194,0,0,0,0,0,0.70705375281792537
1390,12.062637595306722,-0.50002499265186695,0,0,0,0,0,0.70705375281792526
1391,12.071315751850108,-0.50002499266886058,0,0,0,0,0,0.70705375281792537
1392,12.079993908393494,-0.50002499268589795,0,0,0,0,0,0.70705375281792526
1393,12.08867206493688,-0.50002499270297662,0,0,0,0,0,0.70705375281792537
1394,12.097350221480266,-0.50002499272009382,0,0,0,0,0,0.70705375281792537
1395,12.106028378023652,-0.5000249927372471,0,0,0,0,0,0.70705375281792537
1396,12.114706534567038,-0.50002499275443413,0,0,0,0,0,0.70705375281792526
1397,12.123384691110424,-0.50002499277165158,0,0,0,0,0,0.70705375281792526
1398,12.13206284765381,-0.50002499278889756,0,0,0,0,0,0.70705375281792537
1399,12.140741004197197,-0.5000249928061693,0,0,0,0,0,0.70705375281792537
1400,12.149419160740583,-0.50002499282346391,0,0,0,0,0,0.70705375281792537
1401,12.158097317283969,-0.5000249928407795,0,0,0,0,0,0.70705375281792537
1402,12.166775473827355,-0.50002499285811242,0,0,0,0,0,0.70705375281792537
1403,12.175453630370741,-0.50002499287546098,0,0,0,0,0,0.70705375281792537
1404,12.184131786914127,-0.50002499289282221,0,0,0,0,0,0.70705375281792526
1405,12.192809943457513,-0.50002499291019331,0,0,0,0,0,0.70705375281792537
1406,12.201488100000899,-0.50002499292757197,0,0,0,0,0,0.70705375281792537
1407,12.210166256544285,-0.50002499294495517,0,0,0,0,0,0.70705375281792548
1408,12.218844413087671,-0.50002499296234082,0,0,0,0,0,0.70705375281792548
1409,12.227522569631057,-0.50002499297972614,0,0,0,0,0,0.70705375281792526
1410,12.236200726174443,-0.50002499299710812,0,0,0,0,0,0.70705375281792526
1411,12.244878882717829,-0.50002499301448466,0,0,0,0,0,0.70705375281792526
1412,12.253557039261217,-0.50002499303185266,0,0,0,0,0,0.70705375281792537
1413,12.262235195804603,-0.50002499304920978,0,0,0,0,0,0.70705375281792537
1414,12.270913352347989,-0.50002499306655357,0,0,0,0,0,0.70705375281792548
1415,12.279591508891375,-0.50002499308388115,0,0,0,0,0,0.70705375281792537
1416,12.288269665434761,-0.5000249931011902,0,0,0,0,0,0.70705375281792537
1417,12.296947821978147,-0.50002499311847792,0,0,0,0,0,0.70705375281792537
1418,12.305625978521533,-0.50002499313574134,0,0,0,0,0,0.70705375281792537
1419,12.314304135064919,-0.50002499315297866,0,0,0,0,0,0.70705375281792537
1420,12.322982291608305,-0.50002499317018656,0,0,0,0,0,0.70705375281792537
1421,12.331660448151691,-0.5000249931873626,0,0,0,0,0,0.70705375281792537
1422,12.340338604695077,-0.50002499320450444,0,0,0,0,0,0.70705375281792537
1423,12.349016761238463,-0.50002499322160932,0,0,0,0,0,0.70705375281792548
1424,12.357694917781849,-0.50002499323867466,0,0,0,0,0,0.70705375281792548
1425,12.366373074325237,-0.50002499325569816,0,0,0,0,0,0.70705375281792537
1426,12.375051230868623,-0.50002499327267691,0,0,0,0,0,0.70705375281792548
1427,12.383729387412009,-0.50002499328960848,0,0,0,0,0,0.70705375281792548
1428,12.392407543955395,-0.50002499330649042,0,0,0,0,0,0.70705375281792537
1429,12.401085700498781,-0.50002499332331996,0,0,0,0,0,0.70705375281792548
1430,12.409763857042167,-0.50002499334009465,0,0,0,0,0,0.70705375281792548
1431,12.418442013585553,-0.50002499335681216,0,0,0,0,0,0.70705375281792537
1432,12.427120170128939,-0.50002499337346984,0,0,0,0,0,0.70705375281792537
1433,12.435798326672325,-0.50002499339006501,0,0,0,0,0,0.70705375281792537
1434,12.444476483215711,-0.50002499340659534,0,0,0,0,0,0.70705375281792537
1435,12.453154639759097,-0.50002499342305851,0,0,0,0,0,0.70705375281792537
1436,12.461832796302483,-0.50002499343945139,0,0,0,0,0,0.70705375281792548
1437,12.470510952845869,-0.50002499345577212,0,0,0,0,0,0.70705375281792537
1438,12.479189109389257,-0.50002499347201834,0,0,0,0,0,0.70705375281792548
1439,12.487867265932643,-0.50002499348818719,0,0,0,0,0,0.70705375281792548
1440,12.496545422476029,-0.50002499350427632,0,0,0,0,0,0.70705375281792548
1441,12.505223579019415,-0.5000249935202834,0,0,0,0,0,0.70705375281792548
1442,12.513901735562801,-0.50002499353620611,0,0,0,0,0,0.70705375281792548
1443,12.522579892106187,-0.50002499355204177,0,0,0,0,0,0.70705375281792548
1444,12.531258048649573,-0.50002499356778818,0,0,0,0,0,0.70705375281792548
1445,12.539936205192959,-0.50002499358344299,0,0,0,0,0,0.70705375281792548
1446,12.548614361736345,-0.50002499359900399,0,0,0,0,0,0.70705375281792537
1447,12.557292518279731,-0.50002499361446806,0,0,0,0,0,0.70705375281792548
1448,12.565970674823117,-0.50002499362983377,0,0,0,0,0,0.70705375281792548
1449,12.574648831366503,-0.50002499364509878,0,0,0,0,0,0.70705375281792548
1450,12.583326987909889,-0.5000249936602601,0,0,0,0,0,0.70705375281792537
1451,12.592005144453276,-0.50002499367531605,0,0,0,0,0,0.70705375281792537
1452,12.600683300996662,-0.50002499369026387,0,0,0,0,0,0.70705375281792537
1453,12.609361457540048,-0.50002499370510178,0,0,0,0,0,0.70705375281792548
1454,12.618039614083434,-0.50002499371982734,0,0,0,0,0,0.70705375281792537
1455,12.62671777062682,-0.50002499373443843,0,0,0,0,0,0.70705375281792548
1456,12.635395927170206,-0.5000249937489325,0,0,0,0,0,0.70705375281792548
1457,12.644074083713592,-0.50002499376330767,0,0,0,0,0,0.70705375281792548
1458,12.652752240256978,-0.50002499377756182,0,0,0,0,0,0.70705375281792537
1459,12.661430396800364,-0.50002499379169274,0,0,0,0,0,0.70705375281792537
1460,12.67010855334375,-0.50002499380569843,0,0,0,0,0,0.70705375281792526
1461,12.678786709887136,-0.50002499381957621,0,0,0,0,0,0.70705375281792526
1462,12.687464866430522,-0.50002499383332444,0,0,0,0,0,0.70705375281792526
1463,12.696143022973908,-0.50002499384694143,0,0,0,0,0,0.70705375281792526
1464,12.704821179517296,-0.50002499386042443,0,0,0,0,0,0.70705375281792526
1465,12.713499336060682,-0.50002499387377153,0,0,0,0,0,0.70705375281792515
1466,12.722177492604068,-0.50002499388698096,0,0,0,0,0,0.70705375281792515
1467,12.730855649147454,-0.50002499390005051,0,0,0,0,0,0.70705375281792526
1468,12.73953380569084,-0.50002499391297839,0,0,0,0,0,0.70705375281792526
1469,12.748211962234226,-0.50002499392576261,0,0,0,0,0,0.70705375281792526
1470,12.756890118777612,-0.50002499393840139,0,0,0,0,0,0.70705375281792515
1471,12.765568275320998,-0.50002499395089239,0,0,0,0,0,0.70705375281792504
1472,12.774246431864384,-0.50002499396323419,0,0,0,0,0,0.70705375281792515
1473,12.78292458840777,-0.50002499397542421,0,0,0,0,0,0.70705375281792504
1474,12.791602744951156,-0.5000249939874617,0,0,0,0,0,0.70705375281792515
1475,12.800280901494542,-0.50002499399934441,0,0,0,0,0,0.70705375281792515
1476,12.808959058037928,-0.50002499401106992,0,0,0,0,0,0.70705375281792526
1477,12.817637214581316,-0.500024994022637,0,0,0,0,0,0.70705375281792526
1478,12.826315371124702,-0.5000249940340441,0,0,0,0,0,0.70705375281792526
1479,12.834993527668088,-0.50002499404528911,0,0,0,0,0,0.70705375281792515
1480,12.843671684211474,-0.5000249940563708,0,0,0,0,0,0.70705375281792515
1481,12.85234984075486,-0.50002499406728695,0,0,0,0,0,0.70705375281792515
1482,12.861027997298246,-0.50002499407803613,0,0,0,0,0,0.70705375281792526
1483,12.869706153841632,-0.50002499408861678,0,0,0,0,0,0.70705375281792526
1484,12.878384310385018,-0.50002499409902734,0,0,0,0,0,0.70705375281792526
1485,12.887062466928404,-0.50002499410926604,0,0,0,0,0,0.70705375281792526
1486,12.89574062347179,-0.50002499411933143,0,0,0,0,0,0.70705375281792526
1487,12.904418780015176,-0.50002499412922219,0,0,0,0,0,0.70705375281792526
1488,12.913096936558562,-0.50002499413893653,0,0,0,0,0,0.70705375281792526
1489,12.921775093101948,-0.50002499414847312,0,0,0,0,0,0.70705375281792526
1490,12.930453249645334,-0.50002499415783064,0,0,0,0,0,0.70705375281792515
1491,12.939131406188721,-0.50002499416700752,0,0,0,0,0,0.70705375281792526
1492,12.947809562732107,-0.50002499417600244,0,0,0,0,0,0.70705375281792515
1493,12.956487719275493,-0.50002499418481405,0,0,0,0,0,0.70705375281792515
1494,12.965165875818879,-0.50002499419344093,0,0,0,0,0,0.70705375281792504
1495,12.973844032362265,-0.50002499420188184,0,0,0,0,0,0.70705375281792504
1496,12.982522188905651,-0.5000249942101358,0,0,0,0,0,0.70705375281792504
1497,12.991200345449037,-0.5000249942182009,0,0,0,0,0,0.70705375281792493
1498,12.999878501992423,-0.50002499422607627,0,0,0,0,0,0.70705375281792504
1499,13.008556658535809,-0.5000249942337609,0,0,0,0,0,0.70705375281792504
1500,13.017234815079195,-0.50002499424125346,0,0,0,0,0,0.70705375281792504
1501,13.025912971622581,-0.50002499424855296,0,0,0,0,0,0.70705375281792504
1502,13.034591128165967,-0.50002499425565816,0,0,0,0,0,0.70705375281792504
1503,13.043269284709353,-0.50002499426256775,0,0,0,0,0,0.70705375281792493
1504,13.051947441252741,-0.50002499426928093,0,0,0,0,0,0.70705375281792504
1505,13.060625597796127,-0.50002499427579705,0,0,0,0,0,0.70705375281792504
1506,13.069303754339513,-0.50002499428211467,0,0,0,0,0,0.70705375281792504
1507,13.077981910882899,-0.50002499428823288,0,0,0,0,0,0.70705375281792504
1508,13.086660067426285,-0.50002499429415104,0,0,0,0,0,0.70705375281792504
1509,13.095338223969671,-0.50002499429986758,0,0,0,0,0,0.70705375281792493
1510,13.104016380513057,-0.50002499430538261,0,0,0,0,0,0.70705375281792504
1511,13.112694537056443,-0.50002499431069447,0,0,0,0,0,0.70705375281792504
1512,13.121372693599829,-0.50002499431580283,0,0,0,0,0,0.70705375281792504
1513,13.130050850143215,-0.50002499432070668,0,0,0,0,0,0.70705375281792493
1514,13.138729006686601,-0.50002499432540537,0,0,0,0,0,0.70705375281792504
1515,13.147407163229987,-0.50002499432989822,0,0,0,0,0,0.70705375281792504
1516,13.156085319773373,-0.50002499433418435,0,0,0,0,0,0.70705375281792504
1517,13.164763476316761,-0.50002499433826353,0,0,0,0,0,0.70705375281792504
1518,13.173441632860147,-0.50002499434213488,0,0,0,0,0,0.70705375281792504
1519,13.182119789403533,-0.50002499434579761,0,0,0,0,0,0.70705375281792504
1520,13.190797945946919,-0.50002499434925185,0,0,0,0,0,0.70705375281792504
1521,13.199476102490305,-0.50002499435249625,0,0,0,0,0,0.70705375281792504
1522,13.208154259033691,-0.50002499435553072,0,0,0,0,0,0.70705375281792504
1523,13.216832415577077,-0.50002499435835479,0,0,0,0,0,0.70705375281792504
1524,13.225510572120463,-0.50002499436096848,0,0,0,0,0,0.70705375281792493
1525,13.234188728663849,-0.50002499436337033,0,0,0,0,0,0.70705375281792504
1526,13.242866885207235,-0.50002499436556103,0,0,0,0,0,0.70705375281792504
1527,13.251545041750621,-0.50002499436753922,0,0,0,0,0,0.70705375281792515
1528,13.260223198294007,-0.50002499436930559,0,0,0,0,0,0.70705375281792515
1529,13.268901354837393,-0.50002499437085945,0,0,0,0,0,0.70705375281792526
1530,13.277579511380781,-0.5000249943722006,0,0,0,0,0,0.70705375281792515
1531,13.286257667924167,-0.50002499437332881,0,0,0,0,0,0.70705375281792515
1532,13.294935824467553,-0.50002499437424397,0,0,0,0,0,0.70705375281792515
1533,13.303613981010939,-0.50002499437494596,0,0,0,0,0,0.70705375281792515
1534,13.312292137554325,-0.50002499437543446,0,0,0,0,0,0.70705375281792504
1535,13.320970294097711,-0.50002499437570957,0,0,0,0,0,0.70705375281792515
1536,13.329648450641097,-0.5000249943757713,0,0,0,0,0,0.70705375281792504
1537,13.338326607184483,-0.50002499437561954,0,0,0,0,0,0.70705375281792504
1538,13.347004763727869,-0.50002499437525427,0,0,0,0,0,0.70705375281792504
1539,13.355682920271255,-0.50002499437467574,0,0,0,0,0,0.70705375281792504
1540,13.364361076814641,-0.5000249943738837,0,0,0,0,0,0.70705375281792504
1541,13.373039233358027,-0.50002499437287873,0,0,0,0,0,0.70705375281792504
1542,13.381717389901413,-0.50002499437166059,0,0,0,0,0,0.70705375281792504
1543,13.3903955464448,-0.50002499437022974,0,0,0,0,0,0.70705375281792504
1544,13.399073702988186,-0.50002499436858605,0,0,0,0,0,0.70705375281792515
1545,13.407751859531572,-0.50002499436673009,0,0,0,0,0,0.70705375281792515
1546,13.416430016074958,-0.50002499436466197,0,0,0,0,0,0.70705375281792515
1547,13.425108172618344,-0.50002499436238212,0,0,0,0,0,0.70705375281792515
1548,13.43378632916173,-0.50002499435989078,0,0,0,0,0,0.70705375281792515
1549,13.442464485705116,-0.50002499435718839,0,0,0,0,0,0.70705375281792515
1550,13.451142642248502,-0.5000249943542755,0,0,0,0,0,0.70705375281792515
1551,13.459820798791888,-0.50002499435115233,0,0,0,0,0,0.70705375281792515
1552,13.468498955335274,-0.50002499434781922,0,0,0,0,0,0.70705375281792515
1553,13.47717711187866,-0.50002499434427694,0,0,0,0,0,0.70705375281792515
1554,13.485855268422046,-0.50002499434052594,0,0,0,0,0,0.70705375281792526
1555,13.494533424965432,-0.50002499433656711,0,0,0,0,0,0.70705375281792515
1556,13.50321158150882,-0.50002499433240033,0,0,0,0,0,0.70705375281792515
1557,13.511889738052206,-0.50002499432802683,0,0,0,0,0,0.70705375281792515
1558,13.520567894595592,-0.50002499432344716,0,0,0,0,0,0.70705375281792515
1559,13.529246051138978,-0.50002499431866165,0,0,0,0,0,0.70705375281792515
1560,13.537924207682364,-0.50002499431367131,0,0,0,0,0,0.70705375281792515
1561,13.54660236422575,-0.50002499430847702,0,0,0,0,0,0.70705375281792504
1562,13.555280520769136,-0.50002499430307945,0,0,0,0,0,0.70705375281792504
1563,13.563958677312522,-0.50002499429747904,0,0,0,0,0,0.70705375281792526
1564,13.572636833855908,-0.50002499429167724,0,0,0,0,0,0.70705375281792526
1565,13.581314990399294,-0.50002499428567471,0,0,0,0,0,0.70705375281792526
1566,13.58999314694268,-0.50002499427947211,0,0,0,0,0,0.70705375281792526
1567,13.598671303486066,-0.50002499427307068,0,0,0,0,0,0.70705375281792526
1568,13.607349460029452,-0.50002499426647151,0,0,0,0,0,0.70705375281792526
1569,13.61602761657284,-0.50002499425967484,0,0,0,0,0,0.70705375281792526
1570,13.624705773116226,-0.50002499425268276,0,0,0,0,0,0.70705375281792515
1571,13.633383929659612,-0.50002499424549551,0,0,0,0,0,0.70705375281792526
1572,13.642062086202998,-0.50002499423811453,0,0,0,0,0,0.70705375281792515
1573,13.650740242746384,-0.5000249942305407,0,0,0,0,0,0.70705375281792526
1574,13.65941839928977,-0.50002499422277547,0,0,0,0,0,0.70705375281792504
1575,13.668096555833156,-0.50002499421481983,0,0,0,0,0,0.70705375281792526
1576,13.676774712376542,-0.50002499420667479,0,0,0,0,0,0.70705375281792515
1577,13.685452868919928,-0.5000249941983419,0,0,0,0,0,0.70705375281792515
1578,13.694131025463314,-0.50002499418982238,0,0,0,0,0,0.70705375281792526
1579,13.7028091820067,-0.50002499418111745,0,0,0,0,0,0.70705375281792515
1580,13.711487338550086,-0.50002499417222834,0,0,0,0,0,0.70705375281792515
1581,13.720165495093472,-0.5000249941631566,0,0,0,0,0,0.70705375281792515
1582,13.728843651636859,-0.50002499415390311,0,0,0,0,0,0.70705375281792515
1583,13.737521808180245,-0.5000249941444701,0,0,0,0,0,0.70705375281792504
1584,13.746199964723631,-0.50002499413485801,0,0,0,0,0,0.70705375281792515
1585,13.754878121267017,-0.50002499412506929,0,0,0,0,0,0.70705375281792515
1586,13.763556277810403,-0.50002499411510481,0,0,0,0,0,0.70705375281792504
1587,13.772234434353789,-0.50002499410496581,0,0,0,0,0,0.70705375281792504
1588,13.780912590897175,-0.50002499409465451,0,0,0,0,0,0.70705375281792504
1589,13.789590747440561,-0.50002499408417189,0,0,0,0,0,0.70705375281792504
1590,13.798268903983947,-0.50002499407351975,0,0,0,0,0,0.70705375281792504
1591,13.806947060527333,-0.50002499406269996,0,0,0,0,0,0.70705375281792504
1592,13.815625217070719,-0.50002499405171374,0,0,0,0,0,0.70705375281792504
1593,13.824303373614105,-0.500024994040563,0,0,0,0,0,0.70705375281792515
1594,13.832981530157491,-0.50002499402924916,0,0,0,0,0,0.70705375281792515
1595,13.841659686700877,-0.50002499401777456,0,0,0,0,0,0.70705375281792526
1596,13.850337843244265,-0.50002499400613987,0,0,0,0,0,0.70705375281792526
1597,13.859015999787651,-0.50002499399434774,0,0,0,0,0,0.70705375281792526
1598,13.867694156331037,-0.50002499398239986,0,0,0,0,0,0.70705375281792526
1599,13.876372312874423,-0.50002499397029787,0,0,0,0,0,0.70705375281792526
1600,13.885050469417809,-0.50002499395804323,0,0,0,0,0,0.70705375281792526
1601,13.893728625961195,-0.50002499394563826,0,0,0,0,0,0.70705375281792526
1602,13.902406782504581,-0.50002499393308453,0,0,0,0,0,0.70705375281792526
1603,13.911084939047967,-0.50002499392038424,0,0,0,0,0,0.70705375281792526
1604,13.919763095591353,-0.50002499390753952,0,0,0,0,0,0.70705375281792526
1605,13.928441252134739,-0.50002499389455157,0,0,0,0,0,0.70705375281792526
1606,13.937119408678125,-0.50002499388142241,0,0,0,0,0,0.70705375281792526
1607,13.945797565221511,-0.50002499386815469,0,0,0,0,0,0.70705375281792526
1608,13.954475721764897,-0.50002499385475008,0,0,0,0,0,0.70705375281792526
1609,13.963153878308285,-0.50002499384121046,0,0,0,0,0,0.70705375281792526
1610,13.971832034851671,-0.50002499382753796,0,0,0,0,0,0.70705375281792526
1611,13.980510191395057,-0.50002499381373466,0,0,0,0,0,0.70705375281792526
1612,13.989188347938443,-0.50002499379980259,0,0,0,0,0,0.70705375281792526
1613,13.997866504481829,-0.50002499378574394,0,0,0,0,0,0.70705375281792526
1614,14.006544661025215,-0.50002499377156095,0,0,0,0,0,0.70705375281792526
1615,14.015222817568601,-0.50002499375725529,0,0,0,0,0,0.70705375281792526
1616,14.023900974111987,-0.5000249937428296,0,0,0,0,0,0.70705375281792526
1617,14.032579130655373,-0.5000249937282859,0,0,0,0,0,0.70705375281792526
1618,14.041257287198759,-0.5000249937136263,0,0,0,0,0,0.70705375281792526
1619,14.049935443742145,-0.50002499369885312,0,0,0,0,0,0.70705375281792526
1620,14.058613600285531,-0.50002499368396847,0,0,0,0,0,0.70705375281792526
1621,14.067291756828917,-0.50002499366897468,0,0,0,0,0,0.70705375281792526
1622,14.075969913372305,-0.50002499365387409,0,0,0,0,0,0.70705375281792526
1623,14.084648069915691,-0.5000249936386687,0,0,0,0,0,0.70705375281792515
1624,14.093326226459077,-0.50002499362336117,0,0,0,0,0,0.70705375281792515
1625,14.102004383002463,-0.50002499360795338,0,0,0,0,0,0.70705375281792526
1626,14.110682539545849,-0.50002499359244823,0,0,0,0,0,0.70705375281792526
1627,14.119360696089235,-0.50002499357684749,0,0,0,0,0,0.70705375281792526
1628,14.128038852632621,-0.50002499356115371,0,0,0,0,0,0.70705375281792504
1629,14.136717009176007,-0.50002499354536911,0,0,0,0,0,0.70705375281792515
1630,14.145395165719393,-0.50002499352949648,0,0,0,0,0,0.70705375281792515
1631,14.154073322262779,-0.50002499351353813,0,0,0,0,0,0.70705375281792526
1632,14.162751478806165,-0.50002499349749585,0,0,0,0,0,0.70705375281792515
1633,14.171429635349551,-0.50002499348137297,0,0,0,0,0,0.70705375281792515
1634,14.180107791892937,-0.50002499346517104,0,0,0,0,0,0.70705375281792515
1635,14.188785948436324,-0.50002499344889317,0,0,0,0,0,0.70705375281792515
1636,14.19746410497971,-0.50002499343254159,0,0,0,0,0,0.70705375281792515
1637,14.206142261523096,-0.50002499341611861,0,0,0,0,0,0.70705375281792526
1638,14.214820418066482,-0.50002499339962669,0,0,0,0,0,0.70705375281792526
1639,14.223498574609868,-0.50002499338306872,0,0,0,0,0,0.70705375281792515
1640,14.232176731153254,-0.50002499336644723,0,0,0,0,0,0.70705375281792515
1641,14.24085488769664,-0.50002499334976369,0,0,0,0,0,0.70705375281792515
1642,14.249533044240026,-0.50002499333302208,0,0,0,0,0,0.70705375281792515
1643,14.258211200783412,-0.50002499331622374,0,0,0,0,0,0.70705375281792504
1644,14.266889357326798,-0.50002499329937178,0,0,0,0,0,0.70705375281792515
1645,14.275567513870184,-0.50002499328246885,0,0,0,0,0,0.70705375281792504
1646,14.28424567041357,-0.50002499326551697,0,0,0,0,0,0.70705375281792515
1647,14.292923826956956,-0.50002499324851901,0,0,0,0,0,0.70705375281792504
1648,14.301601983500344,-0.50002499323147753,0,0,0,0,0,0.70705375281792504
1649,14.31028014004373,-0.5000249932143952,0,0,0,0,0,0.70705375281792493
1650,14.318958296587116,-0.50002499319727423,0,0,0,0,0,0.70705375281792493
1651,14.327636453130502,-0.50002499318011806,0,0,0,0,0,0.70705375281792493
1652,14.336314609673888,-0.50002499316292803,0,0,0,0,0,0.70705375281792493
1653,14.344992766217274,-0.5000249931457077,0,0,0,0,0,0.70705375281792482
1654,14.35367092276066,-0.50002499312845905,0,0,0,0,0,0.70705375281792482
1655,14.362349079304046,-0.50002499311118487,0,0,0,0,0,0.70705375281792482
1656,14.371027235847432,-0.50002499309388826,0,0,0,0,0,0.70705375281792471
1657,14.379705392390818,-0.500024993076571,0,0,0,0,0,0.70705375281792471
1658,14.388383548934204,-0.50002499305923631,0,0,0,0,0,0.70705375281792482
1659,14.39706170547759,-0.50002499304188652,0,0,0,0,0,0.70705375281792471
1660,14.405739862020976,-0.5000249930245243,0,0,0,0,0,0.70705375281792471
1661,14.414418018564364,-0.50002499300715264,0,0,0,0,0,0.70705375281792471
1662,14.42309617510775,-0.50002499298977332,0,0,0,0,0,0.70705375281792471
1663,14.431774331651136,-0.50002499297238967,0,0,0,0,0,0.70705375281792471
1664,14.440452488194522,-0.5000249929550038,0,0,0,0,0,0.70705375281792471
1665,14.449130644737908,-0.50002499293761882,0,0,0,0,0,0.70705375281792471
1666,14.457808801281294,-0.50002499292023717,0,0,0,0,0,0.70705375281792482
1667,14.46648695782468,-0.50002499290286129,0,0,0,0,0,0.70705375281792482
1668,14.475165114368066,-0.50002499288549407,0,0,0,0,0,0.70705375281792482
1669,14.483843270911452,-0.50002499286813806,0,0,0,0,0,0.70705375281792471
1670,14.492521427454838,-0.5000249928507956,0,0,0,0,0,0.70705375281792482
1671,14.501199583998224,-0.50002499283346968,0,0,0,0,0,0.70705375281792482
1672,14.50987774054161,-0.50002499281616297,0,0,0,0,0,0.70705375281792471
1673,14.518555897084996,-0.50002499279887758,0,0,0,0,0,0.70705375281792471
1674,14.527234053628383,-0.50002499278161627,0,0,0,0,0,0.70705375281792471
1675,14.535912210171769,-0.50002499276438173,0,0,0,0,0,0.70705375281792471
1676,14.544590366715155,-0.50002499274717693,0,0,0,0,0,0.70705375281792471
1677,14.553268523258541,-0.500024992730004,0,0,0,0,0,0.70705375281792471
1678,14.561946679801927,-0.50002499271286549,0,0,0,0,0,0.70705375281792471
1679,14.570624836345313,-0.50002499269576428,0,0,0,0,0,0.70705375281792471
1680,14.579302992888699,-0.5000249926787026,0,0,0,0,0,0.70705375281792471
1681,14.587981149432085,-0.50002499266168354,0,0,0,0,0,0.70705375281792471
1682,14.596659305975471,-0.50002499264470912,0,0,0,0,0,0.70705375281792471
1683,14.605337462518857,-0.50002499262778222,0,0,0,0,0,0.70705375281792471
1684,14.614015619062243,-0.50002499261090505,0,0,0,0,0,0.70705375281792471
1685,14.622693775605629,-0.50002499259408073,0,0,0,0,0,0.7070537528179246
1686,14.631371932149015,-0.50002499257731103,0,0,0,0,0,0.70705375281792471
1687,14.640050088692403,-0.50002499256059929,0,0,0,0,0,0.7070537528179246
1688,14.648728245235789,-0.50002499254394761,0,0,0,0,0,0.7070537528179246
1689,14.657406401779175,-0.50002499252735833,0,0,0,0,0,0.7070537528179246
1690,14.666084558322561,-0.50002499251083399,0,0,0,0,0,0.7070537528179246
1691,14.674762714865947,-0.50002499249437771,0,0,0,0,0,0.7070537528179246
1692,14.683440871409333,-0.50002499247799104,0,0,0,0,0,0.7070537528179246
1693,14.692119027952719,-0.50002499246167686,0,0,0,0,0,0.70705375281792471
1694,14.700797184496105,-0.50002499244543785,0,0,0,0,0,0.70705375281792471
1695,14.709475341039491,-0.50002499242927634,0,0,0,0,0,0.70705375281792471
1696,14.718153497582877,-0.50002499241319454,0,0,0,0,0,0.7070537528179246
1697,14.726831654126263,-0.50002499239719522,0,0,0,0,0,0.7070537528179246
1698,14.735509810669649,-0.5000249923812804,0,0,0,0,0,0.7070537528179246
1699,14.744187967213035,-0.50002499236545273,0,0,0,0,0,0.70705375281792449
1700,14.752866123756421,-0.50002499234971454,0,0,0,0,0,0.7070537528179246
1701,14.761544280299809,-0.50002499233406827,0,0,0,0,0,0.7070537528179246
1702,14.770222436843195,-0.50002499231851605,0,0,0,0,0,0.7070537528179246
1703,14.778900593386581,-0.50002499230306019,0,0,0,0,0,0.7070537528179246
1704,14.787578749929967,-0.50002499228770325,0,0,0,0,0,0.7070537528179246
1705,14.796256906473353,-0.50002499227244779,0,0,0,0,0,0.7070537528179246
1706,14.804935063016739,-0.50002499225729569,0,0,0,0,0,0.7070537528179246
1707,14.813613219560125,-0.50002499224224917,0,0,0,0,0,0.7070537528179246
1708,14.822291376103511,-0.500024992227311,0,0,0,0,0,0.7070537528179246
1709,14.830969532646897,-0.50002499221248276,0,0,0,0,0,0.7070537528179246
1710,14.839647689190283,-0.50002499219776697,0,0,0,0,0,0.7070537528179246
1711,14.848325845733669,-0.50002499218316598,0,0,0,0,0,0.7070537528179246
1712,14.857004002277055,-0.50002499216868213,0,0,0,0,0,0.7070537528179246
1713,14.865682158820441,-0.50002499215431706,0,0,0,0,0,0.70705375281792471
1714,14.874360315363829,-0.50002499214007345,0,0,0,0,0,0.7070537528179246
1715,14.883038471907215,-0.50002499212595319,0,0,0,0,0,0.7070537528179246
1716,14.891716628450601,-0.50002499211195861,0,0,0,0,0,0.70705375281792471
1717,14.900394784993987,-0.50002499209809126,0,0,0,0,0,0.7070537528179246
1718,14.909072941537373,-0.50002499208435403,0,0,0,0,0,0.7070537528179246
1719,14.917751098080759,-0.50002499207074835,0,0,0,0,0,0.70705375281792471
1720,14.926429254624145,-0.50002499205727657,0,0,0,0,0,0.7070537528179246
1721,14.935107411167531,-0.50002499204394057,0,0,0,0,0,0.7070537528179246
1722,14.943785567710917,-0.50002499203074258,0,0,0,0,0,0.70705375281792471
1723,14.952463724254303,-0.50002499201768424,0,0,0,0,0,0.70705375281792471
1724,14.961141880797689,-0.50002499200476802,0,0,0,0,0,0.7070537528179246
1725,14.969820037341075,-0.50002499199199568,0,0,0,0,0,0.7070537528179246
1726,14.978498193884461,-0.50002499197936845,0,0,0,0,0,0.70705375281792471
1727,14.987176350427848,-0.5000249919668891,0,0,0,0,0,0.70705375281792471
1728,14.995854506971234,-0.50002499195455918,0,0,0,0,0,0.70705375281792482
1729,15.00453266351462,-0.5000249919423807,0,0,0,0,0,0.7070537528179246
1730,15.013210820058006,-0.50002499193035521,0,0,0,0,0,0.7070537528179246
1731,15.021888976601392,-0.50002499191848515,0,0,0,0,0,0.7070537528179246
1732,15.030567133144778,-0.50002499190677163,0,0,0,0,0,0.7070537528179246
1733,15.039245289688164,-0.50002499189521632,0,0,0,0,0,0.70705375281792449
1734,15.04792344623155,-0.50002499188382155,0,0,0,0,0,0.7070537528179246
1735,15.056601602774936,-0.50002499187258864,0,0,0,0,0,0.70705375281792449
1736,15.065279759318322,-0.5000249918615195,0,0,0,0,0,0.7070537528179246
1737,15.073957915861708,-0.50002499185061544,0,0,0,0,0,0.7070537528179246
1738,15.082636072405094,-0.50002499183987847,0,0,0,0,0,0.70705375281792437
1739,15.09131422894848,-0.50002499182931004,0,0,0,0,0,0.70705375281792449
1740,15.099992385491868,-0.50002499181891191,0,0,0,0,0,0.7070537528179246
1741,15.108670542035254,-0.5000249918086852,0,0,0,0,0,0.7070537528179246
1742,15.11734869857864,-0.50002499179863213,0,0,0,0,0,0.7070537528179246
1743,15.126026855122026,-0.50002499178875381,0,0,0,0,0,0.7070537528179246
1744,15.134705011665412,-0.50002499177905158,0,0,0,0,0,0.7070537528179246
1745,15.143383168208798,-0.5000249917695273,0,0,0,0,0,0.7070537528179246
1746,15.152061324752184,-0.500024991760182,0,0,0,0,0,0.7070537528179246
1747,15.16073948129557,-0.50002499175101756,0,0,0,0,0,0.7070537528179246
1748,15.169417637838956,-0.50002499174203496,0,0,0,0,0,0.7070537528179246
1749,15.178095794382342,-0.50002499173323545,0,0,0,0,0,0.7070537528179246
1750,15.186773950925728,-0.50002499172462056,0,0,0,0,0,0.7070537528179246
1751,15.195452107469114,-0.50002499171619186,0,0,0,0,0,0.7070537528179246
1752,15.2041302640125,-0.50002499170795001,0,0,0,0,0,0.7070537528179246
1753,15.212808420555888,-0.50002499169989689,0,0,0,0,0,0.70705375281792471
1754,15.221486577099274,-0.50002499169203329,0,0,0,0,0,0.70705375281792471
1755,15.23016473364266,-0.50002499168436065,0,0,0,0,0,0.70705375281792471
1756,15.238842890186046,-0.50002499167687997,0,0,0,0,0,0.70705375281792482
1757,15.247521046729432,-0.50002499166959224,0,0,0,0,0,0.70705375281792482
1758,15.256199203272818,-0.50002499166249903,0,0,0,0,0,0.70705375281792482
1759,15.264877359816204,-0.50002499165560088,0,0,0,0,0,0.70705375281792482
1760,15.27355551635959,-0.50002499164889913,0,0,0,0,0,0.70705375281792482
1761,15.282233672902976,-0.50002499164239433,0,0,0,0,0,0.70705375281792493
1762,15.290911829446362,-0.50002499163608827,0,0,0,0,0,0.70705375281792482
1763,15.299589985989748,-0.5000249916299816,0,0,0,0,0,0.70705375281792482
1764,15.308268142533134,-0.50002499162407488,0,0,0,0,0,0.70705375281792482
1765,15.31694629907652,-0.50002499161836922,0,0,0,0,0,0.70705375281792482
1766,15.325624455619907,-0.50002499161286562,0,0,0,0,0,0.70705375281792482
1767,15.334302612163293,-0.50002499160756453,0,0,0,0,0,0.70705375281792482
1768,15.342980768706679,-0.50002499160246694,0,0,0,0,0,0.70705375281792482
1769,15.351658925250065,-0.50002499159757363,0,0,0,0,0,0.70705375281792493
1770,15.360337081793451,-0.5000249915928856,0,0,0,0,0,0.70705375281792493
1771,15.369015238336837,-0.50002499158840341,0,0,0,0,0,0.70705375281792493
1772,15.377693394880223,-0.50002499158412728,0,0,0,0,0,0.70705375281792504
1773,15.386371551423609,-0.50002499158005853,0,0,0,0,0,0.70705375281792504
1774,15.395049707966995,-0.5000249915761974,0,0,0,0,0,0.70705375281792493
1775,15.403727864510381,-0.50002499157254465,0,0,0,0,0,0.70705375281792493
1776,15.412406021053767,-0.50002499156910041,0,0,0,0,0,0.70705375281792504
1777,15.421084177597153,-0.50002499156586566,0,0,0,0,0,0.70705375281792493
1778,15.429762334140539,-0.50002499156284064,0,0,0,0,0,0.70705375281792493
1779,15.438440490683927,-0.500024991560026,0,0,0,0,0,0.70705375281792493
1780,15.447118647227313,-0.50002499155742219,0,0,0,0,0,0.70705375281792504
1781,15.455796803770699,-0.50002499155502922,0,0,0,0,0,0.70705375281792504
1782,15.464474960314085,-0.50002499155284763,0,0,0,0,0,0.70705375281792515
1783,15.473153116857471,-0.5000249915508781,0,0,0,0,0,0.70705375281792504
1784,15.481831273400857,-0.50002499154912061,0,0,0,0,0,0.70705375281792493
1785,15.490509429944243,-0.50002499154757518,0,0,0,0,0,0.70705375281792504
1786,15.499187586487629,-0.50002499154624269,0,0,0,0,0,0.70705375281792504
1787,15.507865743031015,-0.5000249915451227,0,0,0,0,0,0.70705375281792504
1788,15.516543899574401,-0.50002499154421598,0,0,0,0,0,0.70705375281792504
1789,15.525222056117787,-0.50002499154352187,0,0,0,0,0,0.70705375281792504
1790,15.533900212661173,-0.50002499154304103,0,0,0,0,0,0.70705375281792515
1791,15.542578369204559,-0.50002499154277358,0,0,0,0,0,0.70705375281792515
1792,15.551256525747945,-0.50002499154271962,0,0,0,0,0,0.70705375281792515
1793,15.559934682291333,-0.50002499154287861,0,0,0,0,0,0.70705375281792504
1794,15.568612838834719,-0.50002499154325108,0,0,0,0,0,0.70705375281792526
1795,15.577290995378105,-0.50002499154383684,0,0,0,0,0,0.70705375281792504
1796,15.585969151921491,-0.50002499154463576,0,0,0,0,0,0.70705375281792504
1797,15.594647308464877,-0.50002499154564739,0,0,0,0,0,0.70705375281792515
1798,15.603325465008263,-0.50002499154687241,0,0,0,0,0,0.70705375281792504
1799,15.612003621551649,-0.50002499154830937,0,0,0,0,0,0.70705375281792515
1800,15.620681778095035,-0.5000249915499595,0,0,0,0,0,0.70705375281792515
1801,15.629359934638421,-0.50002499155182123,0,0,0,0,0,0.70705375281792515
1802,15.638038091181807,-0.50002499155389524,0,0,0,0,0,0.70705375281792526
1803,15.646716247725193,-0.50002499155618085,0,0,0,0,0,0.70705375281792515
1804,15.655394404268579,-0.50002499155867741,0,0,0,0,0,0.70705375281792526
1805,15.664072560811965,-0.50002499156138547,0,0,0,0,0,0.70705375281792526
1806,15.672750717355353,-0.50002499156430336,0,0,0,0,0,0.70705375281792526
1807,15.681428873898739,-0.50002499156743185,0,0,0,0,0,0.70705375281792526
1808,15.690107030442125,-0.50002499157076996,0,0,0,0,0,0.70705375281792526
1809,15.698785186985511,-0.50002499157431668,0,0,0,0,0,0.70705375281792526
1810,15.707463343528897,-0.50002499157807234,0,0,0,0,0,0.70705375281792526
1811,15.716141500072283,-0.50002499158203573,0,0,0,0,0,0.70705375281792526
1812,15.724819656615669,-0.5000249915862065,0,0,0,0,0,0.70705375281792526
1813,15.733497813159055,-0.50002499159058422,0,0,0,0,0,0.70705375281792537
1814,15.742175969702441,-0.50002499159516767,0,0,0,0,0,0.70705375281792526
1815,15.750854126245827,-0.50002499159995684,0,0,0,0,0,0.70705375281792526
1816,15.759532282789213,-0.50002499160495084,0,0,0,0,0,0.70705375281792537
1817,15.768210439332599,-0.50002499161014868,0,0,0,0,0,0.70705375281792537
1818,15.776888595875985,-0.5000249916155497,0,0,0,0,0,0.70705375281792537
1819,15.785566752419372,-0.50002499162115277,0,0,0,0,0,0.70705375281792526
1820,15.794244908962758,-0.50002499162695757,0,0,0,0,0,0.70705375281792537
1821,15.802923065506144,-0.5000249916329631,0,0,0,0,0,0.70705375281792537
1822,15.81160122204953,-0.50002499163916792,0,0,0,0,0,0.70705375281792526
1823,15.820279378592916,-0.50002499164557235,0,0,0,0,0,0.70705375281792526
1824,15.828957535136302,-0.50002499165217373,0,0,0,0,0,0.70705375281792526
1825,15.837635691679688,-0.5000249916589723,0,0,0,0,0,0.70705375281792526
1826,15.846313848223074,-0.50002499166596659,0,0,0,0,0,0.70705375281792537
1827,15.85499200476646,-0.50002499167315573,0,0,0,0,0,0.70705375281792537
1828,15.863670161309846,-0.50002499168053838,0,0,0,0,0,0.70705375281792537
1829,15.872348317853232,-0.50002499168811398,0,0,0,0,0,0.70705375281792548
1830,15.881026474396618,-0.50002499169588066,0,0,0,0,0,0.70705375281792537
1831,15.889704630940004,-0.50002499170383774,0,0,0,0,0,0.70705375281792548
1832,15.898382787483392,-0.50002499171198367,0,0,0,0,0,0.70705375281792548
1833,15.907060944026778,-0.50002499172031756,0,0,0,0,0,0.70705375281792548
1834,15.915739100570164,-0.50002499172883808,0,0,0,0,0,0.70705375281792548
1835,15.92441725711355,-0.50002499173754389,0,0,0,0,0,0.70705375281792548
1836,15.933095413656936,-0.50002499174643378,0,0,0,0,0,0.70705375281792548
1837,15.941773570200322,-0.50002499175550619,0,0,0,0,0,0.7070537528179256
1838,15.950451726743708,-0.5000249917647599,0,0,0,0,0,0.7070537528179256
1839,15.959129883287094,-0.50002499177419324,0,0,0,0,0,0.70705375281792548
1840,15.96780803983048,-0.50002499178380555,0,0,0,0,0,0.70705375281792548
1841,15.976486196373866,-0.50002499179359461,0,0,0,0,0,0.70705375281792548
1842,15.985164352917252,-0.50002499180355953,0,0,0,0,0,0.70705375281792548
1843,15.993842509460638,-0.50002499181369819,0,0,0,0,0,0.70705375281792548
1844,16.002520666004024,-0.50002499182400928,0,0,0,0,0,0.70705375281792548
1845,16.01119882254741,-0.50002499183449134,0,0,0,0,0,0.70705375281792548
1846,16.019876979090796,-0.50002499184514304,0,0,0,0,0,0.70705375281792548
1847,16.028555135634182,-0.50002499185596239,0,0,0,0,0,0.70705375281792548
1848,16.037233292177568,-0.50002499186694793,0,0,0,0,0,0.70705375281792548
1849,16.045911448720954,-0.5000249918780979,0,0,0,0,0,0.70705375281792548
1850,16.05458960526434,-0.50002499188941107,0,0,0,0,0,0.70705375281792548
1851,16.063267761807726,-0.50002499190088501,0,0,0,0,0,0.70705375281792548
1852,16.071945918351116,-0.50002499191251859,0,0,0,0,0,0.70705375281792548
1853,16.080624074894502,-0.50002499192430949,0,0,0,0,0,0.70705375281792548
1854,16.089302231437888,-0.50002499193625649,0,0,0,0,0,0.70705375281792548
1855,16.097980387981274,-0.5000249919483577,0,0,0,0,0,0.70705375281792548
1856,16.10665854452466,-0.50002499196061112,0,0,0,0,0,0.70705375281792526
1857,16.115336701068045,-0.50002499197301453,0,0,0,0,0,0.70705375281792526
1858,16.124014857611431,-0.50002499198556705,0,0,0,0,0,0.70705375281792526
1859,16.132693014154817,-0.50002499199826578,0,0,0,0,0,0.70705375281792537
1860,16.141371170698203,-0.50002499201110928,0,0,0,0,0,0.70705375281792548
1861,16.150049327241589,-0.50002499202409556,0,0,0,0,0,0.70705375281792548
1862,16.158727483784975,-0.50002499203722295,0,0,0,0,0,0.70705375281792548
1863,16.167405640328361,-0.500024992050489,0,0,0,0,0,0.70705375281792548
1864,16.176083796871747,-0.50002499206389217,0,0,0,0,0,0.70705375281792548
1865,16.184761953415133,-0.5000249920774299,0,0,0,0,0,0.70705375281792548
1866,16.193440109958519,-0.50002499209110063,0,0,0,0,0,0.70705375281792571
1867,16.202118266501905,-0.50002499210490214,0,0,0,0,0,0.7070537528179256
1868,16.210796423045291,-0.50002499211883245,0,0,0,0,0,0.7070537528179256
1869,16.219474579588677,-0.50002499213288931,0,0,0,0,0,0.70705375281792571
1870,16.228152736132063,-0.50002499214707075,0,0,0,0,0,0.7070537528179256
1871,16.236830892675449,-0.50002499216137397,0,0,0,0,0,0.7070537528179256
1872,16.245509049218835,-0.5000249921757981,0,0,0,0,0,0.70705375281792571
1873,16.254187205762221,-0.50002499219033991,0,0,0,0,0,0.7070537528179256
1874,16.262865362305607,-0.50002499220499752,0,0,0,0,0,0.7070537528179256
1875,16.271543518848993,-0.50002499221976904,0,0,0,0,0,0.7070537528179256
1876,16.280221675392379,-0.50002499223465169,0,0,0,0,0,0.70705375281792548
1877,16.288899831935765,-0.50002499224964359,0,0,0,0,0,0.70705375281792548
1878,16.297577988479155,-0.5000249922647424,0,0,0,0,0,0.70705375281792548
1879,16.306256145022541,-0.50002499227994557,0,0,0,0,0,0.70705375281792548
1880,16.314934301565927,-0.50002499229525144,0,0,0,0,0,0.70705375281792548
1881,16.323612458109313,-0.50002499231065745,0,0,0,0,0,0.70705375281792548
1882,16.332290614652699,-0.50002499232616071,0,0,0,0,0,0.70705375281792548
1883,16.340968771196085,-0.50002499234175957,0,0,0,0,0,0.7070537528179256
1884,16.349646927739471,-0.50002499235745146,0,0,0,0,0,0.7070537528179256
1885,16.358325084282857,-0.50002499237323406,0,0,0,0,0,0.70705375281792548
1886,16.367003240826243,-0.50002499238910469,0,0,0,0,0,0.7070537528179256
1887,16.375681397369629,-0.50002499240506182,0,0,0,0,0,0.7070537528179256
1888,16.384359553913015,-0.50002499242110177,0,0,0,0,0,0.70705375281792571
1889,16.393037710456401,-0.50002499243722309,0,0,0,0,0,0.70705375281792571
1890,16.401715866999787,-0.50002499245342302,0,0,0,0,0,0.70705375281792571
1891,16.410394023543173,-0.50002499246969934,0,0,0,0,0,0.70705375281792571
1892,16.419072180086559,-0.50002499248604926,0,0,0,0,0,0.70705375281792582
1893,16.427750336629945,-0.50002499250247068,0,0,0,0,0,0.70705375281792571
1894,16.436428493173331,-0.50002499251896093,0,0,0,0,0,0.70705375281792571
1895,16.445106649716717,-0.50002499253551735,0,0,0,0,0,0.70705375281792571
1896,16.453784806260103,-0.50002499255213784,0,0,0,0,0,0.70705375281792582
1897,16.462462962803489,-0.50002499256881938,0,0,0,0,0,0.70705375281792582
1898,16.471141119346875,-0.50002499258555977,0,0,0,0,0,0.70705375281792593
1899,16.479819275890261,-0.50002499260235678,0,0,0,0,0,0.70705375281792593
1900,16.488497432433647,-0.50002499261920752,0,0,0,0,0,0.70705375281792582
1901,16.497175588977033,-0.50002499263610933,0,0,0,0,0,0.70705375281792593
1902,16.505853745520419,-0.50002499265305989,0,0,0,0,0,0.70705375281792593
1903,16.514531902063805,-0.50002499267005696,0,0,0,0,0,0.70705375281792593
1904,16.523210058607194,-0.50002499268709721,0,0,0,0,0,0.70705375281792582
1905,16.53188821515058,-0.50002499270417855,0,0,0,0,0,0.70705375281792593
1906,16.540566371693966,-0.50002499272129841,0,0,0,0,0,0.70705375281792593
1907,16.549244528237352,-0.50002499273845413,0,0,0,0,0,0.70705375281792604
1908,16.557922684780738,-0.50002499275564327,0,0,0,0,0,0.70705375281792604
1909,16.566600841324124,-0.50002499277286305,0,0,0,0,0,0.70705375281792604
1910,16.57527899786751,-0.50002499279011081,0,0,0,0,0,0.70705375281792604
1911,16.583957154410896,-0.50002499280738422,0,0,0,0,0,0.70705375281792615
1912,16.592635310954282,-0.50002499282468071,0,0,0,0,0,0.70705375281792604
1913,16.601313467497668,-0.50002499284199731,0,0,0,0,0,0.70705375281792604
1914,16.609991624041054,-0.50002499285933144,0,0,0,0,0,0.70705375281792604
1915,16.61866978058444,-0.5000249928766809,0,0,0,0,0,0.70705375281792604
1916,16.627347937127826,-0.50002499289404279,0,0,0,0,0,0.70705375281792604
1917,16.636026093671212,-0.50002499291141445,0,0,0,0,0,0.70705375281792604
1918,16.644704250214598,-0.50002499292879354,0,0,0,0,0,0.70705375281792604
1919,16.653382406757984,-0.5000249929461773,0,0,0,0,0,0.70705375281792604
1920,16.66206056330137,-0.50002499296356284,0,0,0,0,0,0.70705375281792604
1921,16.670738719844756,-0.50002499298094794,0,0,0,0,0,0.70705375281792604
1922,16.679416876388142,-0.50002499299832992,0,0,0,0,0,0.70705375281792593
1923,16.688095032931528,-0.50002499301570569,0,0,0,0,0,0.70705375281792593
1924,16.696773189474914,-0.50002499303307324,0,0,0,0,0,0.70705375281792604
1925,16.7054513460183,-0.5000249930504298,0,0,0,0,0,0.70705375281792593
1926,16.714129502561686,-0.50002499306777248,0,0,0,0,0,0.70705375281792593
1927,16.722807659105072,-0.50002499308509873,0,0,0,0,0,0.70705375281792593
1928,16.731485815648458,-0.50002499310240656,0,0,0,0,0,0.70705375281792582
1929,16.740163972191844,-0.50002499311969228,0,0,0,0,0,0.70705375281792582
1930,16.748842128735234,-0.50002499313695403,0,0,0,0,0,0.70705375281792593
1931,16.75752028527862,-0.50002499315418936,0,0,0,0,0,0.70705375281792593
1932,16.766198441822006,-0.50002499317139493,0,0,0,0,0,0.70705375281792604
1933,16.774876598365392,-0.50002499318856874,0,0,0,0,0,0.70705375281792582
1934,16.783554754908778,-0.50002499320570815,0,0,0,0,0,0.70705375281792593
1935,16.792232911452164,-0.50002499322281058,0,0,0,0,0,0.70705375281792582
1936,16.80091106799555,-0.50002499323987304,0,0,0,0,0,0.70705375281792593
1937,16.809589224538936,-0.50002499325689331,0,0,0,0,0,0.70705375281792593
1938,16.818267381082322,-0.50002499327386873,0,0,0,0,0,0.70705375281792593
1939,16.826945537625708,-0.50002499329079686,0,0,0,0,0,0.70705375281792593
1940,16.835623694169094,-0.50002499330767547,0,0,0,0,0,0.70705375281792593
1941,16.84430185071248,-0.50002499332450112,0,0,0,0,0,0.70705375281792604
1942,16.852980007255866,-0.50002499334127182,0,0,0,0,0,0.70705375281792593
1943,16.861658163799252,-0.50002499335798523,0,0,0,0,0,0.70705375281792604
1944,16.870336320342638,-0.50002499337463857,0,0,0,0,0,0.70705375281792593
1945,16.879014476886024,-0.50002499339122908,0,0,0,0,0,0.70705375281792593
1946,16.88769263342941,-0.50002499340775486,0,0,0,0,0,0.70705375281792593
1947,16.896370789972796,-0.50002499342421303,0,0,0,0,0,0.70705375281792593
1948,16.905048946516182,-0.50002499344060125,0,0,0,0,0,0.70705375281792593
1949,16.913727103059568,-0.50002499345691664,0,0,0,0,0,0.70705375281792593
1950,16.922405259602954,-0.50002499347315754,0,0,0,0,0,0.70705375281792604
1951,16.93108341614634,-0.50002499348932061,0,0,0,0,0,0.70705375281792604
1952,16.939761572689726,-0.50002499350540419,0,0,0,0,0,0.70705375281792593
1953,16.948439729233112,-0.50002499352140561,0,0,0,0,0,0.70705375281792604
1954,16.957117885776498,-0.5000249935373221,0,0,0,0,0,0.70705375281792604
1955,16.965796042319884,-0.50002499355315155,0,0,0,0,0,0.70705375281792604
1956,16.97447419886327,-0.50002499356889163,0,0,0,0,0,0.70705375281792593
1957,16.983152355406659,-0.50002499358453978,0,0,0,0,0,0.70705375281792604
1958,16.991830511950045,-0.500024993600094,0,0,0,0,0,0.70705375281792615
1959,17.000508668493431,-0.50002499361555142,0,0,0,0,0,0.70705375281792615
1960,17.009186825036817,-0.50002499363091024,0,0,0,0,0,0.70705375281792615
1961,17.017864981580203,-0.50002499364616793,0,0,0,0,0,0.70705375281792604
1962,17.026543138123589,-0.5000249936613218,0,0,0,0,0,0.70705375281792604
1963,17.035221294666975,-0.50002499367637032,0,0,0,0,0,0.70705375281792593
1964,17.043899451210361,-0.50002499369131059,0,0,0,0,0,0.70705375281792593
1965,17.052577607753747,-0.50002499370614062,0,0,0,0,0,0.70705375281792593
1966,17.061255764297133,-0.50002499372085818,0,0,0,0,0,0.70705375281792593
1967,17.069933920840519,-0.50002499373546117,0,0,0,0,0,0.70705375281792593
1968,17.078612077383905,-0.50002499374994702,0,0,0,0,0,0.70705375281792582
1969,17.087290233927291,-0.50002499376431375,0,0,0,0,0,0.70705375281792593
1970,17.095968390470677,-0.50002499377855913,0,0,0,0,0,0.70705375281792593
1971,17.104646547014063,-0.50002499379268117,0,0,0,0,0,0.70705375281792593
1972,17.113324703557449,-0.50002499380667775,0,0,0,0,0,0.70705375281792593
1973,17.122002860100835,-0.50002499382054666,0,0,0,0,0,0.70705375281792593
1974,17.130681016644221,-0.50002499383428578,0,0,0,0,0,0.70705375281792593
1975,17.139359173187607,-0.50002499384789323,0,0,0,0,0,0.70705375281792593
1976,17.148037329730993,-0.50002499386136656,0,0,0,0,0,0.70705375281792593
1977,17.156715486274379,-0.50002499387470389,0,0,0,0,0,0.70705375281792593
1978,17.165393642817765,-0.50002499388790378,0,0,0,0,0,0.70705375281792593
1979,17.174071799361151,-0.50002499390096344,0,0,0,0,0,0.70705375281792593
1980,17.182749955904537,-0.50002499391388144,0,0,0,0,0,0.70705375281792593
1981,17.191428112447923,-0.50002499392665545,0,0,0,0,0,0.70705375281792593
1982,17.200106268991309,-0.50002499393928379,0,0,0,0,0,0.70705375281792593
1983,17.208784425534699,-0.50002499395176458,0,0,0,0,0,0.70705375281792593
1984,17.217462582078085,-0.5000249939640955,0,0,0,0,0,0.70705375281792582
1985,17.226140738621471,-0.50002499397627531,0,0,0,0,0,0.70705375281792582
1986,17.234818895164857,-0.50002499398830169,0,0,0,0,0,0.70705375281792593
1987,17.243497051708243,-0.50002499400017331,0,0,0,0,0,0.70705375281792582
1988,17.252175208251629,-0.50002499401188782,0,0,0,0,0,0.70705375281792582
1989,17.260853364795015,-0.50002499402344402,0,0,0,0,0,0.70705375281792571
1990,17.269531521338401,-0.50002499403483958,0,0,0,0,0,0.70705375281792582
1991,17.278209677881787,-0.50002499404607326,0,0,0,0,0,0.70705375281792571
1992,17.286887834425173,-0.50002499405714329,0,0,0,0,0,0.70705375281792571
1993,17.295565990968559,-0.5000249940680479,0,0,0,0,0,0.70705375281792582
1994,17.304244147511945,-0.5000249940787852,0,0,0,0,0,0.70705375281792571
1995,17.312922304055331,-0.50002499408935386,0,0,0,0,0,0.70705375281792582
1996,17.321600460598717,-0.50002499409975232,0,0,0,0,0,0.70705375281792571
1997,17.330278617142103,-0.5000249941099788,0,0,0,0,0,0.70705375281792582
1998,17.338956773685489,-0.5000249941200321,0,0,0,0,0,0.70705375281792582
1999,17.347634930228875,-0.50002499412991042,0,0,0,0,0,0.70705375281792593
2000,17.356313086772261,-0.50002499413961243,0,0,0,0,0,0.70705375281792582
2001,17.364991243315647,-0.50002499414913659,0,0,0,0,0,0.70705375281792571
2002,17.373669399859033,-0.50002499415848123,0,0,0,0,0,0.70705375281792582
2003,17.382347556402419,-0.50002499416764556,0,0,0,0,0,0.70705375281792582
2004,17.391025712945805,-0.50002499417662771,0,0,0,0,0,0.70705375281792571
2005,17.399703869489191,-0.50002499418542612,0,0,0,0,0,0.70705375281792571
2006,17.408382026032577,-0.50002499419404012,0,0,0,0,0,0.70705375281792571
2007,17.417060182575963,-0.50002499420246771,0,0,0,0,0,0.70705375281792571
2008,17.425738339119349,-0.50002499421070834,0,0,0,0,0,0.70705375281792571
2009,17.434416495662738,-0.50002499421876012,0,0,0,0,0,0.70705375281792571
2010,17.443094652206124,-0.50002499422662239,0,0,0,0,0,0.70705375281792571
2011,17.45177280874951,-0.50002499423429336,0,0,0,0,0,0.70705375281792571
2012,17.460450965292896,-0.50002499424177249,0,0,0,0,0,0.70705375281792571
2013,17.469129121836282,-0.500024994249058,0,0,0,0,0,0.70705375281792571
2014,17.477807278379668,-0.50002499425614955,0,0,0,0,0,0.70705375281792571
2015,17.486485434923054,-0.50002499426304525,0,0,0,0,0,0.70705375281792571
2016,17.49516359146644,-0.50002499426974489,0,0,0,0,0,0.70705375281792571
2017,17.503841748009826,-0.50002499427624714,0,0,0,0,0,0.70705375281792571
2018,17.512519904553212,-0.50002499428255065,0,0,0,0,0,0.70705375281792571
2019,17.521198061096598,-0.50002499428865477,0,0,0,0,0,0.7070537528179256
2020,17.529876217639984,-0.5000249942945586,0,0,0,0,0,0.7070537528179256
2021,17.53855437418337,-0.50002499430026115,0,0,0,0,0,0.70705375281792571
2022,17.547232530726756,-0.50002499430576197,0,0,0,0,0,0.7070537528179256
2023,17.555910687270142,-0.50002499431105973,0,0,0,0,0,0.70705375281792548
2024,17.564588843813528,-0.50002499431615344,0,0,0,0,0,0.7070537528179256
2025,17.573267000356914,-0.50002499432104297,0,0,0,0,0,0.70705375281792548
2026,17.5819451569003,-0.50002499432572722,0,0,0,0,0,0.70705375281792548
2027,17.590623313443686,-0.50002499433020553,0,0,0,0,0,0.7070537528179256
2028,17.599301469987072,-0.50002499433447756,0,0,0,0,0,0.70705375281792548
2029,17.607979626530458,-0.50002499433854208,0,0,0,0,0,0.70705375281792537
2030,17.616657783073844,-0.50002499434239889,0,0,0,0,0,0.70705375281792537
2031,17.62533593961723,-0.50002499434604697,0,0,0,0,0,0.70705375281792548
2032,17.634014096160616,-0.50002499434948611,0,0,0,0,0,0.70705375281792537
2033,17.642692252704002,-0.50002499435271586,0,0,0,0,0,0.70705375281792548
2034,17.651370409247388,-0.50002499435573555,0,0,0,0,0,0.70705375281792548
2035,17.660048565790778,-0.50002499435854508,0,0,0,0,0,0.70705375281792548
2036,17.668726722334164,-0.50002499436114345,0,0,0,0,0,0.70705375281792548
2037,17.67740487887755,-0.50002499436353076,0,0,0,0,0,0.70705375281792537
2038,17.686083035420936,-0.50002499436570647,0,0,0,0,0,0.70705375281792548
2039,17.694761191964322,-0.50002499436767001,0,0,0,0,0,0.70705375281792548
2040,17.703439348507708,-0.50002499436942149,0,0,0,0,0,0.70705375281792548
2041,17.712117505051094,-0.50002499437096026,0,0,0,0,0,0.70705375281792537
2042,17.720795661594479,-0.50002499437228642,0,0,0,0,0,0.70705375281792537
2043,17.729473818137865,-0.50002499437339964,0,0,0,0,0,0.70705375281792537
2044,17.738151974681251,-0.50002499437430004,0,0,0,0,0,0.70705375281792537
2045,17.746830131224637,-0.50002499437498693,0,0,0,0,0,0.70705375281792537
2046,17.755508287768023,-0.50002499437546022,0,0,0,0,0,0.70705375281792537
2047,17.764186444311409,-0.50002499437572046,0,0,0,0,0,0.70705375281792537
2048,17.772864600854795,-0.50002499437576742,0,0,0,0,0,0.70705375281792537
2049,17.781542757398181,-0.50002499437560044,0,0,0,0,0,0.70705375281792537
2050,17.790220913941567,-0.50002499437521997,0,0,0,0,0,0.70705375281792537
2051,17.798899070484953,-0.50002499437462644,0,0,0,0,0,0.70705375281792537
2052,17.807577227028339,-0.50002499437381953,0,0,0,0,0,0.70705375281792537
2053,17.816255383571725,-0.50002499437279968,0,0,0,0,0,0.70705375281792537
2054,17.824933540115111,-0.50002499437156644,0,0,0,0,0,0.70705375281792537
2055,17.833611696658497,-0.5000249943701206,0,0,0,0,0,0.70705375281792537
2056,17.842289853201883,-0.50002499436846215,0,0,0,0,0,0.70705375281792537
2057,17.850968009745269,-0.5000249943665912,0,0,0,0,0,0.70705375281792526
2058,17.859646166288655,-0.50002499436450831,0,0,0,0,0,0.70705375281792526
2059,17.868324322832041,-0.5000249943622137,0,0,0,0,0,0.70705375281792515
2060,17.877002479375427,-0.50002499435970749,0,0,0,0,0,0.70705375281792515
2061,17.885680635918813,-0.50002499435699055,0,0,0,0,0,0.70705375281792515
2062,17.894358792462203,-0.50002499435406245,0,0,0,0,0,0.70705375281792526
2063,17.903036949005589,-0.50002499435092473,0,0,0,0,0,0.70705375281792526
2064,17.911715105548975,-0.50002499434757663,0,0,0,0,0,0.70705375281792526
2065,17.920393262092361,-0.50002499434401959,0,0,0,0,0,0.70705375281792537
2066,17.929071418635747,-0.50002499434025416,0,0,0,0,0,0.70705375281792526
2067,17.937749575179133,-0.50002499433628045,0,0,0,0,0,0.70705375281792526
2068,17.946427731722519,-0.50002499433209913,0,0,0,0,0,0.70705375281792537
2069,17.955105888265905,-0.50002499432771108,0,0,0,0,0,0.70705375281792537
2070,17.963784044809291,-0.50002499432311676,0,0,0,0,0,0.70705375281792537
2071,17.972462201352677,-0.50002499431831715,0,0,0,0,0,0.70705375281792526
2072,17.981140357896063,-0.50002499431331238,0,0,0,0,0,0.70705375281792537
2073,17.989818514439449,-0.50002499430810399,0,0,0,0,0,0.70705375281792515
2074,17.998496670982835,-0.50002499430269198,0,0,0,0,0,0.70705375281792526
2075,18.007174827526221,-0.50002499429707736,0,0,0,0,0,0.70705375281792526
2076,18.015852984069607,-0.50002499429126157,0,0,0,0,0,0.70705375281792526
2077,18.024531140612993,-0.50002499428524472,0,0,0,0,0,0.70705375281792526
2078,18.033209297156379,-0.50002499427902836,0,0,0,0,0,0.70705375281792526
2079,18.041887453699765,-0.50002499427261293,0,0,0,0,0,0.70705375281792526
2080,18.050565610243151,-0.50002499426599956,0,0,0,0,0,0.70705375281792526
2081,18.059243766786537,-0.50002499425918934,0,0,0,0,0,0.70705375281792515
2082,18.067921923329923,-0.50002499425218339,0,0,0,0,0,0.70705375281792526
2083,18.076600079873309,-0.50002499424498259,0,0,0,0,0,0.70705375281792526
2084,18.085278236416695,-0.50002499423758773,0,0,0,0,0,0.70705375281792526
2085,18.093956392960081,-0.5000249942300008,0,0,0,0,0,0.70705375281792515
2086,18.102634549503467,-0.50002499422222191,0,0,0,0,0,0.70705375281792526
2087,18.111312706046853,-0.50002499421425317,0,0,0,0,0,0.70705375281792526
2088,18.119990862590242,-0.50002499420609481,0,0,0,0,0,0.70705375281792526
2089,18.128669019133628,-0.5000249941977486,0,0,0,0,0,0.70705375281792526
2090,18.137347175677014,-0.50002499418921587,0,0,0,0,0,0.70705375281792537
2091,18.1460253322204,-0.50002499418049773,0,0,0,0,0,0.70705375281792548
2092,18.154703488763786,-0.50002499417159574,0,0,0,0,0,0.70705375281792548
2093,18.163381645307172,-0.50002499416251101,0,0,0,0,0,0.70705375281792548
2094,18.172059801850558,-0.50002499415324508,0,0,0,0,0,0.70705375281792537
2095,18.180737958393944,-0.50002499414379931,0,0,0,0,0,0.70705375281792537
2096,18.18941611493733,-0.500024994134175,0,0,0,0,0,0.70705375281792548
2097,18.198094271480716,-0.50002499412437351,0,0,0,0,0,0.70705375281792537
2098,18.206772428024102,-0.50002499411439683,0,0,0,0,0,0.70705375281792526
2099,18.215450584567488,-0.5000249941042455,0,0,0,0,0,0.70705375281792537
2100,18.224128741110874,-0.50002499409392209,0,0,0,0,0,0.70705375281792537
2101,18.23280689765426,-0.50002499408342771,0,0,0,0,0,0.70705375281792526
2102,18.241485054197646,-0.5000249940727638,0,0,0,0,0,0.70705375281792537
2103,18.250163210741032,-0.50002499406193213,0,0,0,0,0,0.70705375281792526
2104,18.258841367284418,-0.50002499405093448,0,0,0,0,0,0.70705375281792526
2105,18.267519523827804,-0.5000249940397723,0,0,0,0,0,0.70705375281792526
2106,18.27619768037119,-0.50002499402844713,0,0,0,0,0,0.70705375281792537
2107,18.284875836914576,-0.50002499401696099,0,0,0,0,0,0.70705375281792526
2108,18.293553993457962,-0.50002499400531542,0,0,0,0,0,0.70705375281792537
2109,18.302232150001348,-0.50002499399351241,0,0,0,0,0,0.70705375281792526
2110,18.310910306544734,-0.50002499398155353,0,0,0,0,0,0.70705375281792526
2111,18.31958846308812,-0.50002499396944056,0,0,0,0,0,0.70705375281792526
2112,18.328266619631506,-0.50002499395717559,0,0,0,0,0,0.70705375281792526
2113,18.336944776174892,-0.50002499394475985,0,0,0,0,0,0.70705375281792526
2114,18.345622932718282,-0.5000249939321959,0,0,0,0,0,0.70705375281792526
2115,18.354301089261668,-0.50002499391948541,0,0,0,0,0,0.70705375281792526
2116,18.362979245805054,-0.50002499390663013,0,0,0,0,0,0.70705375281792526
2117,18.37165740234844,-0.50002499389363231,0,0,0,0,0,0.70705375281792526
2118,18.380335558891826,-0.50002499388049371,0,0,0,0,0,0.70705375281792526
2119,18.389013715435212,-0.50002499386721611,0,0,0,0,0,0.70705375281792526
2120,18.397691871978598,-0.50002499385380172,0,0,0,0,0,0.70705375281792526
2121,18.406370028521984,-0.50002499384025301,0,0,0,0,0,0.70705375281792526
2122,18.41504818506537,-0.50002499382657128,0,0,0,0,0,0.70705375281792526
2123,18.423726341608756,-0.50002499381275856,0,0,0,0,0,0.70705375281792526
2124,18.432404498152142,-0.5000249937988176,0,0,0,0,0,0.70705375281792526
2125,18.441082654695528,-0.50002499378475007,0,0,0,0,0,0.70705375281792537
2126,18.449760811238914,-0.50002499377055831,0,0,0,0,0,0.70705375281792526
2127,18.4584389677823,-0.50002499375624443,0,0,0,0,0,0.70705375281792526
2128,18.467117124325686,-0.50002499374181031,0,0,0,0,0,0.70705375281792526
2129,18.475795280869072,-0.50002499372725828,0,0,0,0,0,0.70705375281792526
2130,18.484473437412458,-0.50002499371259079,0,0,0,0,0,0.70705375281792526
2131,18.493151593955844,-0.50002499369780962,0,0,0,0,0,0.70705375281792526
2132,18.50182975049923,-0.50002499368291731,0,0,0,0,0,0.70705375281792526
2133,18.510507907042616,-0.50002499366791597,0,0,0,0,0,0.70705375281792526
2134,18.519186063586002,-0.50002499365280784,0,0,0,0,0,0.70705375281792526
2135,18.527864220129388,-0.50002499363759523,0,0,0,0,0,0.70705375281792515
2136,18.536542376672774,-0.50002499362228048,0,0,0,0,0,0.70705375281792526
2137,18.54522053321616,-0.50002499360686603,0,0,0,0,0,0.70705375281792526
2138,18.553898689759546,-0.50002499359135377,0,0,0,0,0,0.70705375281792526
2139,18.562576846302932,-0.50002499357574637,0,0,0,0,0,0.70705375281792537
2140,18.571255002846321,-0.50002499356004604,0,0,0,0,0,0.70705375281792537
2141,18.579933159389707,-0.50002499354425523,0,0,0,0,0,0.70705375281792537
2142,18.588611315933093,-0.50002499352837659,0,0,0,0,0,0.70705375281792526
2143,18.597289472476479,-0.50002499351241192,0,0,0,0,0,0.70705375281792537
2144,18.605967629019865,-0.50002499349636398,0,0,0,0,0,0.70705375281792548
2145,18.614645785563251,-0.50002499348023521,0,0,0,0,0,0.70705375281792548
2146,18.623323942106637,-0.50002499346402796,0,0,0,0,0,0.70705375281792548
2147,18.632002098650023,-0.50002499344774476,0,0,0,0,0,0.7070537528179256
2148,18.640680255193409,-0.50002499343138807,0,0,0,0,0,0.70705375281792548
2149,18.649358411736795,-0.50002499341496021,0,0,0,0,0,0.70705375281792548
2150,18.658036568280181,-0.50002499339846385,0,0,0,0,0,0.7070537528179256
2151,18.666714724823567,-0.50002499338190121,0,0,0,0,0,0.7070537528179256
2152,18.675392881366953,-0.50002499336527495,0,0,0,0,0,0.7070537528179256
2153,18.684071037910339,-0.50002499334858763,0,0,0,0,0,0.7070537528179256
2154,18.692749194453725,-0.50002499333184158,0,0,0,0,0,0.7070537528179256
2155,18.701427350997111,-0.50002499331503958,0,0,0,0,0,0.70705375281792548
2156,18.710105507540497,-0.50002499329818395,0,0,0,0,0,0.70705375281792548
2157,18.718783664083883,-0.50002499328127725,0,0,0,0,0,0.7070537528179256
2158,18.727461820627269,-0.50002499326432193,0,0,0,0,0,0.70705375281792571
2159,18.736139977170655,-0.50002499324732086,0,0,0,0,0,0.70705375281792571
2160,18.744818133714041,-0.50002499323027616,0,0,0,0,0,0.70705375281792571
2161,18.753496290257427,-0.50002499321319116,0,0,0,0,0,0.70705375281792571
2162,18.762174446800813,-0.50002499319606764,0,0,0,0,0,0.70705375281792571
2163,18.770852603344199,-0.50002499317890881,0,0,0,0,0,0.70705375281792571
2164,18.779530759887585,-0.50002499316171656,0,0,0,0,0,0.70705375281792571
2165,18.788208916430971,-0.50002499314449389,0,0,0,0,0,0.70705375281792571
2166,18.796887072974357,-0.50002499312724336,0,0,0,0,0,0.70705375281792571
2167,18.805565229517747,-0.50002499310996795,0,0,0,0,0,0.7070537528179256
2168,18.814243386061133,-0.50002499309266935,0,0,0,0,0,0.7070537528179256
2169,18.822921542604519,-0.50002499307535087,0,0,0,0,0,0.70705375281792571
2170,18.831599699147905,-0.50002499305801473,0,0,0,0,0,0.70705375281792582
2171,18.840277855691291,-0.50002499304066439,0,0,0,0,0,0.70705375281792571
2172,18.848956012234677,-0.50002499302330117,0,0,0,0,0,0.70705375281792582
2173,18.857634168778063,-0.50002499300592851,0,0,0,0,0,0.70705375281792571
2174,18.866312325321449,-0.50002499298854908,0,0,0,0,0,0.70705375281792571
2175,18.874990481864835,-0.50002499297116509,0,0,0,0,0,0.70705375281792582
2176,18.883668638408221,-0.50002499295377956,0,0,0,0,0,0.70705375281792571
2177,18.892346794951607,-0.5000249929363948,0,0,0,0,0,0.7070537528179256
2178,18.901024951494993,-0.50002499291901348,0,0,0,0,0,0.7070537528179256
2179,18.909703108038379,-0.50002499290163827,0,0,0,0,0,0.70705375281792548
2180,18.918381264581765,-0.50002499288427171,0,0,0,0,0,0.70705375281792548
2181,18.927059421125151,-0.50002499286691648,0,0,0,0,0,0.7070537528179256
2182,18.935737577668537,-0.50002499284957547,0,0,0,0,0,0.70705375281792548
2183,18.944415734211923,-0.50002499283225055,0,0,0,0,0,0.70705375281792548
2184,18.953093890755309,-0.50002499281494495,0,0,0,0,0,0.70705375281792548
2185,18.961772047298695,-0.50002499279766133,0,0,0,0,0,0.7070537528179256
2186,18.970450203842081,-0.50002499278040213,0,0,0,0,0,0.70705375281792548
2187,18.979128360385467,-0.50002499276316958,0,0,0,0,0,0.70705375281792548
2188,18.987806516928853,-0.50002499274596679,0,0,0,0,0,0.70705375281792548
2189,18.996484673472239,-0.50002499272879619,0,0,0,0,0,0.70705375281792548
2190,19.005162830015625,-0.50002499271166023,0,0,0,0,0,0.70705375281792548
2191,19.013840986559011,-0.50002499269456169,0,0,0,0,0,0.70705375281792548
2192,19.022519143102397,-0.50002499267750322,0,0,0,0,0,0.70705375281792537
2193,19.031197299645786,-0.50002499266048706,0,0,0,0,0,0.70705375281792526
2194,19.039875456189172,-0.50002499264351596,0,0,0,0,0,0.70705375281792526
2195,19.048553612732558,-0.50002499262659228,0,0,0,0,0,0.70705375281792526
2196,19.057231769275944,-0.500024992609719,0,0,0,0,0,0.70705375281792526
2197,19.06590992581933,-0.50002499259289834,0,0,0,0,0,0.70705375281792537
2198,19.074588082362716,-0.50002499257613264,0,0,0,0,0,0.70705375281792526
2199,19.083266238906102,-0.5000249925594249,0,0,0,0,0,0.70705375281792537
2200,19.091944395449488,-0.50002499254277732,0,0,0,0,0,0.70705375281792526
2201,19.100622551992874,-0.50002499252619259,0,0,0,0,0,0.70705375281792537
2202,19.10930070853626,-0.50002499250967314,0,0,0,0,0,0.70705375281792537
2203,19.117978865079646,-0.50002499249322163,0,0,0,0,0,0.70705375281792537
2204,19.126657021623032,-0.50002499247684029,0,0,0,0,0,0.70705375281792526
2205,19.135335178166418,-0.50002499246053123,0,0,0,0,0,0.70705375281792537
2206,19.144013334709804,-0.50002499244429743,0,0,0,0,0,0.70705375281792537
2207,19.15269149125319,-0.50002499242814136,0,0,0,0,0,0.70705375281792548
2208,19.161369647796576,-0.50002499241206522,0,0,0,0,0,0.70705375281792548
2209,19.170047804339962,-0.50002499239607179,0,0,0,0,0,0.70705375281792537
2210,19.178725960883348,-0.50002499238016296,0,0,0,0,0,0.70705375281792537
2211,19.187404117426734,-0.5000249923643415,0,0,0,0,0,0.70705375281792548
2212,19.19608227397012,-0.50002499234860975,0,0,0,0,0,0.70705375281792548
2213,19.204760430513506,-0.50002499233296971,0,0,0,0,0,0.70705375281792548
2214,19.213438587056892,-0.50002499231742403,0,0,0,0,0,0.70705375281792548
2215,19.222116743600278,-0.50002499230197539,0,0,0,0,0,0.70705375281792548
2216,19.230794900143664,-0.50002499228662556,0,0,0,0,0,0.70705375281792548
2217,19.23947305668705,-0.50002499227137731,0,0,0,0,0,0.70705375281792548
2218,19.248151213230436,-0.50002499225623209,0,0,0,0,0,0.7070537528179256
2219,19.256829369773826,-0.50002499224119357,0,0,0,0,0,0.7070537528179256
2220,19.265507526317212,-0.50002499222626295,0,0,0,0,0,0.70705375281792548
2221,19.274185682860598,-0.50002499221144237,0,0,0,0,0,0.7070537528179256
2222,19.282863839403984,-0.50002499219673469,0,0,0,0,0,0.7070537528179256
2223,19.29154199594737,-0.50002499218214225,0,0,0,0,0,0.70705375281792548
2224,19.300220152490756,-0.50002499216766649,0,0,0,0,0,0.7070537528179256
2225,19.308898309034142,-0.50002499215330976,0,0,0,0,0,0.7070537528179256
2226,19.317576465577528,-0.50002499213907481,0,0,0,0,0,0.7070537528179256
2227,19.326254622120913,-0.50002499212496332,0,0,0,0,0,0.7070537528179256
2228,19.334932778664299,-0.5000249921109774,0,0,0,0,0,0.70705375281792548
2229,19.343610935207685,-0.50002499209711959,0,0,0,0,0,0.70705375281792548
2230,19.352289091751071,-0.50002499208339113,0,0,0,0,0,0.70705375281792548
2231,19.360967248294457,-0.50002499206979512,0,0,0,0,0,0.70705375281792548
2232,19.369645404837843,-0.50002499205633288,0,0,0,0,0,0.70705375281792548
2233,19.378323561381229,-0.50002499204300643,0,0,0,0,0,0.7070537528179256
2234,19.387001717924615,-0.50002499202981809,0,0,0,0,0,0.70705375281792548
2235,19.395679874468001,-0.50002499201676986,0,0,0,0,0,0.70705375281792548
2236,19.404358031011387,-0.50002499200386352,0,0,0,0,0,0.7070537528179256
2237,19.413036187554773,-0.50002499199110106,0,0,0,0,0,0.7070537528179256
2238,19.421714344098159,-0.50002499197848449,0,0,0,0,0,0.70705375281792548
2239,19.430392500641545,-0.50002499196601558,0,0,0,0,0,0.70705375281792548
2240,19.439070657184931,-0.50002499195369632,0,0,0,0,0,0.7070537528179256
2241,19.447748813728317,-0.50002499194152872,0,0,0,0,0,0.70705375281792548
2242,19.456426970271703,-0.500024991929514,0,0,0,0,0,0.70705375281792548
2243,19.465105126815089,-0.50002499191765459,0,0,0,0,0,0.70705375281792548
2244,19.473783283358475,-0.50002499190595195,0,0,0,0,0,0.70705375281792548
2245,19.482461439901865,-0.50002499189440819,0,0,0,0,0,0.7070537528179256
2246,19.491139596445251,-0.50002499188302452,0,0,0,0,0,0.70705375281792548
2247,19.499817752988637,-0.50002499187180316,0,0,0,0,0,0.7070537528179256
2248,19.508495909532023,-0.50002499186074556,0,0,0,0,0,0.70705375281792548
2249,19.517174066075409,-0.50002499184985327,0,0,0,0,0,0.7070537528179256
2250,19.525852222618795,-0.50002499183912796,0,0,0,0,0,0.7070537528179256
2251,19.534530379162181,-0.50002499182857141,0,0,0,0,0,0.7070537528179256
2252,19.543208535705567,-0.50002499181818538,0,0,0,0,0,0.7070537528179256
2253,19.551886692248953,-0.50002499180797111,0,0,0,0,0,0.70705375281792571
2254,19.560564848792339,-0.50002499179793003,0,0,0,0,0,0.70705375281792571
2255,19.569243005335725,-0.50002499178806381,0,0,0,0,0,0.70705375281792571
2256,19.577921161879111,-0.50002499177837423,0,0,0,0,0,0.70705375281792571
2257,19.586599318422497,-0.50002499176886228,0,0,0,0,0,0.70705375281792571
2258,19.595277474965883,-0.50002499175952975,0,0,0,0,0,0.70705375281792571
2259,19.603955631509269,-0.50002499175037785,0,0,0,0,0,0.70705375281792571
2260,19.612633788052655,-0.50002499174140813,0,0,0,0,0,0.70705375281792571
2261,19.621311944596041,-0.50002499173262172,0,0,0,0,0,0.70705375281792571
2262,19.629990101139427,-0.50002499172402004,0,0,0,0,0,0.70705375281792571
2263,19.638668257682813,-0.50002499171560422,0,0,0,0,0,0.70705375281792571
2264,19.647346414226199,-0.50002499170737558,0,0,0,0,0,0.70705375281792593
2265,19.656024570769585,-0.50002499169933579,0,0,0,0,0,0.70705375281792582
2266,19.664702727312971,-0.50002499169148573,0,0,0,0,0,0.70705375281792593
2267,19.673380883856357,-0.50002499168382641,0,0,0,0,0,0.70705375281792593
2268,19.682059040399743,-0.50002499167635917,0,0,0,0,0,0.70705375281792593
2269,19.690737196943129,-0.50002499166908554,0,0,0,0,0,0.70705375281792593
2270,19.699415353486515,-0.50002499166200565,0,0,0,0,0,0.70705375281792604
2271,19.708093510029901,-0.50002499165512149,0,0,0,0,0,0.70705375281792593
2272,19.71677166657329,-0.50002499164843339,0,0,0,0,0,0.70705375281792593
2273,19.725449823116676,-0.50002499164194281,0,0,0,0,0,0.70705375281792593
2274,19.734127979660062,-0.50002499163565095,0,0,0,0,0,0.70705375281792582
2275,19.742806136203448,-0.50002499162955805,0,0,0,0,0,0.70705375281792593
2276,19.751484292746834,-0.50002499162366554,0,0,0,0,0,0.70705375281792582
2277,19.76016244929022,-0.50002499161797409,0,0,0,0,0,0.70705375281792582
2278,19.768840605833606,-0.50002499161248459,0,0,0,0,0,0.70705375281792593
2279,19.777518762376992,-0.50002499160719782,0,0,0,0,0,0.70705375281792582
2280,19.786196918920378,-0.50002499160211478,0,0,0,0,0,0.70705375281792582
2281,19.794875075463764,-0.50002499159723612,0,0,0,0,0,0.70705375281792582
2282,19.80355323200715,-0.50002499159256231,0,0,0,0,0,0.70705375281792571
2283,19.812231388550536,-0.50002499158809466,0,0,0,0,0,0.70705375281792582
2284,19.820909545093922,-0.50002499158383318,0,0,0,0,0,0.70705375281792582
2285,19.829587701637308,-0.50002499157977875,0,0,0,0,0,0.70705375281792582
2286,19.838265858180694,-0.50002499157593228,0,0,0,0,0,0.70705375281792593
2287,19.84694401472408,-0.50002499157229396,0,0,0,0,0,0.70705375281792571
2288,19.855622171267466,-0.50002499156886493,0,0,0,0,0,0.70705375281792582
2289,19.864300327810852,-0.50002499156564473,0,0,0,0,0,0.70705375281792593
2290,19.872978484354238,-0.50002499156263469,0,0,0,0,0,0.70705375281792582
2291,19.881656640897624,-0.50002499155983471,0,0,0,0,0,0.70705375281792582
2292,19.89033479744101,-0.50002499155724556,0,0,0,0,0,0.70705375281792582
2293,19.899012953984396,-0.50002499155486768,0,0,0,0,0,0.70705375281792582
2294,19.907691110527782,-0.50002499155270119,0,0,0,0,0,0.70705375281792582
2295,19.916369267071168,-0.5000249915507462,0,0,0,0,0,0.70705375281792582
2296,19.925047423614554,-0.50002499154900371,0,0,0,0,0,0.70705375281792593
2297,19.93372558015794,-0.50002499154747349,0,0,0,0,0,0.70705375281792582
2298,19.94240373670133,-0.50002499154615587,0,0,0,0,0,0.70705375281792582
2299,19.951081893244716,-0.50002499154505087,0,0,0,0,0,0.70705375281792582
2300,19.959760049788102,-0.50002499154415914,0,0,0,0,0,0.70705375281792582
2301,19.968438206331488,-0.50002499154348024,0,0,0,0,0,0.70705375281792582
2302,19.977116362874874,-0.50002499154301461,0,0,0,0,0,0.70705375281792582
2303,19.98579451941826,-0.50002499154276203,0,0,0,0,0,0.70705375281792582
2304,19.994472675961646,-0.50002499154272306,0,0,0,0,0,0.70705375281792571
2305,20.003150832505032,-0.50002499154289715,0,0,0,0,0,0.7070537528179256
2306,20.011828989048418,-0.50002499154328484,0,0,0,0,0,0.7070537528179256
2307,20.020507145591804,-0.50002499154388569,0,0,0,0,0,0.70705375281792548
2308,20.02918530213519,-0.50002499154469948,0,0,0,0,0,0.7070537528179256
2309,20.037863458678576,-0.50002499154572622,0,0,0,0,0,0.70705375281792537
2310,20.046541615221962,-0.50002499154696589,0,0,0,0,0,0.70705375281792548
2311,20.055219771765348,-0.50002499154841828,0,0,0,0,0,0.70705375281792537
2312,20.063897928308734,-0.50002499155008306,0,0,0,0,0,0.70705375281792537
2313,20.07257608485212,-0.50002499155196023,0,0,0,0,0,0.70705375281792526
2314,20.081254241395506,-0.50002499155404889,0,0,0,0,0,0.70705375281792537
2315,20.089932397938892,-0.50002499155634927,0,0,0,0,0,0.70705375281792537
2316,20.098610554482278,-0.50002499155886093,0,0,0,0,0,0.70705375281792537
2317,20.107288711025664,-0.50002499156158353,0,0,0,0,0,0.70705375281792537
2318,20.11596686756905,-0.50002499156451674,0,0,0,0,0,0.70705375281792537
2319,20.124645024112436,-0.50002499156765956,0,0,0,0,0,0.70705375281792526
2320,20.133323180655822,-0.50002499157101232,0,0,0,0,0,0.70705375281792537
2321,20.142001337199208,-0.50002499157457381,0,0,0,0,0,0.70705375281792537
2322,20.150679493742594,-0.5000249915783439,0,0,0,0,0,0.70705375281792537
2323,20.15935765028598,-0.50002499158232205,0,0,0,0,0,0.70705375281792537
2324,20.168035806829369,-0.50002499158650737,0,0,0,0,0,0.70705375281792548
2325,20.176713963372755,-0.50002499159089953,0,0,0,0,0,0.70705375281792537
2326,20.185392119916141,-0.50002499159549774,0,0,0,0,0,0.70705375281792548
2327,20.194070276459527,-0.50002499160030123,0,0,0,0,0,0.70705375281792548
2328,20.202748433002913,-0.50002499160530967,0,0,0,0,0,0.7070537528179256
2329,20.211426589546299,-0.5000249916105215,0,0,0,0,0,0.70705375281792548
2330,20.220104746089685,-0.50002499161593694,0,0,0,0,0,0.70705375281792548
2331,20.228782902633071,-0.50002499162155423,0,0,0,0,0,0.70705375281792548
2332,20.237461059176457,-0.50002499162737324,0,0,0,0,0,0.70705375281792548
2333,20.246139215719843,-0.50002499163339287,0,0,0,0,0,0.70705375281792548
2334,20.254817372263229,-0.50002499163961178,0,0,0,0,0,0.70705375281792548
2335,20.263495528806615,-0.50002499164602998,0,0,0,0,0,0.70705375281792548
2336,20.272173685350001,-0.50002499165264536,0,0,0,0,0,0.70705375281792548
2337,20.280851841893387,-0.50002499165945768,0,0,0,0,0,0.7070537528179256
2338,20.289529998436773,-0.50002499166646575,0,0,0,0,0,0.70705375281792548
2339,20.298208154980159,-0.50002499167366865,0,0,0,0,0,0.70705375281792548
2340,20.306886311523545,-0.50002499168106529,0,0,0,0,0,0.70705375281792548
2341,20.315564468066931,-0.500024991688654,0,0,0,0,0,0.70705375281792548
2342,20.324242624610317,-0.50002499169643411,0,0,0,0,0,0.70705375281792548
2343,20.332920781153703,-0.50002499170440484,0,0,0,0,0,0.70705375281792537
2344,20.341598937697089,-0.50002499171256376,0,0,0,0,0,0.70705375281792548
2345,20.350277094240475,-0.50002499172091108,0,0,0,0,0,0.70705375281792548
2346,20.358955250783861,-0.50002499172944459,0,0,0,0,0,0.70705375281792526
2347,20.367633407327247,-0.50002499173816362,0,0,0,0,0,0.70705375281792526
2348,20.376311563870633,-0.50002499174706627,0,0,0,0,0,0.70705375281792537
2349,20.384989720414019,-0.50002499175615145,0,0,0,0,0,0.70705375281792537
2350,20.393667876957409,-0.50002499176541793,0,0,0,0,0,0.70705375281792526
2351,20.402346033500795,-0.50002499177486404,0,0,0,0,0,0.70705375281792526
2352,20.411024190044181,-0.50002499178448867,0,0,0,0,0,0.70705375281792526
2353,20.419702346587567,-0.50002499179429027,0,0,0,0,0,0.70705375281792537
2354,20.428380503130953,-0.50002499180426696,0,0,0,0,0,0.70705375281792537
2355,20.437058659674339,-0.50002499181441784,0,0,0,0,0,0.70705375281792548
2356,20.445736816217725,-0.50002499182474114,0,0,0,0,0,0.70705375281792548
2357,20.454414972761111,-0.50002499183523552,0,0,0,0,0,0.70705375281792548
2358,20.463093129304497,-0.50002499184589877,0,0,0,0,0,0.70705375281792548
2359,20.471771285847883,-0.50002499185672988,0,0,0,0,0,0.70705375281792548
2360,20.480449442391269,-0.50002499186772709,0,0,0,0,0,0.70705375281792548
2361,20.489127598934655,-0.50002499187888838,0,0,0,0,0,0.7070537528179256
2362,20.497805755478041,-0.50002499189021288,0,0,0,0,0,0.70705375281792548
2363,20.506483912021427,-0.50002499190169813,0,0,0,0,0,0.7070537528179256
2364,20.515162068564813,-0.5000249919133426,0,0,0,0,0,0.70705375281792548
2365,20.523840225108199,-0.50002499192514471,0,0,0,0,0,0.7070537528179256
2366,20.532518381651585,-0.50002499193710259,0,0,0,0,0,0.7070537528179256
2367,20.541196538194971,-0.50002499194921401,0,0,0,0,0,0.70705375281792571
2368,20.549874694738357,-0.50002499196147809,0,0,0,0,0,0.70705375281792571
2369,20.558552851281743,-0.50002499197389216,0,0,0,0,0,0.70705375281792571
2370,20.567231007825129,-0.50002499198645511,0,0,0,0,0,0.7070537528179256
2371,20.575909164368515,-0.50002499199916406,0,0,0,0,0,0.70705375281792571
2372,20.584587320911901,-0.50002499201201789,0,0,0,0,0,0.70705375281792571
2373,20.593265477455287,-0.50002499202501416,0,0,0,0,0,0.70705375281792571
2374,20.601943633998673,-0.50002499203815132,0,0,0,0,0,0.70705375281792571
2375,20.610621790542059,-0.50002499205142725,0,0,0,0,0,0.70705375281792571
2376,20.619299947085445,-0.50002499206483975,0,0,0,0,0,0.70705375281792571
2377,20.627978103628834,-0.50002499207838713,0,0,0,0,0,0.70705375281792571
2378,20.63665626017222,-0.50002499209206708,0,0,0,0,0,0.70705375281792571
2379,20.645334416715606,-0.5000249921058777,0,0,0,0,0,0.70705375281792571
2380,20.654012573258992,-0.50002499211981688,0,0,0,0,0,0.70705375281792571
2381,20.662690729802378,-0.50002499213388274,0,0,0,0,0,0.70705375281792571
2382,20.671368886345764,-0.50002499214807239,0,0,0,0,0,0.70705375281792571
2383,20.68004704288915,-0.50002499216238472,0,0,0,0,0,0.70705375281792571
2384,20.688725199432536,-0.50002499217681706,0,0,0,0,0,0.70705375281792571
2385,20.697403355975922,-0.50002499219136709,0,0,0,0,0,0.70705375281792571
2386,20.706081512519308,-0.50002499220603291,0,0,0,0,0,0.7070537528179256
2387,20.714759669062694,-0.50002499222081209,0,0,0,0,0,0.70705375281792571
2388,20.72343782560608,-0.50002499223570251,0,0,0,0,0,0.70705375281792571
2389,20.732115982149466,-0.50002499225070207,0,0,0,0,0,0.70705375281792571
2390,20.740794138692852,-0.50002499226580821,0,0,0,0,0,0.7070537528179256
2391,20.749472295236238,-0.50002499228101893,0,0,0,0,0,0.70705375281792571
2392,20.758150451779624,-0.50002499229633179,0,0,0,0,0,0.70705375281792571
2393,20.76682860832301,-0.50002499231174447,0,0,0,0,0,0.70705375281792571
2394,20.775506764866396,-0.50002499232725484,0,0,0,0,0,0.7070537528179256
2395,20.784184921409782,-0.50002499234286024,0,0,0,0,0,0.7070537528179256
2396,20.792863077953168,-0.50002499235855857,0,0,0,0,0,0.70705375281792571
2397,20.801541234496554,-0.50002499237434739,0,0,0,0,0,0.7070537528179256
2398,20.81021939103994,-0.50002499239022469,0,0,0,0,0,0.70705375281792571
2399,20.818897547583326,-0.50002499240618725,0,0,0,0,0,0.70705375281792571
2400,20.827575704126712,-0.50002499242223319,0,0,0,0,0,0.70705375281792582
2401,20.836253860670098,-0.50002499243836018,0,0,0,0,0,0.70705375281792582
2402,20.844932017213484,-0.50002499245456544,0,0,0,0,0,0.70705375281792582
2403,20.853610173756874,-0.50002499247084709,0,0,0,0,0,0.70705375281792582
2404,20.86228833030026,-0.50002499248720211,0,0,0,0,0,0.70705375281792571
2405,20.870966486843646,-0.50002499250362842,0,0,0,0,0,0.70705375281792571
2406,20.879644643387032,-0.50002499252012345,0,0,0,0,0,0.70705375281792571
2407,20.888322799930418,-0.50002499253668453,0,0,0,0,0,0.7070537528179256
2408,20.897000956473804,-0.50002499255330946,0,0,0,0,0,0.7070537528179256
2409,20.90567911301719,-0.50002499256999533,0,0,0,0,0,0.70705375281792571
2410,20.914357269560576,-0.50002499258673971,0,0,0,0,0,0.70705375281792571
2411,20.923035426103961,-0.50002499260354083,0,0,0,0,0,0.70705375281792571
2412,20.931713582647347,-0.50002499262039513,0,0,0,0,0,0.70705375281792571
2413,20.940391739190733,-0.50002499263730049,0,0,0,0,0,0.70705375281792571
2414,20.949069895734119,-0.50002499265425471,0,0,0,0,0,0.7070537528179256
2415,20.957748052277505,-0.50002499267125455,0,0,0,0,0,0.70705375281792571
2416,20.966426208820891,-0.50002499268829781,0,0,0,0,0,0.7070537528179256
2417,20.975104365364277,-0.50002499270538214,0,0,0,0,0,0.7070537528179256
2418,20.983782521907663,-0.50002499272250456,0,0,0,0,0,0.7070537528179256
2419,20.992460678451049,-0.50002499273966272,0,0,0,0,0,0.7070537528179256
2420,21.001138834994435,-0.50002499275685419,0,0,0,0,0,0.7070537528179256
2421,21.009816991537821,-0.50002499277407608,0,0,0,0,0,0.7070537528179256
2422,21.018495148081207,-0.50002499279132562,0,0,0,0,0,0.7070537528179256
2423,21.027173304624593,-0.50002499280860091,0,0,0,0,0,0.70705375281792548
2424,21.035851461167979,-0.50002499282589863,0,0,0,0,0,0.7070537528179256
2425,21.044529617711365,-0.50002499284321678,0,0,0,0,0,0.7070537528179256
2426,21.053207774254751,-0.50002499286055224,0,0,0,0,0,0.7070537528179256
2427,21.061885930798137,-0.50002499287790259,0,0,0,0,0,0.7070537528179256
2428,21.070564087341523,-0.50002499289526536,0,0,0,0,0,0.70705375281792548
2429,21.079242243884913,-0.50002499291263758,0,0,0,0,0,0.70705375281792548
2430,21.087920400428299,-0.50002499293001701,0,0,0,0,0,0.70705375281792548
2431,21.096598556971685,-0.5000249929474011,0,0,0,0,0,0.7070537528179256
2432,21.105276713515071,-0.50002499296478686,0,0,0,0,0,0.7070537528179256
2433,21.113954870058457,-0.50002499298217151,0,0,0,0,0,0.7070537528179256
2434,21.122633026601843,-0.50002499299955294,0,0,0,0,0,0.7070537528179256
2435,21.131311183145229,-0.50002499301692838,0,0,0,0,0,0.7070537528179256
2436,21.139989339688615,-0.50002499303429526,0,0,0,0,0,0.7070537528179256
2437,21.148667496232001,-0.50002499305165071,0,0,0,0,0,0.70705375281792548
2438,21.157345652775387,-0.5000249930689924,0,0,0,0,0,0.7070537528179256
2439,21.166023809318773,-0.50002499308631743,0,0,0,0,0,0.70705375281792548
2440,21.174701965862159,-0.5000249931036238,0,0,0,0,0,0.70705375281792548
2441,21.183380122405545,-0.50002499312090787,0,0,0,0,0,0.70705375281792548
2442,21.192058278948931,-0.50002499313816817,0,0,0,0,0,0.70705375281792548
2443,21.200736435492317,-0.50002499315540117,0,0,0,0,0,0.70705375281792548
2444,21.209414592035703,-0.50002499317260474,0,0,0,0,0,0.7070537528179256
2445,21.218092748579089,-0.50002499318977622,0,0,0,0,0,0.70705375281792548
2446,21.226770905122475,-0.50002499320691318,0,0,0,0,0,0.70705375281792548
2447,21.235449061665861,-0.5000249932240125,0,0,0,0,0,0.70705375281792548
2448,21.244127218209247,-0.5000249932410723,0,0,0,0,0,0.7070537528179256
2449,21.252805374752633,-0.50002499325808936,0,0,0,0,0,0.7070537528179256
2450,21.261483531296019,-0.50002499327506189,0,0,0,0,0,0.7070537528179256
2451,21.270161687839405,-0.50002499329198657,0,0,0,0,0,0.7070537528179256
2452,21.278839844382791,-0.50002499330886119,0,0,0,0,0,0.70705375281792548
2453,21.287518000926177,-0.50002499332568329,0,0,0,0,0,0.70705375281792548
2454,21.296196157469563,-0.50002499334245021,0,0,0,0,0,0.70705375281792548
2455,21.304874314012952,-0.50002499335915918,0,0,0,0,0,0.7070537528179256
2456,21.313552470556338,-0.50002499337580819,0,0,0,0,0,0.7070537528179256
2457,21.322230627099724,-0.50002499339239426,0,0,0,0,0,0.7070537528179256
2458,21.33090878364311,-0.50002499340891571,0,0,0,0,0,0.70705375281792548
2459,21.339586940186496,-0.50002499342536888,0,0,0,0,0,0.70705375281792548
2460,21.348265096729882,-0.500024993441752,0,0,0,0,0,0.70705375281792537
2461,21.356943253273268,-0.50002499345806239,0,0,0,0,0,0.70705375281792548
2462,21.365621409816654,-0.50002499347429774,0,0,0,0,0,0.70705375281792548
2463,21.37429956636004,-0.5000249934904557,0,0,0,0,0,0.70705375281792548
2464,21.382977722903426,-0.50002499350653318,0,0,0,0,0,0.70705375281792548
2465,21.391655879446812,-0.50002499352252849,0,0,0,0,0,0.70705375281792548
2466,21.400334035990198,-0.50002499353843921,0,0,0,0,0,0.7070537528179256
2467,21.409012192533584,-0.50002499355426222,0,0,0,0,0,0.7070537528179256
2468,21.41769034907697,-0.50002499356999608,0,0,0,0,0,0.70705375281792548
2469,21.426368505620356,-0.50002499358563779,0,0,0,0,0,0.7070537528179256
2470,21.435046662163742,-0.50002499360118513,0,0,0,0,0,0.7070537528179256
2471,21.443724818707128,-0.50002499361663599,0,0,0,0,0,0.70705375281792548
2472,21.452402975250514,-0.50002499363198749,0,0,0,0,0,0.70705375281792548
2473,21.4610811317939,-0.50002499364723785,0,0,0,0,0,0.70705375281792548
2474,21.469759288337286,-0.50002499366238462,0,0,0,0,0,0.70705375281792548
2475,21.478437444880672,-0.50002499367742559,0,0,0,0,0,0.70705375281792537
2476,21.487115601424058,-0.5000249936923582,0,0,0,0,0,0.70705375281792548
2477,21.495793757967444,-0.50002499370718057,0,0,0,0,0,0.70705375281792526
2478,21.50447191451083,-0.50002499372189013,0,0,0,0,0,0.70705375281792526
2479,21.513150071054216,-0.50002499373648479,0,0,0,0,0,0.70705375281792526
2480,21.521828227597602,-0.50002499375096232,0,0,0,0,0,0.70705375281792515
2481,21.530506384140988,-0.50002499376532072,0,0,0,0,0,0.70705375281792515
2482,21.539184540684378,-0.50002499377955767,0,0,0,0,0,0.70705375281792526
2483,21.547862697227764,-0.50002499379367105,0,0,0,0,0,0.70705375281792526
2484,21.55654085377115,-0.50002499380765864,0,0,0,0,0,0.70705375281792526
2485,21.565219010314536,-0.50002499382151833,0,0,0,0,0,0.70705375281792526
2486,21.573897166857922,-0.50002499383524845,0,0,0,0,0,0.70705375281792526
2487,21.582575323401308,-0.50002499384884624,0,0,0,0,0,0.70705375281792526
2488,21.591253479944694,-0.50002499386231003,0,0,0,0,0,0.70705375281792526
2489,21.59993163648808,-0.50002499387563804,0,0,0,0,0,0.70705375281792526
2490,21.608609793031466,-0.50002499388882804,0,0,0,0,0,0.70705375281792526
2491,21.617287949574852,-0.50002499390187805,0,0,0,0,0,0.70705375281792526
2492,21.625966106118238,-0.5000249939147855,0,0,0,0,0,0.70705375281792526
2493,21.634644262661624,-0.50002499392754929,0,0,0,0,0,0.70705375281792526
2494,21.64332241920501,-0.50002499394016742,0,0,0,0,0,0.70705375281792526
2495,21.652000575748396,-0.50002499395263733,0,0,0,0,0,0.70705375281792548
2496,21.660678732291782,-0.50002499396495792,0,0,0,0,0,0.70705375281792548
2497,21.669356888835168,-0.50002499397712696,0,0,0,0,0,0.70705375281792548
2498,21.678035045378554,-0.50002499398914235,0,0,0,0,0,0.70705375281792548
2499,21.68671320192194,-0.50002499400100264,0,0,0,0,0,0.70705375281792548
2500,21.695391358465326,-0.50002499401270628,0,0,0,0,0,0.7070537528179256
2501,21.704069515008712,-0.50002499402425127,0,0,0,0,0,0.7070537528179256
2502,21.712747671552098,-0.50002499403563561,0,0,0,0,0,0.7070537528179256
2503,21.721425828095484,-0.50002499404685752,0,0,0,0,0,0.70705375281792571
2504,21.73010398463887,-0.50002499405791601,0,0,0,0,0,0.7070537528179256
2505,21.738782141182256,-0.50002499406880863,0,0,0,0,0,0.7070537528179256
2506,21.747460297725642,-0.50002499407953427,0,0,0,0,0,0.7070537528179256
2507,21.756138454269028,-0.50002499409009094,0,0,0,0,0,0.7070537528179256
2508,21.764816610812417,-0.50002499410047752,0,0,0,0,0,0.7070537528179256
2509,21.773494767355803,-0.50002499411069223,0,0,0,0,0,0.7070537528179256
2510,21.782172923899189,-0.50002499412073298,0,0,0,0,0,0.7070537528179256
2511,21.790851080442575,-0.50002499413059887,0,0,0,0,0,0.7070537528179256
2512,21.799529236985961,-0.50002499414028856,0,0,0,0,0,0.7070537528179256
2513,21.808207393529347,-0.50002499414980006,0,0,0,0,0,0.7070537528179256
2514,21.816885550072733,-0.50002499415913204,0,0,0,0,0,0.70705375281792571
2515,21.825563706616119,-0.5000249941682835,0,0,0,0,0,0.70705375281792571
2516,21.834241863159505,-0.50002499417725244,0,0,0,0,0,0.70705375281792571
2517,21.842920019702891,-0.5000249941860383,0,0,0,0,0,0.70705375281792571
2518,21.851598176246277,-0.50002499419463908,0,0,0,0,0,0.70705375281792571
2519,21.860276332789663,-0.50002499420305357,0,0,0,0,0,0.70705375281792571
2520,21.868954489333049,-0.50002499421128077,0,0,0,0,0,0.70705375281792571
2521,21.877632645876435,-0.50002499421931945,0,0,0,0,0,0.70705375281792571
2522,21.886310802419821,-0.50002499422716817,0,0,0,0,0,0.70705375281792571
2523,21.894988958963207,-0.50002499423482583,0,0,0,0,0,0.7070537528179256
2524,21.903667115506593,-0.5000249942422913,0,0,0,0,0,0.7070537528179256
2525,21.912345272049979,-0.50002499424956337,0,0,0,0,0,0.70705375281792571
2526,21.921023428593365,-0.50002499425664104,0,0,0,0,0,0.70705375281792571
2527,21.929701585136751,-0.50002499426352309,0,0,0,0,0,0.70705375281792571
2528,21.938379741680137,-0.50002499427020852,0,0,0,0,0,0.70705375281792582
2529,21.947057898223523,-0.50002499427669678,0,0,0,0,0,0.70705375281792582
2530,21.955736054766909,-0.50002499428298641,0,0,0,0,0,0.70705375281792582
2531,21.964414211310295,-0.50002499428907654,0,0,0,0,0,0.70705375281792571
2532,21.973092367853681,-0.50002499429496639,0,0,0,0,0,0.70705375281792571
2533,21.981770524397067,-0.50002499430065472,0,0,0,0,0,0.70705375281792571
2534,21.990448680940457,-0.500024994306141,0,0,0,0,0,0.70705375281792571
2535,21.999126837483843,-0.50002499431142455,0,0,0,0,0,0.70705375281792571
2536,22.007804994027229,-0.50002499431650405,0,0,0,0,0,0.70705375281792571
2537,22.016483150570615,-0.50002499432137892,0,0,0,0,0,0.70705375281792571
2538,22.025161307114001,-0.50002499432604885,0,0,0,0,0,0.70705375281792571
2539,22.033839463657387,-0.50002499433051251,0,0,0,0,0,0.70705375281792582
2540,22.042517620200773,-0.50002499433476988,0,0,0,0,0,0.70705375281792571
2541,22.051195776744159,-0.50002499433881975,0,0,0,0,0,0.70705375281792571
2542,22.059873933287545,-0.50002499434266201,0,0,0,0,0,0.70705375281792571
2543,22.068552089830931,-0.50002499434629533,0,0,0,0,0,0.7070537528179256
2544,22.077230246374317,-0.50002499434971981,0,0,0,0,0,0.70705375281792571
2545,22.085908402917703,-0.50002499435293468,0,0,0,0,0,0.70705375281792582
2546,22.094586559461089,-0.50002499435593983,0,0,0,0,0,0.70705375281792582
2547,22.103264716004475,-0.50002499435873415,0,0,0,0,0,0.70705375281792582
2548,22.111942872547861,-0.50002499436131786,0,0,0,0,0,0.70705375281792582
2549,22.120621029091247,-0.5000249943636903,0,0,0,0,0,0.70705375281792582
2550,22.129299185634633,-0.50002499436585068,0,0,0,0,0,0.70705375281792582
2551,22.137977342178019,-0.50002499436779968,0,0,0,0,0,0.70705375281792571
2552,22.146655498721405,-0.50002499436953618,0,0,0,0,0,0.70705375281792582
2553,22.155333655264791,-0.50002499437105996,0,0,0,0,0,0.70705375281792571
2554,22.164011811808177,-0.50002499437237102,0,0,0,0,0,0.70705375281792582
2555,22.172689968351563,-0.50002499437346937,0,0,0,0,0,0.70705375281792593
2556,22.181368124894949,-0.50002499437435444,0,0,0,0,0,0.70705375281792582
2557,22.190046281438335,-0.50002499437502645,0,0,0,0,0,0.70705375281792593
2558,22.198724437981721,-0.50002499437548487,0,0,0,0,0,0.70705375281792593
2559,22.207402594525107,-0.50002499437573023,0,0,0,0,0,0.70705375281792582
2560,22.216080751068496,-0.50002499437576176,0,0,0,0,0,0.70705375281792593
2561,22.224758907611882,-0.5000249943755799,0,0,0,0,0,0.70705375281792582
2562,22.233437064155268,-0.50002499437518466,0,0,0,0,0,0.70705375281792582
2563,22.242115220698654,-0.50002499437457582,0,0,0,0,0,0.70705375281792593
2564,22.25079337724204,-0.50002499437375425,0,0,0,0,0,0.70705375281792593
2565,22.259471533785426,-0.50002499437271897,0,0,0,0,0,0.70705375281792593
2566,22.268149690328812,-0.50002499437147074,0,0,0,0,0,0.70705375281792604
2567,22.276827846872198,-0.50002499437001002,0,0,0,0,0,0.70705375281792604
2568,22.285506003415584,-0.50002499436833647,0,0,0,0,0,0.70705375281792604
2569,22.29418415995897,-0.50002499436645054,0,0,0,0,0,0.70705375281792615
2570,22.302862316502356,-0.50002499436435244,0,0,0,0,0,0.70705375281792615
2571,22.311540473045742,-0.50002499436204273,0,0,0,0,0,0.70705375281792615
2572,22.320218629589128,-0.50002499435952186,0,0,0,0,0,0.70705375281792637
2573,22.328896786132514,-0.50002499435678982,0,0,0,0,0,0.70705375281792626
2574,22.3375749426759,-0.50002499435384706,0,0,0,0,0,0.70705375281792637
2575,22.346253099219286,-0.50002499435069425,0,0,0,0,0,0.70705375281792637
2576,22.354931255762672,-0.50002499434733183,0,0,0,0,0,0.70705375281792637
2577,22.363609412306058,-0.50002499434376024,0,0,0,0,0,0.70705375281792637
2578,22.372287568849444,-0.50002499433997993,0,0,0,0,0,0.70705375281792648
2579,22.38096572539283,-0.50002499433599168,0,0,0,0,0,0.70705375281792637
2580,22.389643881936216,-0.50002499433179581,0,0,0,0,0,0.70705375281792637
2581,22.398322038479602,-0.50002499432739311,0,0,0,0,0,0.70705375281792637
2582,22.407000195022988,-0.50002499432278436,0,0,0,0,0,0.70705375281792637
2583,22.415678351566374,-0.50002499431796987,0,0,0,0,0,0.70705375281792637
2584,22.42435650810976,-0.50002499431295111,0,0,0,0,0,0.70705375281792637
2585,22.433034664653146,-0.50002499430772818,0,0,0,0,0,0.70705375281792648
2586,22.441712821196532,-0.50002499430230174,0,0,0,0,0,0.70705375281792637
2587,22.450390977739922,-0.50002499429667324,0,0,0,0,0,0.70705375281792637
2588,22.459069134283308,-0.50002499429084324,0,0,0,0,0,0.70705375281792637
2589,22.467747290826694,-0.5000249942848124,0,0,0,0,0,0.70705375281792637
2590,22.47642544737008,-0.50002499427858216,0,0,0,0,0,0.70705375281792637
2591,22.485103603913466,-0.50002499427215263,0,0,0,0,0,0.70705375281792626
2592,22.493781760456852,-0.5000249942655256,0,0,0,0,0,0.70705375281792626
2593,22.502459917000238,-0.50002499425870184,0,0,0,0,0,0.70705375281792615
2594,22.511138073543624,-0.5000249942516819,0,0,0,0,0,0.70705375281792626
2595,22.51981623008701,-0.50002499424446734,0,0,0,0,0,0.70705375281792626
2596,22.528494386630395,-0.50002499423705926,0,0,0,0,0,0.70705375281792615
2597,22.537172543173781,-0.50002499422945845,0,0,0,0,0,0.70705375281792615
2598,22.545850699717167,-0.50002499422166602,0,0,0,0,0,0.70705375281792626
2599,22.554528856260553,-0.50002499421368385,0,0,0,0,0,0.70705375281792615
2600,22.563207012803939,-0.50002499420551239,0,0,0,0,0,0.70705375281792615
2601,22.571885169347325,-0.50002499419715285,0,0,0,0,0,0.70705375281792615
2602,22.580563325890711,-0.50002499418860746,0,0,0,0,0,0.70705375281792626
2603,22.589241482434097,-0.50002499417987667,0,0,0,0,0,0.70705375281792626
2604,22.597919638977483,-0.50002499417096158,0,0,0,0,0,0.70705375281792626
2605,22.606597795520869,-0.50002499416186419,0,0,0,0,0,0.70705375281792626
2606,22.615275952064255,-0.50002499415258539,0,0,0,0,0,0.70705375281792615
2607,22.623954108607641,-0.50002499414312696,0,0,0,0,0,0.70705375281792615
2608,22.632632265151027,-0.50002499413349,0,0,0,0,0,0.70705375281792615
2609,22.641310421694413,-0.50002499412367618,0,0,0,0,0,0.70705375281792626
2610,22.649988578237799,-0.50002499411368717,0,0,0,0,0,0.70705375281792626
2611,22.658666734781185,-0.50002499410352375,0,0,0,0,0,0.70705375281792626
2612,22.667344891324571,-0.50002499409318846,0,0,0,0,0,0.70705375281792615
2613,22.676023047867961,-0.50002499408268175,0,0,0,0,0,0.70705375281792615
2614,22.684701204411347,-0.50002499407200607,0,0,0,0,0,0.70705375281792615
2615,22.693379360954733,-0.50002499406116274,0,0,0,0,0,0.70705375281792615
2616,22.702057517498119,-0.50002499405015333,0,0,0,0,0,0.70705375281792626
2617,22.710735674041505,-0.50002499403897949,0,0,0,0,0,0.70705375281792626
2618,22.719413830584891,-0.50002499402764322,0,0,0,0,0,0.70705375281792637
2619,22.728091987128277,-0.50002499401614564,0,0,0,0,0,0.70705375281792637
2620,22.736770143671663,-0.50002499400448897,0,0,0,0,0,0.70705375281792637
2621,22.745448300215049,-0.50002499399267464,0,0,0,0,0,0.70705375281792637
2622,22.754126456758435,-0.50002499398070499,0,0,0,0,0,0.70705375281792637
2623,22.762804613301821,-0.50002499396858147,0,0,0,0,0,0.70705375281792637
2624,22.771482769845207,-0.50002499395630551,0,0,0,0,0,0.70705375281792626
2625,22.780160926388593,-0.50002499394387967,0,0,0,0,0,0.70705375281792615
2626,22.788839082931979,-0.50002499393130551,0,0,0,0,0,0.70705375281792615
2627,22.797517239475365,-0.50002499391858468,0,0,0,0,0,0.70705375281792615
2628,22.806195396018751,-0.5000249939057192,0,0,0,0,0,0.70705375281792615
2629,22.814873552562137,-0.50002499389271138,0,0,0,0,0,0.70705375281792615
2630,22.823551709105523,-0.5000249938795629,0,0,0,0,0,0.70705375281792615
2631,22.832229865648909,-0.50002499386627575,0,0,0,0,0,0.70705375281792615
2632,22.840908022192295,-0.50002499385285204,0,0,0,0,0,0.70705375281792615
2633,22.849586178735681,-0.50002499383929344,0,0,0,0,0,0.70705375281792615
2634,22.858264335279067,-0.50002499382560273,0,0,0,0,0,0.70705375281792615
2635,22.866942491822453,-0.50002499381178089,0,0,0,0,0,0.70705375281792615
2636,22.875620648365839,-0.50002499379783105,0,0,0,0,0,0.70705375281792615
2637,22.884298804909225,-0.50002499378375465,0,0,0,0,0,0.70705375281792615
2638,22.892976961452611,-0.50002499376955423,0,0,0,0,0,0.70705375281792615
2639,22.901655117996,-0.50002499375523191,0,0,0,0,0,0.70705375281792615
2640,22.910333274539386,-0.50002499374078913,0,0,0,0,0,0.70705375281792615
2641,22.919011431082772,-0.50002499372622899,0,0,0,0,0,0.70705375281792615
2642,22.927689587626158,-0.50002499371155351,0,0,0,0,0,0.70705375281792615
2643,22.936367744169544,-0.50002499369676434,0,0,0,0,0,0.70705375281792615
2644,22.94504590071293,-0.50002499368186415,0,0,0,0,0,0.70705375281792615
2645,22.953724057256316,-0.50002499366685538,0,0,0,0,0,0.70705375281792615
2646,22.962402213799702,-0.5000249936517398,0,0,0,0,0,0.70705375281792615
2647,22.971080370343088,-0.50002499363651987,0,0,0,0,0,0.70705375281792615
2648,22.979758526886474,-0.50002499362119812,0,0,0,0,0,0.70705375281792615
2649,22.98843668342986,-0.50002499360577657,0,0,0,0,0,0.70705375281792615
2650,22.997114839973246,-0.50002499359025765,0,0,0,0,0,0.70705375281792615
2651,23.005792996516632,-0.50002499357464358,0,0,0,0,0,0.70705375281792615
2652,23.014471153060018,-0.5000249935589367,0,0,0,0,0,0.70705375281792615
2653,23.023149309603404,-0.50002499354314001,0,0,0,0,0,0.70705375281792615
2654,23.03182746614679,-0.50002499352725516,0,0,0,0,0,0.70705375281792604
2655,23.040505622690176,-0.50002499351128482,0,0,0,0,0,0.70705375281792604
2656,23.049183779233562,-0.50002499349523111,0,0,0,0,0,0.70705375281792615
2657,23.057861935776948,-0.50002499347909668,0,0,0,0,0,0.70705375281792615
2658,23.066540092320334,-0.5000249934628842,0,0,0,0,0,0.70705375281792615
2659,23.07521824886372,-0.50002499344659568,0,0,0,0,0,0.70705375281792615
2660,23.083896405407106,-0.50002499343023377,0,0,0,0,0,0.70705375281792615
2661,23.092574561950492,-0.50002499341380102,0,0,0,0,0,0.70705375281792626
2662,23.101252718493878,-0.50002499339729978,0,0,0,0,0,0.70705375281792626
2663,23.109930875037264,-0.50002499338073247,0,0,0,0,0,0.70705375281792626
2664,23.11860903158065,-0.500024993364102,0,0,0,0,0,0.70705375281792626
2665,23.127287188124036,-0.50002499334741035,0,0,0,0,0,0.70705375281792637
2666,23.135965344667426,-0.50002499333066042,0,0,0,0,0,0.70705375281792626
2667,23.144643501210812,-0.50002499331385453,0,0,0,0,0,0.70705375281792637
2668,23.153321657754198,-0.50002499329699512,0,0,0,0,0,0.70705375281792637
2669,23.161999814297584,-0.50002499328008487,0,0,0,0,0,0.70705375281792626
2670,23.17067797084097,-0.50002499326312644,0,0,0,0,0,0.70705375281792637
2671,23.179356127384356,-0.50002499324612237,0,0,0,0,0,0.70705375281792626
2672,23.188034283927742,-0.5000249932290749,0,0,0,0,0,0.70705375281792637
2673,23.196712440471128,-0.50002499321198701,0,0,0,0,0,0.70705375281792626
2674,23.205390597014514,-0.50002499319486082,0,0,0,0,0,0.70705375281792637
2675,23.2140687535579,-0.50002499317769944,0,0,0,0,0,0.70705375281792626
2676,23.222746910101286,-0.50002499316050519,0,0,0,0,0,0.70705375281792626
2677,23.231425066644672,-0.50002499314328053,0,0,0,0,0,0.70705375281792626
2678,23.240103223188058,-0.50002499312602811,0,0,0,0,0,0.70705375281792626
2679,23.248781379731444,-0.50002499310875059,0,0,0,0,0,0.70705375281792626
2680,23.25745953627483,-0.50002499309145088,0,0,0,0,0,0.70705375281792626
2681,23.266137692818216,-0.50002499307413106,0,0,0,0,0,0.70705375281792615
2682,23.274815849361602,-0.50002499305679415,0,0,0,0,0,0.70705375281792615
2683,23.283494005904988,-0.50002499303944259,0,0,0,0,0,0.70705375281792626
2684,23.292172162448374,-0.5000249930220787,0,0,0,0,0,0.70705375281792626
2685,23.30085031899176,-0.50002499300470571,0,0,0,0,0,0.70705375281792615
2686,23.309528475535146,-0.50002499298732572,0,0,0,0,0,0.70705375281792615
2687,23.318206632078532,-0.50002499296994152,0,0,0,0,0,0.70705375281792615
2688,23.326884788621918,-0.50002499295255576,0,0,0,0,0,0.70705375281792615
2689,23.335562945165304,-0.500024992935171,0,0,0,0,0,0.70705375281792615
2690,23.34424110170869,-0.50002499291779012,0,0,0,0,0,0.70705375281792637
2691,23.352919258252076,-0.50002499290041513,0,0,0,0,0,0.70705375281792637
2692,23.361597414795465,-0.50002499288304947,0,0,0,0,0,0.70705375281792615
2693,23.370275571338851,-0.50002499286569524,0,0,0,0,0,0.70705375281792626
2694,23.378953727882237,-0.50002499284835511,0,0,0,0,0,0.70705375281792626
2695,23.387631884425623,-0.50002499283103141,0,0,0,0,0,0.70705375281792626
2696,23.396310040969009,-0.50002499281372759,0,0,0,0,0,0.70705375281792615
2697,23.404988197512395,-0.50002499279644541,0,0,0,0,0,0.70705375281792615
2698,23.413666354055781,-0.50002499277918788,0,0,0,0,0,0.70705375281792615
2699,23.422344510599167,-0.50002499276195767,0,0,0,0,0,0.70705375281792604
2700,23.431022667142553,-0.50002499274475698,0,0,0,0,0,0.70705375281792604
2701,23.439700823685939,-0.50002499272758871,0,0,0,0,0,0.70705375281792604
2702,23.448378980229325,-0.50002499271045553,0,0,0,0,0,0.70705375281792604
2703,23.457057136772711,-0.50002499269335965,0,0,0,0,0,0.70705375281792604
2704,23.465735293316097,-0.50002499267630363,0,0,0,0,0,0.70705375281792615
2705,23.474413449859483,-0.50002499265929057,0,0,0,0,0,0.70705375281792604
2706,23.483091606402869,-0.5000249926423227,0,0,0,0,0,0.70705375281792615
2707,23.491769762946255,-0.50002499262540268,0,0,0,0,0,0.70705375281792604
2708,23.500447919489641,-0.50002499260853284,0,0,0,0,0,0.70705375281792604
2709,23.509126076033027,-0.50002499259171584,0,0,0,0,0,0.70705375281792604
2710,23.517804232576413,-0.50002499257495436,0,0,0,0,0,0.70705375281792615
2711,23.526482389119799,-0.50002499255825061,0,0,0,0,0,0.70705375281792615
2712,23.535160545663185,-0.5000249925416077,0,0,0,0,0,0.70705375281792615
2713,23.543838702206571,-0.50002499252502752,0,0,0,0,0,0.70705375281792615
2714,23.552516858749957,-0.50002499250851273,0,0,0,0,0,0.70705375281792604
2715,23.561195015293343,-0.500024992492066,0,0,0,0,0,0.70705375281792593
2716,23.569873171836729,-0.50002499247568943,0,0,0,0,0,0.70705375281792593
2717,23.578551328380115,-0.50002499245938581,0,0,0,0,0,0.70705375281792593
2718,23.587229484923505,-0.50002499244315768,0,0,0,0,0,0.70705375281792593
2719,23.595907641466891,-0.50002499242700704,0,0,0,0,0,0.70705375281792593
2720,23.604585798010277,-0.50002499241093668,0,0,0,0,0,0.70705375281792593
2721,23.613263954553663,-0.50002499239494913,0,0,0,0,0,0.70705375281792604
2722,23.621942111097049,-0.50002499237904618,0,0,0,0,0,0.70705375281792593
2723,23.630620267640435,-0.50002499236323117,0,0,0,0,0,0.70705375281792604
2724,23.639298424183821,-0.50002499234750553,0,0,0,0,0,0.70705375281792604
2725,23.647976580727207,-0.50002499233187236,0,0,0,0,0,0.70705375281792604
2726,23.656654737270593,-0.50002499231633379,0,0,0,0,0,0.70705375281792593
2727,23.665332893813979,-0.50002499230089148,0,0,0,0,0,0.70705375281792604
2728,23.674011050357365,-0.50002499228554897,0,0,0,0,0,0.70705375281792593
2729,23.682689206900751,-0.50002499227030772,0,0,0,0,0,0.70705375281792604
2730,23.691367363444137,-0.50002499225517039,0,0,0,0,0,0.70705375281792593
2731,23.700045519987523,-0.50002499224013908,0,0,0,0,0,0.70705375281792593
2732,23.708723676530909,-0.50002499222521601,0,0,0,0,0,0.70705375281792593
2733,23.717401833074295,-0.50002499221040353,0,0,0,0,0,0.70705375281792593
2734,23.726079989617681,-0.50002499219570395,0,0,0,0,0,0.70705375281792593
2735,23.734758146161067,-0.50002499218111918,0,0,0,0,0,0.70705375281792604
2736,23.743436302704453,-0.50002499216665175,0,0,0,0,0,0.70705375281792604
2737,23.752114459247839,-0.50002499215230389,0,0,0,0,0,0.70705375281792604
2738,23.760792615791225,-0.50002499213807738,0,0,0,0,0,0.70705375281792615
2739,23.769470772334611,-0.50002499212397444,0,0,0,0,0,0.70705375281792615
2740,23.778148928877997,-0.50002499210999762,0,0,0,0,0,0.70705375281792615
2741,23.786827085421383,-0.50002499209614881,0,0,0,0,0,0.70705375281792615
2742,23.795505241964769,-0.50002499208242968,0,0,0,0,0,0.70705375281792615
2743,23.804183398508155,-0.50002499206884288,0,0,0,0,0,0.70705375281792604
2744,23.812861555051544,-0.50002499205539019,0,0,0,0,0,0.70705375281792604
2745,23.82153971159493,-0.5000249920420734,0,0,0,0,0,0.70705375281792604
2746,23.830217868138316,-0.50002499202889494,0,0,0,0,0,0.70705375281792604
2747,23.838896024681702,-0.50002499201585648,0,0,0,0,0,0.70705375281792615
2748,23.847574181225088,-0.50002499200296024,0,0,0,0,0,0.70705375281792615
2749,23.856252337768474,-0.500024991990208,0,0,0,0,0,0.70705375281792615
2750,23.86493049431186,-0.50002499197760186,0,0,0,0,0,0.70705375281792615
2751,23.873608650855246,-0.50002499196514338,0,0,0,0,0,0.70705375281792615
2752,23.882286807398632,-0.50002499195283479,0,0,0,0,0,0.70705375281792615
2753,23.890964963942018,-0.50002499194067762,0,0,0,0,0,0.70705375281792615
2754,23.899643120485404,-0.500024991928674,0,0,0,0,0,0.70705375281792615
2755,23.90832127702879,-0.50002499191682537,0,0,0,0,0,0.70705375281792615
2756,23.916999433572176,-0.50002499190513405,0,0,0,0,0,0.70705375281792615
2757,23.925677590115562,-0.50002499189360128,0,0,0,0,0,0.70705375281792615
2758,23.934355746658948,-0.50002499188222904,0,0,0,0,0,0.70705375281792615
2759,23.943033903202334,-0.5000249918710189,0,0,0,0,0,0.70705375281792615
2760,23.95171205974572,-0.50002499185997284,0,0,0,0,0,0.70705375281792615
2761,23.960390216289106,-0.50002499184909233,0,0,0,0,0,0.70705375281792615
2762,23.969068372832492,-0.5000249918383789,0,0,0,0,0,0.70705375281792615
2763,23.977746529375878,-0.50002499182783444,0,0,0,0,0,0.70705375281792626
2764,23.986424685919264,-0.5000249918174603,0,0,0,0,0,0.70705375281792615
2765,23.99510284246265,-0.50002499180725823,0,0,0,0,0,0.70705375281792615
2766,24.003780999006036,-0.50002499179722937,0,0,0,0,0,0.70705375281792626
2767,24.012459155549422,-0.50002499178737569,0,0,0,0,0,0.70705375281792626
2768,24.021137312092808,-0.50002499177769866,0,0,0,0,0,0.70705375281792626
2769,24.029815468636194,-0.50002499176819915,0,0,0,0,0,0.70705375281792626
2770,24.03849362517958,-0.50002499175887904,0,0,0,0,0,0.70705375281792637
2771,24.04717178172297,-0.50002499174974002,0,0,0,0,0,0.70705375281792637
2772,24.055849938266356,-0.50002499174078308,0,0,0,0,0,0.70705375281792637
2773,24.064528094809742,-0.50002499173200943,0,0,0,0,0,0.70705375281792637
2774,24.073206251353128,-0.50002499172342096,0,0,0,0,0,0.70705375281792637
2775,24.081884407896514,-0.50002499171501846,0,0,0,0,0,0.70705375281792648
2776,24.0905625644399,-0.50002499170680315,0,0,0,0,0,0.70705375281792637
2777,24.099240720983286,-0.50002499169877657,0,0,0,0,0,0.70705375281792648
2778,24.107918877526672,-0.50002499169094017,0,0,0,0,0,0.70705375281792648
2779,24.116597034070058,-0.5000249916832944,0,0,0,0,0,0.70705375281792637
2780,24.125275190613443,-0.50002499167584069,0,0,0,0,0,0.70705375281792637
2781,24.133953347156829,-0.50002499166858028,0,0,0,0,0,0.70705375281792648
2782,24.142631503700215,-0.50002499166151426,0,0,0,0,0,0.70705375281792637
2783,24.151309660243601,-0.50002499165464376,0,0,0,0,0,0.70705375281792648
2784,24.159987816786987,-0.50002499164796965,0,0,0,0,0,0.70705375281792648
2785,24.168665973330373,-0.50002499164149294,0,0,0,0,0,0.70705375281792648
2786,24.177344129873759,-0.50002499163521508,0,0,0,0,0,0.70705375281792648
2787,24.186022286417145,-0.50002499162913638,0,0,0,0,0,0.70705375281792637
2788,24.194700442960531,-0.50002499162325775,0,0,0,0,0,0.70705375281792648
2789,24.203378599503917,-0.50002499161758041,0,0,0,0,0,0.70705375281792648
2790,24.212056756047303,-0.50002499161210501,0,0,0,0,0,0.70705375281792648
2791,24.220734912590689,-0.50002499160683278,0,0,0,0,0,0.70705375281792648
2792,24.229413069134075,-0.50002499160176395,0,0,0,0,0,0.70705375281792648
2793,24.238091225677461,-0.50002499159689973,0,0,0,0,0,0.70705375281792637
2794,24.246769382220847,-0.50002499159224068,0,0,0,0,0,0.70705375281792637
2795,24.255447538764233,-0.50002499158778724,0,0,0,0,0,0.70705375281792637
2796,24.264125695307619,-0.50002499158354063,0,0,0,0,0,0.70705375281792626
2797,24.272803851851009,-0.50002499157950098,0,0,0,0,0,0.70705375281792626
2798,24.281482008394395,-0.50002499157566926,0,0,0,0,0,0.70705375281792615
2799,24.290160164937781,-0.5000249915720455,0,0,0,0,0,0.70705375281792626
2800,24.298838321481167,-0.50002499156863101,0,0,0,0,0,0.70705375281792615
2801,24.307516478024553,-0.50002499156542568,0,0,0,0,0,0.70705375281792615
2802,24.316194634567939,-0.5000249915624303,0,0,0,0,0,0.70705375281792615
2803,24.324872791111325,-0.50002499155964519,0,0,0,0,0,0.70705375281792615
2804,24.333550947654711,-0.50002499155707136,0,0,0,0,0,0.70705375281792615
2805,24.342229104198097,-0.50002499155470814,0,0,0,0,0,0.70705375281792604
2806,24.350907260741483,-0.50002499155255631,0,0,0,0,0,0.70705375281792604
2807,24.359585417284869,-0.50002499155061653,0,0,0,0,0,0.70705375281792615
2808,24.368263573828255,-0.50002499154888858,0,0,0,0,0,0.70705375281792615
2809,24.376941730371641,-0.50002499154737334,0,0,0,0,0,0.70705375281792615
2810,24.385619886915027,-0.50002499154607072,0,0,0,0,0,0.70705375281792615
2811,24.394298043458413,-0.50002499154498081,0,0,0,0,0,0.70705375281792615
2812,24.402976200001799,-0.50002499154410385,0,0,0,0,0,0.70705375281792604
2813,24.411654356545185,-0.50002499154344004,0,0,0,0,0,0.70705375281792593
2814,24.420332513088571,-0.50002499154298918,0,0,0,0,0,0.70705375281792604
2815,24.429010669631957,-0.50002499154275204,0,0,0,0,0,0.70705375281792604
2816,24.437688826175343,-0.50002499154272761,0,0,0,0,0,0.70705375281792615
2817,24.446366982718729,-0.50002499154291669,0,0,0,0,0,0.70705375281792615
2818,24.455045139262115,-0.50002499154331925,0,0,0,0,0,0.70705375281792615
2819,24.463723295805501,-0.50002499154393476,0,0,0,0,0,0.70705375281792626
2820,24.472401452348887,-0.50002499154476365,0,0,0,0,0,0.70705375281792626
2821,24.481079608892273,-0.50002499154580538,0,0,0,0,0,0.70705375281792626
2822,24.489757765435659,-0.50002499154706004,0,0,0,0,0,0.70705375281792626
2823,24.498435921979048,-0.5000249915485272,0,0,0,0,0,0.70705375281792615
2824,24.507114078522434,-0.50002499155020685,0,0,0,0,0,0.70705375281792626
2825,24.51579223506582,-0.5000249915520989,0,0,0,0,0,0.70705375281792626
2826,24.524470391609206,-0.50002499155420277,0,0,0,0,0,0.70705375281792615
2827,24.533148548152592,-0.50002499155651781,0,0,0,0,0,0.70705375281792626
2828,24.541826704695978,-0.50002499155904434,0,0,0,0,0,0.70705375281792626
2829,24.550504861239364,-0.50002499156178182,0,0,0,0,0,0.70705375281792604
2830,24.55918301778275,-0.50002499156472968,0,0,0,0,0,0.70705375281792615
2831,24.567861174326136,-0.50002499156788771,0,0,0,0,0,0.70705375281792604
2832,24.576539330869522,-0.50002499157125491,0,0,0,0,0,0.70705375281792604
2833,24.585217487412908,-0.50002499157483138,0,0,0,0,0,0.70705375281792604
2834,24.593895643956294,-0.50002499157861613,0,0,0,0,0,0.70705375281792615
2835,24.60257380049968,-0.50002499158260894,0,0,0,0,0,0.70705375281792604
2836,24.611251957043066,-0.50002499158680869,0,0,0,0,0,0.70705375281792615
2837,24.619930113586452,-0.50002499159121561,0,0,0,0,0,0.70705375281792615
2838,24.628608270129838,-0.50002499159582814,0,0,0,0,0,0.70705375281792615
2839,24.637286426673224,-0.50002499160064617,0,0,0,0,0,0.70705375281792604
2840,24.64596458321661,-0.50002499160566882,0,0,0,0,0,0.70705375281792604
2841,24.654642739759996,-0.50002499161089509,0,0,0,0,0,0.70705375281792604
2842,24.663320896303382,-0.50002499161632463,0,0,0,0,0,0.70705375281792604
2843,24.671999052846768,-0.50002499162195657,0,0,0,0,0,0.70705375281792593
2844,24.680677209390154,-0.50002499162778935,0,0,0,0,0,0.70705375281792593
2845,24.68935536593354,-0.50002499163382308,0,0,0,0,0,0.70705375281792604
2846,24.698033522476926,-0.5000249916400562,0,0,0,0,0,0.70705375281792593
2847,24.706711679020312,-0.50002499164648773,0,0,0,0,0,0.70705375281792604
2848,24.715389835563698,-0.50002499165311742,0,0,0,0,0,0.70705375281792604
2849,24.724067992107088,-0.50002499165994352,0,0,0,0,0,0.70705375281792615
2850,24.732746148650474,-0.50002499166696535,0,0,0,0,0,0.70705375281792615
2851,24.74142430519386,-0.5000249916741818,0,0,0,0,0,0.70705375281792615
2852,24.750102461737246,-0.50002499168159176,0,0,0,0,0,0.70705375281792615
2853,24.758780618280632,-0.50002499168919412,0,0,0,0,0,0.70705375281792626
2854,24.767458774824018,-0.50002499169698766,0,0,0,0,0,0.70705375281792615
2855,24.776136931367404,-0.50002499170497128,0,0,0,0,0,0.70705375281792637
2856,24.78481508791079,-0.50002499171314385,0,0,0,0,0,0.70705375281792615
2857,24.793493244454176,-0.50002499172150405,0,0,0,0,0,0.70705375281792626
2858,24.802171400997562,-0.50002499173005099,0,0,0,0,0,0.70705375281792626
2859,24.810849557540948,-0.50002499173878268,0,0,0,0,0,0.70705375281792615
2860,24.819527714084334,-0.50002499174769821,0,0,0,0,0,0.70705375281792615
2861,24.82820587062772,-0.50002499175679616,0,0,0,0,0,0.70705375281792626
2862,24.836884027171106,-0.50002499176607529,0,0,0,0,0,0.70705375281792626
2863,24.845562183714492,-0.50002499177553406,0,0,0,0,0,0.70705375281792626
2864,24.854240340257878,-0.50002499178517112,0,0,0,0,0,0.70705375281792626
2865,24.862918496801264,-0.50002499179498505,0,0,0,0,0,0.70705375281792626
2866,24.87159665334465,-0.50002499180497417,0,0,0,0,0,0.70705375281792637
2867,24.880274809888036,-0.50002499181513727,0,0,0,0,0,0.70705375281792626
2868,24.888952966431422,-0.50002499182547255,0,0,0,0,0,0.70705375281792637
2869,24.897631122974808,-0.50002499183597859,0,0,0,0,0,0.70705375281792637
2870,24.906309279518194,-0.50002499184665405,0,0,0,0,0,0.70705375281792637
2871,24.91498743606158,-0.50002499185749683,0,0,0,0,0,0.70705375281792626
2872,24.923665592604966,-0.5000249918685058,0,0,0,0,0,0.70705375281792626
2873,24.932343749148352,-0.50002499187967864,0,0,0,0,0,0.70705375281792637
2874,24.941021905691738,-0.50002499189101435,0,0,0,0,0,0.70705375281792637
2875,24.949700062235124,-0.50002499190251104,0,0,0,0,0,0.70705375281792637
2876,24.958378218778513,-0.50002499191416661,0,0,0,0,0,0.70705375281792637
2877,24.967056375321899,-0.5000249919259796,0,0,0,0,0,0.70705375281792637
2878,24.975734531865285,-0.50002499193794847,0,0,0,0,0,0.70705375281792626
2879,24.984412688408671,-0.50002499195007111,0,0,0,0,0,0.70705375281792626
2880,24.993090844952057,-0.50002499196234573,0,0,0,0,0,0.70705375281792626
2881,25.001769001495443,-0.50002499197477035,0,0,0,0,0,0.70705375281792637
2882,25.010447158038829,-0.50002499198734318,0,0,0,0,0,0.70705375281792637
2883,25.019125314582215,-0.50002499200006278,0,0,0,0,0,0.70705375281792626
2884,25.027803471125601,-0.50002499201292649,0,0,0,0,0,0.70705375281792637
2885,25.036481627668987,-0.50002499202593287,0,0,0,0,0,0.70705375281792637
2886,25.045159784212373,-0.5000249920390798,0,0,0,0,0,0.70705375281792626
2887,25.053837940755759,-0.50002499205236539,0,0,0,0,0,0.70705375281792637
2888,25.062516097299145,-0.50002499206578754,0,0,0,0,0,0.70705375281792615
2889,25.071194253842531,-0.50002499207934448,0,0,0,0,0,0.70705375281792626
2890,25.079872410385917,-0.50002499209303386,0,0,0,0,0,0.70705375281792626
2891,25.088550566929303,-0.50002499210685358,0,0,0,0,0,0.70705375281792615
2892,25.097228723472689,-0.50002499212080165,0,0,0,0,0,0.70705375281792615
2893,25.105906880016075,-0.50002499213487606,0,0,0,0,0,0.70705375281792615
2894,25.114585036559461,-0.50002499214907481,0,0,0,0,0,0.70705375281792626
2895,25.123263193102847,-0.50002499216339547,0,0,0,0,0,0.70705375281792615
2896,25.131941349646233,-0.50002499217783614,0,0,0,0,0,0.70705375281792615
2897,25.140619506189619,-0.50002499219239416,0,0,0,0,0,0.70705375281792626
2898,25.149297662733005,-0.50002499220706809,0,0,0,0,0,0.70705375281792626
2899,25.157975819276391,-0.50002499222185526,0,0,0,0,0,0.70705375281792615
2900,25.166653975819777,-0.50002499223675345,0,0,0,0,0,0.70705375281792626
2901,25.175332132363163,-0.50002499225176034,0,0,0,0,0,0.70705375281792626
2902,25.184010288906553,-0.5000249922668738,0,0,0,0,0,0.70705375281792626
2903,25.192688445449939,-0.50002499228209185,0,0,0,0,0,0.70705375281792637
2904,25.201366601993325,-0.50002499229741182,0,0,0,0,0,0.70705375281792626
2905,25.210044758536711,-0.50002499231283137,0,0,0,0,0,0.70705375281792637
2906,25.218722915080097,-0.50002499232834863,0,0,0,0,0,0.70705375281792637
2907,25.227401071623483,-0.50002499234396058,0,0,0,0,0,0.70705375281792626
2908,25.236079228166869,-0.50002499235966547,0,0,0,0,0,0.70705375281792626
2909,25.244757384710255,-0.5000249923754605,0,0,0,0,0,0.70705375281792626
2910,25.253435541253641,-0.50002499239134368,0,0,0,0,0,0.70705375281792637
2911,25.262113697797027,-0.50002499240731224,0,0,0,0,0,0.70705375281792637
2912,25.270791854340413,-0.50002499242336407,0,0,0,0,0,0.70705375281792637
2913,25.279470010883799,-0.50002499243949661,0,0,0,0,0,0.70705375281792637
2914,25.288148167427185,-0.50002499245570764,0,0,0,0,0,0.70705375281792637
2915,25.296826323970571,-0.50002499247199439,0,0,0,0,0,0.70705375281792637
2916,25.305504480513957,-0.50002499248835441,0,0,0,0,0,0.70705375281792637
2917,25.314182637057343,-0.50002499250478571,0,0,0,0,0,0.70705375281792637
2918,25.322860793600729,-0.50002499252128518,0,0,0,0,0,0.70705375281792637
2919,25.331538950144115,-0.50002499253785093,0,0,0,0,0,0.70705375281792637
2920,25.340217106687501,-0.50002499255448019,0,0,0,0,0,0.70705375281792648
2921,25.348895263230887,-0.50002499257117039,0,0,0,0,0,0.70705375281792637
2922,25.357573419774273,-0.50002499258791899,0,0,0,0,0,0.70705375281792637
2923,25.366251576317659,-0.50002499260472333,0,0,0,0,0,0.70705375281792637
2924,25.374929732861045,-0.50002499262158151,0,0,0,0,0,0.70705375281792648
2925,25.383607889404431,-0.50002499263849043,0,0,0,0,0,0.70705375281792648
2926,25.392286045947817,-0.50002499265544786,0,0,0,0,0,0.70705375281792648
2927,25.400964202491203,-0.50002499267245071,0,0,0,0,0,0.7070537528179266
2928,25.409642359034592,-0.50002499268949718,0,0,0,0,0,0.70705375281792648
2929,25.418320515577978,-0.50002499270658385,0,0,0,0,0,0.70705375281792648
2930,25.426998672121364,-0.50002499272370904,0,0,0,0,0,0.7070537528179266
2931,25.43567682866475,-0.50002499274086976,0,0,0,0,0,0.7070537528179266
2932,25.444354985208136,-0.50002499275806322,0,0,0,0,0,0.70705375281792648
2933,25.453033141751522,-0.50002499277528722,0,0,0,0,0,0.7070537528179266
2934,25.461711298294908,-0.50002499279253887,0,0,0,0,0,0.70705375281792648
2935,25.470389454838294,-0.50002499280981549,0,0,0,0,0,0.70705375281792648
2936,25.47906761138168,-0.5000249928271151,0,0,0,0,0,0.70705375281792648
2937,25.487745767925066,-0.50002499284443447,0,0,0,0,0,0.70705375281792637
2938,25.496423924468452,-0.50002499286177082,0,0,0,0,0,0.70705375281792648
2939,25.505102081011838,-0.50002499287912228,0,0,0,0,0,0.70705375281792648
2940,25.513780237555224,-0.50002499289648561,0,0,0,0,0,0.70705375281792648
2941,25.52245839409861,-0.5000249929138586,0,0,0,0,0,0.70705375281792648
2942,25.531136550641996,-0.50002499293123848,0,0,0,0,0,0.70705375281792648
2943,25.539814707185382,-0.50002499294862268,0,0,0,0,0,0.70705375281792648
2944,25.548492863728768,-0.50002499296600822,0,0,0,0,0,0.70705375281792648
2945,25.557171020272154,-0.50002499298339287,0,0,0,0,0,0.70705375281792648
2946,25.56584917681554,-0.50002499300077419,0,0,0,0,0,0.70705375281792648
2947,25.574527333358926,-0.50002499301814896,0,0,0,0,0,0.7070537528179266
2948,25.583205489902312,-0.50002499303551506,0,0,0,0,0,0.7070537528179266
2949,25.591883646445698,-0.50002499305286996,0,0,0,0,0,0.70705375281792648
2950,25.600561802989084,-0.50002499307021031,0,0,0,0,0,0.7070537528179266
2951,25.60923995953247,-0.50002499308753423,0,0,0,0,0,0.70705375281792648
2952,25.617918116075856,-0.50002499310483906,0,0,0,0,0,0.70705375281792648
2953,25.626596272619242,-0.50002499312212145,0,0,0,0,0,0.70705375281792648
2954,25.635274429162632,-0.50002499313937987,0,0,0,0,0,0.70705375281792648
2955,25.643952585706018,-0.50002499315661109,0,0,0,0,0,0.70705375281792648
2956,25.652630742249404,-0.50002499317381244,0,0,0,0,0,0.70705375281792648
2957,25.66130889879279,-0.50002499319098148,0,0,0,0,0,0.70705375281792637
2958,25.669987055336176,-0.500024993208116,0,0,0,0,0,0.70705375281792648
2959,25.678665211879562,-0.50002499322521277,0,0,0,0,0,0.70705375281792637
2960,25.687343368422948,-0.50002499324226957,0,0,0,0,0,0.70705375281792637
2961,25.696021524966334,-0.50002499325928351,0,0,0,0,0,0.70705375281792648
2962,25.70469968150972,-0.50002499327625249,0,0,0,0,0,0.70705375281792637
2963,25.713377838053106,-0.50002499329317396,0,0,0,0,0,0.70705375281792648
2964,25.722055994596492,-0.50002499331004491,0,0,0,0,0,0.70705375281792648
2965,25.730734151139877,-0.50002499332686323,0,0,0,0,0,0.70705375281792648
2966,25.739412307683263,-0.50002499334362605,0,0,0,0,0,0.70705375281792648
2967,25.748090464226649,-0.50002499336033124,0,0,0,0,0,0.70705375281792648
2968,25.756768620770035,-0.50002499337697592,0,0,0,0,0,0.70705375281792648
2969,25.765446777313421,-0.50002499339355744,0,0,0,0,0,0.70705375281792648
2970,25.774124933856807,-0.50002499341007389,0,0,0,0,0,0.70705375281792637
2971,25.782803090400193,-0.5000249934265224,0,0,0,0,0,0.70705375281792637
2972,25.791481246943579,-0.50002499344290063,0,0,0,0,0,0.70705375281792626
2973,25.800159403486965,-0.50002499345920604,0,0,0,0,0,0.70705375281792626
2974,25.808837560030351,-0.50002499347543594,0,0,0,0,0,0.70705375281792626
2975,25.817515716573737,-0.50002499349158813,0,0,0,0,0,0.70705375281792626
2976,25.826193873117123,-0.50002499350766005,0,0,0,0,0,0.70705375281792637
2977,25.834872029660509,-0.5000249935236496,0,0,0,0,0,0.70705375281792648
2978,25.843550186203895,-0.50002499353955376,0,0,0,0,0,0.70705375281792637
2979,25.852228342747281,-0.50002499355537078,0,0,0,0,0,0.70705375281792637
2980,25.860906499290667,-0.5000249935710982,0,0,0,0,0,0.70705375281792637
2981,25.869584655834057,-0.50002499358673325,0,0,0,0,0,0.70705375281792648
2982,25.878262812377443,-0.50002499360227415,0,0,0,0,0,0.70705375281792637
2983,25.886940968920829,-0.50002499361771791,0,0,0,0,0,0.70705375281792637
2984,25.895619125464215,-0.5000249936330623,0,0,0,0,0,0.70705375281792637
2985,25.904297282007601,-0.50002499364830555,0,0,0,0,0,0.70705375281792637
2986,25.912975438550987,-0.50002499366344511,0,0,0,0,0,0.70705375281792637
2987,25.921653595094373,-0.50002499367847808,0,0,0,0,0,0.70705375281792648
2988,25.930331751637759,-0.50002499369340314,0,0,0,0,0,0.70705375281792637
2989,25.939009908181145,-0.5000249937082174,0,0,0,0,0,0.70705375281792637
2990,25.947688064724531,-0.50002499372291886,0,0,0,0,0,0.70705375281792626
2991,25.956366221267917,-0.50002499373750542,0,0,0,0,0,0.70705375281792637
2992,25.965044377811303,-0.50002499375197484,0,0,0,0,0,0.70705375281792637
2993,25.973722534354689,-0.50002499376632481,0,0,0,0,0,0.70705375281792637
2994,25.982400690898075,-0.50002499378055298,0,0,0,0,0,0.70705375281792637
2995,25.991078847441461,-0.50002499379465759,0,0,0,0,0,0.70705375281792637
2996,25.999757003984847,-0.50002499380863608,0,0,0,0,0,0.70705375281792648
2997,26.008435160528233,-0.50002499382248677,0,0,0,0,0,0.7070537528179266
2998,26.017113317071619,-0.50002499383620758,0,0,0,0,0,0.70705375281792637
2999,26.025791473615005,-0.50002499384979604,0,0,0,0,0,0.70705375281792637
3000,26.034469630158391,-0.50002499386325061,0,0,0,0,0,0.70705375281792637
3001,26.043147786701777,-0.50002499387656907,0,0,0,0,0,0.70705375281792637
3002,26.051825943245163,-0.50002499388974875,0,0,0,0,0,0.70705375281792648
3003,26.060504099788549,-0.50002499390278876,0,0,0,0,0,0.7070537528179266
3004,26.069182256331935,-0.50002499391568644,0,0,0,0,0,0.7070537528179266
3005,26.077860412875321,-0.50002499392844002,0,0,0,0,0,0.7070537528179266
3006,26.086538569418707,-0.50002499394104771,0,0,0,0,0,0.7070537528179266
3007,26.095216725962096,-0.50002499395350741,0,0,0,0,0,0.7070537528179266
3008,26.103894882505482,-0.50002499396581723,0,0,0,0,0,0.70705375281792648
3009,26.112573039048868,-0.50002499397797562,0,0,0,0,0,0.70705375281792648
3010,26.121251195592254,-0.50002499398998068,0,0,0,0,0,0.70705375281792648
3011,26.12992935213564,-0.50002499400182998,0,0,0,0,0,0.70705375281792637
3012,26.138607508679026,-0.50002499401352263,0,0,0,0,0,0.70705375281792637
3013,26.147285665222412,-0.50002499402505629,0,0,0,0,0,0.70705375281792637
3014,26.155963821765798,-0.50002499403642919,0,0,0,0,0,0.70705375281792637
3015,26.164641978309184,-0.50002499404763956,0,0,0,0,0,0.70705375281792637
3016,26.17332013485257,-0.5000249940586865,0,0,0,0,0,0.70705375281792637
3017,26.181998291395956,-0.50002499406956769,0,0,0,0,0,0.70705375281792637
3018,26.190676447939342,-0.50002499408028145,0,0,0,0,0,0.70705375281792637
3019,26.199354604482728,-0.50002499409082612,0,0,0,0,0,0.70705375281792637
3020,26.208032761026114,-0.50002499410120049,0,0,0,0,0,0.70705375281792637
3021,26.2167109175695,-0.50002499411140278,0,0,0,0,0,0.70705375281792637
3022,26.225389074112886,-0.50002499412143142,0,0,0,0,0,0.70705375281792648
3023,26.234067230656272,-0.50002499413128509,0,0,0,0,0,0.70705375281792648
3024,26.242745387199658,-0.50002499414096213,0,0,0,0,0,0.70705375281792648
3025,26.251423543743044,-0.50002499415046109,0,0,0,0,0,0.7070537528179266
3026,26.26010170028643,-0.50002499415978063,0,0,0,0,0,0.7070537528179266
3027,26.268779856829816,-0.5000249941689191,0,0,0,0,0,0.7070537528179266
3028,26.277458013373202,-0.50002499417787538,0,0,0,0,0,0.7070537528179266
3029,26.286136169916588,-0.50002499418664792,0,0,0,0,0,0.70705375281792671
3030,26.294814326459974,-0.50002499419523549,0,0,0,0,0,0.70705375281792682
3031,26.30349248300336,-0.500024994203637,0,0,0,0,0,0.70705375281792682
3032,26.312170639546746,-0.5000249942118512,0,0,0,0,0,0.70705375281792671
3033,26.320848796090136,-0.50002499421987645,0,0,0,0,0,0.7070537528179266
3034,26.329526952633522,-0.50002499422771152,0,0,0,0,0,0.70705375281792671
3035,26.338205109176908,-0.50002499423535596,0,0,0,0,0,0.7070537528179266
3036,26.346883265720294,-0.50002499424280766,0,0,0,0,0,0.70705375281792671
3037,26.35556142226368,-0.50002499425006641,0,0,0,0,0,0.7070537528179266
3038,26.364239578807066,-0.50002499425713021,0,0,0,0,0,0.70705375281792648
3039,26.372917735350452,-0.50002499426399871,0,0,0,0,0,0.70705375281792648
3040,26.381595891893838,-0.5000249942706706,0,0,0,0,0,0.7070537528179266
3041,26.390274048437224,-0.50002499427714475,0,0,0,0,0,0.70705375281792648
3042,26.39895220498061,-0.50002499428342007,0,0,0,0,0,0.7070537528179266
3043,26.407630361523996,-0.50002499428949632,0,0,0,0,0,0.7070537528179266
3044,26.416308518067382,-0.50002499429537173,0,0,0,0,0,0.7070537528179266
3045,26.424986674610768,-0.50002499430104597,0,0,0,0,0,0.7070537528179266
3046,26.433664831154154,-0.50002499430651803,0,0,0,0,0,0.70705375281792648
3047,26.44234298769754,-0.50002499431178715,0,0,0,0,0,0.70705375281792648
3048,26.451021144240926,-0.50002499431685254,0,0,0,0,0,0.7070537528179266
3049,26.459699300784312,-0.5000249943217131,0,0,0,0,0,0.7070537528179266
3050,26.468377457327698,-0.50002499432636849,0,0,0,0,0,0.70705375281792648
3051,26.477055613871084,-0.50002499433081793,0,0,0,0,0,0.70705375281792648
3052,26.48573377041447,-0.50002499433506054,0,0,0,0,0,0.70705375281792648
3053,26.494411926957856,-0.50002499433909597,0,0,0,0,0,0.70705375281792637
3054,26.503090083501242,-0.50002499434292325,0,0,0,0,0,0.70705375281792648
3055,26.511768240044628,-0.50002499434654202,0,0,0,0,0,0.70705375281792637
3056,26.520446396588014,-0.50002499434995196,0,0,0,0,0,0.70705375281792648
3057,26.5291245531314,-0.50002499435315195,0,0,0,0,0,0.70705375281792648
3058,26.537802709674786,-0.50002499435614234,0,0,0,0,0,0.70705375281792648
3059,26.546480866218175,-0.50002499435892211,0,0,0,0,0,0.70705375281792648
3060,26.555159022761561,-0.50002499436149073,0,0,0,0,0,0.70705375281792648
3061,26.563837179304947,-0.50002499436384817,0,0,0,0,0,0.70705375281792648
3062,26.572515335848333,-0.50002499436599379,0,0,0,0,0,0.70705375281792648
3063,26.581193492391719,-0.50002499436792791,0,0,0,0,0,0.70705375281792648
3064,26.589871648935105,-0.5000249943696492,0,0,0,0,0,0.70705375281792637
3065,26.598549805478491,-0.50002499437115833,0,0,0,0,0,0.70705375281792637
3066,26.607227962021877,-0.50002499437245451,0,0,0,0,0,0.70705375281792648
3067,26.615906118565263,-0.50002499437353798,0,0,0,0,0,0.70705375281792648
3068,26.624584275108649,-0.50002499437440795,0,0,0,0,0,0.70705375281792648
3069,26.633262431652035,-0.50002499437506498,0,0,0,0,0,0.70705375281792648
3070,26.641940588195421,-0.5000249943755084,0,0,0,0,0,0.70705375281792648
3071,26.650618744738807,-0.50002499437573855,0,0,0,0,0,0.70705375281792648
3072,26.659296901282193,-0.50002499437575498,0,0,0,0,0,0.70705375281792637
3073,26.667975057825579,-0.50002499437555836,0,0,0,0,0,0.70705375281792637
3074,26.676653214368965,-0.50002499437514825,0,0,0,0,0,0.70705375281792626
3075,26.685331370912351,-0.50002499437452441,0,0,0,0,0,0.70705375281792637
3076,26.694009527455737,-0.50002499437368764,0,0,0,0,0,0.70705375281792626
3077,26.702687683999123,-0.50002499437263759,0,0,0,0,0,0.70705375281792637
3078,26.711365840542509,-0.50002499437137449,0,0,0,0,0,0.70705375281792637
3079,26.720043997085895,-0.50002499436989878,0,0,0,0,0,0.70705375281792626
3080,26.728722153629281,-0.50002499436821024,0,0,0,0,0,0.70705375281792626
3081,26.737400310172667,-0.50002499436630976,0,0,0,0,0,0.70705375281792637
3082,26.746078466716053,-0.50002499436419678,0,0,0,0,0,0.70705375281792626
3083,26.754756623259439,-0.50002499436187253,0,0,0,0,0,0.70705375281792626
3084,26.763434779802825,-0.50002499435933645,0,0,0,0,0,0.70705375281792615
3085,26.772112936346211,-0.50002499435658976,0,0,0,0,0,0.70705375281792626
3086,26.780791092889601,-0.50002499435363235,0,0,0,0,0,0.70705375281792626
3087,26.789469249432987,-0.50002499435046455,0,0,0,0,0,0.70705375281792626
3088,26.798147405976373,-0.50002499434708758,0,0,0,0,0,0.70705375281792615
3089,26.806825562519759,-0.50002499434350112,0,0,0,0,0,0.70705375281792626
3090,26.815503719063145,-0.50002499433970649,0,0,0,0,0,0.70705375281792626
3091,26.824181875606531,-0.50002499433570335,0,0,0,0,0,0.70705375281792626
3092,26.832860032149917,-0.50002499433149294,0,0,0,0,0,0.70705375281792626
3093,26.841538188693303,-0.50002499432707581,0,0,0,0,0,0.70705375281792626
3094,26.850216345236689,-0.50002499432245284,0,0,0,0,0,0.70705375281792615
3095,26.858894501780075,-0.50002499431762382,0,0,0,0,0,0.70705375281792626
3096,26.867572658323461,-0.50002499431259073,0,0,0,0,0,0.70705375281792615
3097,26.876250814866847,-0.50002499430735348,0,0,0,0,0,0.70705375281792604
3098,26.884928971410233,-0.50002499430191294,0,0,0,0,0,0.70705375281792615
3099,26.893607127953619,-0.50002499429627012,0,0,0,0,0,0.70705375281792615
3100,26.902285284497005,-0.50002499429042602,0,0,0,0,0,0.70705375281792615
3101,26.910963441040391,-0.50002499428438107,0,0,0,0,0,0.70705375281792604
3102,26.919641597583777,-0.50002499427813674,0,0,0,0,0,0.70705375281792604
3103,26.928319754127163,-0.50002499427169333,0,0,0,0,0,0.70705375281792604
3104,26.936997910670549,-0.5000249942650522,0,0,0,0,0,0.70705375281792615
3105,26.945676067213935,-0.50002499425821445,0,0,0,0,0,0.70705375281792615
3106,26.954354223757321,-0.50002499425118097,0,0,0,0,0,0.70705375281792604
3107,26.963032380300707,-0.50002499424395264,0,0,0,0,0,0.70705375281792615
3108,26.971710536844093,-0.50002499423653091,0,0,0,0,0,0.70705375281792615
3109,26.980388693387479,-0.50002499422891655,0,0,0,0,0,0.70705375281792615
3110,26.989066849930865,-0.50002499422111102,0,0,0,0,0,0.70705375281792615
3111,26.997745006474251,-0.50002499421311541,0,0,0,0,0,0.70705375281792604
3112,27.00642316301764,-0.50002499420493063,0,0,0,0,0,0.70705375281792615
3113,27.015101319561026,-0.50002499419655821,0,0,0,0,0,0.70705375281792615
3114,27.023779476104412,-0.50002499418799928,0,0,0,0,0,0.70705375281792615
3115,27.032457632647798,-0.50002499417925539,0,0,0,0,0,0.70705375281792615
3116,27.041135789191184,-0.50002499417032764,0,0,0,0,0,0.70705375281792615
3117,27.04981394573457,-0.50002499416121748,0,0,0,0,0,0.70705375281792615
3118,27.058492102277956,-0.50002499415192614,0,0,0,0,0,0.70705375281792615
3119,27.067170258821342,-0.50002499414245505,0,0,0,0,0,0.70705375281792615
3120,27.075848415364728,-0.50002499413280577,0,0,0,0,0,0.70705375281792604
3121,27.084526571908114,-0.50002499412297952,0,0,0,0,0,0.70705375281792615
3122,27.0932047284515,-0.50002499411297807,0,0,0,0,0,0.70705375281792615
3123,27.101882884994886,-0.50002499410280254,0,0,0,0,0,0.70705375281792615
3124,27.110561041538272,-0.50002499409245482,0,0,0,0,0,0.70705375281792615
3125,27.119239198081658,-0.50002499408193635,0,0,0,0,0,0.70705375281792615
3126,27.127917354625044,-0.50002499407124867,0,0,0,0,0,0.70705375281792615
3127,27.13659551116843,-0.5000249940603938,0,0,0,0,0,0.70705375281792615
3128,27.145273667711816,-0.50002499404937284,0,0,0,0,0,0.70705375281792615
3129,27.153951824255202,-0.50002499403818745,0,0,0,0,0,0.70705375281792615
3130,27.162629980798588,-0.50002499402683975,0,0,0,0,0,0.70705375281792615
3131,27.171308137341974,-0.50002499401533118,0,0,0,0,0,0.70705375281792615
3132,27.17998629388536,-0.5000249940036634,0,0,0,0,0,0.70705375281792604
3133,27.188664450428746,-0.50002499399183842,0,0,0,0,0,0.70705375281792604
3134,27.197342606972132,-0.50002499397985756,0,0,0,0,0,0.70705375281792604
3135,27.206020763515518,-0.50002499396772304,0,0,0,0,0,0.70705375281792593
3136,27.214698920058904,-0.50002499395543687,0,0,0,0,0,0.70705375281792604
3137,27.22337707660229,-0.50002499394300026,0,0,0,0,0,0.70705375281792604
3138,27.23205523314568,-0.50002499393041555,0,0,0,0,0,0.70705375281792593
3139,27.240733389689066,-0.50002499391768473,0,0,0,0,0,0.70705375281792593
3140,27.249411546232452,-0.50002499390480915,0,0,0,0,0,0.70705375281792593
3141,27.258089702775838,-0.50002499389179111,0,0,0,0,0,0.70705375281792593
3142,27.266767859319224,-0.50002499387863319,0,0,0,0,0,0.70705375281792593
3143,27.27544601586261,-0.50002499386533628,0,0,0,0,0,0.70705375281792593
3144,27.284124172405996,-0.50002499385190291,0,0,0,0,0,0.70705375281792593
3145,27.292802328949382,-0.5000249938383351,0,0,0,0,0,0.70705375281792582
3146,27.301480485492768,-0.50002499382463483,0,0,0,0,0,0.70705375281792593
3147,27.310158642036154,-0.50002499381080434,0,0,0,0,0,0.70705375281792593
3148,27.31883679857954,-0.5000249937968454,0,0,0,0,0,0.70705375281792593
3149,27.327514955122925,-0.50002499378276011,0,0,0,0,0,0.70705375281792593
3150,27.336193111666311,-0.50002499376855103,0,0,0,0,0,0.70705375281792593
3151,27.344871268209697,-0.50002499375422005,0,0,0,0,0,0.70705375281792593
3152,27.353549424753083,-0.50002499373976916,0,0,0,0,0,0.70705375281792593
3153,27.362227581296469,-0.50002499372520104,0,0,0,0,0,0.70705375281792582
3154,27.370905737839855,-0.50002499371051712,0,0,0,0,0,0.70705375281792582
3155,27.379583894383241,-0.50002499369572029,0,0,0,0,0,0.70705375281792593
3156,27.388262050926627,-0.50002499368081255,0,0,0,0,0,0.70705375281792582
3157,27.396940207470013,-0.500024993665796,0,0,0,0,0,0.70705375281792571
3158,27.405618364013399,-0.5000249936506731,0,0,0,0,0,0.70705375281792571
3159,27.414296520556785,-0.50002499363544606,0,0,0,0,0,0.70705375281792571
3160,27.422974677100171,-0.5000249936201171,0,0,0,0,0,0.70705375281792571
3161,27.431652833643557,-0.50002499360468877,0,0,0,0,0,0.70705375281792571
3162,27.440330990186943,-0.50002499358916308,0,0,0,0,0,0.70705375281792571
3163,27.449009146730329,-0.50002499357354269,0,0,0,0,0,0.70705375281792571
3164,27.457687303273719,-0.50002499355782914,0,0,0,0,0,0.70705375281792571
3165,27.466365459817105,-0.50002499354202601,0,0,0,0,0,0.70705375281792571
3166,27.475043616360491,-0.50002499352613483,0,0,0,0,0,0.70705375281792571
3167,27.483721772903877,-0.50002499351015861,0,0,0,0,0,0.70705375281792582
3168,27.492399929447263,-0.50002499349409923,0,0,0,0,0,0.70705375281792571
3169,27.501078085990649,-0.50002499347795915,0,0,0,0,0,0.70705375281792582
3170,27.509756242534035,-0.50002499346174123,0,0,0,0,0,0.70705375281792582
3171,27.518434399077421,-0.50002499344544771,0,0,0,0,0,0.70705375281792582
3172,27.527112555620807,-0.5000249934290808,0,0,0,0,0,0.70705375281792582
3173,27.535790712164193,-0.50002499341264306,0,0,0,0,0,0.70705375281792582
3174,27.544468868707579,-0.50002499339613715,0,0,0,0,0,0.70705375281792593
3175,27.553147025250965,-0.50002499337956552,0,0,0,0,0,0.70705375281792582
3176,27.561825181794351,-0.50002499336293038,0,0,0,0,0,0.70705375281792582
3177,27.570503338337737,-0.50002499334623485,0,0,0,0,0,0.70705375281792582
3178,27.579181494881123,-0.50002499332948092,0,0,0,0,0,0.70705375281792571
3179,27.587859651424509,-0.50002499331267125,0,0,0,0,0,0.70705375281792571
3180,27.596537807967895,-0.50002499329580796,0,0,0,0,0,0.70705375281792571
3181,27.605215964511281,-0.50002499327889427,0,0,0,0,0,0.70705375281792571
3182,27.613894121054667,-0.5000249932619325,0,0,0,0,0,0.70705375281792582
3183,27.622572277598053,-0.50002499324492522,0,0,0,0,0,0.70705375281792582
3184,27.631250434141439,-0.50002499322787508,0,0,0,0,0,0.70705375281792571
3185,27.639928590684825,-0.50002499321078397,0,0,0,0,0,0.70705375281792571
3186,27.648606747228211,-0.50002499319365568,0,0,0,0,0,0.70705375281792571
3187,27.657284903771597,-0.50002499317649174,0,0,0,0,0,0.70705375281792571
3188,27.665963060314983,-0.50002499315929516,0,0,0,0,0,0.70705375281792571
3189,27.674641216858369,-0.5000249931420685,0,0,0,0,0,0.70705375281792571
3190,27.683319373401755,-0.5000249931248143,0,0,0,0,0,0.70705375281792571
3191,27.691997529945144,-0.50002499310753523,0,0,0,0,0,0.7070537528179256
3192,27.70067568648853,-0.50002499309023385,0,0,0,0,0,0.7070537528179256
3193,27.709353843031916,-0.50002499307291304,0,0,0,0,0,0.7070537528179256
3194,27.718031999575302,-0.5000249930555748,0,0,0,0,0,0.7070537528179256
3195,27.726710156118688,-0.50002499303822212,0,0,0,0,0,0.70705375281792548
3196,27.735388312662074,-0.50002499302085779,0,0,0,0,0,0.7070537528179256
3197,27.74406646920546,-0.50002499300348413,0,0,0,0,0,0.70705375281792548
3198,27.752744625748846,-0.5000249929861037,0,0,0,0,0,0.70705375281792548
3199,27.761422782292232,-0.50002499296871949,0,0,0,0,0,0.70705375281792548
3200,27.770100938835618,-0.50002499295133385,0,0,0,0,0,0.70705375281792548
3201,27.778779095379004,-0.50002499293394942,0,0,0,0,0,0.70705375281792537
3202,27.78745725192239,-0.50002499291656843,0,0,0,0,0,0.70705375281792548
3203,27.796135408465776,-0.50002499289919433,0,0,0,0,0,0.70705375281792548
3204,27.804813565009162,-0.50002499288182956,0,0,0,0,0,0.70705375281792548
3205,27.813491721552548,-0.50002499286447599,0,0,0,0,0,0.70705375281792548
3206,27.822169878095934,-0.50002499284713708,0,0,0,0,0,0.70705375281792548
3207,27.83084803463932,-0.50002499282981472,0,0,0,0,0,0.7070537528179256
3208,27.839526191182706,-0.500024992812512,0,0,0,0,0,0.7070537528179256
3209,27.848204347726092,-0.50002499279523149,0,0,0,0,0,0.7070537528179256
3210,27.856882504269478,-0.50002499277797563,0,0,0,0,0,0.7070537528179256
3211,27.865560660812864,-0.5000249927607473,0,0,0,0,0,0.7070537528179256
3212,27.87423881735625,-0.50002499274354895,0,0,0,0,0,0.7070537528179256
3213,27.882916973899636,-0.50002499272638312,0,0,0,0,0,0.7070537528179256
3214,27.891595130443022,-0.50002499270925216,0,0,0,0,0,0.7070537528179256
3215,27.900273286986408,-0.50002499269215905,0,0,0,0,0,0.70705375281792548
3216,27.908951443529794,-0.50002499267510636,0,0,0,0,0,0.70705375281792548
3217,27.917629600073184,-0.50002499265809641,0,0,0,0,0,0.70705375281792548
3218,27.92630775661657,-0.50002499264113176,0,0,0,0,0,0.7070537528179256
3219,27.934985913159956,-0.50002499262421485,0,0,0,0,0,0.70705375281792571
3220,27.943664069703342,-0.50002499260734856,0,0,0,0,0,0.7070537528179256
3221,27.952342226246728,-0.50002499259053579,0,0,0,0,0,0.7070537528179256
3222,27.961020382790114,-0.50002499257377808,0,0,0,0,0,0.7070537528179256
3223,27.9696985393335,-0.50002499255707877,0,0,0,0,0,0.7070537528179256
3224,27.978376695876886,-0.50002499254043997,0,0,0,0,0,0.70705375281792548
3225,27.987054852420272,-0.50002499252386434,0,0,0,0,0,0.7070537528179256
3226,27.995733008963658,-0.5000249925073541,0,0,0,0,0,0.7070537528179256
3227,28.004411165507044,-0.50002499249091226,0,0,0,0,0,0.7070537528179256
3228,28.01308932205043,-0.50002499247454069,0,0,0,0,0,0.7070537528179256
3229,28.021767478593816,-0.5000249924582425,0,0,0,0,0,0.70705375281792548
3230,28.030445635137202,-0.50002499244201948,0,0,0,0,0,0.7070537528179256
3231,28.039123791680588,-0.5000249924258745,0,0,0,0,0,0.7070537528179256
3232,28.047801948223974,-0.50002499240980969,0,0,0,0,0,0.70705375281792571
3233,28.05648010476736,-0.50002499239382803,0,0,0,0,0,0.7070537528179256
3234,28.065158261310746,-0.5000249923779313,0,0,0,0,0,0.7070537528179256
3235,28.073836417854132,-0.50002499236212239,0,0,0,0,0,0.7070537528179256
3236,28.082514574397518,-0.5000249923464033,0,0,0,0,0,0.70705375281792571
3237,28.091192730940904,-0.50002499233077657,0,0,0,0,0,0.70705375281792571
3238,28.09987088748429,-0.50002499231524455,0,0,0,0,0,0.70705375281792571
3239,28.108549044027676,-0.50002499229980946,0,0,0,0,0,0.70705375281792582
3240,28.117227200571062,-0.50002499228447361,0,0,0,0,0,0.70705375281792582
3241,28.125905357114448,-0.50002499226923969,0,0,0,0,0,0.70705375281792582
3242,28.134583513657834,-0.50002499225410979,0,0,0,0,0,0.70705375281792582
3243,28.143261670201223,-0.50002499223908603,0,0,0,0,0,0.70705375281792582
3244,28.151939826744609,-0.50002499222417063,0,0,0,0,0,0.70705375281792582
3245,28.160617983287995,-0.50002499220936603,0,0,0,0,0,0.70705375281792582
3246,28.169296139831381,-0.50002499219467456,0,0,0,0,0,0.70705375281792571
3247,28.177974296374767,-0.5000249921800981,0,0,0,0,0,0.70705375281792571
3248,28.186652452918153,-0.50002499216563923,0,0,0,0,0,0.70705375281792571
3249,28.195330609461539,-0.50002499215129959,0,0,0,0,0,0.70705375281792571
3250,28.204008766004925,-0.50002499213708185,0,0,0,0,0,0.70705375281792571
3251,28.212686922548311,-0.5000249921229879,0,0,0,0,0,0.70705375281792571
3252,28.221365079091697,-0.50002499210901963,0,0,0,0,0,0.70705375281792582
3253,28.230043235635083,-0.50002499209517981,0,0,0,0,0,0.70705375281792593
3254,28.238721392178469,-0.50002499208147,0,0,0,0,0,0.70705375281792593
3255,28.247399548721855,-0.50002499206789242,0,0,0,0,0,0.70705375281792582
3256,28.256077705265241,-0.50002499205444928,0,0,0,0,0,0.70705375281792593
3257,28.264755861808627,-0.50002499204114215,0,0,0,0,0,0.70705375281792593
3258,28.273434018352013,-0.50002499202797346,0,0,0,0,0,0.70705375281792593
3259,28.282112174895399,-0.5000249920149451,0,0,0,0,0,0.70705375281792593
3260,28.290790331438785,-0.50002499200205897,0,0,0,0,0,0.70705375281792582
3261,28.299468487982171,-0.50002499198931694,0,0,0,0,0,0.70705375281792582
3262,28.308146644525557,-0.50002499197672101,0,0,0,0,0,0.70705375281792593
3263,28.316824801068943,-0.50002499196427308,0,0,0,0,0,0.70705375281792582
3264,28.325502957612329,-0.50002499195197503,0,0,0,0,0,0.70705375281792582
3265,28.334181114155715,-0.50002499193982852,0,0,0,0,0,0.70705375281792593
3266,28.342859270699101,-0.50002499192783567,0,0,0,0,0,0.70705375281792593
3267,28.351537427242487,-0.50002499191599825,0,0,0,0,0,0.70705375281792593
3268,28.360215583785873,-0.50002499190431782,0,0,0,0,0,0.70705375281792593
3269,28.368893740329263,-0.50002499189279637,0,0,0,0,0,0.70705375281792593
3270,28.377571896872649,-0.50002499188143557,0,0,0,0,0,0.70705375281792593
3271,28.386250053416035,-0.50002499187023719,0,0,0,0,0,0.70705375281792593
3272,28.394928209959421,-0.50002499185920257,0,0,0,0,0,0.70705375281792593
3273,28.403606366502807,-0.50002499184833371,0,0,0,0,0,0.70705375281792593
3274,28.412284523046193,-0.50002499183763216,0,0,0,0,0,0.70705375281792593
3275,28.420962679589579,-0.50002499182709959,0,0,0,0,0,0.70705375281792593
3276,28.429640836132965,-0.50002499181673743,0,0,0,0,0,0.70705375281792593
3277,28.438318992676351,-0.50002499180654758,0,0,0,0,0,0.70705375281792593
3278,28.446997149219737,-0.50002499179653104,0,0,0,0,0,0.70705375281792593
3279,28.455675305763123,-0.50002499178668991,0,0,0,0,0,0.70705375281792582
3280,28.464353462306509,-0.5000249917770252,0,0,0,0,0,0.70705375281792582
3281,28.473031618849895,-0.50002499176753845,0,0,0,0,0,0.70705375281792582
3282,28.481709775393281,-0.50002499175823123,0,0,0,0,0,0.70705375281792582
3283,28.490387931936667,-0.50002499174910486,0,0,0,0,0,0.70705375281792582
3284,28.499066088480053,-0.5000249917401608,0,0,0,0,0,0.70705375281792571
3285,28.507744245023439,-0.50002499173140036,0,0,0,0,0,0.70705375281792571
3286,28.516422401566825,-0.50002499172282466,0,0,0,0,0,0.70705375281792582
3287,28.525100558110211,-0.50002499171443526,0,0,0,0,0,0.70705375281792582
3288,28.533778714653597,-0.50002499170623338,0,0,0,0,0,0.70705375281792582
3289,28.542456871196983,-0.50002499169822046,0,0,0,0,0,0.70705375281792582
3290,28.551135027740369,-0.50002499169039683,0,0,0,0,0,0.70705375281792582
3291,28.559813184283755,-0.50002499168276449,0,0,0,0,0,0.70705375281792571
3292,28.568491340827141,-0.50002499167532455,0,0,0,0,0,0.70705375281792571
3293,28.577169497370527,-0.5000249916680779,0,0,0,0,0,0.70705375281792571
3294,28.585847653913913,-0.50002499166102576,0,0,0,0,0,0.70705375281792571
3295,28.594525810457299,-0.50002499165416903,0,0,0,0,0,0.70705375281792571
3296,28.603203967000688,-0.5000249916475088,0,0,0,0,0,0.70705375281792571
3297,28.611882123544074,-0.50002499164104608,0,0,0,0,0,0.70705375281792571
3298,28.62056028008746,-0.50002499163478198,0,0,0,0,0,0.70705375281792571
3299,28.629238436630846,-0.50002499162871716,0,0,0,0,0,0.70705375281792571
3300,28.637916593174232,-0.50002499162285285,0,0,0,0,0,0.70705375281792571
3301,28.646594749717618,-0.50002499161718972,0,0,0,0,0,0.7070537528179256
3302,28.655272906261004,-0.50002499161172898,0,0,0,0,0,0.70705375281792548
3303,28.66395106280439,-0.50002499160647074,0,0,0,0,0,0.70705375281792548
3304,28.672629219347776,-0.50002499160141645,0,0,0,0,0,0.70705375281792548
3305,28.681307375891162,-0.50002499159656644,0,0,0,0,0,0.70705375281792548
3306,28.689985532434548,-0.50002499159192193,0,0,0,0,0,0.70705375281792537
3307,28.698663688977934,-0.50002499158748326,0,0,0,0,0,0.70705375281792537
3308,28.70734184552132,-0.50002499158325098,0,0,0,0,0,0.70705375281792537
3309,28.716020002064706,-0.50002499157922575,0,0,0,0,0,0.70705375281792548
3310,28.724698158608092,-0.50002499157540825,0,0,0,0,0,0.70705375281792548
3311,28.733376315151478,-0.5000249915717998,0,0,0,0,0,0.70705375281792548
3312,28.742054471694864,-0.50002499156839941,0,0,0,0,0,0.70705375281792548
3313,28.75073262823825,-0.50002499156520919,0,0,0,0,0,0.70705375281792548
3314,28.759410784781636,-0.50002499156222835,0,0,0,0,0,0.70705375281792548
3315,28.768088941325022,-0.50002499155945823,0,0,0,0,0,0.70705375281792548
3316,28.776767097868408,-0.50002499155689883,0,0,0,0,0,0.70705375281792548
3317,28.785445254411794,-0.50002499155455049,0,0,0,0,0,0.70705375281792537
3318,28.79412341095518,-0.50002499155241387,0,0,0,0,0,0.70705375281792548
3319,28.802801567498566,-0.50002499155048907,0,0,0,0,0,0.70705375281792537
3320,28.811479724041952,-0.50002499154877633,0,0,0,0,0,0.70705375281792537
3321,28.820157880585338,-0.50002499154727564,0,0,0,0,0,0.70705375281792548
3322,28.828836037128728,-0.50002499154598801,0,0,0,0,0,0.70705375281792548
3323,28.837514193672114,-0.50002499154491309,0,0,0,0,0,0.7070537528179256
3324,28.8461923502155,-0.50002499154405089,0,0,0,0,0,0.70705375281792548
3325,28.854870506758886,-0.5000249915434023,0,0,0,0,0,0.70705375281792548
3326,28.863548663302272,-0.50002499154296642,0,0,0,0,0,0.70705375281792548
3327,28.872226819845658,-0.50002499154274427,0,0,0,0,0,0.70705375281792548
3328,28.880904976389044,-0.50002499154273505,0,0,0,0,0,0.70705375281792548
3329,28.88958313293243,-0.50002499154293911,0,0,0,0,0,0.70705375281792548
3330,28.898261289475816,-0.50002499154335633,0,0,0,0,0,0.7070537528179256
3331,28.906939446019202,-0.50002499154398705,0,0,0,0,0,0.70705375281792571
3332,28.915617602562588,-0.5000249915448306,0,0,0,0,0,0.70705375281792571
3333,28.924295759105974,-0.50002499154588742,0,0,0,0,0,0.7070537528179256
3334,28.932973915649359,-0.50002499154715707,0,0,0,0,0,0.7070537528179256
3335,28.941652072192745,-0.50002499154863933,0,0,0,0,0,0.7070537528179256
3336,28.950330228736131,-0.50002499155033409,0,0,0,0,0,0.7070537528179256
3337,28.959008385279517,-0.50002499155224078,0,0,0,0,0,0.70705375281792548
3338,28.967686541822903,-0.50002499155435975,0,0,0,0,0,0.70705375281792548
3339,28.976364698366289,-0.50002499155668978,0,0,0,0,0,0.70705375281792548
3340,28.985042854909675,-0.50002499155923097,0,0,0,0,0,0.70705375281792548
3341,28.993721011453061,-0.50002499156198332,0,0,0,0,0,0.70705375281792548
3342,29.002399167996447,-0.50002499156494618,0,0,0,0,0,0.70705375281792548
3343,29.011077324539833,-0.50002499156811853,0,0,0,0,0,0.70705375281792537
3344,29.019755481083219,-0.50002499157150071,0,0,0,0,0,0.70705375281792548
3345,29.028433637626605,-0.50002499157509173,0,0,0,0,0,0.70705375281792537
3346,29.037111794169991,-0.50002499157889124,0,0,0,0,0,0.70705375281792537
3347,29.045789950713377,-0.50002499158289859,0,0,0,0,0,0.70705375281792537
3348,29.054468107256767,-0.50002499158711311,0,0,0,0,0,0.70705375281792537
3349,29.063146263800153,-0.50002499159153402,0,0,0,0,0,0.70705375281792537
3350,29.071824420343539,-0.50002499159616143,0,0,0,0,0,0.70705375281792537
3351,29.080502576886925,-0.50002499160099378,0,0,0,0,0,0.70705375281792526
3352,29.089180733430311,-0.50002499160603076,0,0,0,0,0,0.70705375281792526
3353,29.097858889973697,-0.50002499161127156,0,0,0,0,0,0.70705375281792537
3354,29.106537046517083,-0.50002499161671521,0,0,0,0,0,0.70705375281792537
3355,29.115215203060469,-0.5000249916223608,0,0,0,0,0,0.70705375281792548
3356,29.123893359603855,-0.50002499162820802,0,0,0,0,0,0.7070537528179256
3357,29.132571516147241,-0.50002499163425562,0,0,0,0,0,0.7070537528179256
3358,29.141249672690627,-0.50002499164050263,0,0,0,0,0,0.70705375281792548
3359,29.149927829234013,-0.50002499164694858,0,0,0,0,0,0.7070537528179256
3360,29.158605985777399,-0.50002499165359182,0,0,0,0,0,0.7070537528179256
3361,29.167284142320785,-0.50002499166043179,0,0,0,0,0,0.7070537528179256
3362,29.175962298864171,-0.50002499166746739,0,0,0,0,0,0.70705375281792548
3363,29.184640455407557,-0.50002499167469772,0,0,0,0,0,0.70705375281792548
3364,29.193318611950943,-0.50002499168212111,0,0,0,0,0,0.70705375281792537
3365,29.201996768494329,-0.50002499168973691,0,0,0,0,0,0.70705375281792548
3366,29.210674925037715,-0.50002499169754411,0,0,0,0,0,0.70705375281792548
3367,29.219353081581101,-0.50002499170554127,0,0,0,0,0,0.70705375281792537
3368,29.228031238124487,-0.50002499171372694,0,0,0,0,0,0.70705375281792548
3369,29.236709394667873,-0.50002499172210046,0,0,0,0,0,0.70705375281792548
3370,29.245387551211259,-0.50002499173066017,0,0,0,0,0,0.70705375281792548
3371,29.254065707754645,-0.50002499173940484,0,0,0,0,0,0.70705375281792548
3372,29.262743864298031,-0.50002499174833315,0,0,0,0,0,0.7070537528179256
3373,29.271422020841417,-0.50002499175744397,0,0,0,0,0,0.7070537528179256
3374,29.280100177384806,-0.50002499176673543,0,0,0,0,0,0.7070537528179256
3375,29.288778333928192,-0.50002499177620707,0,0,0,0,0,0.70705375281792548
3376,29.297456490471578,-0.50002499178585658,0,0,0,0,0,0.7070537528179256
3377,29.306134647014964,-0.50002499179568294,0,0,0,0,0,0.7070537528179256
3378,29.31481280355835,-0.50002499180568438,0,0,0,0,0,0.7070537528179256
3379,29.323490960101736,-0.50002499181585969,0,0,0,0,0,0.7070537528179256
3380,29.332169116645122,-0.50002499182620708,0,0,0,0,0,0.70705375281792548
3381,29.340847273188508,-0.500024991836725,0,0,0,0,0,0.7070537528179256
3382,29.349525429731894,-0.50002499184741234,0,0,0,0,0,0.7070537528179256
3383,29.35820358627528,-0.50002499185826688,0,0,0,0,0,0.7070537528179256
3384,29.366881742818666,-0.50002499186928717,0,0,0,0,0,0.70705375281792571
3385,29.375559899362052,-0.50002499188047156,0,0,0,0,0,0.70705375281792571
3386,29.384238055905438,-0.5000249918918187,0,0,0,0,0,0.70705375281792571
3387,29.392916212448824,-0.5000249919033265,0,0,0,0,0,0.70705375281792571
3388,29.40159436899221,-0.50002499191499339,0,0,0,0,0,0.70705375281792571
3389,29.410272525535596,-0.5000249919268176,0,0,0,0,0,0.70705375281792571
3390,29.418950682078982,-0.5000249919387969,0,0,0,0,0,0.70705375281792571
3391,29.427628838622368,-0.50002499195093009,0,0,0,0,0,0.70705375281792571
3392,29.436306995165754,-0.50002499196321559,0,0,0,0,0,0.70705375281792571
3393,29.44498515170914,-0.50002499197565065,0,0,0,0,0,0.70705375281792582
3394,29.453663308252526,-0.5000249919882338,0,0,0,0,0,0.70705375281792582
3395,29.462341464795912,-0.50002499200096384,0,0,0,0,0,0.70705375281792571
3396,29.471019621339298,-0.50002499201383743,0,0,0,0,0,0.70705375281792571
3397,29.479697777882684,-0.50002499202685369,0,0,0,0,0,0.70705375281792571
3398,29.48837593442607,-0.50002499204001072,0,0,0,0,0,0.70705375281792571
3399,29.497054090969456,-0.50002499205330597,0,0,0,0,0,0.70705375281792571
3400,29.505732247512842,-0.50002499206673778,0,0,0,0,0,0.70705375281792571
3401,29.514410404056232,-0.50002499208030371,0,0,0,0,0,0.70705375281792571
3402,29.523088560599618,-0.50002499209400231,0,0,0,0,0,0.70705375281792571
3403,29.531766717143004,-0.50002499210783113,0,0,0,0,0,0.70705375281792571
3404,29.54044487368639,-0.5000249921217883,0,0,0,0,0,0.70705375281792571
3405,29.549123030229776,-0.50002499213587159,0,0,0,0,0,0.70705375281792571
3406,29.557801186773162,-0.50002499215007901,0,0,0,0,0,0.70705375281792571
3407,29.566479343316548,-0.50002499216440821,0,0,0,0,0,0.70705375281792571
3408,29.575157499859934,-0.5000249921788571,0,0,0,0,0,0.70705375281792571
3409,29.58383565640332,-0.50002499219342345,0,0,0,0,0,0.7070537528179256
3410,29.592513812946706,-0.50002499220810548,0,0,0,0,0,0.7070537528179256
3411,29.601191969490092,-0.50002499222290053,0,0,0,0,0,0.7070537528179256
3412,29.609870126033478,-0.5000249922378065,0,0,0,0,0,0.70705375281792548
3413,29.618548282576864,-0.50002499225282104,0,0,0,0,0,0.7070537528179256
3414,29.62722643912025,-0.50002499226794184,0,0,0,0,0,0.70705375281792571
3415,29.635904595663636,-0.50002499228316699,0,0,0,0,0,0.7070537528179256
3416,29.644582752207022,-0.50002499229849406,0,0,0,0,0,0.7070537528179256
3417,29.653260908750408,-0.50002499231392095,0,0,0,0,0,0.7070537528179256
3418,29.661939065293794,-0.50002499232944464,0,0,0,0,0,0.7070537528179256
3419,29.67061722183718,-0.50002499234506326,0,0,0,0,0,0.70705375281792571
3420,29.679295378380566,-0.50002499236077447,0,0,0,0,0,0.70705375281792571
3421,29.687973534923952,-0.50002499237657572,0,0,0,0,0,0.70705375281792571
3422,29.696651691467338,-0.50002499239246501,0,0,0,0,0,0.70705375281792571
3423,29.705329848010724,-0.50002499240843978,0,0,0,0,0,0.70705375281792571
3424,29.71400800455411,-0.50002499242449705,0,0,0,0,0,0.70705375281792582
3425,29.722686161097496,-0.50002499244063547,0,0,0,0,0,0.70705375281792571
3426,29.731364317640882,-0.50002499245685161,0,0,0,0,0,0.70705375281792582
3427,29.740042474184271,-0.50002499247314369,0,0,0,0,0,0.70705375281792571
3428,29.748720630727657,-0.50002499248950893,0,0,0,0,0,0.70705375281792582
3429,29.757398787271043,-0.50002499250594468,0,0,0,0,0,0.70705375281792582
3430,29.766076943814429,-0.50002499252244947,0,0,0,0,0,0.70705375281792582
3431,29.774755100357815,-0.50002499253901955,0,0,0,0,0,0.70705375281792571
3432,29.783433256901201,-0.50002499255565303,0,0,0,0,0,0.70705375281792571
3433,29.792111413444587,-0.50002499257234745,0,0,0,0,0,0.70705375281792571
3434,29.800789569987973,-0.50002499258910016,0,0,0,0,0,0.70705375281792571
3435,29.809467726531359,-0.50002499260590849,0,0,0,0,0,0.70705375281792582
3436,29.818145883074745,-0.50002499262277034,0,0,0,0,0,0.70705375281792571
3437,29.826824039618131,-0.50002499263968292,0,0,0,0,0,0.70705375281792571
3438,29.835502196161517,-0.50002499265664335,0,0,0,0,0,0.70705375281792571
3439,29.844180352704903,-0.50002499267364975,0,0,0,0,0,0.70705375281792571
3440,29.852858509248289,-0.50002499269069878,0,0,0,0,0,0.70705375281792582
3441,29.861536665791675,-0.50002499270778833,0,0,0,0,0,0.70705375281792571
3442,29.870214822335061,-0.5000249927249163,0,0,0,0,0,0.70705375281792582
3443,29.878892978878447,-0.50002499274207923,0,0,0,0,0,0.70705375281792582
3444,29.887571135421833,-0.50002499275927503,0,0,0,0,0,0.70705375281792582
3445,29.896249291965219,-0.5000249927765007,0,0,0,0,0,0.70705375281792593
3446,29.904927448508605,-0.50002499279375423,0,0,0,0,0,0.70705375281792593
3447,29.913605605051991,-0.50002499281103263,0,0,0,0,0,0.70705375281792593
3448,29.922283761595377,-0.50002499282833357,0,0,0,0,0,0.70705375281792593
3449,29.930961918138763,-0.50002499284565405,0,0,0,0,0,0.70705375281792604
3450,29.939640074682149,-0.50002499286299185,0,0,0,0,0,0.70705375281792593
3451,29.948318231225535,-0.50002499288034408,0,0,0,0,0,0.70705375281792604
3452,29.956996387768921,-0.50002499289770819,0,0,0,0,0,0.70705375281792604
3453,29.965674544312311,-0.50002499291508151,0,0,0,0,0,0.70705375281792615
3454,29.974352700855697,-0.50002499293246172,0,0,0,0,0,0.70705375281792604
3455,29.983030857399083,-0.50002499294984593,0,0,0,0,0,0.70705375281792604
3456,29.991709013942469,-0.50002499296723191,0,0,0,0,0,0.70705375281792604
3457,30.000387170485855,-0.50002499298461645,0,0,0,0,0,0.70705375281792604
3458,30.009065327029241,-0.50002499300199721,0,0,0,0,0,0.70705375281792615
3459,30.017743483572627,-0.50002499301937176,0,0,0,0,0,0.70705375281792604
3460,30.026421640116013,-0.50002499303673698,0,0,0,0,0,0.70705375281792615
3461,30.035099796659399,-0.50002499305409054,0,0,0,0,0,0.70705375281792604
3462,30.043777953202785,-0.50002499307143022,0,0,0,0,0,0.70705375281792615
3463,30.052456109746171,-0.50002499308875248,0,0,0,0,0,0.70705375281792615
3464,30.061134266289557,-0.50002499310605608,0,0,0,0,0,0.70705375281792604
3465,30.069812422832943,-0.50002499312333681,0,0,0,0,0,0.70705375281792615
3466,30.078490579376329,-0.50002499314059334,0,0,0,0,0,0.70705375281792615
3467,30.087168735919715,-0.50002499315782245,0,0,0,0,0,0.70705375281792615
3468,30.095846892463101,-0.5000249931750218,0,0,0,0,0,0.70705375281792615
3469,30.104525049006487,-0.50002499319218874,0,0,0,0,0,0.70705375281792615
3470,30.113203205549873,-0.50002499320932015,0,0,0,0,0,0.70705375281792615
3471,30.121881362093259,-0.50002499322641447,0,0,0,0,0,0.70705375281792615
3472,30.130559518636645,-0.50002499324346827,0,0,0,0,0,0.70705375281792604
3473,30.139237675180031,-0.50002499326047933,0,0,0,0,0,0.70705375281792604
3474,30.147915831723417,-0.50002499327744521,0,0,0,0,0,0.70705375281792604
3475,30.156593988266803,-0.50002499329436279,0,0,0,0,0,0.70705375281792615
3476,30.165272144810189,-0.5000249933112304,0,0,0,0,0,0.70705375281792604
3477,30.173950301353575,-0.50002499332804462,0,0,0,0,0,0.70705375281792615
3478,30.182628457896961,-0.50002499334480355,0,0,0,0,0,0.70705375281792615
3479,30.19130661444035,-0.50002499336150441,0,0,0,0,0,0.70705375281792604
3480,30.199984770983736,-0.50002499337814454,0,0,0,0,0,0.70705375281792615
3481,30.208662927527122,-0.50002499339472195,0,0,0,0,0,0.70705375281792615
3482,30.217341084070508,-0.50002499341123363,0,0,0,0,0,0.70705375281792615
3483,30.226019240613894,-0.50002499342767726,0,0,0,0,0,0.70705375281792604
3484,30.23469739715728,-0.50002499344405038,0,0,0,0,0,0.70705375281792604
3485,30.243375553700666,-0.50002499346035045,0,0,0,0,0,0.70705375281792604
3486,30.252053710244052,-0.50002499347657503,0,0,0,0,0,0.70705375281792615
3487,30.260731866787438,-0.50002499349272145,0,0,0,0,0,0.70705375281792615
3488,30.269410023330824,-0.50002499350878782,0,0,0,0,0,0.70705375281792615
3489,30.27808817987421,-0.50002499352477137,0,0,0,0,0,0.70705375281792604
3490,30.286766336417596,-0.50002499354066998,0,0,0,0,0,0.70705375281792604
3491,30.295444492960982,-0.50002499355648078,0,0,0,0,0,0.70705375281792604
3492,30.304122649504368,-0.50002499357220165,0,0,0,0,0,0.70705375281792604
3493,30.312800806047754,-0.50002499358783026,0,0,0,0,0,0.70705375281792604
3494,30.32147896259114,-0.50002499360336417,0,0,0,0,0,0.70705375281792604
3495,30.330157119134526,-0.50002499361880115,0,0,0,0,0,0.70705375281792604
3496,30.338835275677912,-0.50002499363413866,0,0,0,0,0,0.70705375281792604
3497,30.347513432221298,-0.50002499364937436,0,0,0,0,0,0.70705375281792593
3498,30.356191588764684,-0.50002499366450626,0,0,0,0,0,0.70705375281792593
3499,30.36486974530807,-0.50002499367953235,0,0,0,0,0,0.70705375281792604
3500,30.373547901851456,-0.50002499369444919,0,0,0,0,0,0.70705375281792604
3501,30.382226058394842,-0.50002499370925579,0,0,0,0,0,0.70705375281792604
3502,30.390904214938228,-0.50002499372394937,0,0,0,0,0,0.70705375281792604
3503,30.399582371481614,-0.5000249937385276,0,0,0,0,0,0.70705375281792604
3504,30.408260528025,-0.50002499375298881,0,0,0,0,0,0.70705375281792604
3505,30.416938684568386,-0.50002499376732978,0,0,0,0,0,0.70705375281792604
3506,30.425616841111776,-0.50002499378154996,0,0,0,0,0,0.70705375281792593
3507,30.434294997655162,-0.50002499379564547,0,0,0,0,0,0.70705375281792593
3508,30.442973154198548,-0.50002499380961518,0,0,0,0,0,0.70705375281792593
3509,30.451651310741934,-0.50002499382345666,0,0,0,0,0,0.70705375281792604
3510,30.46032946728532,-0.50002499383716825,0,0,0,0,0,0.70705375281792593
3511,30.469007623828706,-0.50002499385074772,0,0,0,0,0,0.70705375281792593
3512,30.477685780372092,-0.50002499386419252,0,0,0,0,0,0.70705375281792604
3513,30.486363936915478,-0.50002499387750121,0,0,0,0,0,0.70705375281792593
3514,30.495042093458864,-0.50002499389067112,0,0,0,0,0,0.70705375281792593
3515,30.50372025000225,-0.50002499390370136,0,0,0,0,0,0.70705375281792604
3516,30.512398406545636,-0.50002499391658894,0,0,0,0,0,0.70705375281792593
3517,30.521076563089022,-0.50002499392933264,0,0,0,0,0,0.70705375281792593
3518,30.529754719632408,-0.5000249939419299,0,0,0,0,0,0.70705375281792593
3519,30.538432876175793,-0.50002499395437916,0,0,0,0,0,0.70705375281792593
3520,30.547111032719179,-0.50002499396667854,0,0,0,0,0,0.70705375281792593
3521,30.555789189262565,-0.50002499397882594,0,0,0,0,0,0.70705375281792593
3522,30.564467345805951,-0.5000249939908199,0,0,0,0,0,0.70705375281792593
3523,30.573145502349337,-0.50002499400265843,0,0,0,0,0,0.70705375281792593
3524,30.581823658892723,-0.50002499401433986,0,0,0,0,0,0.70705375281792593
3525,30.590501815436109,-0.50002499402586209,0,0,0,0,0,0.70705375281792593
3526,30.599179971979495,-0.50002499403722389,0,0,0,0,0,0.70705375281792593
3527,30.607858128522881,-0.50002499404842293,0,0,0,0,0,0.70705375281792593
3528,30.616536285066267,-0.50002499405945811,0,0,0,0,0,0.70705375281792593
3529,30.625214441609653,-0.50002499407032741,0,0,0,0,0,0.70705375281792582
3530,30.633892598153039,-0.50002499408102952,0,0,0,0,0,0.70705375281792593
3531,30.642570754696425,-0.50002499409156242,0,0,0,0,0,0.70705375281792582
3532,30.651248911239815,-0.50002499410192458,0,0,0,0,0,0.70705375281792593
3533,30.659927067783201,-0.50002499411211498,0,0,0,0,0,0.70705375281792593
3534,30.668605224326587,-0.50002499412213153,0,0,0,0,0,0.70705375281792582
3535,30.677283380869973,-0.50002499413197277,0,0,0,0,0,0.70705375281792593
3536,30.685961537413359,-0.50002499414163726,0,0,0,0,0,0.70705375281792593
3537,30.694639693956745,-0.50002499415112345,0,0,0,0,0,0.70705375281792593
3538,30.703317850500131,-0.50002499416043011,0,0,0,0,0,0.70705375281792604
3539,30.711996007043517,-0.50002499416955581,0,0,0,0,0,0.70705375281792604
3540,30.720674163586903,-0.50002499417849933,0,0,0,0,0,0.70705375281792604
3541,30.729352320130289,-0.50002499418725899,0,0,0,0,0,0.70705375281792593
3542,30.738030476673675,-0.50002499419583368,0,0,0,0,0,0.70705375281792593
3543,30.746708633217061,-0.50002499420422197,0,0,0,0,0,0.70705375281792593
3544,30.755386789760447,-0.50002499421242275,0,0,0,0,0,0.70705375281792593
3545,30.764064946303833,-0.50002499422043467,0,0,0,0,0,0.70705375281792604
3546,30.772743102847219,-0.50002499422825675,0,0,0,0,0,0.70705375281792593
3547,30.781421259390605,-0.50002499423588742,0,0,0,0,0,0.70705375281792593
3548,30.790099415933991,-0.50002499424332569,0,0,0,0,0,0.70705375281792593
3549,30.798777572477377,-0.50002499425057056,0,0,0,0,0,0.70705375281792593
3550,30.807455729020763,-0.50002499425762081,0,0,0,0,0,0.70705375281792593
3551,30.816133885564149,-0.50002499426447544,0,0,0,0,0,0.70705375281792593
3552,30.824812042107535,-0.50002499427113323,0,0,0,0,0,0.70705375281792593
3553,30.833490198650921,-0.5000249942775935,0,0,0,0,0,0.70705375281792593
3554,30.842168355194307,-0.50002499428385516,0,0,0,0,0,0.70705375281792582
3555,30.850846511737693,-0.5000249942899172,0,0,0,0,0,0.70705375281792582
3556,30.859524668281079,-0.50002499429577862,0,0,0,0,0,0.70705375281792582
3557,30.868202824824465,-0.50002499430143865,0,0,0,0,0,0.70705375281792582
3558,30.876880981367854,-0.50002499430689651,0,0,0,0,0,0.70705375281792593
3559,30.88555913791124,-0.50002499431215119,0,0,0,0,0,0.70705375281792593
3560,30.894237294454626,-0.50002499431720193,0,0,0,0,0,0.70705375281792593
3561,30.902915450998012,-0.50002499432204828,0,0,0,0,0,0.70705375281792582
3562,30.911593607541398,-0.50002499432668901,0,0,0,0,0,0.70705375281792593
3563,30.920271764084784,-0.5000249943311238,0,0,0,0,0,0.70705375281792582
3564,30.92894992062817,-0.50002499433535197,0,0,0,0,0,0.70705375281792582
3565,30.937628077171556,-0.50002499433937264,0,0,0,0,0,0.70705375281792593
3566,30.946306233714942,-0.50002499434318537,0,0,0,0,0,0.70705375281792593
3567,30.954984390258328,-0.50002499434678938,0,0,0,0,0,0.70705375281792593
3568,30.963662546801714,-0.50002499435018433,0,0,0,0,0,0.70705375281792604
3569,30.9723407033451,-0.50002499435336989,0,0,0,0,0,0.70705375281792604
3570,30.981018859888486,-0.50002499435634506,0,0,0,0,0,0.70705375281792615
3571,30.989697016431872,-0.50002499435911019,0,0,0,0,0,0.70705375281792615
3572,30.998375172975258,-0.50002499436166392,0,0,0,0,0,0.70705375281792615
3573,31.007053329518644,-0.50002499436400649,0,0,0,0,0,0.70705375281792615
3574,31.01573148606203,-0.50002499436613745,0,0,0,0,0,0.70705375281792615
3575,31.024409642605416,-0.50002499436805625,0,0,0,0,0,0.70705375281792615
3576,31.033087799148802,-0.50002499436976278,0,0,0,0,0,0.70705375281792615
3577,31.041765955692188,-0.50002499437125669,0,0,0,0,0,0.70705375281792626
3578,31.050444112235574,-0.50002499437253789,0,0,0,0,0,0.70705375281792626
3579,31.05912226877896,-0.50002499437360626,0,0,0,0,0,0.70705375281792626
3580,31.067800425322346,-0.50002499437446135,0,0,0,0,0,0.70705375281792626
3581,31.076478581865732,-0.50002499437510328,0,0,0,0,0,0.70705375281792637
3582,31.085156738409118,-0.50002499437553172,0,0,0,0,0,0.70705375281792637
3583,31.093834894952504,-0.50002499437574666,0,0,0,0,0,0.70705375281792637
3584,31.10251305149589,-0.50002499437574843,0,0,0,0,0,0.70705375281792637
3585,31.11119120803928,-0.50002499437553638,0,0,0,0,0,0.70705375281792637
3586,31.119869364582666,-0.50002499437511128,0,0,0,0,0,0.70705375281792648
3587,31.128547521126052,-0.50002499437447245,0,0,0,0,0,0.70705375281792637
3588,31.137225677669438,-0.5000249943736208,0,0,0,0,0,0.70705375281792637
3589,31.145903834212824,-0.50002499437255565,0,0,0,0,0,0.70705375281792637
3590,31.15458199075621,-0.50002499437127779,0,0,0,0,0,0.70705375281792637
3591,31.163260147299596,-0.50002499436978709,0,0,0,0,0,0.70705375281792626
3592,31.171938303842982,-0.50002499436808368,0,0,0,0,0,0.70705375281792626
3593,31.180616460386368,-0.50002499436616787,0,0,0,0,0,0.70705375281792626
3594,31.189294616929754,-0.50002499436404035,0,0,0,0,0,0.70705375281792637
3595,31.19797277347314,-0.50002499436170089,0,0,0,0,0,0.70705375281792637
3596,31.206650930016526,-0.50002499435915004,0,0,0,0,0,0.70705375281792637
3597,31.215329086559912,-0.50002499435638847,0,0,0,0,0,0.70705375281792648
3598,31.224007243103298,-0.50002499435341585,0,0,0,0,0,0.70705375281792648
3599,31.232685399646684,-0.50002499435023362,0,0,0,0,0,0.70705375281792648
3600,31.24136355619007,-0.50002499434684167,0,0,0,0,0,0.7070537528179266
3601,31.250041712733456,-0.50002499434324044,0,0,0,0,0,0.7070537528179266
3602,31.258719869276842,-0.50002499433943104,0,0,0,0,0,0.7070537528179266
3603,31.267398025820228,-0.50002499433541336,0,0,0,0,0,0.7070537528179266
3604,31.276076182363614,-0.50002499433118852,0,0,0,0,0,0.7070537528179266
3605,31.284754338907,-0.50002499432675707,0,0,0,0,0,0.7070537528179266
3606,31.293432495450386,-0.50002499432211922,0,0,0,0,0,0.7070537528179266
3607,31.302110651993772,-0.50002499431727609,0,0,0,0,0,0.7070537528179266
3608,31.310788808537158,-0.50002499431222824,0,0,0,0,0,0.70705375281792671
3609,31.319466965080544,-0.50002499430697644,0,0,0,0,0,0.7070537528179266
3610,31.32814512162393,-0.50002499430152192,0,0,0,0,0,0.7070537528179266
3611,31.336823278167319,-0.50002499429586478,0,0,0,0,0,0.7070537528179266
3612,31.345501434710705,-0.50002499429000635,0,0,0,0,0,0.70705375281792682
3613,31.354179591254091,-0.50002499428394753,0,0,0,0,0,0.7070537528179266
3614,31.362857747797477,-0.50002499427768921,0,0,0,0,0,0.7070537528179266
3615,31.371535904340863,-0.50002499427123193,0,0,0,0,0,0.7070537528179266
3616,31.380214060884249,-0.50002499426457703,0,0,0,0,0,0.7070537528179266
3617,31.388892217427635,-0.50002499425772529,0,0,0,0,0,0.7070537528179266
3618,31.397570373971021,-0.50002499425067781,0,0,0,0,0,0.7070537528179266
3619,31.406248530514407,-0.50002499424343627,0,0,0,0,0,0.7070537528179266
3620,31.414926687057793,-0.50002499423600077,0,0,0,0,0,0.70705375281792671
3621,31.423604843601179,-0.50002499422837277,0,0,0,0,0,0.70705375281792671
3622,31.432283000144565,-0.50002499422055391,0,0,0,0,0,0.70705375281792682
3623,31.440961156687951,-0.50002499421254465,0,0,0,0,0,0.70705375281792682
3624,31.449639313231337,-0.50002499420434654,0,0,0,0,0,0.70705375281792682
3625,31.458317469774723,-0.50002499419596125,0,0,0,0,0,0.70705375281792693
3626,31.466995626318109,-0.50002499418738933,0,0,0,0,0,0.70705375281792693
3627,31.475673782861495,-0.50002499417863233,0,0,0,0,0,0.70705375281792704
3628,31.484351939404881,-0.50002499416969171,0,0,0,0,0,0.70705375281792704
3629,31.493030095948267,-0.50002499416056834,0,0,0,0,0,0.70705375281792704
3630,31.501708252491653,-0.50002499415126433,0,0,0,0,0,0.70705375281792704
3631,31.510386409035039,-0.50002499414178092,0,0,0,0,0,0.70705375281792704
3632,31.519064565578425,-0.50002499413211887,0,0,0,0,0,0.70705375281792704
3633,31.527742722121811,-0.50002499412228041,0,0,0,0,0,0.70705375281792704
3634,31.536420878665197,-0.50002499411226664,0,0,0,0,0,0.70705375281792704
3635,31.545099035208583,-0.5000249941020789,0,0,0,0,0,0.70705375281792704
3636,31.553777191751969,-0.50002499409171919,0,0,0,0,0,0.70705375281792704
3637,31.562455348295359,-0.50002499408118906,0,0,0,0,0,0.70705375281792704
3638,31.571133504838745,-0.5000249940704895,0,0,0,0,0,0.70705375281792704
3639,31.579811661382131,-0.50002499405962264,0,0,0,0,0,0.70705375281792704
3640,31.588489817925517,-0.50002499404858991,0,0,0,0,0,0.70705375281792704
3641,31.597167974468903,-0.5000249940373932,0,0,0,0,0,0.70705375281792704
3642,31.605846131012289,-0.50002499402603395,0,0,0,0,0,0.70705375281792704
3643,31.614524287555675,-0.50002499401451417,0,0,0,0,0,0.70705375281792704
3644,31.623202444099061,-0.50002499400283529,0,0,0,0,0,0.70705375281792704
3645,31.631880600642447,-0.50002499399099931,0,0,0,0,0,0.70705375281792704
3646,31.640558757185833,-0.50002499397900757,0,0,0,0,0,0.70705375281792704
3647,31.649236913729219,-0.50002499396686229,0,0,0,0,0,0.70705375281792704
3648,31.657915070272605,-0.50002499395456512,0,0,0,0,0,0.70705375281792704
3649,31.666593226815991,-0.50002499394211819,0,0,0,0,0,0.70705375281792715
3650,31.675271383359377,-0.50002499392952326,0,0,0,0,0,0.70705375281792704
3651,31.683949539902763,-0.5000249939167819,0,0,0,0,0,0.70705375281792715
3652,31.692627696446149,-0.50002499390389654,0,0,0,0,0,0.70705375281792726
3653,31.701305852989535,-0.50002499389086863,0,0,0,0,0,0.70705375281792715
3654,31.709984009532921,-0.50002499387770061,0,0,0,0,0,0.70705375281792704
3655,31.718662166076307,-0.50002499386439403,0,0,0,0,0,0.70705375281792704
3656,31.727340322619693,-0.50002499385095123,0,0,0,0,0,0.70705375281792726
3657,31.736018479163079,-0.50002499383737398,0,0,0,0,0,0.70705375281792715
3658,31.744696635706465,-0.5000249938236645,0,0,0,0,0,0.70705375281792704
3659,31.753374792249851,-0.50002499380982468,0,0,0,0,0,0.70705375281792715
3660,31.762052948793237,-0.50002499379585674,0,0,0,0,0,0.70705375281792726
3661,31.770731105336623,-0.50002499378176313,0,0,0,0,0,0.70705375281792715
3662,31.779409261880009,-0.50002499376754517,0,0,0,0,0,0.70705375281792726
3663,31.788087418423398,-0.50002499375320553,0,0,0,0,0,0.70705375281792726
3664,31.796765574966784,-0.50002499373874643,0,0,0,0,0,0.70705375281792726
3665,31.80544373151017,-0.50002499372416986,0,0,0,0,0,0.70705375281792726
3666,31.814121888053556,-0.50002499370947806,0,0,0,0,0,0.70705375281792726
3667,31.822800044596942,-0.50002499369467324,0,0,0,0,0,0.70705375281792726
3668,31.831478201140328,-0.50002499367975761,0,0,0,0,0,0.70705375281792726
3669,31.840156357683714,-0.50002499366473352,0,0,0,0,0,0.70705375281792726
3670,31.8488345142271,-0.50002499364960329,0,0,0,0,0,0.70705375281792726
3671,31.857512670770486,-0.50002499363436903,0,0,0,0,0,0.70705375281792726
3672,31.866190827313872,-0.50002499361903285,0,0,0,0,0,0.70705375281792726
3673,31.874868983857258,-0.50002499360359742,0,0,0,0,0,0.70705375281792726
3674,31.883547140400644,-0.50002499358806496,0,0,0,0,0,0.70705375281792726
3675,31.89222529694403,-0.50002499357243801,0,0,0,0,0,0.70705375281792726
3676,31.900903453487416,-0.50002499355671826,0,0,0,0,0,0.70705375281792726
3677,31.909581610030802,-0.5000249935409089,0,0,0,0,0,0.70705375281792737
3678,31.918259766574188,-0.50002499352501162,0,0,0,0,0,0.70705375281792726
3679,31.926937923117574,-0.5000249935090294,0,0,0,0,0,0.70705375281792726
3680,31.93561607966096,-0.50002499349296425,0,0,0,0,0,0.70705375281792726
3681,31.944294236204346,-0.50002499347681861,0,0,0,0,0,0.70705375281792737
3682,31.952972392747732,-0.50002499346059537,0,0,0,0,0,0.70705375281792748
3683,31.961650549291118,-0.5000249934442963,0,0,0,0,0,0.70705375281792737
3684,31.970328705834504,-0.5000249934279245,0,0,0,0,0,0.70705375281792748
3685,31.97900686237789,-0.50002499341148199,0,0,0,0,0,0.70705375281792748
3686,31.987685018921276,-0.5000249933949712,0,0,0,0,0,0.70705375281792737
3687,31.996363175464662,-0.50002499337839523,0,0,0,0,0,0.70705375281792737
3688,32.005041332008048,-0.50002499336175577,0,0,0,0,0,0.70705375281792737
3689,32.013719488551438,-0.50002499334505579,0,0,0,0,0,0.70705375281792737
3690,32.02239764509482,-0.50002499332829775,0,0,0,0,0,0.70705375281792737
3691,32.03107580163821,-0.50002499331148398,0,0,0,0,0,0.70705375281792748
3692,32.039753958181592,-0.50002499329461747,0,0,0,0,0,0.70705375281792748
3693,32.048432114724982,-0.50002499327770034,0,0,0,0,0,0.70705375281792748
3694,32.057110271268364,-0.50002499326073524,0,0,0,0,0,0.70705375281792748
3695,32.065788427811754,-0.50002499324372485,0,0,0,0,0,0.70705375281792748
3696,32.074466584355136,-0.5000249932266716,0,0,0,0,0,0.70705375281792748
3697,32.083144740898526,-0.50002499320957805,0,0,0,0,0,0.70705375281792748
3698,32.091822897441908,-0.50002499319244686,0,0,0,0,0,0.70705375281792737
3699,32.100501053985298,-0.50002499317528071,0,0,0,0,0,0.70705375281792748
3700,32.10917921052868,-0.50002499315808202,0,0,0,0,0,0.70705375281792737
3701,32.11785736707207,-0.50002499314085314,0,0,0,0,0,0.70705375281792737
3702,32.126535523615452,-0.50002499312359738,0,0,0,0,0,0.70705375281792737
3703,32.135213680158841,-0.50002499310631665,0,0,0,0,0,0.70705375281792737
3704,32.143891836702231,-0.50002499308901371,0,0,0,0,0,0.70705375281792748
3705,32.152569993245613,-0.50002499307169135,0,0,0,0,0,0.70705375281792737
3706,32.161248149789003,-0.50002499305435211,0,0,0,0,0,0.70705375281792737
3707,32.169926306332385,-0.50002499303699843,0,0,0,0,0,0.70705375281792737
3708,32.178604462875775,-0.50002499301963343,0,0,0,0,0,0.70705375281792748
3709,32.187282619419157,-0.50002499300225922,0,0,0,0,0,0.70705375281792737
3710,32.195960775962547,-0.50002499298487857,0,0,0,0,0,0.70705375281792737
3711,32.204638932505929,-0.50002499296749392,0,0,0,0,0,0.70705375281792737
3712,32.213317089049319,-0.50002499295010816,0,0,0,0,0,0.70705375281792737
3713,32.221995245592701,-0.50002499293272384,0,0,0,0,0,0.70705375281792737
3714,32.230673402136091,-0.50002499291534375,0,0,0,0,0,0.70705375281792737
3715,32.239351558679473,-0.50002499289796987,0,0,0,0,0,0.70705375281792737
3716,32.248029715222863,-0.50002499288060542,0,0,0,0,0,0.70705375281792737
3717,32.256707871766245,-0.50002499286325297,0,0,0,0,0,0.70705375281792748
3718,32.265386028309635,-0.50002499284591484,0,0,0,0,0,0.70705375281792759
3719,32.274064184853017,-0.50002499282859414,0,0,0,0,0,0.70705375281792759
3720,32.282742341396407,-0.50002499281129298,0,0,0,0,0,0.70705375281792759
3721,32.291420497939789,-0.50002499279401413,0,0,0,0,0,0.70705375281792759
3722,32.300098654483179,-0.50002499277676027,0,0,0,0,0,0.70705375281792748
3723,32.308776811026561,-0.50002499275953405,0,0,0,0,0,0.70705375281792748
3724,32.317454967569951,-0.5000249927423378,0,0,0,0,0,0.70705375281792748
3725,32.326133124113333,-0.50002499272517409,0,0,0,0,0,0.70705375281792737
3726,32.334811280656723,-0.50002499270804601,0,0,0,0,0,0.70705375281792737
3727,32.343489437200105,-0.50002499269095557,0,0,0,0,0,0.70705375281792726
3728,32.352167593743495,-0.50002499267390577,0,0,0,0,0,0.70705375281792726
3729,32.360845750286884,-0.50002499265689881,0,0,0,0,0,0.70705375281792737
3730,32.369523906830267,-0.5000249926399376,0,0,0,0,0,0.70705375281792737
3731,32.378202063373656,-0.50002499262302436,0,0,0,0,0,0.70705375281792737
3732,32.386880219917039,-0.50002499260616173,0,0,0,0,0,0.70705375281792737
3733,32.395558376460428,-0.50002499258935251,0,0,0,0,0,0.70705375281792726
3734,32.404236533003811,-0.50002499257259903,0,0,0,0,0,0.70705375281792737
3735,32.4129146895472,-0.50002499255590382,0,0,0,0,0,0.70705375281792737
3736,32.421592846090583,-0.50002499253926913,0,0,0,0,0,0.70705375281792737
3737,32.430271002633972,-0.50002499252269816,0,0,0,0,0,0.70705375281792737
3738,32.438949159177355,-0.50002499250619292,0,0,0,0,0,0.70705375281792726
3739,32.447627315720744,-0.50002499248975563,0,0,0,0,0,0.70705375281792737
3740,32.456305472264127,-0.50002499247338927,0,0,0,0,0,0.70705375281792748
3741,32.464983628807516,-0.50002499245709608,0,0,0,0,0,0.70705375281792737
3742,32.473661785350899,-0.50002499244087883,0,0,0,0,0,0.70705375281792737
3743,32.482339941894288,-0.5000249924247393,0,0,0,0,0,0.70705375281792726
3744,32.491018098437671,-0.50002499240868048,0,0,0,0,0,0.70705375281792726
3745,32.49969625498106,-0.50002499239270437,0,0,0,0,0,0.70705375281792726
3746,32.508374411524443,-0.50002499237681419,0,0,0,0,0,0.70705375281792726
3747,32.517052568067832,-0.50002499236101139,0,0,0,0,0,0.70705375281792726
3748,32.525730724611215,-0.50002499234529874,0,0,0,0,0,0.70705375281792737
3749,32.534408881154604,-0.50002499232967845,0,0,0,0,0,0.70705375281792737
3750,32.543087037697987,-0.50002499231415332,0,0,0,0,0,0.70705375281792726
3751,32.551765194241376,-0.50002499229872521,0,0,0,0,0,0.70705375281792726
3752,32.560443350784759,-0.50002499228339681,0,0,0,0,0,0.70705375281792726
3753,32.569121507328148,-0.50002499226817021,0,0,0,0,0,0.70705375281792726
3754,32.577799663871531,-0.50002499225304753,0,0,0,0,0,0.70705375281792726
3755,32.58647782041492,-0.5000249922380311,0,0,0,0,0,0.70705375281792726
3756,32.59515597695831,-0.50002499222312347,0,0,0,0,0,0.70705375281792726
3757,32.603834133501692,-0.50002499220832664,0,0,0,0,0,0.70705375281792726
3758,32.612512290045082,-0.50002499219364316,0,0,0,0,0,0.70705375281792726
3759,32.621190446588464,-0.50002499217907492,0,0,0,0,0,0.70705375281792726
3760,32.629868603131854,-0.50002499216462415,0,0,0,0,0,0.70705375281792726
3761,32.638546759675236,-0.50002499215029328,0,0,0,0,0,0.70705375281792726
3762,32.647224916218626,-0.5000249921360842,0,0,0,0,0,0.70705375281792726
3763,32.655903072762008,-0.50002499212199902,0,0,0,0,0,0.70705375281792726
3764,32.664581229305398,-0.50002499210803997,0,0,0,0,0,0.70705375281792726
3765,32.67325938584878,-0.50002499209420925,0,0,0,0,0,0.70705375281792726
3766,32.68193754239217,-0.50002499208050855,0,0,0,0,0,0.70705375281792726
3767,32.690615698935552,-0.5000249920669404,0,0,0,0,0,0.70705375281792726
3768,32.699293855478942,-0.5000249920535067,0,0,0,0,0,0.70705375281792726
3769,32.707972012022324,-0.50002499204020923,0,0,0,0,0,0.70705375281792726
3770,32.716650168565714,-0.50002499202705031,0,0,0,0,0,0.70705375281792726
3771,32.725328325109096,-0.50002499201403183,0,0,0,0,0,0.70705375281792726
3772,32.734006481652486,-0.50002499200115569,0,0,0,0,0,0.70705375281792726
3773,32.742684638195868,-0.50002499198842409,0,0,0,0,0,0.70705375281792726
3774,32.751362794739258,-0.50002499197583861,0,0,0,0,0,0.70705375281792715
3775,32.76004095128264,-0.50002499196340111,0,0,0,0,0,0.70705375281792715
3776,32.76871910782603,-0.50002499195111372,0,0,0,0,0,0.70705375281792715
3777,32.777397264369412,-0.50002499193897809,0,0,0,0,0,0.70705375281792704
3778,32.786075420912802,-0.50002499192699623,0,0,0,0,0,0.70705375281792704
3779,32.794753577456184,-0.5000249919151698,0,0,0,0,0,0.70705375281792704
3780,32.803431733999574,-0.50002499190350047,0,0,0,0,0,0.70705375281792704
3781,32.812109890542963,-0.50002499189199046,0,0,0,0,0,0.70705375281792704
3782,32.820788047086346,-0.50002499188064076,0,0,0,0,0,0.70705375281792704
3783,32.829466203629735,-0.50002499186945371,0,0,0,0,0,0.70705375281792704
3784,32.838144360173118,-0.50002499185843086,0,0,0,0,0,0.70705375281792704
3785,32.846822516716507,-0.50002499184757376,0,0,0,0,0,0.70705375281792704
3786,32.85550067325989,-0.50002499183688398,0,0,0,0,0,0.70705375281792715
3787,32.864178829803279,-0.50002499182636329,0,0,0,0,0,0.70705375281792715
3788,32.872856986346662,-0.50002499181601312,0,0,0,0,0,0.70705375281792726
3789,32.881535142890051,-0.50002499180583548,0,0,0,0,0,0.70705375281792726
3790,32.890213299433434,-0.50002499179583104,0,0,0,0,0,0.70705375281792726
3791,32.898891455976823,-0.50002499178600213,0,0,0,0,0,0.70705375281792726
3792,32.907569612520206,-0.50002499177634996,0,0,0,0,0,0.70705375281792726
3793,32.916247769063595,-0.50002499176687576,0,0,0,0,0,0.70705375281792726
3794,32.924925925606978,-0.50002499175758131,0,0,0,0,0,0.70705375281792726
3795,32.933604082150367,-0.50002499174846782,0,0,0,0,0,0.70705375281792715
3796,32.94228223869375,-0.50002499173953674,0,0,0,0,0,0.70705375281792704
3797,32.950960395237139,-0.50002499173078907,0,0,0,0,0,0.70705375281792704
3798,32.959638551780522,-0.50002499172222659,0,0,0,0,0,0.70705375281792704
3799,32.968316708323911,-0.5000249917138504,0,0,0,0,0,0.70705375281792715
3800,32.976994864867294,-0.5000249917056615,0,0,0,0,0,0.70705375281792715
3801,32.985673021410683,-0.50002499169766157,0,0,0,0,0,0.70705375281792715
3802,32.994351177954066,-0.50002499168985182,0,0,0,0,0,0.70705375281792715
3803,33.003029334497455,-0.50002499168223302,0,0,0,0,0,0.70705375281792726
3804,33.011707491040838,-0.5000249916748063,0,0,0,0,0,0.70705375281792726
3805,33.020385647584227,-0.50002499166757342,0,0,0,0,0,0.70705375281792726
3806,33.02906380412761,-0.50002499166053471,0,0,0,0,0,0.70705375281792726
3807,33.037741960670999,-0.50002499165369163,0,0,0,0,0,0.70705375281792726
3808,33.046420117214389,-0.50002499164704517,0,0,0,0,0,0.70705375281792737
3809,33.055098273757771,-0.50002499164059655,0,0,0,0,0,0.70705375281792737
3810,33.063776430301161,-0.50002499163434655,0,0,0,0,0,0.70705375281792737
3811,33.072454586844543,-0.50002499162829595,0,0,0,0,0,0.70705375281792737
3812,33.081132743387933,-0.5000249916224454,0,0,0,0,0,0.70705375281792737
3813,33.089810899931315,-0.5000249916167967,0,0,0,0,0,0.70705375281792737
3814,33.098489056474705,-0.50002499161134983,0,0,0,0,0,0.70705375281792737
3815,33.107167213018087,-0.50002499160610581,0,0,0,0,0,0.70705375281792748
3816,33.115845369561477,-0.50002499160106595,0,0,0,0,0,0.70705375281792737
3817,33.124523526104859,-0.50002499159623026,0,0,0,0,0,0.70705375281792748
3818,33.133201682648249,-0.50002499159159997,0,0,0,0,0,0.70705375281792748
3819,33.141879839191631,-0.5000249915871755,0,0,0,0,0,0.70705375281792759
3820,33.150557995735021,-0.50002499158295777,0,0,0,0,0,0.70705375281792748
3821,33.159236152278403,-0.50002499157894731,0,0,0,0,0,0.70705375281792759
3822,33.167914308821793,-0.50002499157514457,0,0,0,0,0,0.70705375281792759
3823,33.176592465365175,-0.50002499157155023,0,0,0,0,0,0.70705375281792759
3824,33.185270621908565,-0.50002499156816504,0,0,0,0,0,0.70705375281792771
3825,33.193948778451947,-0.50002499156498936,0,0,0,0,0,0.70705375281792771
3826,33.202626934995337,-0.50002499156202362,0,0,0,0,0,0.70705375281792759
3827,33.211305091538719,-0.50002499155926827,0,0,0,0,0,0.70705375281792771
3828,33.219983248082109,-0.50002499155672375,0,0,0,0,0,0.70705375281792771
3829,33.228661404625491,-0.50002499155439017,0,0,0,0,0,0.70705375281792759
3830,33.237339561168881,-0.50002499155226843,0,0,0,0,0,0.70705375281792771
3831,33.246017717712263,-0.50002499155035851,0,0,0,0,0,0.70705375281792771
3832,33.254695874255653,-0.50002499154866054,0,0,0,0,0,0.70705375281792771
3833,33.263374030799035,-0.50002499154717506,0,0,0,0,0,0.70705375281792771
3834,33.272052187342425,-0.5000249915459023,0,0,0,0,0,0.70705375281792771
3835,33.280730343885814,-0.50002499154484226,0,0,0,0,0,0.70705375281792771
3836,33.289408500429197,-0.50002499154399516,0,0,0,0,0,0.70705375281792782
3837,33.298086656972586,-0.50002499154336144,0,0,0,0,0,0.70705375281792782
3838,33.306764813515969,-0.50002499154294056,0,0,0,0,0,0.70705375281792793
3839,33.315442970059358,-0.50002499154273305,0,0,0,0,0,0.70705375281792793
3840,33.324121126602741,-0.50002499154273916,0,0,0,0,0,0.70705375281792782
3841,33.33279928314613,-0.50002499154295799,0,0,0,0,0,0.70705375281792804
3842,33.341477439689513,-0.50002499154339031,0,0,0,0,0,0.70705375281792793
3843,33.350155596232902,-0.50002499154403601,0,0,0,0,0,0.70705375281792804
3844,33.358833752776285,-0.50002499154489477,0,0,0,0,0,0.70705375281792793
3845,33.367511909319674,-0.50002499154596647,0,0,0,0,0,0.70705375281792804
3846,33.376190065863057,-0.50002499154725122,0,0,0,0,0,0.70705375281792793
3847,33.384868222406446,-0.50002499154874824,0,0,0,0,0,0.70705375281792804
3848,33.393546378949829,-0.50002499155045799,0,0,0,0,0,0.70705375281792793
3849,33.402224535493218,-0.50002499155237912,0,0,0,0,0,0.70705375281792804
3850,33.410902692036601,-0.50002499155451285,0,0,0,0,0,0.70705375281792793
3851,33.41958084857999,-0.50002499155685798,0,0,0,0,0,0.70705375281792804
3852,33.428259005123373,-0.50002499155941438,0,0,0,0,0,0.70705375281792804
3853,33.436937161666762,-0.50002499156218116,0,0,0,0,0,0.70705375281792804
3854,33.445615318210145,-0.50002499156515867,0,0,0,0,0,0.70705375281792804
3855,33.454293474753534,-0.50002499156834612,0,0,0,0,0,0.70705375281792804
3856,33.462971631296917,-0.50002499157174285,0,0,0,0,0,0.70705375281792804
3857,33.471649787840306,-0.50002499157534852,0,0,0,0,0,0.70705375281792793
3858,33.480327944383689,-0.50002499157916258,0,0,0,0,0,0.70705375281792815
3859,33.489006100927078,-0.50002499158318459,0,0,0,0,0,0.70705375281792804
3860,33.497684257470468,-0.50002499158741354,0,0,0,0,0,0.70705375281792804
3861,33.50636241401385,-0.50002499159184921,0,0,0,0,0,0.70705375281792804
3862,33.51504057055724,-0.50002499159649094,0,0,0,0,0,0.70705375281792804
3863,33.523718727100622,-0.50002499160133773,0,0,0,0,0,0.70705375281792804
3864,33.532396883644012,-0.50002499160638891,0,0,0,0,0,0.70705375281792804
3865,33.541075040187394,-0.50002499161164415,0,0,0,0,0,0.70705375281792804
3866,33.549753196730784,-0.50002499161710201,0,0,0,0,0,0.70705375281792804
3867,33.558431353274166,-0.50002499162276204,0,0,0,0,0,0.70705375281792793
3868,33.567109509817556,-0.50002499162862324,0,0,0,0,0,0.70705375281792815
3869,33.575787666360938,-0.50002499163468495,0,0,0,0,0,0.70705375281792804
3870,33.584465822904328,-0.50002499164094616,0,0,0,0,0,0.70705375281792793
3871,33.59314397944771,-0.50002499164740577,0,0,0,0,0,0.70705375281792793
3872,33.6018221359911,-0.50002499165406322,0,0,0,0,0,0.70705375281792793
3873,33.610500292534482,-0.50002499166091696,0,0,0,0,0,0.70705375281792793
3874,33.619178449077872,-0.50002499166796632,0,0,0,0,0,0.70705375281792793
3875,33.627856605621254,-0.50002499167520997,0,0,0,0,0,0.70705375281792793
3876,33.636534762164644,-0.50002499168264714,0,0,0,0,0,0.70705375281792793
3877,33.645212918708026,-0.50002499169027625,0,0,0,0,0,0.70705375281792793
3878,33.653891075251416,-0.50002499169809678,0,0,0,0,0,0.70705375281792804
3879,33.662569231794798,-0.50002499170610715,0,0,0,0,0,0.70705375281792793
3880,33.671247388338188,-0.50002499171430614,0,0,0,0,0,0.70705375281792804
3881,33.67992554488157,-0.50002499172269288,0,0,0,0,0,0.70705375281792793
3882,33.68860370142496,-0.5000249917312658,0,0,0,0,0,0.70705375281792804
3883,33.697281857968342,-0.50002499174002346,0,0,0,0,0,0.70705375281792793
3884,33.705960014511732,-0.50002499174896486,0,0,0,0,0,0.70705375281792793
3885,33.714638171055114,-0.50002499175808857,0,0,0,0,0,0.70705375281792771
3886,33.723316327598504,-0.50002499176739312,0,0,0,0,0,0.70705375281792782
3887,33.731994484141893,-0.50002499177687687,0,0,0,0,0,0.70705375281792782
3888,33.740672640685275,-0.50002499178653914,0,0,0,0,0,0.70705375281792771
3889,33.749350797228665,-0.50002499179637772,0,0,0,0,0,0.70705375281792782
3890,33.758028953772047,-0.50002499180639148,0,0,0,0,0,0.70705375281792782
3891,33.766707110315437,-0.50002499181657889,0,0,0,0,0,0.70705375281792771
3892,33.775385266858819,-0.50002499182693838,0,0,0,0,0,0.70705375281792771
3893,33.784063423402209,-0.5000249918374684,0,0,0,0,0,0.70705375281792771
3894,33.792741579945591,-0.5000249918481674,0,0,0,0,0,0.70705375281792771
3895,33.801419736488981,-0.50002499185903371,0,0,0,0,0,0.70705375281792771
3896,33.810097893032363,-0.50002499187006577,0,0,0,0,0,0.70705375281792771
3897,33.818776049575753,-0.5000249918812617,0,0,0,0,0,0.70705375281792771
3898,33.827454206119135,-0.50002499189262017,0,0,0,0,0,0.70705375281792771
3899,33.836132362662525,-0.50002499190413907,0,0,0,0,0,0.70705375281792771
3900,33.844810519205907,-0.50002499191581706,0,0,0,0,0,0.70705375281792771
3901,33.853488675749297,-0.50002499192765182,0,0,0,0,0,0.70705375281792782
3902,33.862166832292679,-0.50002499193964245,0,0,0,0,0,0.70705375281792793
3903,33.870844988836069,-0.50002499195178651,0,0,0,0,0,0.70705375281792782
3904,33.879523145379451,-0.50002499196408234,0,0,0,0,0,0.70705375281792782
3905,33.888201301922841,-0.50002499197652805,0,0,0,0,0,0.70705375281792793
3906,33.896879458466223,-0.50002499198912165,0,0,0,0,0,0.70705375281792793
3907,33.905557615009613,-0.50002499200186157,0,0,0,0,0,0.70705375281792793
3908,33.914235771552995,-0.50002499201474548,0,0,0,0,0,0.70705375281792793
3909,33.922913928096385,-0.50002499202777173,0,0,0,0,0,0.70705375281792793
3910,33.931592084639767,-0.50002499204093831,0,0,0,0,0,0.70705375281792793
3911,33.940270241183157,-0.50002499205424322,0,0,0,0,0,0.70705375281792793
3912,33.948948397726539,-0.50002499206768436,0,0,0,0,0,0.70705375281792804
3913,33.957626554269929,-0.50002499208125983,0,0,0,0,0,0.70705375281792804
3914,33.966304710813318,-0.50002499209496754,0,0,0,0,0,0.70705375281792804
3915,33.974982867356701,-0.50002499210880547,0,0,0,0,0,0.70705375281792793
3916,33.98366102390009,-0.50002499212277174,0,0,0,0,0,0.70705375281792793
3917,33.992339180443473,-0.50002499213686358,0,0,0,0,0,0.70705375281792804
3918,34.001017336986862,-0.50002499215107954,0,0,0,0,0,0.70705375281792815
3919,34.009695493530245,-0.50002499216541718,0,0,0,0,0,0.70705375281792815
3920,34.018373650073634,-0.50002499217987451,0,0,0,0,0,0.70705375281792804
3921,34.027051806617017,-0.50002499219444907,0,0,0,0,0,0.70705375281792804
3922,34.035729963160406,-0.50002499220913899,0,0,0,0,0,0.70705375281792793
3923,34.044408119703789,-0.50002499222394203,0,0,0,0,0,0.70705375281792804
3924,34.053086276247178,-0.50002499223885577,0,0,0,0,0,0.70705375281792804
3925,34.061764432790561,-0.50002499225387775,0,0,0,0,0,0.70705375281792793
3926,34.07044258933395,-0.50002499226900632,0,0,0,0,0,0.70705375281792793
3927,34.079120745877333,-0.50002499228423858,0,0,0,0,0,0.70705375281792804
3928,34.087798902420722,-0.50002499229957276,0,0,0,0,0,0.70705375281792793
3929,34.096477058964105,-0.50002499231500652,0,0,0,0,0,0.70705375281792793
3930,34.105155215507494,-0.50002499233053677,0,0,0,0,0,0.70705375281792793
3931,34.113833372050877,-0.50002499234616238,0,0,0,0,0,0.70705375281792793
3932,34.122511528594266,-0.50002499236187981,0,0,0,0,0,0.70705375281792793
3933,34.131189685137649,-0.5000249923776876,0,0,0,0,0,0.70705375281792782
3934,34.139867841681038,-0.500024992393583,0,0,0,0,0,0.70705375281792793
3935,34.148545998224421,-0.50002499240956344,0,0,0,0,0,0.70705375281792793
3936,34.15722415476781,-0.50002499242562659,0,0,0,0,0,0.70705375281792793
3937,34.165902311311193,-0.50002499244177046,0,0,0,0,0,0.70705375281792793
3938,34.174580467854582,-0.50002499245799203,0,0,0,0,0,0.70705375281792804
3939,34.183258624397972,-0.50002499247428933,0,0,0,0,0,0.70705375281792815
3940,34.191936780941354,-0.50002499249065979,0,0,0,0,0,0.70705375281792793
3941,34.200614937484744,-0.50002499250710053,0,0,0,0,0,0.70705375281792804
3942,34.209293094028126,-0.50002499252360932,0,0,0,0,0,0.70705375281792815
3943,34.217971250571516,-0.50002499254018429,0,0,0,0,0,0.70705375281792804
3944,34.226649407114898,-0.50002499255682209,0,0,0,0,0,0.70705375281792815
3945,34.235327563658288,-0.50002499257352095,0,0,0,0,0,0.70705375281792793
3946,34.24400572020167,-0.50002499259027755,0,0,0,0,0,0.70705375281792804
3947,34.25268387674506,-0.50002499260708966,0,0,0,0,0,0.70705375281792804
3948,34.261362033288442,-0.50002499262395517,0,0,0,0,0,0.70705375281792793
3949,34.270040189831832,-0.50002499264087119,0,0,0,0,0,0.70705375281792793
3950,34.278718346375214,-0.50002499265783518,0,0,0,0,0,0.70705375281792782
3951,34.287396502918604,-0.50002499267484446,0,0,0,0,0,0.70705375281792793
3952,34.296074659461986,-0.50002499269189649,0,0,0,0,0,0.70705375281792804
3953,34.304752816005376,-0.50002499270898915,0,0,0,0,0,0.70705375281792804
3954,34.313430972548758,-0.50002499272611911,0,0,0,0,0,0.70705375281792804
3955,34.322109129092148,-0.50002499274328449,0,0,0,0,0,0.70705375281792804
3956,34.33078728563553,-0.50002499276048262,0,0,0,0,0,0.70705375281792804
3957,34.33946544217892,-0.50002499277771073,0,0,0,0,0,0.70705375281792804
3958,34.348143598722302,-0.50002499279496626,0,0,0,0,0,0.70705375281792793
3959,34.356821755265692,-0.50002499281224611,0,0,0,0,0,0.70705375281792793
3960,34.365499911809074,-0.5000249928295486,0,0,0,0,0,0.70705375281792793
3961,34.374178068352464,-0.50002499284687041,0,0,0,0,0,0.70705375281792782
3962,34.382856224895846,-0.50002499286420921,0,0,0,0,0,0.70705375281792804
3963,34.391534381439236,-0.50002499288156232,0,0,0,0,0,0.70705375281792804
3964,34.400212537982618,-0.50002499289892732,0,0,0,0,0,0.70705375281792804
3965,34.408890694526008,-0.5000249929163012,0,0,0,0,0,0.70705375281792804
3966,34.417568851069397,-0.50002499293368163,0,0,0,0,0,0.70705375281792815
3967,34.42624700761278,-0.50002499295106617,0,0,0,0,0,0.70705375281792804
3968,34.434925164156169,-0.50002499296845193,0,0,0,0,0,0.70705375281792815
3969,34.443603320699552,-0.50002499298583647,0,0,0,0,0,0.70705375281792804
3970,34.452281477242941,-0.50002499300321701,0,0,0,0,0,0.70705375281792804
3971,34.460959633786324,-0.50002499302059078,0,0,0,0,0,0.70705375281792804
3972,34.469637790329713,-0.50002499303795545,0,0,0,0,0,0.70705375281792793
3973,34.478315946873096,-0.50002499305530823,0,0,0,0,0,0.70705375281792793
3974,34.486994103416485,-0.50002499307264681,0,0,0,0,0,0.70705375281792793
3975,34.495672259959868,-0.50002499308996828,0,0,0,0,0,0.70705375281792793
3976,34.504350416503257,-0.50002499310726956,0,0,0,0,0,0.70705375281792793
3977,34.51302857304664,-0.50002499312454918,0,0,0,0,0,0.70705375281792793
3978,34.521706729590029,-0.50002499314180371,0,0,0,0,0,0.70705375281792804
3979,34.530384886133412,-0.50002499315903037,0,0,0,0,0,0.70705375281792804
3980,34.539063042676801,-0.50002499317622751,0,0,0,0,0,0.70705375281792804
3981,34.547741199220184,-0.50002499319339222,0,0,0,0,0,0.70705375281792815
3982,34.556419355763573,-0.50002499321052096,0,0,0,0,0,0.70705375281792815
3983,34.565097512306956,-0.50002499322761262,0,0,0,0,0,0.70705375281792815
3984,34.573775668850345,-0.50002499324466343,0,0,0,0,0,0.70705375281792804
3985,34.582453825393728,-0.5000249932616716,0,0,0,0,0,0.70705375281792804
3986,34.591131981937117,-0.50002499327863392,0,0,0,0,0,0.70705375281792804
3987,34.5998101384805,-0.50002499329554839,0,0,0,0,0,0.70705375281792793
3988,34.608488295023889,-0.50002499331241224,0,0,0,0,0,0.70705375281792804
3989,34.617166451567272,-0.5000249933292229,0,0,0,0,0,0.70705375281792804
3990,34.625844608110661,-0.50002499334597772,0,0,0,0,0,0.70705375281792804
3991,34.634522764654051,-0.50002499336267436,0,0,0,0,0,0.70705375281792804
3992,34.643200921197433,-0.50002499337931017,0,0,0,0,0,0.70705375281792804
3993,34.651879077740823,-0.50002499339588291,0,0,0,0,0,0.70705375281792804
3994,34.660557234284205,-0.50002499341238993,0,0,0,0,0,0.70705375281792815
3995,34.669235390827595,-0.50002499342882856,0,0,0,0,0,0.70705375281792815
3996,34.677913547370977,-0.50002499344519624,0,0,0,0,0,0.70705375281792815
3997,34.686591703914367,-0.5000249934614911,0,0,0,0,0,0.70705375281792815
3998,34.695269860457749,-0.50002499347771046,0,0,0,0,0,0.70705375281792804
3999,34.703948017001139,-0.50002499349385143,0,0,0,0,0,0.70705375281792804
4000,34.712626173544521,-0.50002499350991214,0,0,0,0,0,0.70705375281792815
4001,34.721304330087911,-0.50002499352588947,0,0,0,0,0,0.70705375281792815
4002,34.729982486631293,-0.50002499354178209,0,0,0,0,0,0.70705375281792815
4003,34.738660643174683,-0.50002499355758678,0,0,0,0,0,0.70705375281792815
4004,34.747338799718065,-0.50002499357330099,0,0,0,0,0,0.70705375281792815
4005,34.756016956261455,-0.50002499358892316,0,0,0,0,0,0.70705375281792815
4006,34.764695112804837,-0.50002499360445041,0,0,0,0,0,0.70705375281792815
4007,34.773373269348227,-0.50002499361988018,0,0,0,0,0,0.70705375281792815
4008,34.782051425891609,-0.50002499363521069,0,0,0,0,0,0.70705375281792815
4009,34.790729582434999,-0.50002499365043929,0,0,0,0,0,0.70705375281792826
4010,34.799407738978381,-0.50002499366556374,0,0,0,0,0,0.70705375281792826
4011,34.808085895521771,-0.50002499368058195,0,0,0,0,0,0.70705375281792826
4012,34.816764052065153,-0.50002499369549158,0,0,0,0,0,0.70705375281792815
4013,34.825442208608543,-0.50002499371029008,0,0,0,0,0,0.70705375281792826
4014,34.834120365151925,-0.50002499372497566,0,0,0,0,0,0.70705375281792815
4015,34.842798521695315,-0.50002499373954556,0,0,0,0,0,0.70705375281792826
4016,34.851476678238697,-0.50002499375399834,0,0,0,0,0,0.70705375281792815
4017,34.860154834782087,-0.50002499376833132,0,0,0,0,0,0.70705375281792815
4018,34.868832991325476,-0.50002499378254206,0,0,0,0,0,0.70705375281792826
4019,34.877511147868859,-0.50002499379662901,0,0,0,0,0,0.70705375281792815
4020,34.886189304412248,-0.50002499381058985,0,0,0,0,0,0.70705375281792826
4021,34.894867460955631,-0.50002499382442234,0,0,0,0,0,0.70705375281792837
4022,34.90354561749902,-0.5000249938381246,0,0,0,0,0,0.70705375281792837
4023,34.912223774042403,-0.50002499385169452,0,0,0,0,0,0.70705375281792837
4024,34.920901930585792,-0.50002499386512977,0,0,0,0,0,0.70705375281792837
4025,34.929580087129175,-0.50002499387842891,0,0,0,0,0,0.70705375281792837
4026,34.938258243672564,-0.50002499389158928,0,0,0,0,0,0.70705375281792837
4027,34.946936400215947,-0.50002499390460931,0,0,0,0,0,0.70705375281792837
4028,34.955614556759336,-0.50002499391748689,0,0,0,0,0,0.70705375281792837
4029,34.964292713302719,-0.50002499393021993,0,0,0,0,0,0.70705375281792837
4030,34.972970869846108,-0.50002499394280697,0,0,0,0,0,0.70705375281792826
4031,34.981649026389491,-0.50002499395524591,0,0,0,0,0,0.70705375281792826
4032,34.99032718293288,-0.50002499396753453,0,0,0,0,0,0.70705375281792837
4033,34.999005339476263,-0.50002499397967148,0,0,0,0,0,0.70705375281792837
4034,35.007683496019652,-0.50002499399165456,0,0,0,0,0,0.70705375281792837
4035,35.016361652563035,-0.50002499400348199,0,0,0,0,0,0.70705375281792826
4036,35.025039809106424,-0.50002499401515221,0,0,0,0,0,0.70705375281792815
4037,35.033717965649807,-0.50002499402666312,0,0,0,0,0,0.70705375281792815
4038,35.042396122193196,-0.50002499403801359,0,0,0,0,0,0.70705375281792826
4039,35.051074278736579,-0.50002499404920142,0,0,0,0,0,0.70705375281792815
4040,35.059752435279968,-0.50002499406022471,0,0,0,0,0,0.70705375281792815
4041,35.068430591823351,-0.50002499407108258,0,0,0,0,0,0.70705375281792815
4042,35.07710874836674,-0.5000249940817727,0,0,0,0,0,0.70705375281792815
4043,35.085786904910123,-0.50002499409229362,0,0,0,0,0,0.70705375281792815
4044,35.094465061453512,-0.500024994102644,0,0,0,0,0,0.70705375281792815
4045,35.103143217996902,-0.50002499411282186,0,0,0,0,0,0.70705375281792815
4046,35.111821374540284,-0.50002499412282586,0,0,0,0,0,0.70705375281792826
4047,35.120499531083674,-0.500024994132655,0,0,0,0,0,0.70705375281792826
4048,35.129177687627056,-0.50002499414230683,0,0,0,0,0,0.70705375281792826
4049,35.137855844170446,-0.50002499415178059,0,0,0,0,0,0.70705375281792826
4050,35.146534000713828,-0.5000249941610746,0,0,0,0,0,0.70705375281792826
4051,35.155212157257218,-0.50002499417018786,0,0,0,0,0,0.70705375281792826
4052,35.1638903138006,-0.50002499417911839,0,0,0,0,0,0.70705375281792837
4053,35.17256847034399,-0.50002499418786495,0,0,0,0,0,0.70705375281792837
4054,35.181246626887372,-0.50002499419642632,0,0,0,0,0,0.70705375281792837
4055,35.189924783430762,-0.50002499420480173,0,0,0,0,0,0.70705375281792848
4056,35.198602939974144,-0.50002499421298907,0,0,0,0,0,0.70705375281792837
4057,35.207281096517534,-0.50002499422098778,0,0,0,0,0,0.70705375281792837
4058,35.215959253060916,-0.5000249942287962,0,0,0,0,0,0.70705375281792837
4059,35.224637409604306,-0.50002499423641367,0,0,0,0,0,0.70705375281792837
4060,35.233315566147688,-0.50002499424383817,0,0,0,0,0,0.70705375281792837
4061,35.241993722691078,-0.50002499425106939,0,0,0,0,0,0.70705375281792837
4062,35.25067187923446,-0.50002499425810565,0,0,0,0,0,0.70705375281792848
4063,35.25935003577785,-0.50002499426494651,0,0,0,0,0,0.70705375281792837
4064,35.268028192321232,-0.50002499427159064,0,0,0,0,0,0.70705375281792848
4065,35.276706348864622,-0.50002499427803682,0,0,0,0,0,0.70705375281792859
4066,35.285384505408004,-0.50002499428428426,0,0,0,0,0,0.70705375281792848
4067,35.294062661951394,-0.5000249942903322,0,0,0,0,0,0.70705375281792848
4068,35.302740818494776,-0.50002499429617953,0,0,0,0,0,0.70705375281792848
4069,35.311418975038166,-0.50002499430182568,0,0,0,0,0,0.70705375281792848
4070,35.320097131581555,-0.5000249943072691,0,0,0,0,0,0.70705375281792859
4071,35.328775288124938,-0.50002499431250946,0,0,0,0,0,0.70705375281792848
4072,35.337453444668327,-0.50002499431754577,0,0,0,0,0,0.70705375281792848
4073,35.346131601211709,-0.50002499432237779,0,0,0,0,0,0.70705375281792848
4074,35.354809757755099,-0.5000249943270042,0,0,0,0,0,0.70705375281792848
4075,35.363487914298481,-0.50002499433142444,0,0,0,0,0,0.70705375281792848
4076,35.372166070841871,-0.50002499433563807,0,0,0,0,0,0.70705375281792848
4077,35.380844227385253,-0.50002499433964409,0,0,0,0,0,0.70705375281792848
4078,35.389522383928643,-0.50002499434344205,0,0,0,0,0,0.70705375281792837
4079,35.398200540472025,-0.50002499434703163,0,0,0,0,0,0.70705375281792848
4080,35.406878697015415,-0.50002499435041203,0,0,0,0,0,0.70705375281792837
4081,35.415556853558797,-0.50002499435358283,0,0,0,0,0,0.70705375281792848
4082,35.424235010102187,-0.50002499435654346,0,0,0,0,0,0.70705375281792837
4083,35.432913166645569,-0.5000249943592936,0,0,0,0,0,0.70705375281792837
4084,35.441591323188959,-0.50002499436183223,0,0,0,0,0,0.70705375281792837
4085,35.450269479732341,-0.50002499436416004,0,0,0,0,0,0.70705375281792837
4086,35.458947636275731,-0.50002499436627612,0,0,0,0,0,0.70705375281792837
4087,35.467625792819113,-0.50002499436818004,0,0,0,0,0,0.70705375281792848
4088,35.476303949362503,-0.5000249943698718,0,0,0,0,0,0.70705375281792837
4089,35.484982105905885,-0.50002499437135084,0,0,0,0,0,0.70705375281792837
4090,35.493660262449275,-0.50002499437261727,0,0,0,0,0,0.70705375281792826
4091,35.502338418992657,-0.50002499437367032,0,0,0,0,0,0.70705375281792837
4092,35.511016575536047,-0.50002499437451065,0,0,0,0,0,0.70705375281792837
4093,35.519694732079429,-0.50002499437513737,0,0,0,0,0,0.70705375281792848
4094,35.528372888622819,-0.50002499437555092,0,0,0,0,0,0.70705375281792837
4095,35.537051045166201,-0.50002499437575099,0,0,0,0,0,0.70705375281792837
4096,35.545729201709591,-0.50002499437573766,0,0,0,0,0,0.70705375281792848
4097,35.55440735825298,-0.50002499437551062,0,0,0,0,0,0.70705375281792837
4098,35.563085514796363,-0.50002499437507042,0,0,0,0,0,0.70705375281792826
4099,35.571763671339752,-0.50002499437441694,0,0,0,0,0,0.70705375281792826
4100,35.580441827883135,-0.50002499437354997,0,0,0,0,0,0.70705375281792837
4101,35.589119984426524,-0.50002499437247006,0,0,0,0,0,0.70705375281792837
4102,35.597798140969907,-0.50002499437117698,0,0,0,0,0,0.70705375281792837
4103,35.606476297513296,-0.50002499436967118,0,0,0,0,0,0.70705375281792826
4104,35.615154454056679,-0.500024994367953,0,0,0,0,0,0.70705375281792837
4105,35.623832610600068,-0.50002499436602221,0,0,0,0,0,0.70705375281792837
4106,35.632510767143451,-0.5000249943638797,0,0,0,0,0,0.70705375281792837
4107,35.64118892368684,-0.50002499436152548,0,0,0,0,0,0.70705375281792837
4108,35.649867080230223,-0.50002499435895997,0,0,0,0,0,0.70705375281792826
4109,35.658545236773612,-0.50002499435618342,0,0,0,0,0,0.70705375281792826
4110,35.667223393316995,-0.50002499435319658,0,0,0,0,0,0.70705375281792826
4111,35.675901549860384,-0.50002499434999947,0,0,0,0,0,0.70705375281792826
4112,35.684579706403767,-0.50002499434659264,0,0,0,0,0,0.70705375281792837
4113,35.693257862947156,-0.50002499434297709,0,0,0,0,0,0.70705375281792837
4114,35.701936019490539,-0.50002499433915271,0,0,0,0,0,0.70705375281792837
4115,35.710614176033928,-0.50002499433512071,0,0,0,0,0,0.70705375281792826
4116,35.719292332577311,-0.5000249943308811,0,0,0,0,0,0.70705375281792837
4117,35.7279704891207,-0.50002499432643488,0,0,0,0,0,0.70705375281792837
4118,35.736648645664083,-0.50002499432178271,0,0,0,0,0,0.70705375281792837
4119,35.745326802207472,-0.50002499431692515,0,0,0,0,0,0.70705375281792837
4120,35.754004958750855,-0.50002499431186309,0,0,0,0,0,0.70705375281792837
4121,35.762683115294244,-0.5000249943065973,0,0,0,0,0,0.70705375281792837
4122,35.771361271837627,-0.50002499430112801,0,0,0,0,0,0.70705375281792837
4123,35.780039428381016,-0.50002499429545699,0,0,0,0,0,0.70705375281792837
4124,35.788717584924406,-0.50002499428958436,0,0,0,0,0,0.70705375281792837
4125,35.797395741467788,-0.50002499428351155,0,0,0,0,0,0.70705375281792826
4126,35.806073898011178,-0.5000249942772389,0,0,0,0,0,0.70705375281792837
4127,35.81475205455456,-0.50002499427076796,0,0,0,0,0,0.70705375281792826
4128,35.82343021109795,-0.50002499426409885,0,0,0,0,0,0.70705375281792826
4129,35.832108367641332,-0.50002499425723346,0,0,0,0,0,0.70705375281792826
4130,35.840786524184722,-0.50002499425017255,0,0,0,0,0,0.70705375281792837
4131,35.849464680728104,-0.50002499424291713,0,0,0,0,0,0.70705375281792837
4132,35.858142837271494,-0.50002499423546798,0,0,0,0,0,0.70705375281792826
4133,35.866820993814876,-0.50002499422782709,0,0,0,0,0,0.70705375281792826
4134,35.875499150358266,-0.50002499421999447,0,0,0,0,0,0.70705375281792837
4135,35.884177306901648,-0.50002499421197211,0,0,0,0,0,0.70705375281792837
4136,35.892855463445038,-0.5000249942037609,0,0,0,0,0,0.70705375281792837
4137,35.90153361998842,-0.50002499419536228,0,0,0,0,0,0.70705375281792826
4138,35.91021177653181,-0.50002499418677737,0,0,0,0,0,0.70705375281792837
4139,35.918889933075192,-0.50002499417800728,0,0,0,0,0,0.70705375281792826
4140,35.927568089618582,-0.50002499416905377,0,0,0,0,0,0.70705375281792826
4141,35.936246246161964,-0.50002499415991819,0,0,0,0,0,0.70705375281792826
4142,35.944924402705354,-0.50002499415060142,0,0,0,0,0,0.70705375281792826
4143,35.953602559248736,-0.50002499414110513,0,0,0,0,0,0.70705375281792826
4144,35.962280715792126,-0.50002499413143109,0,0,0,0,0,0.70705375281792826
4145,35.970958872335508,-0.50002499412157986,0,0,0,0,0,0.70705375281792826
4146,35.979637028878898,-0.50002499411155377,0,0,0,0,0,0.70705375281792826
4147,35.98831518542228,-0.50002499410135404,0,0,0,0,0,0.70705375281792826
4148,35.99699334196567,-0.50002499409098222,0,0,0,0,0,0.70705375281792826
4149,36.005671498509059,-0.5000249940804401,0,0,0,0,0,0.70705375281792815
4150,36.014349655052442,-0.50002499406972911,0,0,0,0,0,0.70705375281792815
4151,36.023027811595831,-0.50002499405885059,0,0,0,0,0,0.70705375281792815
4152,36.031705968139214,-0.5000249940478062,0,0,0,0,0,0.70705375281792815
4153,36.040384124682603,-0.50002499403659784,0,0,0,0,0,0.70705375281792815
4154,36.049062281225986,-0.50002499402522727,0,0,0,0,0,0.70705375281792815
4155,36.057740437769375,-0.50002499401369616,0,0,0,0,0,0.70705375281792815
4156,36.066418594312758,-0.50002499400200617,0,0,0,0,0,0.70705375281792815
4157,36.075096750856147,-0.50002499399015909,0,0,0,0,0,0.70705375281792815
4158,36.08377490739953,-0.5000249939781567,0,0,0,0,0,0.70705375281792815
4159,36.092453063942919,-0.50002499396600075,0,0,0,0,0,0.70705375281792815
4160,36.101131220486302,-0.50002499395369315,0,0,0,0,0,0.70705375281792815
4161,36.109809377029691,-0.50002499394123567,0,0,0,0,0,0.70705375281792826
4162,36.118487533573074,-0.50002499392863009,0,0,0,0,0,0.70705375281792837
4163,36.127165690116463,-0.50002499391587873,0,0,0,0,0,0.70705375281792837
4164,36.135843846659846,-0.50002499390298305,0,0,0,0,0,0.70705375281792837
4165,36.144522003203235,-0.50002499388994504,0,0,0,0,0,0.70705375281792837
4166,36.153200159746618,-0.50002499387676735,0,0,0,0,0,0.70705375281792837
4167,36.161878316290007,-0.50002499386345112,0,0,0,0,0,0.70705375281792837
4168,36.17055647283339,-0.50002499384999854,0,0,0,0,0,0.70705375281792837
4169,36.179234629376779,-0.50002499383641186,0,0,0,0,0,0.70705375281792837
4170,36.187912785920162,-0.50002499382269339,0,0,0,0,0,0.70705375281792837
4171,36.196590942463551,-0.50002499380884458,0,0,0,0,0,0.70705375281792837
4172,36.205269099006934,-0.50002499379486798,0,0,0,0,0,0.70705375281792837
4173,36.213947255550323,-0.50002499378076515,0,0,0,0,0,0.70705375281792837
4174,36.222625412093706,-0.50002499376653864,0,0,0,0,0,0.70705375281792837
4175,36.231303568637095,-0.50002499375219078,0,0,0,0,0,0.70705375281792837
4176,36.239981725180485,-0.50002499373772313,0,0,0,0,0,0.70705375281792837
4177,36.248659881723867,-0.50002499372313869,0,0,0,0,0,0.70705375281792826
4178,36.257338038267257,-0.50002499370843889,0,0,0,0,0,0.70705375281792837
4179,36.266016194810639,-0.50002499369362607,0,0,0,0,0,0.70705375281792837
4180,36.274694351354029,-0.5000249936787029,0,0,0,0,0,0.70705375281792837
4181,36.283372507897411,-0.50002499366367115,0,0,0,0,0,0.70705375281792837
4182,36.292050664440801,-0.50002499364853359,0,0,0,0,0,0.70705375281792826
4183,36.300728820984183,-0.50002499363329211,0,0,0,0,0,0.70705375281792826
4184,36.309406977527573,-0.50002499361794905,0,0,0,0,0,0.70705375281792815
4185,36.318085134070955,-0.50002499360250685,0,0,0,0,0,0.70705375281792815
4186,36.326763290614345,-0.50002499358696739,0,0,0,0,0,0.70705375281792815
4187,36.335441447157727,-0.50002499357133368,0,0,0,0,0,0.70705375281792815
4188,36.344119603701117,-0.50002499355560792,0,0,0,0,0,0.70705375281792815
4189,36.352797760244499,-0.50002499353979202,0,0,0,0,0,0.70705375281792826
4190,36.361475916787889,-0.50002499352388896,0,0,0,0,0,0.70705375281792815
4191,36.370154073331271,-0.50002499350790064,0,0,0,0,0,0.70705375281792826
4192,36.378832229874661,-0.50002499349182994,0,0,0,0,0,0.70705375281792826
4193,36.387510386418043,-0.50002499347567897,0,0,0,0,0,0.70705375281792826
4194,36.396188542961433,-0.50002499345944995,0,0,0,0,0,0.70705375281792826
4195,36.404866699504815,-0.50002499344314577,0,0,0,0,0,0.70705375281792837
4196,36.413544856048205,-0.50002499342676876,0,0,0,0,0,0.70705375281792837
4197,36.422223012591587,-0.50002499341032136,0,0,0,0,0,0.70705375281792848
4198,36.430901169134977,-0.50002499339380613,0,0,0,0,0,0.70705375281792837
4199,36.439579325678359,-0.50002499337722517,0,0,0,0,0,0.70705375281792837
4200,36.448257482221749,-0.50002499336058137,0,0,0,0,0,0.70705375281792848
4201,36.456935638765131,-0.50002499334387718,0,0,0,0,0,0.70705375281792837
4202,36.465613795308521,-0.50002499332711536,0,0,0,0,0,0.70705375281792848
4203,36.47429195185191,-0.50002499331029782,0,0,0,0,0,0.70705375281792848
4204,36.482970108395293,-0.50002499329342753,0,0,0,0,0,0.70705375281792848
4205,36.491648264938682,-0.50002499327650707,0,0,0,0,0,0.70705375281792848
4206,36.500326421482065,-0.50002499325953875,0,0,0,0,0,0.70705375281792848
4207,36.509004578025454,-0.50002499324252514,0,0,0,0,0,0.70705375281792837
4208,36.517682734568837,-0.50002499322546901,0,0,0,0,0,0.70705375281792848
4209,36.526360891112226,-0.50002499320837279,0,0,0,0,0,0.70705375281792848
4210,36.535039047655609,-0.50002499319123905,0,0,0,0,0,0.70705375281792848
4211,36.543717204198998,-0.50002499317407034,0,0,0,0,0,0.70705375281792848
4212,36.552395360742381,-0.50002499315686944,0,0,0,0,0,0.70705375281792859
4213,36.56107351728577,-0.50002499313963855,0,0,0,0,0,0.70705375281792859
4214,36.569751673829153,-0.5000249931223808,0,0,0,0,0,0.70705375281792848
4215,36.578429830372542,-0.5000249931050984,0,0,0,0,0,0.70705375281792859
4216,36.587107986915925,-0.50002499308779425,0,0,0,0,0,0.70705375281792848
4217,36.595786143459314,-0.50002499307047044,0,0,0,0,0,0.70705375281792859
4218,36.604464300002697,-0.5000249930531302,0,0,0,0,0,0.7070537528179287
4219,36.613142456546086,-0.50002499303577563,0,0,0,0,0,0.70705375281792859
4220,36.621820613089469,-0.50002499301840964,0,0,0,0,0,0.7070537528179287
4221,36.630498769632858,-0.50002499300103498,0,0,0,0,0,0.7070537528179287
4222,36.639176926176241,-0.50002499298365377,0,0,0,0,0,0.70705375281792859
4223,36.64785508271963,-0.50002499296626912,0,0,0,0,0,0.70705375281792859
4224,36.656533239263013,-0.50002499294888358,0,0,0,0,0,0.7070537528179287
4225,36.665211395806402,-0.50002499293149927,0,0,0,0,0,0.7070537528179287
4226,36.673889552349785,-0.50002499291411939,0,0,0,0,0,0.70705375281792859
4227,36.682567708893174,-0.50002499289674629,0,0,0,0,0,0.7070537528179287
4228,36.691245865436564,-0.50002499287938285,0,0,0,0,0,0.70705375281792859
4229,36.699924021979946,-0.50002499286203117,0,0,0,0,0,0.7070537528179287
4230,36.708602178523336,-0.50002499284469437,0,0,0,0,0,0.70705375281792859
4231,36.717280335066718,-0.50002499282737478,0,0,0,0,0,0.70705375281792859
4232,36.725958491610108,-0.50002499281007518,0,0,0,0,0,0.7070537528179287
4233,36.73463664815349,-0.50002499279279777,0,0,0,0,0,0.7070537528179287
4234,36.74331480469688,-0.5000249927755458,0,0,0,0,0,0.70705375281792859
4235,36.751992961240262,-0.50002499275832157,0,0,0,0,0,0.70705375281792859
4236,36.760671117783652,-0.50002499274112744,0,0,0,0,0,0.70705375281792859
4237,36.769349274327034,-0.50002499272396639,0,0,0,0,0,0.7070537528179287
4238,36.778027430870424,-0.50002499270684075,0,0,0,0,0,0.7070537528179287
4239,36.786705587413806,-0.50002499268975309,0,0,0,0,0,0.70705375281792882
4240,36.795383743957196,-0.50002499267270606,0,0,0,0,0,0.70705375281792882
4241,36.804061900500578,-0.50002499265570233,0,0,0,0,0,0.70705375281792882
4242,36.812740057043968,-0.50002499263874434,0,0,0,0,0,0.7070537528179287
4243,36.82141821358735,-0.50002499262183453,0,0,0,0,0,0.7070537528179287
4244,36.83009637013074,-0.50002499260497568,0,0,0,0,0,0.7070537528179287
4245,36.838774526674122,-0.50002499258817035,0,0,0,0,0,0.7070537528179287
4246,36.847452683217512,-0.50002499257142086,0,0,0,0,0,0.70705375281792859
4247,36.856130839760894,-0.50002499255472999,0,0,0,0,0,0.7070537528179287
4248,36.864808996304284,-0.50002499253809973,0,0,0,0,0,0.70705375281792848
4249,36.873487152847666,-0.50002499252153321,0,0,0,0,0,0.70705375281792859
4250,36.882165309391056,-0.50002499250503252,0,0,0,0,0,0.70705375281792859
4251,36.890843465934438,-0.50002499248860033,0,0,0,0,0,0.70705375281792859
4252,36.899521622477828,-0.50002499247223908,0,0,0,0,0,0.70705375281792859
4253,36.90819977902121,-0.50002499245595111,0,0,0,0,0,0.70705375281792848
4254,36.9168779355646,-0.50002499243973886,0,0,0,0,0,0.7070537528179287
4255,36.925556092107989,-0.50002499242360521,0,0,0,0,0,0.70705375281792859
4256,36.934234248651372,-0.50002499240755216,0,0,0,0,0,0.70705375281792859
4257,36.942912405194761,-0.50002499239158227,0,0,0,0,0,0.70705375281792848
4258,36.951590561738143,-0.50002499237569786,0,0,0,0,0,0.70705375281792859
4259,36.960268718281533,-0.50002499235990117,0,0,0,0,0,0.70705375281792859
4260,36.968946874824915,-0.50002499234419517,0,0,0,0,0,0.70705375281792859
4261,36.977625031368305,-0.50002499232858155,0,0,0,0,0,0.70705375281792859
4262,36.986303187911687,-0.50002499231306308,0,0,0,0,0,0.70705375281792859
4263,36.994981344455077,-0.50002499229764197,0,0,0,0,0,0.70705375281792848
4264,37.003659500998459,-0.50002499228232045,0,0,0,0,0,0.70705375281792848
4265,37.012337657541849,-0.50002499226710095,0,0,0,0,0,0.70705375281792859
4266,37.021015814085231,-0.50002499225198582,0,0,0,0,0,0.70705375281792859
4267,37.029693970628621,-0.50002499223697694,0,0,0,0,0,0.70705375281792859
4268,37.038372127172003,-0.50002499222207719,0,0,0,0,0,0.70705375281792859
4269,37.047050283715393,-0.50002499220728824,0,0,0,0,0,0.70705375281792859
4270,37.055728440258775,-0.50002499219261254,0,0,0,0,0,0.70705375281792882
4271,37.064406596802165,-0.50002499217805252,0,0,0,0,0,0.7070537528179287
4272,37.073084753345547,-0.50002499216361018,0,0,0,0,0,0.70705375281792882
4273,37.081762909888937,-0.50002499214928764,0,0,0,0,0,0.70705375281792882
4274,37.090441066432319,-0.50002499213508711,0,0,0,0,0,0.70705375281792882
4275,37.099119222975709,-0.5000249921210107,0,0,0,0,0,0.70705375281792882
4276,37.107797379519091,-0.50002499210706064,0,0,0,0,0,0.70705375281792882
4277,37.116475536062481,-0.5000249920932387,0,0,0,0,0,0.70705375281792893
4278,37.125153692605863,-0.50002499207954743,0,0,0,0,0,0.70705375281792882
4279,37.133831849149253,-0.50002499206598872,0,0,0,0,0,0.70705375281792893
4280,37.142510005692642,-0.50002499205256423,0,0,0,0,0,0.70705375281792904
4281,37.151188162236025,-0.50002499203927653,0,0,0,0,0,0.70705375281792904
4282,37.159866318779414,-0.50002499202612771,0,0,0,0,0,0.70705375281792904
4283,37.168544475322797,-0.50002499201311901,0,0,0,0,0,0.70705375281792904
4284,37.177222631866186,-0.50002499200025308,0,0,0,0,0,0.70705375281792904
4285,37.185900788409569,-0.50002499198753136,0,0,0,0,0,0.70705375281792904
4286,37.194578944952958,-0.50002499197495631,0,0,0,0,0,0.70705375281792904
4287,37.203257101496341,-0.50002499196252903,0,0,0,0,0,0.70705375281792904
4288,37.21193525803973,-0.50002499195025252,0,0,0,0,0,0.70705375281792904
4289,37.220613414583113,-0.50002499193812744,0,0,0,0,0,0.70705375281792904
4290,37.229291571126502,-0.50002499192615646,0,0,0,0,0,0.70705375281792904
4291,37.237969727669885,-0.50002499191434091,0,0,0,0,0,0.70705375281792915
4292,37.246647884213274,-0.50002499190268279,0,0,0,0,0,0.70705375281792926
4293,37.255326040756657,-0.50002499189118366,0,0,0,0,0,0.70705375281792926
4294,37.264004197300046,-0.50002499187984517,0,0,0,0,0,0.70705375281792926
4295,37.272682353843429,-0.50002499186866989,0,0,0,0,0,0.70705375281792926
4296,37.281360510386818,-0.50002499185765836,0,0,0,0,0,0.70705375281792926
4297,37.290038666930201,-0.50002499184681315,0,0,0,0,0,0.70705375281792937
4298,37.29871682347359,-0.50002499183613525,0,0,0,0,0,0.70705375281792926
4299,37.307394980016973,-0.50002499182562654,0,0,0,0,0,0.70705375281792937
4300,37.316073136560362,-0.50002499181528859,0,0,0,0,0,0.70705375281792937
4301,37.324751293103745,-0.50002499180512283,0,0,0,0,0,0.70705375281792937
4302,37.333429449647134,-0.50002499179513082,0,0,0,0,0,0.70705375281792937
4303,37.342107606190517,-0.50002499178531457,0,0,0,0,0,0.70705375281792948
4304,37.350785762733906,-0.5000249917756745,0,0,0,0,0,0.70705375281792948
4305,37.359463919277289,-0.50002499176621296,0,0,0,0,0,0.70705375281792948
4306,37.368142075820678,-0.50002499175693127,0,0,0,0,0,0.70705375281792948
4307,37.376820232364068,-0.50002499174783055,0,0,0,0,0,0.70705375281792948
4308,37.38549838890745,-0.50002499173891213,0,0,0,0,0,0.70705375281792937
4309,37.39417654545084,-0.50002499173017734,0,0,0,0,0,0.70705375281792926
4310,37.402854701994222,-0.50002499172162806,0,0,0,0,0,0.70705375281792926
4311,37.411532858537612,-0.50002499171326509,0,0,0,0,0,0.70705375281792926
4312,37.420211015080994,-0.50002499170508952,0,0,0,0,0,0.70705375281792926
4313,37.428889171624384,-0.50002499169710291,0,0,0,0,0,0.70705375281792926
4314,37.437567328167766,-0.50002499168930636,0,0,0,0,0,0.70705375281792926
4315,37.446245484711156,-0.50002499168170123,0,0,0,0,0,0.70705375281792937
4316,37.454923641254538,-0.50002499167428827,0,0,0,0,0,0.70705375281792937
4317,37.463601797797928,-0.50002499166706904,0,0,0,0,0,0.70705375281792926
4318,37.47227995434131,-0.50002499166004433,0,0,0,0,0,0.70705375281792926
4319,37.4809581108847,-0.50002499165321512,0,0,0,0,0,0.70705375281792915
4320,37.489636267428082,-0.50002499164658265,0,0,0,0,0,0.70705375281792926
4321,37.498314423971472,-0.50002499164014769,0,0,0,0,0,0.70705375281792926
4322,37.506992580514854,-0.50002499163391145,0,0,0,0,0,0.70705375281792926
4323,37.515670737058244,-0.50002499162787506,0,0,0,0,0,0.70705375281792926
4324,37.524348893601626,-0.50002499162203895,0,0,0,0,0,0.70705375281792926
4325,37.533027050145016,-0.50002499161640412,0,0,0,0,0,0.70705375281792915
4326,37.541705206688398,-0.5000249916109718,0,0,0,0,0,0.70705375281792926
4327,37.550383363231788,-0.50002499160574221,0,0,0,0,0,0.70705375281792915
4328,37.55906151977517,-0.50002499160071656,0,0,0,0,0,0.70705375281792915
4329,37.56773967631856,-0.50002499159589531,0,0,0,0,0,0.70705375281792915
4330,37.576417832861942,-0.50002499159127978,0,0,0,0,0,0.70705375281792904
4331,37.585095989405332,-0.50002499158686997,0,0,0,0,0,0.70705375281792915
4332,37.593774145948714,-0.50002499158266689,0,0,0,0,0,0.70705375281792904
4333,37.602452302492104,-0.50002499157867075,0,0,0,0,0,0.70705375281792904
4334,37.611130459035493,-0.50002499157488312,0,0,0,0,0,0.70705375281792915
4335,37.619808615578876,-0.50002499157130353,0,0,0,0,0,0.70705375281792904
4336,37.628486772122265,-0.50002499156793312,0,0,0,0,0,0.70705375281792904
4337,37.637164928665648,-0.50002499156477209,0,0,0,0,0,0.70705375281792904
4338,37.645843085209037,-0.50002499156182134,0,0,0,0,0,0.70705375281792893
4339,37.65452124175242,-0.50002499155908064,0,0,0,0,0,0.70705375281792893
4340,37.663199398295809,-0.50002499155655078,0,0,0,0,0,0.70705375281792893
4341,37.671877554839192,-0.5000249915542323,0,0,0,0,0,0.70705375281792893
4342,37.680555711382581,-0.50002499155212521,0,0,0,0,0,0.70705375281792893
4343,37.689233867925964,-0.50002499155023039,0,0,0,0,0,0.70705375281792893
4344,37.697912024469353,-0.5000249915485474,0,0,0,0,0,0.70705375281792893
4345,37.706590181012736,-0.50002499154707702,0,0,0,0,0,0.70705375281792893
4346,37.715268337556125,-0.50002499154581903,0,0,0,0,0,0.70705375281792882
4347,37.723946494099508,-0.50002499154477409,0,0,0,0,0,0.70705375281792893
4348,37.732624650642897,-0.50002499154394198,0,0,0,0,0,0.70705375281792882
4349,37.74130280718628,-0.50002499154332325,0,0,0,0,0,0.70705375281792882
4350,37.749980963729669,-0.5000249915429178,0,0,0,0,0,0.7070537528179287
4351,37.758659120273052,-0.50002499154272517,0,0,0,0,0,0.70705375281792882
4352,37.767337276816441,-0.50002499154274616,0,0,0,0,0,0.7070537528179287
4353,37.776015433359824,-0.50002499154298019,0,0,0,0,0,0.70705375281792882
4354,37.784693589903213,-0.50002499154342772,0,0,0,0,0,0.70705375281792882
4355,37.793371746446596,-0.50002499154408853,0,0,0,0,0,0.70705375281792882
4356,37.802049902989985,-0.50002499154496216,0,0,0,0,0,0.70705375281792882
4357,37.810728059533368,-0.50002499154604862,0,0,0,0,0,0.70705375281792882
4358,37.819406216076757,-0.50002499154734836,0,0,0,0,0,0.7070537528179287
4359,37.828084372620147,-0.5000249915488606,0,0,0,0,0,0.7070537528179287
4360,37.836762529163529,-0.50002499155058511,0,0,0,0,0,0.7070537528179287
4361,37.845440685706919,-0.50002499155252167,0,0,0,0,0,0.7070537528179287
4362,37.854118842250301,-0.50002499155466995,0,0,0,0,0,0.70705375281792882
4363,37.862796998793691,-0.50002499155703017,0,0,0,0,0,0.7070537528179287
4364,37.871475155337073,-0.50002499155960112,0,0,0,0,0,0.70705375281792859
4365,37.880153311880463,-0.500024991562383,0,0,0,0,0,0.70705375281792859
4366,37.888831468423845,-0.50002499156537517,0,0,0,0,0,0.70705375281792848
4367,37.897509624967235,-0.50002499156857749,0,0,0,0,0,0.70705375281792859
4368,37.906187781510617,-0.50002499157198899,0,0,0,0,0,0.70705375281792848
4369,37.914865938054007,-0.50002499157560931,0,0,0,0,0,0.70705375281792848
4370,37.923544094597389,-0.50002499157943803,0,0,0,0,0,0.70705375281792848
4371,37.932222251140779,-0.50002499158347458,0,0,0,0,0,0.70705375281792859
4372,37.940900407684161,-0.50002499158771818,0,0,0,0,0,0.70705375281792859
4373,37.949578564227551,-0.50002499159216829,0,0,0,0,0,0.70705375281792859
4374,37.958256720770933,-0.50002499159682434,0,0,0,0,0,0.70705375281792859
4375,37.966934877314323,-0.50002499160168568,0,0,0,0,0,0.70705375281792859
4376,37.975613033857705,-0.5000249916067514,0,0,0,0,0,0.70705375281792837
4377,37.984291190401095,-0.50002499161202063,0,0,0,0,0,0.70705375281792848
4378,37.992969346944477,-0.50002499161749314,0,0,0,0,0,0.70705375281792837
4379,38.001647503487867,-0.50002499162316738,0,0,0,0,0,0.70705375281792837
4380,38.010325660031249,-0.50002499162904279,0,0,0,0,0,0.70705375281792837
4381,38.019003816574639,-0.50002499163511871,0,0,0,0,0,0.70705375281792826
4382,38.027681973118021,-0.50002499164139369,0,0,0,0,0,0.70705375281792826
4383,38.036360129661411,-0.50002499164786729,0,0,0,0,0,0.70705375281792826
4384,38.045038286204793,-0.50002499165453829,0,0,0,0,0,0.70705375281792837
4385,38.053716442748183,-0.50002499166140602,0,0,0,0,0,0.70705375281792826
4386,38.062394599291572,-0.50002499166846914,0,0,0,0,0,0.70705375281792826
4387,38.071072755834955,-0.50002499167572645,0,0,0,0,0,0.70705375281792815
4388,38.079750912378344,-0.50002499168317716,0,0,0,0,0,0.70705375281792815
4389,38.088429068921727,-0.50002499169082015,0,0,0,0,0,0.70705375281792815
4390,38.097107225465116,-0.50002499169865411,0,0,0,0,0,0.70705375281792815
4391,38.105785382008499,-0.50002499170667758,0,0,0,0,0,0.70705375281792815
4392,38.114463538551888,-0.50002499171489012,0,0,0,0,0,0.70705375281792815
4393,38.123141695095271,-0.50002499172328951,0,0,0,0,0,0.70705375281792815
4394,38.13181985163866,-0.50002499173187553,0,0,0,0,0,0.70705375281792815
4395,38.140498008182043,-0.50002499174064607,0,0,0,0,0,0.70705375281792815
4396,38.149176164725432,-0.50002499174960047,0,0,0,0,0,0.70705375281792815
4397,38.157854321268815,-0.50002499175873683,0,0,0,0,0,0.70705375281792815
4398,38.166532477812204,-0.50002499176805393,0,0,0,0,0,0.70705375281792815
4399,38.175210634355587,-0.50002499177755033,0,0,0,0,0,0.70705375281792815
4400,38.183888790898976,-0.50002499178722482,0,0,0,0,0,0.70705375281792826
4401,38.192566947442359,-0.50002499179707582,0,0,0,0,0,0.70705375281792826
4402,38.201245103985748,-0.5000249918071018,0,0,0,0,0,0.70705375281792826
4403,38.209923260529131,-0.5000249918173012,0,0,0,0,0,0.70705375281792826
4404,38.21860141707252,-0.5000249918276729,0,0,0,0,0,0.70705375281792826
4405,38.227279573615903,-0.50002499183821469,0,0,0,0,0,0.70705375281792837
4406,38.235957730159292,-0.50002499184892546,0,0,0,0,0,0.70705375281792826
4407,38.244635886702675,-0.50002499185980342,0,0,0,0,0,0.70705375281792837
4408,38.253314043246064,-0.50002499187084715,0,0,0,0,0,0.70705375281792837
4409,38.261992199789447,-0.50002499188205474,0,0,0,0,0,0.70705375281792826
4410,38.270670356332836,-0.50002499189342453,0,0,0,0,0,0.70705375281792837
4411,38.279348512876219,-0.50002499190495464,0,0,0,0,0,0.70705375281792837
4412,38.288026669419608,-0.50002499191664385,0,0,0,0,0,0.70705375281792837
4413,38.296704825962998,-0.50002499192848981,0,0,0,0,0,0.70705375281792837
4414,38.30538298250638,-0.50002499194049133,0,0,0,0,0,0.70705375281792837
4415,38.31406113904977,-0.50002499195264605,0,0,0,0,0,0.70705375281792837
4416,38.322739295593152,-0.5000249919649522,0,0,0,0,0,0.70705375281792837
4417,38.331417452136542,-0.50002499197740846,0,0,0,0,0,0.70705375281792837
4418,38.340095608679924,-0.50002499199001238,0,0,0,0,0,0.70705375281792848
4419,38.348773765223314,-0.50002499200276218,0,0,0,0,0,0.70705375281792848
4420,38.357451921766696,-0.50002499201565631,0,0,0,0,0,0.70705375281792837
4421,38.366130078310086,-0.50002499202869277,0,0,0,0,0,0.70705375281792848
4422,38.374808234853468,-0.50002499204186901,0,0,0,0,0,0.70705375281792859
4423,38.383486391396858,-0.50002499205518336,0,0,0,0,0,0.70705375281792859
4424,38.39216454794024,-0.50002499206863416,0,0,0,0,0,0.70705375281792859
4425,38.40084270448363,-0.50002499208221907,0,0,0,0,0,0.70705375281792859
4426,38.409520861027012,-0.50002499209593587,0,0,0,0,0,0.70705375281792859
4427,38.418199017570402,-0.50002499210978302,0,0,0,0,0,0.70705375281792859
4428,38.426877174113784,-0.50002499212375784,0,0,0,0,0,0.70705375281792859
4429,38.435555330657174,-0.50002499213785878,0,0,0,0,0,0.70705375281792859
4430,38.444233487200556,-0.5000249921520834,0,0,0,0,0,0.70705375281792859
4431,38.452911643743946,-0.50002499216642959,0,0,0,0,0,0.7070537528179287
4432,38.461589800287328,-0.50002499218089502,0,0,0,0,0,0.7070537528179287
4433,38.470267956830718,-0.5000249921954778,0,0,0,0,0,0.70705375281792859
4434,38.4789461133741,-0.50002499221017582,0,0,0,0,0,0.70705375281792859
4435,38.48762426991749,-0.50002499222498664,0,0,0,0,0,0.70705375281792848
4436,38.496302426460872,-0.50002499223990815,0,0,0,0,0,0.70705375281792859
4437,38.504980583004262,-0.50002499225493757,0,0,0,0,0,0.70705375281792859
4438,38.513658739547651,-0.50002499227007369,0,0,0,0,0,0.70705375281792859
4439,38.522336896091034,-0.50002499228531316,0,0,0,0,0,0.70705375281792848
4440,38.531015052634423,-0.50002499230065445,0,0,0,0,0,0.70705375281792848
4441,38.539693209177805,-0.50002499231609487,0,0,0,0,0,0.70705375281792837
4442,38.548371365721195,-0.50002499233163211,0,0,0,0,0,0.70705375281792848
4443,38.557049522264577,-0.50002499234726427,0,0,0,0,0,0.70705375281792837
4444,38.565727678807967,-0.50002499236298836,0,0,0,0,0,0.70705375281792837
4445,38.574405835351349,-0.50002499237880227,0,0,0,0,0,0.70705375281792848
4446,38.583083991894739,-0.50002499239470377,0,0,0,0,0,0.70705375281792837
4447,38.591762148438121,-0.50002499241069021,0,0,0,0,0,0.70705375281792837
4448,38.600440304981511,-0.50002499242675913,0,0,0,0,0,0.70705375281792826
4449,38.609118461524893,-0.50002499244290866,0,0,0,0,0,0.70705375281792826
4450,38.617796618068283,-0.50002499245913568,0,0,0,0,0,0.70705375281792837
4451,38.626474774611665,-0.50002499247543797,0,0,0,0,0,0.70705375281792837
4452,38.635152931155055,-0.50002499249181354,0,0,0,0,0,0.70705375281792837
4453,38.643831087698437,-0.50002499250825927,0,0,0,0,0,0.70705375281792826
4454,38.652509244241827,-0.50002499252477306,0,0,0,0,0,0.70705375281792826
4455,38.661187400785209,-0.50002499254135235,0,0,0,0,0,0.70705375281792837
4456,38.669865557328599,-0.50002499255799471,0,0,0,0,0,0.70705375281792826
4457,38.678543713871981,-0.50002499257469712,0,0,0,0,0,0.70705375281792826
4458,38.687221870415371,-0.50002499259145794,0,0,0,0,0,0.70705375281792826
4459,38.695900026958753,-0.50002499260827427,0,0,0,0,0,0.70705375281792815
4460,38.704578183502143,-0.50002499262514322,0,0,0,0,0,0.70705375281792815
4461,38.713256340045525,-0.50002499264206257,0,0,0,0,0,0.70705375281792815
4462,38.721934496588915,-0.50002499265902989,0,0,0,0,0,0.70705375281792815
4463,38.730612653132297,-0.50002499267604217,0,0,0,0,0,0.70705375281792804
4464,38.739290809675687,-0.50002499269309753,0,0,0,0,0,0.70705375281792804
4465,38.747968966219076,-0.50002499271019274,0,0,0,0,0,0.70705375281792804
4466,38.756647122762459,-0.50002499272732548,0,0,0,0,0,0.70705375281792804
4467,38.765325279305848,-0.5000249927444933,0,0,0,0,0,0.70705375281792815
4468,38.774003435849231,-0.50002499276169332,0,0,0,0,0,0.70705375281792804
4469,38.78268159239262,-0.50002499277892332,0,0,0,0,0,0.70705375281792815
4470,38.791359748936003,-0.5000249927961804,0,0,0,0,0,0.70705375281792815
4471,38.800037905479392,-0.50002499281346213,0,0,0,0,0,0.70705375281792826
4472,38.808716062022775,-0.50002499283076585,0,0,0,0,0,0.70705375281792826
4473,38.817394218566164,-0.50002499284808921,0,0,0,0,0,0.70705375281792826
4474,38.826072375109547,-0.50002499286542901,0,0,0,0,0,0.70705375281792826
4475,38.834750531652936,-0.50002499288278313,0,0,0,0,0,0.70705375281792826
4476,38.843428688196319,-0.5000249929001489,0,0,0,0,0,0.70705375281792815
4477,38.852106844739708,-0.50002499291752334,0,0,0,0,0,0.70705375281792815
4478,38.860785001283091,-0.50002499293490432,0,0,0,0,0,0.70705375281792826
4479,38.86946315782648,-0.50002499295228886,0,0,0,0,0,0.70705375281792815
4480,38.878141314369863,-0.50002499296967495,0,0,0,0,0,0.70705375281792826
4481,38.886819470913252,-0.50002499298705894,0,0,0,0,0,0.70705375281792815
4482,38.895497627456635,-0.50002499300443892,0,0,0,0,0,0.70705375281792815
4483,38.904175784000024,-0.50002499302181269,0,0,0,0,0,0.70705375281792804
4484,38.912853940543407,-0.50002499303917658,0,0,0,0,0,0.70705375281792804
4485,38.921532097086796,-0.50002499305652814,0,0,0,0,0,0.70705375281792804
4486,38.930210253630179,-0.50002499307386561,0,0,0,0,0,0.70705375281792793
4487,38.938888410173568,-0.50002499309118553,0,0,0,0,0,0.70705375281792804
4488,38.947566566716951,-0.50002499310848558,0,0,0,0,0,0.70705375281792804
4489,38.95624472326034,-0.50002499312576354,0,0,0,0,0,0.70705375281792804
4490,38.96492287980373,-0.50002499314301596,0,0,0,0,0,0.70705375281792804
4491,38.973601036347112,-0.50002499316024118,0,0,0,0,0,0.70705375281792804
4492,38.982279192890502,-0.50002499317743621,0,0,0,0,0,0.70705375281792804
4493,38.990957349433884,-0.50002499319459814,0,0,0,0,0,0.70705375281792804
4494,38.999635505977274,-0.50002499321172478,0,0,0,0,0,0.70705375281792804
4495,39.008313662520656,-0.50002499322881344,0,0,0,0,0,0.70705375281792815
4496,39.016991819064046,-0.50002499324586147,0,0,0,0,0,0.70705375281792804
4497,39.025669975607428,-0.50002499326286631,0,0,0,0,0,0.70705375281792804
4498,39.034348132150818,-0.50002499327982519,0,0,0,0,0,0.70705375281792804
4499,39.0430262886942,-0.50002499329673644,0,0,0,0,0,0.70705375281792815
4500,39.05170444523759,-0.5000249933135964,0,0,0,0,0,0.70705375281792804
4501,39.060382601780972,-0.50002499333040307,0,0,0,0,0,0.70705375281792804
4502,39.069060758324362,-0.50002499334715422,0,0,0,0,0,0.70705375281792804
4503,39.077738914867744,-0.50002499336384654,0,0,0,0,0,0.70705375281792804
4504,39.086417071411134,-0.50002499338047812,0,0,0,0,0,0.70705375281792804
4505,39.095095227954516,-0.50002499339704642,0,0,0,0,0,0.70705375281792793
4506,39.103773384497906,-0.50002499341354845,0,0,0,0,0,0.70705375281792804
4507,39.112451541041288,-0.50002499342998219,0,0,0,0,0,0.70705375281792815
4508,39.121129697584678,-0.50002499344634521,0,0,0,0,0,0.70705375281792804
4509,39.12980785412806,-0.50002499346263463,0,0,0,0,0,0.70705375281792804
4510,39.13848601067145,-0.50002499347884832,0,0,0,0,0,0.70705375281792815
4511,39.147164167214832,-0.50002499349498397,0,0,0,0,0,0.70705375281792804
4512,39.155842323758222,-0.50002499351103868,0,0,0,0,0,0.70705375281792815
4513,39.164520480301604,-0.50002499352701058,0,0,0,0,0,0.70705375281792815
4514,39.173198636844994,-0.50002499354289665,0,0,0,0,0,0.70705375281792804
4515,39.181876793388376,-0.50002499355869512,0,0,0,0,0,0.70705375281792815
4516,39.190554949931766,-0.50002499357440322,0,0,0,0,0,0.70705375281792815
4517,39.199233106475155,-0.50002499359001829,0,0,0,0,0,0.70705375281792815
4518,39.207911263018538,-0.50002499360553876,0,0,0,0,0,0.70705375281792815
4519,39.216589419561927,-0.50002499362096209,0,0,0,0,0,0.70705375281792815
4520,39.22526757610531,-0.50002499363628528,0,0,0,0,0,0.70705375281792826
4521,39.233945732648699,-0.50002499365150666,0,0,0,0,0,0.70705375281792815
4522,39.242623889192082,-0.50002499366662378,0,0,0,0,0,0.70705375281792815
4523,39.251302045735471,-0.50002499368163433,0,0,0,0,0,0.70705375281792826
4524,39.259980202278854,-0.50002499369653619,0,0,0,0,0,0.70705375281792826
4525,39.268658358822243,-0.5000249937113268,0,0,0,0,0,0.70705375281792826
4526,39.277336515365626,-0.5000249937260044,0,0,0,0,0,0.70705375281792815
4527,39.286014671909015,-0.50002499374056641,0,0,0,0,0,0.70705375281792815
4528,39.294692828452398,-0.50002499375501053,0,0,0,0,0,0.70705375281792815
4529,39.303370984995787,-0.50002499376933474,0,0,0,0,0,0.70705375281792826
4530,39.31204914153917,-0.50002499378353715,0,0,0,0,0,0.70705375281792826
4531,39.320727298082559,-0.50002499379761511,0,0,0,0,0,0.70705375281792837
4532,39.329405454625942,-0.50002499381156695,0,0,0,0,0,0.70705375281792837
4533,39.338083611169331,-0.50002499382539056,0,0,0,0,0,0.70705375281792837
4534,39.346761767712714,-0.50002499383908372,0,0,0,0,0,0.70705375281792837
4535,39.355439924256103,-0.5000249938526441,0,0,0,0,0,0.70705375281792837
4536,39.364118080799486,-0.50002499386606991,0,0,0,0,0,0.70705375281792837
4537,39.372796237342875,-0.50002499387935917,0,0,0,0,0,0.70705375281792837
4538,39.381474393886258,-0.50002499389250965,0,0,0,0,0,0.70705375281792837
4539,39.390152550429647,-0.50002499390552013,0,0,0,0,0,0.70705375281792826
4540,39.39883070697303,-0.50002499391838739,0,0,0,0,0,0.70705375281792826
4541,39.407508863516419,-0.50002499393111033,0,0,0,0,0,0.70705375281792826
4542,39.416187020059802,-0.50002499394368705,0,0,0,0,0,0.70705375281792837
4543,39.424865176603191,-0.50002499395611522,0,0,0,0,0,0.70705375281792837
4544,39.433543333146581,-0.50002499396839339,0,0,0,0,0,0.70705375281792826
4545,39.442221489689963,-0.50002499398051947,0,0,0,0,0,0.70705375281792837
4546,39.450899646233353,-0.50002499399249145,0,0,0,0,0,0.70705375281792837
4547,39.459577802776735,-0.50002499400430789,0,0,0,0,0,0.70705375281792815
4548,39.468255959320125,-0.50002499401596712,0,0,0,0,0,0.70705375281792815
4549,39.476934115863507,-0.50002499402746703,0,0,0,0,0,0.70705375281792815
4550,39.485612272406897,-0.50002499403880596,0,0,0,0,0,0.70705375281792815
4551,39.494290428950279,-0.50002499404998213,0,0,0,0,0,0.70705375281792815
4552,39.502968585493669,-0.50002499406099399,0,0,0,0,0,0.70705375281792815
4553,39.511646742037051,-0.50002499407184009,0,0,0,0,0,0.70705375281792815
4554,39.520324898580441,-0.50002499408251833,0,0,0,0,0,0.70705375281792815
4555,39.529003055123823,-0.50002499409302725,0,0,0,0,0,0.70705375281792815
4556,39.537681211667213,-0.50002499410336565,0,0,0,0,0,0.70705375281792815
4557,39.546359368210595,-0.50002499411353152,0,0,0,0,0,0.70705375281792815
4558,39.555037524753985,-0.50002499412352319,0,0,0,0,0,0.70705375281792815
4559,39.563715681297367,-0.50002499413333978,0,0,0,0,0,0.70705375281792815
4560,39.572393837840757,-0.50002499414297918,0,0,0,0,0,0.70705375281792815
4561,39.581071994384139,-0.50002499415244051,0,0,0,0,0,0.70705375281792815
4562,39.589750150927529,-0.50002499416172164,0,0,0,0,0,0.70705375281792826
4563,39.598428307470911,-0.50002499417082202,0,0,0,0,0,0.70705375281792826
4564,39.607106464014301,-0.50002499417973989,0,0,0,0,0,0.70705375281792815
4565,39.615784620557683,-0.50002499418847335,0,0,0,0,0,0.70705375281792815
4566,39.624462777101073,-0.50002499419702207,0,0,0,0,0,0.70705375281792815
4567,39.633140933644455,-0.50002499420538404,0,0,0,0,0,0.70705375281792815
4568,39.641819090187845,-0.50002499421355839,0,0,0,0,0,0.70705375281792815
4569,39.650497246731234,-0.50002499422154389,0,0,0,0,0,0.70705375281792804
4570,39.659175403274617,-0.50002499422933866,0,0,0,0,0,0.70705375281792815
4571,39.667853559818006,-0.50002499423694236,0,0,0,0,0,0.70705375281792815
4572,39.676531716361389,-0.50002499424435354,0,0,0,0,0,0.70705375281792815
4573,39.685209872904778,-0.50002499425157099,0,0,0,0,0,0.70705375281792815
4574,39.693888029448161,-0.50002499425859381,0,0,0,0,0,0.70705375281792815
4575,39.70256618599155,-0.50002499426542091,0,0,0,0,0,0.70705375281792815
4576,39.711244342534933,-0.50002499427205105,0,0,0,0,0,0.70705375281792815
4577,39.719922499078322,-0.50002499427848335,0,0,0,0,0,0.70705375281792804
4578,39.728600655621705,-0.50002499428471703,0,0,0,0,0,0.70705375281792815
4579,39.737278812165094,-0.50002499429075065,0,0,0,0,0,0.70705375281792815
4580,39.745956968708477,-0.50002499429658398,0,0,0,0,0,0.70705375281792804
4581,39.754635125251866,-0.50002499430221559,0,0,0,0,0,0.70705375281792815
4582,39.763313281795249,-0.50002499430764491,0,0,0,0,0,0.70705375281792815
4583,39.771991438338638,-0.50002499431287095,0,0,0,0,0,0.70705375281792815
4584,39.780669594882021,-0.50002499431789293,0,0,0,0,0,0.70705375281792826
4585,39.78934775142541,-0.50002499432271019,0,0,0,0,0,0.70705375281792826
4586,39.798025907968793,-0.50002499432732217,0,0,0,0,0,0.70705375281792826
4587,39.806704064512182,-0.50002499433172809,0,0,0,0,0,0.70705375281792815
4588,39.815382221055565,-0.50002499433592706,0,0,0,0,0,0.70705375281792826
4589,39.824060377598954,-0.50002499433991843,0,0,0,0,0,0.70705375281792826
4590,39.832738534142337,-0.50002499434370173,0,0,0,0,0,0.70705375281792826
4591,39.841416690685726,-0.50002499434727643,0,0,0,0,0,0.70705375281792815
4592,39.850094847229109,-0.5000249943506424,0,0,0,0,0,0.70705375281792826
4593,39.858773003772498,-0.50002499435379821,0,0,0,0,0,0.70705375281792826
4594,39.867451160315881,-0.50002499435674397,0,0,0,0,0,0.70705375281792815
4595,39.87612931685927,-0.50002499435947922,0,0,0,0,0,0.70705375281792815
4596,39.88480747340266,-0.50002499436200365,0,0,0,0,0,0.70705375281792804
4597,39.893485629946042,-0.50002499436431647,0,0,0,0,0,0.70705375281792804
4598,39.902163786489432,-0.50002499436641767,0,0,0,0,0,0.70705375281792793
4599,39.910841943032814,-0.50002499436830661,0,0,0,0,0,0.70705375281792804
4600,39.919520099576204,-0.50002499436998338,0,0,0,0,0,0.70705375281792793
4601,39.928198256119586,-0.50002499437144765,0,0,0,0,0,0.70705375281792793
4602,39.936876412662976,-0.50002499437269865,0,0,0,0,0,0.70705375281792793
4603,39.945554569206358,-0.50002499437373715,0,0,0,0,0,0.70705375281792793
4604,39.954232725749748,-0.50002499437456216,0,0,0,0,0,0.70705375281792804
4605,39.96291088229313,-0.50002499437517411,0,0,0,0,0,0.70705375281792804
4606,39.97158903883652,-0.50002499437557246,0,0,0,0,0,0.70705375281792793
4607,39.980267195379902,-0.50002499437575754,0,0,0,0,0,0.70705375281792793
4608,39.988945351923292,-0.50002499437572911,0,0,0,0,0,0.70705375281792793
4609,39.997623508466674,-0.50002499437548731,0,0,0,0,0,0.70705375281792804
4610,40.006301665010064,-0.50002499437503189,0,0,0,0,0,0.70705375281792804
4611,40.014979821553446,-0.50002499437436332,0,0,0,0,0,0.70705375281792793
4612,40.023657978096836,-0.50002499437348158,0,0,0,0,0,0.70705375281792782
4613,40.032336134640218,-0.50002499437238668,0,0,0,0,0,0.70705375281792793
4614,40.041014291183608,-0.5000249943710785,0,0,0,0,0,0.70705375281792793
4615,40.04969244772699,-0.50002499436955783,0,0,0,0,0,0.70705375281792793
4616,40.05837060427038,-0.50002499436782466,0,0,0,0,0,0.70705375281792793
4617,40.067048760813762,-0.50002499436587922,0,0,0,0,0,0.70705375281792782
4618,40.075726917357152,-0.50002499436372161,0,0,0,0,0,0.70705375281792782
4619,40.084405073900534,-0.5000249943613525,0,0,0,0,0,0.70705375281792793
4620,40.093083230443924,-0.50002499435877201,0,0,0,0,0,0.70705375281792782
4621,40.101761386987306,-0.50002499435598091,0,0,0,0,0,0.70705375281792782
4622,40.110439543530696,-0.50002499435297898,0,0,0,0,0,0.70705375281792793
4623,40.119117700074085,-0.5000249943497671,0,0,0,0,0,0.70705375281792793
4624,40.127795856617468,-0.50002499434634573,0,0,0,0,0,0.70705375281792793
4625,40.136474013160857,-0.5000249943427153,0,0,0,0,0,0.70705375281792793
4626,40.145152169704239,-0.50002499433887648,0,0,0,0,0,0.70705375281792782
4627,40.153830326247629,-0.50002499433482983,0,0,0,0,0,0.70705375281792793
4628,40.162508482791011,-0.50002499433057546,0,0,0,0,0,0.70705375281792804
4629,40.171186639334401,-0.50002499432611502,0,0,0,0,0,0.70705375281792793
4630,40.179864795877783,-0.50002499432144831,0,0,0,0,0,0.70705375281792804
4631,40.188542952421173,-0.50002499431657621,0,0,0,0,0,0.70705375281792793
4632,40.197221108964555,-0.50002499431149972,0,0,0,0,0,0.70705375281792815
4633,40.205899265507945,-0.50002499430621949,0,0,0,0,0,0.70705375281792815
4634,40.214577422051327,-0.5000249943007361,0,0,0,0,0,0.70705375281792815
4635,40.223255578594717,-0.50002499429505076,0,0,0,0,0,0.70705375281792804
4636,40.231933735138099,-0.50002499428916414,0,0,0,0,0,0.70705375281792815
4637,40.240611891681489,-0.50002499428307701,0,0,0,0,0,0.70705375281792804
4638,40.249290048224871,-0.50002499427679048,0,0,0,0,0,0.70705375281792804
4639,40.257968204768261,-0.50002499427030545,0,0,0,0,0,0.70705375281792804
4640,40.266646361311643,-0.5000249942636229,0,0,0,0,0,0.70705375281792815
4641,40.275324517855033,-0.50002499425674352,0,0,0,0,0,0.70705375281792804
4642,40.284002674398415,-0.50002499424966884,0,0,0,0,0,0.70705375281792815
4643,40.292680830941805,-0.50002499424239999,0,0,0,0,0,0.70705375281792815
4644,40.301358987485187,-0.50002499423493707,0,0,0,0,0,0.70705375281792815
4645,40.310037144028577,-0.50002499422728253,0,0,0,0,0,0.70705375281792815
4646,40.318715300571959,-0.50002499421943658,0,0,0,0,0,0.70705375281792804
4647,40.327393457115349,-0.50002499421140101,0,0,0,0,0,0.70705375281792815
4648,40.336071613658738,-0.50002499420317648,0,0,0,0,0,0.70705375281792815
4649,40.344749770202121,-0.50002499419476476,0,0,0,0,0,0.70705375281792815
4650,40.35342792674551,-0.50002499418616675,0,0,0,0,0,0.70705375281792815
4651,40.362106083288893,-0.50002499417738377,0,0,0,0,0,0.70705375281792815
4652,40.370784239832282,-0.50002499416841739,0,0,0,0,0,0.70705375281792815
4653,40.379462396375665,-0.5000249941592686,0,0,0,0,0,0.70705375281792815
4654,40.388140552919054,-0.50002499414993939,0,0,0,0,0,0.70705375281792826
4655,40.396818709462437,-0.50002499414043056,0,0,0,0,0,0.70705375281792815
4656,40.405496866005826,-0.50002499413074375,0,0,0,0,0,0.70705375281792815
4657,40.414175022549209,-0.50002499412088042,0,0,0,0,0,0.70705375281792815
4658,40.422853179092598,-0.50002499411084222,0,0,0,0,0,0.70705375281792815
4659,40.431531335635981,-0.50002499410063028,0,0,0,0,0,0.70705375281792815
4660,40.44020949217937,-0.50002499409024637,0,0,0,0,0,0.70705375281792815
4661,40.448887648722753,-0.50002499407969225,0,0,0,0,0,0.70705375281792815
4662,40.457565805266142,-0.50002499406896916,0,0,0,0,0,0.70705375281792815
4663,40.466243961809525,-0.50002499405807899,0,0,0,0,0,0.70705375281792815
4664,40.474922118352914,-0.50002499404702339,0,0,0,0,0,0.70705375281792815
4665,40.483600274896297,-0.50002499403580347,0,0,0,0,0,0.70705375281792815
4666,40.492278431439686,-0.50002499402442158,0,0,0,0,0,0.70705375281792815
4667,40.500956587983069,-0.50002499401287914,0,0,0,0,0,0.70705375281792815
4668,40.509634744526458,-0.50002499400117806,0,0,0,0,0,0.70705375281792815
4669,40.518312901069841,-0.50002499398931977,0,0,0,0,0,0.70705375281792815
4670,40.52699105761323,-0.50002499397730649,0,0,0,0,0,0.70705375281792815
4671,40.535669214156613,-0.50002499396513977,0,0,0,0,0,0.70705375281792815
4672,40.544347370700002,-0.50002499395282152,0,0,0,0,0,0.70705375281792815
4673,40.553025527243385,-0.5000249939403536,0,0,0,0,0,0.70705375281792815
4674,40.561703683786774,-0.50002499392773792,0,0,0,0,0,0.70705375281792815
4675,40.570381840330164,-0.50002499391497623,0,0,0,0,0,0.70705375281792826
4676,40.579059996873546,-0.50002499390207067,0,0,0,0,0,0.70705375281792826
4677,40.587738153416936,-0.50002499388902311,0,0,0,0,0,0.70705375281792826
4678,40.596416309960318,-0.50002499387583532,0,0,0,0,0,0.70705375281792826
4679,40.605094466503708,-0.5000249938625092,0,0,0,0,0,0.70705375281792837
4680,40.61377262304709,-0.50002499384904742,0,0,0,0,0,0.70705375281792837
4681,40.62245077959048,-0.50002499383545151,0,0,0,0,0,0.70705375281792837
4682,40.631128936133862,-0.5000249938217235,0,0,0,0,0,0.70705375281792837
4683,40.639807092677252,-0.50002499380786536,0,0,0,0,0,0.70705375281792837
4684,40.648485249220634,-0.50002499379387999,0,0,0,0,0,0.70705375281792837
4685,40.657163405764024,-0.50002499377976828,0,0,0,0,0,0.70705375281792837
4686,40.665841562307406,-0.50002499376553322,0,0,0,0,0,0.70705375281792837
4687,40.674519718850796,-0.50002499375117693,0,0,0,0,0,0.70705375281792837
4688,40.683197875394178,-0.50002499373670117,0,0,0,0,0,0.70705375281792837
4689,40.691876031937568,-0.50002499372210829,0,0,0,0,0,0.70705375281792837
4690,40.70055418848095,-0.50002499370740061,0,0,0,0,0,0.70705375281792837
4691,40.70923234502434,-0.50002499369258002,0,0,0,0,0,0.70705375281792837
4692,40.717910501567722,-0.50002499367764897,0,0,0,0,0,0.70705375281792837
4693,40.726588658111112,-0.50002499366260988,0,0,0,0,0,0.70705375281792837
4694,40.735266814654494,-0.50002499364746467,0,0,0,0,0,0.70705375281792837
4695,40.743944971197884,-0.50002499363221597,0,0,0,0,0,0.70705375281792837
4696,40.752623127741266,-0.50002499361686559,0,0,0,0,0,0.70705375281792837
4697,40.761301284284656,-0.50002499360141639,0,0,0,0,0,0.70705375281792837
4698,40.769979440828038,-0.50002499358587071,0,0,0,0,0,0.70705375281792848
4699,40.778657597371428,-0.50002499357023034,0,0,0,0,0,0.70705375281792848
4700,40.787335753914817,-0.50002499355449781,0,0,0,0,0,0.70705375281792848
4701,40.7960139104582,-0.50002499353867591,0,0,0,0,0,0.70705375281792848
4702,40.804692067001589,-0.50002499352276675,0,0,0,0,0,0.70705375281792848
4703,40.813370223544972,-0.50002499350677265,0,0,0,0,0,0.70705375281792837
4704,40.822048380088361,-0.50002499349069607,0,0,0,0,0,0.70705375281792837
4705,40.830726536631744,-0.50002499347453944,0,0,0,0,0,0.70705375281792837
4706,40.839404693175133,-0.50002499345830542,0,0,0,0,0,0.70705375281792837
4707,40.848082849718516,-0.50002499344199602,0,0,0,0,0,0.70705375281792837
4708,40.856761006261905,-0.50002499342561402,0,0,0,0,0,0.70705375281792848
4709,40.865439162805288,-0.50002499340916162,0,0,0,0,0,0.70705375281792837
4710,40.874117319348677,-0.50002499339264161,0,0,0,0,0,0.70705375281792848
4711,40.88279547589206,-0.5000249933760561,0,0,0,0,0,0.70705375281792848
4712,40.891473632435449,-0.5000249933594082,0,0,0,0,0,0.70705375281792848
4713,40.900151788978832,-0.50002499334270001,0,0,0,0,0,0.70705375281792848
4714,40.908829945522221,-0.50002499332593398,0,0,0,0,0,0.70705375281792859
4715,40.917508102065604,-0.50002499330911276,0,0,0,0,0,0.70705375281792848
4716,40.926186258608993,-0.50002499329223904,0,0,0,0,0,0.70705375281792837
4717,40.934864415152376,-0.50002499327531491,0,0,0,0,0,0.70705375281792837
4718,40.943542571695765,-0.50002499325834338,0,0,0,0,0,0.70705375281792848
4719,40.952220728239148,-0.50002499324132677,0,0,0,0,0,0.70705375281792848
4720,40.960898884782537,-0.50002499322426774,0,0,0,0,0,0.70705375281792848
4721,40.96957704132592,-0.50002499320716853,0,0,0,0,0,0.70705375281792848
4722,40.978255197869309,-0.50002499319003224,0,0,0,0,0,0.70705375281792859
4723,40.986933354412692,-0.50002499317286142,0,0,0,0,0,0.70705375281792859
4724,40.995611510956081,-0.50002499315565818,0,0,0,0,0,0.70705375281792848
4725,41.004289667499464,-0.50002499313842563,0,0,0,0,0,0.70705375281792859
4726,41.012967824042853,-0.50002499312116599,0,0,0,0,0,0.70705375281792848
4727,41.021645980586243,-0.50002499310388193,0,0,0,0,0,0.70705375281792848
4728,41.030324137129625,-0.50002499308657611,0,0,0,0,0,0.70705375281792848
4729,41.039002293673015,-0.50002499306925141,0,0,0,0,0,0.70705375281792848
4730,41.047680450216397,-0.50002499305190984,0,0,0,0,0,0.70705375281792848
4731,41.056358606759787,-0.50002499303455472,0,0,0,0,0,0.70705375281792848
4732,41.065036763303169,-0.50002499301718795,0,0,0,0,0,0.70705375281792848
4733,41.073714919846559,-0.50002499299981285,0,0,0,0,0,0.70705375281792837
4734,41.082393076389941,-0.50002499298243142,0,0,0,0,0,0.70705375281792826
4735,41.091071232933331,-0.50002499296504677,0,0,0,0,0,0.70705375281792837
4736,41.099749389476713,-0.50002499294766112,0,0,0,0,0,0.70705375281792826
4737,41.108427546020103,-0.50002499293027702,0,0,0,0,0,0.70705375281792826
4738,41.117105702563485,-0.50002499291289748,0,0,0,0,0,0.70705375281792826
4739,41.125783859106875,-0.50002499289552516,0,0,0,0,0,0.70705375281792826
4740,41.134462015650257,-0.50002499287816227,0,0,0,0,0,0.70705375281792826
4741,41.143140172193647,-0.50002499286081181,0,0,0,0,0,0.70705375281792826
4742,41.151818328737029,-0.5000249928434759,0,0,0,0,0,0.70705375281792826
4743,41.160496485280419,-0.50002499282615764,0,0,0,0,0,0.70705375281792826
4744,41.169174641823801,-0.50002499280885948,0,0,0,0,0,0.70705375281792837
4745,41.177852798367191,-0.50002499279158386,0,0,0,0,0,0.70705375281792837
4746,41.186530954910573,-0.50002499277433377,0,0,0,0,0,0.70705375281792837
4747,41.195209111453963,-0.50002499275711165,0,0,0,0,0,0.70705375281792815
4748,41.203887267997345,-0.50002499273991985,0,0,0,0,0,0.70705375281792815
4749,41.212565424540735,-0.50002499272276102,0,0,0,0,0,0.70705375281792815
4750,41.221243581084117,-0.50002499270563794,0,0,0,0,0,0.70705375281792826
4751,41.229921737627507,-0.50002499268855316,0,0,0,0,0,0.70705375281792826
4752,41.238599894170889,-0.50002499267150902,0,0,0,0,0,0.70705375281792826
4753,41.247278050714279,-0.50002499265450862,0,0,0,0,0,0.70705375281792826
4754,41.255956207257668,-0.50002499263755396,0,0,0,0,0,0.70705375281792815
4755,41.264634363801051,-0.50002499262064781,0,0,0,0,0,0.70705375281792804
4756,41.27331252034444,-0.50002499260379285,0,0,0,0,0,0.70705375281792815
4757,41.281990676887823,-0.50002499258699107,0,0,0,0,0,0.70705375281792804
4758,41.290668833431212,-0.50002499257024557,0,0,0,0,0,0.70705375281792804
4759,41.299346989974595,-0.5000249925535587,0,0,0,0,0,0.70705375281792815
4760,41.308025146517984,-0.50002499253693311,0,0,0,0,0,0.70705375281792815
4761,41.316703303061367,-0.5000249925203708,0,0,0,0,0,0.70705375281792815
4762,41.325381459604756,-0.500024992503875,0,0,0,0,0,0.70705375281792815
4763,41.334059616148139,-0.50002499248744769,0,0,0,0,0,0.70705375281792815
4764,41.342737772691528,-0.50002499247109156,0,0,0,0,0,0.70705375281792815
4765,41.351415929234911,-0.5000249924548088,0,0,0,0,0,0.70705375281792815
4766,41.3600940857783,-0.50002499243860199,0,0,0,0,0,0.70705375281792815
4767,41.368772242321683,-0.500024992422474,0,0,0,0,0,0.70705375281792815
4768,41.377450398865072,-0.50002499240642662,0,0,0,0,0,0.70705375281792815
4769,41.386128555408455,-0.50002499239046228,0,0,0,0,0,0.70705375281792826
4770,41.394806711951844,-0.50002499237458431,0,0,0,0,0,0.70705375281792815
4771,41.403484868495227,-0.50002499235879405,0,0,0,0,0,0.70705375281792815
4772,41.412163025038616,-0.50002499234309417,0,0,0,0,0,0.70705375281792815
4773,41.420841181581999,-0.50002499232748743,0,0,0,0,0,0.70705375281792826
4774,41.429519338125388,-0.50002499231197561,0,0,0,0,0,0.70705375281792826
4775,41.438197494668771,-0.50002499229656117,0,0,0,0,0,0.70705375281792826
4776,41.44687565121216,-0.50002499228124686,0,0,0,0,0,0.70705375281792826
4777,41.455553807755543,-0.50002499226603458,0,0,0,0,0,0.70705375281792826
4778,41.464231964298932,-0.50002499225092667,0,0,0,0,0,0.70705375281792826
4779,41.472910120842322,-0.50002499223592567,0,0,0,0,0,0.70705375281792837
4780,41.481588277385704,-0.50002499222103347,0,0,0,0,0,0.70705375281792837
4781,41.490266433929094,-0.50002499220625252,0,0,0,0,0,0.70705375281792837
4782,41.498944590472476,-0.50002499219158514,0,0,0,0,0,0.70705375281792837
4783,41.507622747015866,-0.50002499217703344,0,0,0,0,0,0.70705375281792837
4784,41.516300903559248,-0.50002499216259932,0,0,0,0,0,0.70705375281792837
4785,41.524979060102638,-0.50002499214828533,0,0,0,0,0,0.70705375281792837
4786,41.53365721664602,-0.50002499213409346,0,0,0,0,0,0.70705375281792837
4787,41.54233537318941,-0.50002499212002594,0,0,0,0,0,0.70705375281792837
4788,41.551013529732792,-0.50002499210608464,0,0,0,0,0,0.70705375281792837
4789,41.559691686276182,-0.50002499209227214,0,0,0,0,0,0.70705375281792837
4790,41.568369842819564,-0.50002499207859019,0,0,0,0,0,0.70705375281792826
4791,41.577047999362954,-0.50002499206504092,0,0,0,0,0,0.70705375281792826
4792,41.585726155906336,-0.5000249920516262,0,0,0,0,0,0.70705375281792826
4793,41.594404312449726,-0.50002499203834794,0,0,0,0,0,0.70705375281792826
4794,41.603082468993108,-0.50002499202520878,0,0,0,0,0,0.70705375281792837
4795,41.611760625536498,-0.50002499201221018,0,0,0,0,0,0.70705375281792837
4796,41.62043878207988,-0.50002499199935435,0,0,0,0,0,0.70705375281792837
4797,41.62911693862327,-0.50002499198664285,0,0,0,0,0,0.70705375281792837
4798,41.637795095166652,-0.50002499197407801,0,0,0,0,0,0.70705375281792848
4799,41.646473251710042,-0.50002499196166139,0,0,0,0,0,0.70705375281792859
4800,41.655151408253424,-0.50002499194939531,0,0,0,0,0,0.70705375281792859
4801,41.663829564796814,-0.50002499193728112,0,0,0,0,0,0.70705375281792859
4802,41.672507721340196,-0.50002499192532091,0,0,0,0,0,0.70705375281792837
4803,41.681185877883586,-0.50002499191351646,0,0,0,0,0,0.70705375281792848
4804,41.689864034426968,-0.50002499190186955,0,0,0,0,0,0.70705375281792848
4805,41.698542190970358,-0.50002499189038174,0,0,0,0,0,0.70705375281792859
4806,41.707220347513747,-0.50002499187905491,0,0,0,0,0,0.70705375281792859
4807,41.71589850405713,-0.50002499186789096,0,0,0,0,0,0.70705375281792859
4808,41.724576660600519,-0.50002499185689131,0,0,0,0,0,0.70705375281792859
4809,41.733254817143902,-0.50002499184605753,0,0,0,0,0,0.70705375281792859
4810,41.741932973687291,-0.50002499183539162,0,0,0,0,0,0.70705375281792859
4811,41.750611130230673,-0.50002499182489468,0,0,0,0,0,0.70705375281792848
4812,41.759289286774063,-0.50002499181456894,0,0,0,0,0,0.70705375281792859
4813,41.767967443317445,-0.50002499180441551,0,0,0,0,0,0.70705375281792848
4814,41.776645599860835,-0.50002499179443582,0,0,0,0,0,0.70705375281792848
4815,41.785323756404217,-0.50002499178463178,0,0,0,0,0,0.70705375281792848
4816,41.794001912947607,-0.50002499177500437,0,0,0,0,0,0.70705375281792859
4817,41.802680069490989,-0.50002499176555548,0,0,0,0,0,0.70705375281792848
4818,41.811358226034379,-0.50002499175628645,0,0,0,0,0,0.70705375281792837
4819,41.820036382577761,-0.50002499174719861,0,0,0,0,0,0.70705375281792848
4820,41.828714539121151,-0.50002499173829285,0,0,0,0,0,0.70705375281792859
4821,41.837392695664533,-0.50002499172957116,0,0,0,0,0,0.70705375281792848
4822,41.846070852207923,-0.50002499172103498,0,0,0,0,0,0.70705375281792848
4823,41.854749008751305,-0.50002499171268489,0,0,0,0,0,0.70705375281792848
4824,41.863427165294695,-0.50002499170452264,0,0,0,0,0,0.70705375281792848
4825,41.872105321838077,-0.50002499169654957,0,0,0,0,0,0.70705375281792859
4826,41.880783478381467,-0.50002499168876624,0,0,0,0,0,0.70705375281792848
4827,41.889461634924849,-0.50002499168117465,0,0,0,0,0,0.70705375281792848
4828,41.898139791468239,-0.50002499167377534,0,0,0,0,0,0.70705375281792848
4829,41.906817948011621,-0.50002499166656944,0,0,0,0,0,0.70705375281792859
4830,41.915496104555011,-0.50002499165955827,0,0,0,0,0,0.70705375281792848
4831,41.924174261098393,-0.50002499165274306,0,0,0,0,0,0.70705375281792837
4832,41.932852417641783,-0.50002499164612457,0,0,0,0,0,0.70705375281792859
4833,41.941530574185172,-0.50002499163970349,0,0,0,0,0,0.70705375281792848
4834,41.950208730728555,-0.50002499163348146,0,0,0,0,0,0.70705375281792859
4835,41.958886887271944,-0.50002499162745906,0,0,0,0,0,0.70705375281792848
4836,41.967565043815327,-0.50002499162163694,0,0,0,0,0,0.70705375281792848
4837,41.976243200358716,-0.50002499161601643,0,0,0,0,0,0.70705375281792859
4838,41.984921356902099,-0.50002499161059799,0,0,0,0,0,0.70705375281792859
4839,41.993599513445488,-0.50002499160538283,0,0,0,0,0,0.70705375281792859
4840,42.002277669988871,-0.50002499160037139,0,0,0,0,0,0.7070537528179287
4841,42.01095582653226,-0.50002499159556479,0,0,0,0,0,0.70705375281792859
4842,42.019633983075643,-0.50002499159096336,0,0,0,0,0,0.7070537528179287
4843,42.028312139619032,-0.5000249915865681,0,0,0,0,0,0.7070537528179287
4844,42.036990296162415,-0.50002499158237945,0,0,0,0,0,0.7070537528179287
4845,42.045668452705804,-0.50002499157839819,0,0,0,0,0,0.7070537528179287
4846,42.054346609249187,-0.5000249915746251,0,0,0,0,0,0.70705375281792859
4847,42.063024765792576,-0.50002499157106017,0,0,0,0,0,0.70705375281792859
4848,42.071702922335959,-0.50002499156770441,0,0,0,0,0,0.70705375281792859
4849,42.080381078879348,-0.50002499156455804,0,0,0,0,0,0.70705375281792859
4850,42.089059235422731,-0.50002499156162172,0,0,0,0,0,0.70705375281792859
4851,42.09773739196612,-0.5000249915588959,0,0,0,0,0,0.70705375281792859
4852,42.106415548509503,-0.50002499155638136,0,0,0,0,0,0.70705375281792859
4853,42.115093705052892,-0.50002499155407776,0,0,0,0,0,0.70705375281792859
4854,42.123771861596275,-0.50002499155198565,0,0,0,0,0,0.70705375281792848
4855,42.132450018139664,-0.50002499155010549,0,0,0,0,0,0.70705375281792848
4856,42.141128174683047,-0.50002499154843738,0,0,0,0,0,0.70705375281792859
4857,42.149806331226436,-0.50002499154698188,0,0,0,0,0,0.70705375281792859
4858,42.158484487769826,-0.50002499154573932,0,0,0,0,0,0.70705375281792859
4859,42.167162644313208,-0.50002499154470892,0,0,0,0,0,0.70705375281792859
4860,42.175840800856598,-0.50002499154389213,0,0,0,0,0,0.70705375281792859
4861,42.18451895739998,-0.50002499154328806,0,0,0,0,0,0.70705375281792859
4862,42.19319711394337,-0.50002499154289726,0,0,0,0,0,0.7070537528179287
4863,42.201875270486752,-0.50002499154271984,0,0,0,0,0,0.7070537528179287
4864,42.210553427030142,-0.50002499154275581,0,0,0,0,0,0.7070537528179287
4865,42.219231583573524,-0.50002499154300495,0,0,0,0,0,0.70705375281792848
4866,42.227909740116914,-0.50002499154346747,0,0,0,0,0,0.70705375281792859
4867,42.236587896660296,-0.50002499154414304,0,0,0,0,0,0.70705375281792859
4868,42.245266053203686,-0.50002499154503188,0,0,0,0,0,0.70705375281792848
4869,42.253944209747068,-0.50002499154613356,0,0,0,0,0,0.70705375281792859
4870,42.262622366290458,-0.50002499154744817,0,0,0,0,0,0.70705375281792859
4871,42.27130052283384,-0.50002499154897517,0,0,0,0,0,0.70705375281792859
4872,42.27997867937723,-0.50002499155071456,0,0,0,0,0,0.70705375281792859
4873,42.288656835920612,-0.50002499155266611,0,0,0,0,0,0.70705375281792859
4874,42.297334992464002,-0.50002499155482938,0,0,0,0,0,0.70705375281792859
4875,42.306013149007384,-0.50002499155720403,0,0,0,0,0,0.70705375281792859
4876,42.314691305550774,-0.50002499155979008,0,0,0,0,0,0.70705375281792859
4877,42.323369462094156,-0.50002499156258673,0,0,0,0,0,0.7070537528179287
4878,42.332047618637546,-0.50002499156559355,0,0,0,0,0,0.70705375281792859
4879,42.340725775180928,-0.50002499156881042,0,0,0,0,0,0.70705375281792859
4880,42.349403931724318,-0.50002499157223657,0,0,0,0,0,0.7070537528179287
4881,42.3580820882677,-0.50002499157587144,0,0,0,0,0,0.7070537528179287
4882,42.36676024481109,-0.50002499157971481,0,0,0,0,0,0.70705375281792859
4883,42.375438401354472,-0.50002499158376612,0,0,0,0,0,0.7070537528179287
4884,42.384116557897862,-0.50002499158802416,0,0,0,0,0,0.70705375281792859
4885,42.392794714441251,-0.50002499159248903,0,0,0,0,0,0.7070537528179287
4886,42.401472870984634,-0.50002499159715952,0,0,0,0,0,0.7070537528179287
4887,42.410151027528023,-0.50002499160203506,0,0,0,0,0,0.7070537528179287
4888,42.418829184071406,-0.50002499160711489,0,0,0,0,0,0.70705375281792882
4889,42.427507340614795,-0.50002499161239866,0,0,0,0,0,0.7070537528179287
4890,42.436185497158178,-0.50002499161788516,0,0,0,0,0,0.7070537528179287
4891,42.444863653701567,-0.50002499162357372,0,0,0,0,0,0.7070537528179287
4892,42.45354181024495,-0.50002499162946323,0,0,0,0,0,0.70705375281792859
4893,42.462219966788339,-0.50002499163555303,0,0,0,0,0,0.7070537528179287
4894,42.470898123331722,-0.50002499164184222,0,0,0,0,0,0.70705375281792859
4895,42.479576279875111,-0.5000249916483297,0,0,0,0,0,0.70705375281792859
4896,42.488254436418494,-0.50002499165501468,0,0,0,0,0,0.70705375281792859
4897,42.496932592961883,-0.50002499166189596,0,0,0,0,0,0.7070537528179287
4898,42.505610749505266,-0.50002499166897263,0,0,0,0,0,0.70705375281792848
4899,42.514288906048655,-0.5000249916762437,0,0,0,0,0,0.70705375281792859
4900,42.522967062592038,-0.50002499168370806,0,0,0,0,0,0.70705375281792848
4901,42.531645219135427,-0.50002499169136438,0,0,0,0,0,0.70705375281792848
4902,42.54032337567881,-0.50002499169921144,0,0,0,0,0,0.70705375281792859
4903,42.549001532222199,-0.50002499170724857,0,0,0,0,0,0.70705375281792859
4904,42.557679688765582,-0.5000249917154741,0,0,0,0,0,0.70705375281792859
4905,42.566357845308971,-0.50002499172388681,0,0,0,0,0,0.70705375281792848
4906,42.575036001852354,-0.50002499173248594,0,0,0,0,0,0.70705375281792837
4907,42.583714158395743,-0.50002499174126946,0,0,0,0,0,0.70705375281792848
4908,42.592392314939126,-0.50002499175023651,0,0,0,0,0,0.70705375281792848
4909,42.601070471482515,-0.50002499175938575,0,0,0,0,0,0.70705375281792859
4910,42.609748628025905,-0.50002499176871518,0,0,0,0,0,0.70705375281792848
4911,42.618426784569287,-0.50002499177822446,0,0,0,0,0,0.70705375281792848
4912,42.627104941112677,-0.50002499178791149,0,0,0,0,0,0.70705375281792859
4913,42.635783097656059,-0.50002499179777493,0,0,0,0,0,0.70705375281792859
4914,42.644461254199449,-0.50002499180781335,0,0,0,0,0,0.70705375281792859
4915,42.653139410742831,-0.50002499181802484,0,0,0,0,0,0.70705375281792859
4916,42.661817567286221,-0.50002499182840832,0,0,0,0,0,0.70705375281792859
4917,42.670495723829603,-0.50002499183896221,0,0,0,0,0,0.70705375281792859
4918,42.679173880372993,-0.50002499184968485,0,0,0,0,0,0.70705375281792859
4919,42.687852036916375,-0.50002499186057447,0,0,0,0,0,0.70705375281792859
4920,42.696530193459765,-0.50002499187162974,0,0,0,0,0,0.70705375281792859
4921,42.705208350003147,-0.50002499188284877,0,0,0,0,0,0.70705375281792859
4922,42.713886506546537,-0.50002499189422978,0,0,0,0,0,0.70705375281792859
4923,42.722564663089919,-0.50002499190577154,0,0,0,0,0,0.70705375281792859
4924,42.731242819633309,-0.50002499191747152,0,0,0,0,0,0.70705375281792859
4925,42.739920976176691,-0.50002499192932848,0,0,0,0,0,0.70705375281792859
4926,42.748599132720081,-0.50002499194134076,0,0,0,0,0,0.70705375281792859
4927,42.757277289263463,-0.50002499195350625,0,0,0,0,0,0.70705375281792859
4928,42.765955445806853,-0.50002499196582317,0,0,0,0,0,0.70705375281792859
4929,42.774633602350235,-0.50002499197828965,0,0,0,0,0,0.7070537528179287
4930,42.783311758893625,-0.50002499199090411,0,0,0,0,0,0.7070537528179287
4931,42.791989915437007,-0.50002499200366435,0,0,0,0,0,0.70705375281792859
4932,42.800668071980397,-0.50002499201656836,0,0,0,0,0,0.70705375281792859
4933,42.809346228523779,-0.5000249920296147,0,0,0,0,0,0.70705375281792859
4934,42.818024385067169,-0.50002499204280082,0,0,0,0,0,0.70705375281792859
4935,42.826702541610551,-0.50002499205612505,0,0,0,0,0,0.70705375281792859
4936,42.835380698153941,-0.50002499206958517,0,0,0,0,0,0.70705375281792859
4937,42.84405885469733,-0.50002499208317952,0,0,0,0,0,0.70705375281792859
4938,42.852737011240713,-0.50002499209690576,0,0,0,0,0,0.70705375281792859
4939,42.861415167784102,-0.50002499211076179,0,0,0,0,0,0.70705375281792859
4940,42.870093324327485,-0.50002499212474572,0,0,0,0,0,0.70705375281792859
4941,42.878771480870874,-0.50002499213885532,0,0,0,0,0,0.70705375281792859
4942,42.887449637414257,-0.50002499215308838,0,0,0,0,0,0.70705375281792859
4943,42.896127793957646,-0.50002499216744323,0,0,0,0,0,0.7070537528179287
4944,42.904805950501029,-0.50002499218191709,0,0,0,0,0,0.70705375281792882
4945,42.913484107044418,-0.50002499219650787,0,0,0,0,0,0.70705375281792882
4946,42.922162263587801,-0.50002499221121388,0,0,0,0,0,0.70705375281792882
4947,42.93084042013119,-0.50002499222603236,0,0,0,0,0,0.70705375281792882
4948,42.939518576674573,-0.50002499224096142,0,0,0,0,0,0.70705375281792882
4949,42.948196733217962,-0.50002499225599872,0,0,0,0,0,0.70705375281792882
4950,42.956874889761345,-0.50002499227114183,0,0,0,0,0,0.70705375281792882
4951,42.965553046304734,-0.50002499228638875,0,0,0,0,0,0.70705375281792882
4952,42.974231202848117,-0.50002499230173703,0,0,0,0,0,0.70705375281792882
4953,42.982909359391506,-0.50002499231718422,0,0,0,0,0,0.70705375281792882
4954,42.991587515934889,-0.50002499233272835,0,0,0,0,0,0.70705375281792882
4955,43.000265672478278,-0.50002499234836673,0,0,0,0,0,0.70705375281792882
4956,43.008943829021661,-0.50002499236409736,0,0,0,0,0,0.7070537528179287
4957,43.01762198556505,-0.50002499237991738,0,0,0,0,0,0.7070537528179287
4958,43.026300142108433,-0.50002499239582487,0,0,0,0,0,0.70705375281792882
4959,43.034978298651822,-0.5000249924118173,0,0,0,0,0,0.7070537528179287
4960,43.043656455195205,-0.50002499242789211,0,0,0,0,0,0.7070537528179287
4961,43.052334611738594,-0.50002499244404697,0,0,0,0,0,0.70705375281792859
4962,43.061012768281977,-0.50002499246027954,0,0,0,0,0,0.70705375281792859
4963,43.069690924825366,-0.50002499247658738,0,0,0,0,0,0.70705375281792848
4964,43.078369081368756,-0.50002499249296783,0,0,0,0,0,0.70705375281792848
4965,43.087047237912138,-0.50002499250941868,0,0,0,0,0,0.70705375281792848
4966,43.095725394455528,-0.50002499252593691,0,0,0,0,0,0.70705375281792837
4967,43.10440355099891,-0.50002499254252086,0,0,0,0,0,0.70705375281792837
4968,43.1130817075423,-0.5000249925591671,0,0,0,0,0,0.70705375281792848
4969,43.121759864085682,-0.50002499257587418,0,0,0,0,0,0.70705375281792837
4970,43.130438020629072,-0.50002499259263877,0,0,0,0,0,0.70705375281792837
4971,43.139116177172454,-0.50002499260945887,0,0,0,0,0,0.70705375281792837
4972,43.147794333715844,-0.50002499262633138,0,0,0,0,0,0.70705375281792837
4973,43.156472490259226,-0.5000249926432544,0,0,0,0,0,0.70705375281792837
4974,43.165150646802616,-0.50002499266022471,0,0,0,0,0,0.70705375281792837
4975,43.173828803345998,-0.50002499267724043,0,0,0,0,0,0.70705375281792837
4976,43.182506959889388,-0.50002499269429845,0,0,0,0,0,0.70705375281792837
4977,43.19118511643277,-0.50002499271139633,0,0,0,0,0,0.70705375281792837
4978,43.19986327297616,-0.50002499272853163,0,0,0,0,0,0.70705375281792826
4979,43.208541429519542,-0.50002499274570167,0,0,0,0,0,0.70705375281792837
4980,43.217219586062932,-0.50002499276290424,0,0,0,0,0,0.70705375281792837
4981,43.225897742606314,-0.50002499278013623,0,0,0,0,0,0.70705375281792837
4982,43.234575899149704,-0.5000249927973951,0,0,0,0,0,0.70705375281792837
4983,43.243254055693086,-0.50002499281467838,0,0,0,0,0,0.70705375281792848
4984,43.251932212236476,-0.50002499283198354,0,0,0,0,0,0.70705375281792837
4985,43.260610368779858,-0.5000249928493079,0,0,0,0,0,0.70705375281792848
4986,43.269288525323248,-0.50002499286664914,0,0,0,0,0,0.70705375281792859
4987,43.27796668186663,-0.50002499288400382,0,0,0,0,0,0.70705375281792859
4988,43.28664483841002,-0.50002499290137026,0,0,0,0,0,0.70705375281792859
4989,43.295322994953409,-0.50002499291874514,0,0,0,0,0,0.7070537528179287
4990,43.304001151496792,-0.50002499293612668,0,0,0,0,0,0.70705375281792859
4991,43.312679308040181,-0.50002499295351133,0,0,0,0,0,0.70705375281792859
4992,43.321357464583564,-0.50002499297089731,0,0,0,0,0,0.7070537528179287
4993,43.330035621126953,-0.50002499298828096,0,0,0,0,0,0.7070537528179287
4994,43.338713777670336,-0.50002499300566083,0,0,0,0,0,0.70705375281792859
4995,43.347391934213725,-0.5000249930230336,0,0,0,0,0,0.70705375281792859
4996,43.356070090757107,-0.50002499304039671,0,0,0,0,0,0.70705375281792848
4997,43.364748247300497,-0.50002499305774761,0,0,0,0,0,0.70705375281792848
4998,43.373426403843879,-0.50002499307508397,0,0,0,0,0,0.70705375281792859
4999,43.382104560387269,-0.50002499309240234,0,0,0,0,0,0.70705375281792859
5000,43.390782716930651,-0.50002499310970139,0,0,0,0,0,0.70705375281792859
5001,43.399460873474041,-0.50002499312697735,0,0,0,0,0,0.70705375281792859
5002,43.408139030017423,-0.50002499314422832,0,0,0,0,0,0.70705375281792848
5003,43.416817186560813,-0.50002499316145121,0,0,0,0,0,0.70705375281792859
5004,43.425495343104195,-0.5000249931786438,0,0,0,0,0,0.70705375281792859
5005,43.434173499647585,-0.50002499319580351,0,0,0,0,0,0.70705375281792859
5006,43.442851656190967,-0.50002499321292759,0,0,0,0,0,0.70705375281792859
5007,43.451529812734357,-0.50002499323001337,0,0,0,0,0,0.70705375281792859
5008,43.460207969277739,-0.5000249932470584,0,0,0,0,0,0.70705375281792848
5009,43.468886125821129,-0.50002499326406014,0,0,0,0,0,0.70705375281792859
5010,43.477564282364511,-0.50002499328101613,0,0,0,0,0,0.70705375281792848
5011,43.486242438907901,-0.50002499329792349,0,0,0,0,0,0.70705375281792848
5012,43.494920595451283,-0.50002499331478001,0,0,0,0,0,0.70705375281792837
5013,43.503598751994673,-0.50002499333158301,0,0,0,0,0,0.70705375281792837
5014,43.512276908538055,-0.50002499334832973,0,0,0,0,0,0.70705375281792837
5015,43.520955065081445,-0.50002499336501804,0,0,0,0,0,0.70705375281792848
5016,43.529633221624835,-0.50002499338164519,0,0,0,0,0,0.70705375281792848
5017,43.538311378168217,-0.50002499339820861,0,0,0,0,0,0.70705375281792848
5018,43.546989534711606,-0.50002499341470641,0,0,0,0,0,0.70705375281792837
5019,43.555667691254989,-0.50002499343113516,0,0,0,0,0,0.70705375281792837
5020,43.564345847798378,-0.50002499344749296,0,0,0,0,0,0.70705375281792848
5021,43.573024004341761,-0.50002499346377727,0,0,0,0,0,0.70705375281792859
5022,43.58170216088515,-0.50002499347998552,0,0,0,0,0,0.70705375281792859
5023,43.590380317428533,-0.50002499349611551,0,0,0,0,0,0.70705375281792859
5024,43.599058473971922,-0.50002499351216434,0,0,0,0,0,0.70705375281792859
5025,43.607736630515305,-0.50002499352813023,0,0,0,0,0,0.70705375281792859
5026,43.616414787058694,-0.50002499354401053,0,0,0,0,0,0.70705375281792848
5027,43.625092943602077,-0.50002499355980257,0,0,0,0,0,0.70705375281792848
5028,43.633771100145466,-0.50002499357550412,0,0,0,0,0,0.70705375281792859
5029,43.642449256688849,-0.50002499359111297,0,0,0,0,0,0.70705375281792859
5030,43.651127413232238,-0.50002499360662656,0,0,0,0,0,0.70705375281792859
5031,43.659805569775621,-0.50002499362204256,0,0,0,0,0,0.70705375281792859
5032,43.66848372631901,-0.50002499363735853,0,0,0,0,0,0.7070537528179287
5033,43.677161882862393,-0.50002499365257291,0,0,0,0,0,0.7070537528179287
5034,43.685840039405782,-0.5000249936676826,0,0,0,0,0,0.7070537528179287
5035,43.694518195949165,-0.5000249936826856,0,0,0,0,0,0.70705375281792859
5036,43.703196352492554,-0.50002499369757958,0,0,0,0,0,0.7070537528179287
5037,43.711874509035937,-0.50002499371236231,0,0,0,0,0,0.7070537528179287
5038,43.720552665579326,-0.50002499372703191,0,0,0,0,0,0.7070537528179287
5039,43.729230822122709,-0.50002499374158571,0,0,0,0,0,0.7070537528179287
5040,43.737908978666098,-0.50002499375602127,0,0,0,0,0,0.70705375281792882
5041,43.746587135209481,-0.50002499377033727,0,0,0,0,0,0.70705375281792882
5042,43.75526529175287,-0.50002499378453091,0,0,0,0,0,0.70705375281792882
5043,43.76394344829626,-0.5000249937986001,0,0,0,0,0,0.70705375281792882
5044,43.772621604839642,-0.50002499381254306,0,0,0,0,0,0.70705375281792882
5045,43.781299761383032,-0.50002499382635757,0,0,0,0,0,0.70705375281792882
5046,43.789977917926414,-0.50002499384004118,0,0,0,0,0,0.70705375281792882
5047,43.798656074469804,-0.50002499385359234,0,0,0,0,0,0.70705375281792882
5048,43.807334231013186,-0.50002499386700838,0,0,0,0,0,0.70705375281792882
5049,43.816012387556576,-0.50002499388028809,0,0,0,0,0,0.70705375281792882
5050,43.824690544099958,-0.50002499389342869,0,0,0,0,0,0.70705375281792893
5051,43.833368700643348,-0.50002499390642896,0,0,0,0,0,0.70705375281792882
5052,43.84204685718673,-0.50002499391928645,0,0,0,0,0,0.70705375281792882
5053,43.85072501373012,-0.50002499393199917,0,0,0,0,0,0.70705375281792882
5054,43.859403170273502,-0.50002499394456545,0,0,0,0,0,0.70705375281792882
5055,43.868081326816892,-0.50002499395698286,0,0,0,0,0,0.70705375281792893
5056,43.876759483360274,-0.50002499396925038,0,0,0,0,0,0.70705375281792893
5057,43.885437639903664,-0.50002499398136568,0,0,0,0,0,0.70705375281792904
5058,43.894115796447046,-0.500024993993327,0,0,0,0,0,0.70705375281792893
5059,43.902793952990436,-0.50002499400513245,0,0,0,0,0,0.70705375281792893
5060,43.911472109533818,-0.50002499401678024,0,0,0,0,0,0.70705375281792904
5061,43.920150266077208,-0.50002499402826883,0,0,0,0,0,0.70705375281792904
5062,43.92882842262059,-0.50002499403959633,0,0,0,0,0,0.70705375281792893
5063,43.93750657916398,-0.50002499405076084,0,0,0,0,0,0.70705375281792904
5064,43.946184735707362,-0.50002499406176137,0,0,0,0,0,0.70705375281792904
5065,43.954862892250752,-0.50002499407259549,0,0,0,0,0,0.70705375281792904
5066,43.963541048794134,-0.50002499408326195,0,0,0,0,0,0.70705375281792904
5067,43.972219205337524,-0.50002499409375911,0,0,0,0,0,0.70705375281792904
5068,43.980897361880913,-0.50002499410408507,0,0,0,0,0,0.70705375281792904
5069,43.989575518424296,-0.50002499411423884,0,0,0,0,0,0.70705375281792904
5070,43.998253674967685,-0.50002499412421852,0,0,0,0,0,0.70705375281792904
5071,44.006931831511068,-0.50002499413402257,0,0,0,0,0,0.70705375281792893
5072,44.015609988054457,-0.50002499414364965,0,0,0,0,0,0.70705375281792882
5073,44.02428814459784,-0.50002499415309831,0,0,0,0,0,0.70705375281792882
5074,44.032966301141229,-0.5000249941623669,0,0,0,0,0,0.70705375281792893
5075,44.041644457684612,-0.50002499417145441,0,0,0,0,0,0.70705375281792882
5076,44.050322614228001,-0.50002499418035939,0,0,0,0,0,0.70705375281792893
5077,44.059000770771384,-0.50002499418907997,0,0,0,0,0,0.70705375281792882
5078,44.067678927314773,-0.50002499419761537,0,0,0,0,0,0.70705375281792882
5079,44.076357083858156,-0.50002499420596414,0,0,0,0,0,0.70705375281792882
5080,44.085035240401545,-0.50002499421412527,0,0,0,0,0,0.70705375281792882
5081,44.093713396944928,-0.50002499422209723,0,0,0,0,0,0.70705375281792882
5082,44.102391553488317,-0.50002499422987889,0,0,0,0,0,0.70705375281792882
5083,44.1110697100317,-0.50002499423746904,0,0,0,0,0,0.70705375281792882
5084,44.119747866575089,-0.50002499424486668,0,0,0,0,0,0.70705375281792882
5085,44.128426023118472,-0.50002499425207059,0,0,0,0,0,0.7070537528179287
5086,44.137104179661861,-0.50002499425907954,0,0,0,0,0,0.70705375281792882
5087,44.145782336205244,-0.50002499426589253,0,0,0,0,0,0.70705375281792882
5088,44.154460492748633,-0.50002499427250902,0,0,0,0,0,0.70705375281792882
5089,44.163138649292016,-0.50002499427892755,0,0,0,0,0,0.7070537528179287
5090,44.171816805835405,-0.50002499428514713,0,0,0,0,0,0.7070537528179287
5091,44.180494962378788,-0.50002499429116665,0,0,0,0,0,0.70705375281792859
5092,44.189173118922177,-0.50002499429698577,0,0,0,0,0,0.7070537528179287
5093,44.19785127546556,-0.50002499430260339,0,0,0,0,0,0.7070537528179287
5094,44.206529432008949,-0.50002499430801828,0,0,0,0,0,0.70705375281792882
5095,44.215207588552339,-0.50002499431323,0,0,0,0,0,0.70705375281792882
5096,44.223885745095721,-0.50002499431823777,0,0,0,0,0,0.70705375281792882
5097,44.232563901639111,-0.50002499432304059,0,0,0,0,0,0.70705375281792882
5098,44.241242058182493,-0.50002499432763814,0,0,0,0,0,0.7070537528179287
5099,44.249920214725883,-0.50002499433202918,0,0,0,0,0,0.70705375281792882
5100,44.258598371269265,-0.50002499433621361,0,0,0,0,0,0.70705375281792882
5101,44.267276527812655,-0.50002499434019043,0,0,0,0,0,0.70705375281792882
5102,44.275954684356037,-0.50002499434395908,0,0,0,0,0,0.70705375281792882
5103,44.284632840899427,-0.50002499434751901,0,0,0,0,0,0.70705375281792882
5104,44.293310997442809,-0.50002499435087,0,0,0,0,0,0.70705375281792893
5105,44.301989153986199,-0.50002499435401127,0,0,0,0,0,0.70705375281792893
5106,44.310667310529581,-0.50002499435694236,0,0,0,0,0,0.70705375281792893
5107,44.319345467072971,-0.50002499435966286,0,0,0,0,0,0.70705375281792893
5108,44.328023623616353,-0.50002499436217185,0,0,0,0,0,0.70705375281792882
5109,44.336701780159743,-0.50002499436447023,0,0,0,0,0,0.70705375281792882
5110,44.345379936703125,-0.50002499436655612,0,0,0,0,0,0.70705375281792893
5111,44.354058093246515,-0.5000249943684304,0,0,0,0,0,0.70705375281792882
5112,44.362736249789897,-0.50002499437009218,0,0,0,0,0,0.70705375281792882
5113,44.371414406333287,-0.50002499437154113,0,0,0,0,0,0.70705375281792893
5114,44.380092562876669,-0.50002499437277748,0,0,0,0,0,0.70705375281792893
5115,44.388770719420059,-0.50002499437380077,0,0,0,0,0,0.70705375281792882
5116,44.397448875963441,-0.50002499437461079,0,0,0,0,0,0.70705375281792882
5117,44.406127032506831,-0.50002499437520775,0,0,0,0,0,0.70705375281792882
5118,44.414805189050213,-0.50002499437559134,0,0,0,0,0,0.70705375281792882
5119,44.423483345593603,-0.5000249943757612,0,0,0,0,0,0.70705375281792893
5120,44.432161502136992,-0.50002499437571779,0,0,0,0,0,0.70705375281792893
